network,family,variant,time,state,node,value,total,fraction,TV
toy_0,Triangle,Coverage,0.0,1,A,0.3333333333333333,1.0,0.3333333333333333,0.0
toy_0,Triangle,Coverage,0.0,1,B,0.3333333333333333,1.0,0.3333333333333333,0.0
toy_0,Triangle,Coverage,0.0,1,C,0.3333333333333333,1.0,0.3333333333333333,0.0
toy_0,Triangle,Coverage,0.0,2,A,0.3333333333333333,1.0,0.3333333333333333,0.0
toy_0,Triangle,Coverage,0.0,2,B,0.3333333333333333,1.0,0.3333333333333333,0.0
toy_0,Triangle,Coverage,0.0,2,C,0.3333333333333333,1.0,0.3333333333333333,0.0
toy_0,Triangle,Coverage,0.1,1,A,0.31707647483357126,0.9512294245007138,0.3333333333333333,0.0
toy_0,Triangle,Coverage,0.1,1,B,0.31707647483357126,0.9512294245007138,0.3333333333333333,0.0
toy_0,Triangle,Coverage,0.1,1,C,0.31707647483357126,0.9512294245007138,0.3333333333333333,0.0
toy_0,Triangle,Coverage,0.1,2,A,0.3170764748335714,0.9512294245007141,0.3333333333333333,0.0
toy_0,Triangle,Coverage,0.1,2,B,0.3170764748335714,0.9512294245007141,0.3333333333333333,0.0
toy_0,Triangle,Coverage,0.1,2,C,0.3170764748335714,0.9512294245007141,0.3333333333333333,0.0
toy_0,Triangle,Coverage,0.2,1,A,0.3016124726786531,0.9048374180359593,0.3333333333333333,0.0
toy_0,Triangle,Coverage,0.2,1,B,0.3016124726786531,0.9048374180359593,0.3333333333333333,0.0
toy_0,Triangle,Coverage,0.2,1,C,0.3016124726786531,0.9048374180359593,0.3333333333333333,0.0
toy_0,Triangle,Coverage,0.2,2,A,0.30161247267865315,0.9048374180359595,0.3333333333333333,0.0
toy_0,Triangle,Coverage,0.2,2,B,0.30161247267865315,0.9048374180359595,0.3333333333333333,0.0
toy_0,Triangle,Coverage,0.2,2,C,0.30161247267865315,0.9048374180359595,0.3333333333333333,0.0
toy_0,Triangle,Coverage,0.30000000000000004,1,A,0.2869026588083526,0.8607079764250578,0.3333333333333333,0.0
toy_0,Triangle,Coverage,0.30000000000000004,1,B,0.2869026588083526,0.8607079764250578,0.3333333333333333,0.0
toy_0,Triangle,Coverage,0.30000000000000004,1,C,0.2869026588083526,0.8607079764250578,0.3333333333333333,0.0
toy_0,Triangle,Coverage,0.30000000000000004,2,A,0.28690265880835264,0.8607079764250579,0.3333333333333333,0.0
toy_0,Triangle,Coverage,0.30000000000000004,2,B,0.28690265880835264,0.8607079764250579,0.3333333333333333,0.0
toy_0,Triangle,Coverage,0.30000000000000004,2,C,0.28690265880835264,0.8607079764250579,0.3333333333333333,0.0
toy_0,Triangle,Coverage,0.4,1,A,0.2729102510259939,0.8187307530779817,0.33333333333333337,0.0
toy_0,Triangle,Coverage,0.4,1,B,0.2729102510259939,0.8187307530779817,0.33333333333333337,0.0
toy_0,Triangle,Coverage,0.4,1,C,0.2729102510259939,0.8187307530779817,0.33333333333333337,0.0
toy_0,Triangle,Coverage,0.4,2,A,0.2729102510259939,0.8187307530779817,0.33333333333333337,0.0
toy_0,Triangle,Coverage,0.4,2,B,0.2729102510259939,0.8187307530779817,0.33333333333333337,0.0
toy_0,Triangle,Coverage,0.4,2,C,0.2729102510259939,0.8187307530779817,0.33333333333333337,0.0
toy_0,Triangle,Coverage,0.5,1,A,0.2596002610238016,0.7788007830714049,0.3333333333333333,0.0
toy_0,Triangle,Coverage,0.5,1,B,0.2596002610238016,0.7788007830714049,0.3333333333333333,0.0
toy_0,Triangle,Coverage,0.5,1,C,0.2596002610238016,0.7788007830714049,0.3333333333333333,0.0
toy_0,Triangle,Coverage,0.5,2,A,0.2596002610238016,0.7788007830714049,0.3333333333333333,0.0
toy_0,Triangle,Coverage,0.5,2,B,0.2596002610238016,0.7788007830714049,0.3333333333333333,0.0
toy_0,Triangle,Coverage,0.5,2,C,0.2596002610238016,0.7788007830714049,0.3333333333333333,0.0
toy_0,Triangle,Coverage,0.6000000000000001,1,A,0.24693940689390598,0.740818220681718,0.3333333333333333,8.326672684688674e-17
toy_0,Triangle,Coverage,0.6000000000000001,1,B,0.24693940689390598,0.740818220681718,0.3333333333333333,8.326672684688674e-17
toy_0,Triangle,Coverage,0.6000000000000001,1,C,0.24693940689390598,0.740818220681718,0.3333333333333333,8.326672684688674e-17
toy_0,Triangle,Coverage,0.6000000000000001,2,A,0.2469394068939059,0.7408182206817177,0.33333333333333337,8.326672684688674e-17
toy_0,Triangle,Coverage,0.6000000000000001,2,B,0.2469394068939059,0.7408182206817177,0.33333333333333337,8.326672684688674e-17
toy_0,Triangle,Coverage,0.6000000000000001,2,C,0.2469394068939059,0.7408182206817177,0.33333333333333337,8.326672684688674e-17
toy_0,Triangle,Coverage,0.7000000000000001,1,A,0.2348960299062378,0.7046880897187134,0.3333333333333333,8.326672684688674e-17
toy_0,Triangle,Coverage,0.7000000000000001,1,B,0.2348960299062378,0.7046880897187134,0.3333333333333333,8.326672684688674e-17
toy_0,Triangle,Coverage,0.7000000000000001,1,C,0.2348960299062378,0.7046880897187134,0.3333333333333333,8.326672684688674e-17
toy_0,Triangle,Coverage,0.7000000000000001,2,A,0.23489602990623779,0.7046880897187133,0.33333333333333337,8.326672684688674e-17
toy_0,Triangle,Coverage,0.7000000000000001,2,B,0.23489602990623779,0.7046880897187133,0.33333333333333337,8.326672684688674e-17
toy_0,Triangle,Coverage,0.7000000000000001,2,C,0.23489602990623779,0.7046880897187133,0.33333333333333337,8.326672684688674e-17
toy_0,Triangle,Coverage,0.8,1,A,0.22344001534521307,0.6703200460356392,0.3333333333333333,8.326672684688674e-17
toy_0,Triangle,Coverage,0.8,1,B,0.22344001534521307,0.6703200460356392,0.3333333333333333,8.326672684688674e-17
toy_0,Triangle,Coverage,0.8,1,C,0.22344001534521307,0.6703200460356392,0.3333333333333333,8.326672684688674e-17
toy_0,Triangle,Coverage,0.8,2,A,0.22344001534521304,0.6703200460356391,0.33333333333333337,8.326672684688674e-17
toy_0,Triangle,Coverage,0.8,2,B,0.22344001534521304,0.6703200460356391,0.33333333333333337,8.326672684688674e-17
toy_0,Triangle,Coverage,0.8,2,C,0.22344001534521304,0.6703200460356391,0.33333333333333337,8.326672684688674e-17
toy_0,Triangle,Coverage,0.9,1,A,0.2125427172072577,0.6376281516217731,0.3333333333333333,8.326672684688674e-17
toy_0,Triangle,Coverage,0.9,1,B,0.2125427172072577,0.6376281516217731,0.3333333333333333,8.326672684688674e-17
toy_0,Triangle,Coverage,0.9,1,C,0.2125427172072577,0.6376281516217731,0.3333333333333333,8.326672684688674e-17
toy_0,Triangle,Coverage,0.9,2,A,0.21254271720725776,0.6376281516217732,0.33333333333333337,8.326672684688674e-17
toy_0,Triangle,Coverage,0.9,2,B,0.21254271720725776,0.6376281516217732,0.33333333333333337,8.326672684688674e-17
toy_0,Triangle,Coverage,0.9,2,C,0.21254271720725776,0.6376281516217732,0.33333333333333337,8.326672684688674e-17
toy_0,Triangle,Coverage,1.0,1,A,0.2021768865708778,0.6065306597126334,0.3333333333333333,0.0
toy_0,Triangle,Coverage,1.0,1,B,0.2021768865708778,0.6065306597126334,0.3333333333333333,0.0
toy_0,Triangle,Coverage,1.0,1,C,0.2021768865708778,0.6065306597126334,0.3333333333333333,0.0
toy_0,Triangle,Coverage,1.0,2,A,0.2021768865708778,0.6065306597126334,0.3333333333333333,0.0
toy_0,Triangle,Coverage,1.0,2,B,0.2021768865708778,0.6065306597126334,0.3333333333333333,0.0
toy_0,Triangle,Coverage,1.0,2,C,0.2021768865708778,0.6065306597126334,0.3333333333333333,0.0
toy_0,Triangle,Coverage,1.1,1,A,0.19231660346016224,0.5769498103804868,0.3333333333333333,0.0
toy_0,Triangle,Coverage,1.1,1,B,0.19231660346016224,0.5769498103804868,0.3333333333333333,0.0
toy_0,Triangle,Coverage,1.1,1,C,0.19231660346016224,0.5769498103804868,0.3333333333333333,0.0
toy_0,Triangle,Coverage,1.1,2,A,0.19231660346016222,0.5769498103804866,0.3333333333333333,0.0
toy_0,Triangle,Coverage,1.1,2,B,0.19231660346016222,0.5769498103804866,0.3333333333333333,0.0
toy_0,Triangle,Coverage,1.1,2,C,0.19231660346016222,0.5769498103804866,0.3333333333333333,0.0
toy_0,Triangle,Coverage,1.2000000000000002,1,A,0.1829372120313421,0.5488116360940263,0.33333333333333337,0.0
toy_0,Triangle,Coverage,1.2000000000000002,1,B,0.1829372120313421,0.5488116360940263,0.33333333333333337,0.0
toy_0,Triangle,Coverage,1.2000000000000002,1,C,0.1829372120313421,0.5488116360940263,0.33333333333333337,0.0
toy_0,Triangle,Coverage,1.2000000000000002,2,A,0.1829372120313421,0.5488116360940263,0.33333333333333337,0.0
toy_0,Triangle,Coverage,1.2000000000000002,2,B,0.1829372120313421,0.5488116360940263,0.33333333333333337,0.0
toy_0,Triangle,Coverage,1.2000000000000002,2,C,0.1829372120313421,0.5488116360940263,0.33333333333333337,0.0
toy_0,Triangle,Coverage,1.3,1,A,0.17401525892033867,0.522045776761016,0.3333333333333333,0.0
toy_0,Triangle,Coverage,1.3,1,B,0.17401525892033867,0.522045776761016,0.3333333333333333,0.0
toy_0,Triangle,Coverage,1.3,1,C,0.17401525892033867,0.522045776761016,0.3333333333333333,0.0
toy_0,Triangle,Coverage,1.3,2,A,0.17401525892033864,0.5220457767610159,0.3333333333333333,0.0
toy_0,Triangle,Coverage,1.3,2,B,0.17401525892033864,0.5220457767610159,0.3333333333333333,0.0
toy_0,Triangle,Coverage,1.3,2,C,0.17401525892033864,0.5220457767610159,0.3333333333333333,0.0
toy_0,Triangle,Coverage,1.4000000000000001,1,A,0.16552843459713645,0.49658530379140936,0.3333333333333333,0.0
toy_0,Triangle,Coverage,1.4000000000000001,1,B,0.16552843459713645,0.49658530379140936,0.3333333333333333,0.0
toy_0,Triangle,Coverage,1.4000000000000001,1,C,0.16552843459713645,0.49658530379140936,0.3333333333333333,0.0
toy_0,Triangle,Coverage,1.4000000000000001,2,A,0.16552843459713645,0.49658530379140936,0.3333333333333333,0.0
toy_0,Triangle,Coverage,1.4000000000000001,2,B,0.16552843459713645,0.49658530379140936,0.3333333333333333,0.0
toy_0,Triangle,Coverage,1.4000000000000001,2,C,0.16552843459713645,0.49658530379140936,0.3333333333333333,0.0
toy_0,Triangle,Coverage,1.5,1,A,0.15745551758033824,0.4723665527410147,0.33333333333333337,8.326672684688674e-17
toy_0,Triangle,Coverage,1.5,1,B,0.15745551758033824,0.4723665527410147,0.33333333333333337,8.326672684688674e-17
toy_0,Triangle,Coverage,1.5,1,C,0.15745551758033824,0.4723665527410147,0.33333333333333337,8.326672684688674e-17
toy_0,Triangle,Coverage,1.5,2,A,0.1574555175803382,0.47236655274101463,0.3333333333333333,8.326672684688674e-17
toy_0,Triangle,Coverage,1.5,2,B,0.1574555175803382,0.47236655274101463,0.3333333333333333,8.326672684688674e-17
toy_0,Triangle,Coverage,1.5,2,C,0.1574555175803382,0.47236655274101463,0.3333333333333333,8.326672684688674e-17
toy_0,Triangle,Coverage,1.6,1,A,0.14977632137240715,0.44932896411722145,0.3333333333333333,0.0
toy_0,Triangle,Coverage,1.6,1,B,0.14977632137240715,0.44932896411722145,0.3333333333333333,0.0
toy_0,Triangle,Coverage,1.6,1,C,0.14977632137240715,0.44932896411722145,0.3333333333333333,0.0
toy_0,Triangle,Coverage,1.6,2,A,0.14977632137240718,0.44932896411722156,0.3333333333333333,0.0
toy_0,Triangle,Coverage,1.6,2,B,0.14977632137240718,0.44932896411722156,0.3333333333333333,0.0
toy_0,Triangle,Coverage,1.6,2,C,0.14977632137240718,0.44932896411722156,0.3333333333333333,0.0
toy_0,Triangle,Coverage,1.7000000000000002,1,A,0.14247164398290885,0.42741493194872654,0.3333333333333333,0.0
toy_0,Triangle,Coverage,1.7000000000000002,1,B,0.14247164398290885,0.42741493194872654,0.3333333333333333,0.0
toy_0,Triangle,Coverage,1.7000000000000002,1,C,0.14247164398290885,0.42741493194872654,0.3333333333333333,0.0
toy_0,Triangle,Coverage,1.7000000000000002,2,A,0.14247164398290885,0.42741493194872654,0.3333333333333333,0.0
toy_0,Triangle,Coverage,1.7000000000000002,2,B,0.14247164398290885,0.42741493194872654,0.3333333333333333,0.0
toy_0,Triangle,Coverage,1.7000000000000002,2,C,0.14247164398290885,0.42741493194872654,0.3333333333333333,0.0
toy_0,Triangle,Coverage,1.8,1,A,0.135523219913533,0.406569659740599,0.3333333333333333,0.0
toy_0,Triangle,Coverage,1.8,1,B,0.135523219913533,0.406569659740599,0.3333333333333333,0.0
toy_0,Triangle,Coverage,1.8,1,C,0.135523219913533,0.406569659740599,0.3333333333333333,0.0
toy_0,Triangle,Coverage,1.8,2,A,0.13552321991353306,0.40656965974059917,0.3333333333333333,0.0
toy_0,Triangle,Coverage,1.8,2,B,0.13552321991353306,0.40656965974059917,0.3333333333333333,0.0
toy_0,Triangle,Coverage,1.8,2,C,0.13552321991353306,0.40656965974059917,0.3333333333333333,0.0
toy_0,Triangle,Coverage,1.9000000000000001,1,A,0.1289136744848337,0.3867410234545011,0.3333333333333333,0.0
toy_0,Triangle,Coverage,1.9000000000000001,1,B,0.1289136744848337,0.3867410234545011,0.3333333333333333,0.0
toy_0,Triangle,Coverage,1.9000000000000001,1,C,0.1289136744848337,0.3867410234545011,0.3333333333333333,0.0
toy_0,Triangle,Coverage,1.9000000000000001,2,A,0.12891367448483373,0.38674102345450123,0.3333333333333333,0.0
toy_0,Triangle,Coverage,1.9000000000000001,2,B,0.12891367448483373,0.38674102345450123,0.3333333333333333,0.0
toy_0,Triangle,Coverage,1.9000000000000001,2,C,0.12891367448483373,0.38674102345450123,0.3333333333333333,0.0
toy_0,Triangle,Coverage,2.0,1,A,0.12262648039048078,0.36787944117144233,0.33333333333333337,0.0
toy_0,Triangle,Coverage,2.0,1,B,0.12262648039048078,0.36787944117144233,0.33333333333333337,0.0
toy_0,Triangle,Coverage,2.0,1,C,0.12262648039048078,0.36787944117144233,0.33333333333333337,0.0
toy_0,Triangle,Coverage,2.0,2,A,0.12262648039048082,0.36787944117144245,0.33333333333333337,0.0
toy_0,Triangle,Coverage,2.0,2,B,0.12262648039048082,0.36787944117144245,0.33333333333333337,0.0
toy_0,Triangle,Coverage,2.0,2,C,0.12262648039048082,0.36787944117144245,0.33333333333333337,0.0
toy_0,Triangle,Coverage,2.1,1,A,0.11664591637038513,0.3499377491111554,0.3333333333333333,0.0
toy_0,Triangle,Coverage,2.1,1,B,0.11664591637038513,0.3499377491111554,0.3333333333333333,0.0
toy_0,Triangle,Coverage,2.1,1,C,0.11664591637038513,0.3499377491111554,0.3333333333333333,0.0
toy_0,Triangle,Coverage,2.1,2,A,0.11664591637038513,0.3499377491111554,0.3333333333333333,0.0
toy_0,Triangle,Coverage,2.1,2,B,0.11664591637038513,0.3499377491111554,0.3333333333333333,0.0
toy_0,Triangle,Coverage,2.1,2,C,0.11664591637038513,0.3499377491111554,0.3333333333333333,0.0
toy_0,Triangle,Coverage,2.2,1,A,0.11095702789935982,0.3328710836980795,0.3333333333333333,0.0
toy_0,Triangle,Coverage,2.2,1,B,0.11095702789935982,0.3328710836980795,0.3333333333333333,0.0
toy_0,Triangle,Coverage,2.2,1,C,0.11095702789935982,0.3328710836980795,0.3333333333333333,0.0
toy_0,Triangle,Coverage,2.2,2,A,0.11095702789935986,0.3328710836980796,0.3333333333333333,0.0
toy_0,Triangle,Coverage,2.2,2,B,0.11095702789935986,0.3328710836980796,0.3333333333333333,0.0
toy_0,Triangle,Coverage,2.2,2,C,0.11095702789935986,0.3328710836980796,0.3333333333333333,0.0
toy_0,Triangle,Coverage,2.3000000000000003,1,A,0.10554558979301767,0.31663676937905305,0.3333333333333333,0.0
toy_0,Triangle,Coverage,2.3000000000000003,1,B,0.10554558979301767,0.31663676937905305,0.3333333333333333,0.0
toy_0,Triangle,Coverage,2.3000000000000003,1,C,0.10554558979301767,0.31663676937905305,0.3333333333333333,0.0
toy_0,Triangle,Coverage,2.3000000000000003,2,A,0.1055455897930177,0.3166367693790531,0.3333333333333333,0.0
toy_0,Triangle,Coverage,2.3000000000000003,2,B,0.1055455897930177,0.3166367693790531,0.3333333333333333,0.0
toy_0,Triangle,Coverage,2.3000000000000003,2,C,0.1055455897930177,0.3166367693790531,0.3333333333333333,0.0
toy_0,Triangle,Coverage,2.4000000000000004,1,A,0.1003980706374007,0.3011942119122021,0.3333333333333333,8.326672684688674e-17
toy_0,Triangle,Coverage,2.4000000000000004,1,B,0.1003980706374007,0.3011942119122021,0.3333333333333333,8.326672684688674e-17
toy_0,Triangle,Coverage,2.4000000000000004,1,C,0.1003980706374007,0.3011942119122021,0.3333333333333333,8.326672684688674e-17
toy_0,Triangle,Coverage,2.4000000000000004,2,A,0.10039807063740067,0.30119421191220197,0.33333333333333337,8.326672684688674e-17
toy_0,Triangle,Coverage,2.4000000000000004,2,B,0.10039807063740067,0.30119421191220197,0.33333333333333337,8.326672684688674e-17
toy_0,Triangle,Coverage,2.4000000000000004,2,C,0.10039807063740067,0.30119421191220197,0.33333333333333337,8.326672684688674e-17
toy_0,Triangle,Coverage,2.5,1,A,0.09550159895339669,0.28650479686019004,0.33333333333333337,8.326672684688674e-17
toy_0,Triangle,Coverage,2.5,1,B,0.09550159895339669,0.28650479686019004,0.33333333333333337,8.326672684688674e-17
toy_0,Triangle,Coverage,2.5,1,C,0.09550159895339669,0.28650479686019004,0.33333333333333337,8.326672684688674e-17
toy_0,Triangle,Coverage,2.5,2,A,0.09550159895339672,0.28650479686019015,0.3333333333333333,8.326672684688674e-17
toy_0,Triangle,Coverage,2.5,2,B,0.09550159895339672,0.28650479686019015,0.3333333333333333,8.326672684688674e-17
toy_0,Triangle,Coverage,2.5,2,C,0.09550159895339672,0.28650479686019015,0.3333333333333333,8.326672684688674e-17
toy_0,Triangle,Coverage,2.6,1,A,0.0908439310113375,0.27253179303401254,0.3333333333333333,0.0
toy_0,Triangle,Coverage,2.6,1,B,0.0908439310113375,0.27253179303401254,0.3333333333333333,0.0
toy_0,Triangle,Coverage,2.6,1,C,0.0908439310113375,0.27253179303401254,0.3333333333333333,0.0
toy_0,Triangle,Coverage,2.6,2,A,0.09084393101133754,0.27253179303401265,0.3333333333333333,0.0
toy_0,Triangle,Coverage,2.6,2,B,0.09084393101133754,0.27253179303401265,0.3333333333333333,0.0
toy_0,Triangle,Coverage,2.6,2,C,0.09084393101133754,0.27253179303401265,0.3333333333333333,0.0
toy_0,Triangle,Coverage,2.7,1,A,0.08641342021529716,0.25924026064589145,0.33333333333333337,0.0
toy_0,Triangle,Coverage,2.7,1,B,0.08641342021529716,0.25924026064589145,0.33333333333333337,0.0
toy_0,Triangle,Coverage,2.7,1,C,0.08641342021529716,0.25924026064589145,0.33333333333333337,0.0
toy_0,Triangle,Coverage,2.7,2,A,0.08641342021529717,0.2592402606458915,0.33333333333333337,0.0
toy_0,Triangle,Coverage,2.7,2,B,0.08641342021529717,0.2592402606458915,0.33333333333333337,0.0
toy_0,Triangle,Coverage,2.7,2,C,0.08641342021529717,0.2592402606458915,0.33333333333333337,0.0
toy_0,Triangle,Coverage,2.8000000000000003,1,A,0.08219898798053549,0.24659696394160646,0.3333333333333333,0.0
toy_0,Triangle,Coverage,2.8000000000000003,1,B,0.08219898798053549,0.24659696394160646,0.3333333333333333,0.0
toy_0,Triangle,Coverage,2.8000000000000003,1,C,0.08219898798053549,0.24659696394160646,0.3333333333333333,0.0
toy_0,Triangle,Coverage,2.8000000000000003,2,A,0.08219898798053549,0.24659696394160646,0.3333333333333333,0.0
toy_0,Triangle,Coverage,2.8000000000000003,2,B,0.08219898798053549,0.24659696394160646,0.3333333333333333,0.0
toy_0,Triangle,Coverage,2.8000000000000003,2,C,0.08219898798053549,0.24659696394160646,0.3333333333333333,0.0
toy_0,Triangle,Coverage,2.9000000000000004,1,A,0.07819009603126587,0.2345702880937976,0.3333333333333333,0.0
toy_0,Triangle,Coverage,2.9000000000000004,1,B,0.07819009603126587,0.2345702880937976,0.3333333333333333,0.0
toy_0,Triangle,Coverage,2.9000000000000004,1,C,0.07819009603126587,0.2345702880937976,0.3333333333333333,0.0
toy_0,Triangle,Coverage,2.9000000000000004,2,A,0.07819009603126587,0.2345702880937976,0.3333333333333333,0.0
toy_0,Triangle,Coverage,2.9000000000000004,2,B,0.07819009603126587,0.2345702880937976,0.3333333333333333,0.0
toy_0,Triangle,Coverage,2.9000000000000004,2,C,0.07819009603126587,0.2345702880937976,0.3333333333333333,0.0
toy_0,Triangle,Coverage,3.0,1,A,0.07437672004947661,0.22313016014842985,0.3333333333333333,8.326672684688674e-17
toy_0,Triangle,Coverage,3.0,1,B,0.07437672004947661,0.22313016014842985,0.3333333333333333,8.326672684688674e-17
toy_0,Triangle,Coverage,3.0,1,C,0.07437672004947661,0.22313016014842985,0.3333333333333333,8.326672684688674e-17
toy_0,Triangle,Coverage,3.0,2,A,0.07437672004947658,0.22313016014842973,0.33333333333333337,8.326672684688674e-17
toy_0,Triangle,Coverage,3.0,2,B,0.07437672004947658,0.22313016014842973,0.33333333333333337,8.326672684688674e-17
toy_0,Triangle,Coverage,3.0,2,C,0.07437672004947658,0.22313016014842973,0.33333333333333337,8.326672684688674e-17
toy_0,Triangle,Coverage,3.1,1,A,0.07074932460891434,0.212247973826743,0.3333333333333333,0.0
toy_0,Triangle,Coverage,3.1,1,B,0.07074932460891434,0.212247973826743,0.3333333333333333,0.0
toy_0,Triangle,Coverage,3.1,1,C,0.07074932460891434,0.212247973826743,0.3333333333333333,0.0
toy_0,Triangle,Coverage,3.1,2,A,0.07074932460891432,0.21224797382674299,0.3333333333333333,0.0
toy_0,Triangle,Coverage,3.1,2,B,0.07074932460891432,0.21224797382674299,0.3333333333333333,0.0
toy_0,Triangle,Coverage,3.1,2,C,0.07074932460891432,0.21224797382674299,0.3333333333333333,0.0
toy_0,Triangle,Coverage,3.2,1,A,0.06729883933155179,0.20189651799465536,0.3333333333333333,0.0
toy_0,Triangle,Coverage,3.2,1,B,0.06729883933155179,0.20189651799465536,0.3333333333333333,0.0
toy_0,Triangle,Coverage,3.2,1,C,0.06729883933155179,0.20189651799465536,0.3333333333333333,0.0
toy_0,Triangle,Coverage,3.2,2,A,0.06729883933155179,0.20189651799465536,0.3333333333333333,0.0
toy_0,Triangle,Coverage,3.2,2,B,0.06729883933155179,0.20189651799465536,0.3333333333333333,0.0
toy_0,Triangle,Coverage,3.2,2,C,0.06729883933155179,0.20189651799465536,0.3333333333333333,0.0
toy_0,Triangle,Coverage,3.3000000000000003,1,A,0.06401663620691803,0.19204990862075408,0.3333333333333333,0.0
toy_0,Triangle,Coverage,3.3000000000000003,1,B,0.06401663620691803,0.19204990862075408,0.3333333333333333,0.0
toy_0,Triangle,Coverage,3.3000000000000003,1,C,0.06401663620691803,0.19204990862075408,0.3333333333333333,0.0
toy_0,Triangle,Coverage,3.3000000000000003,2,A,0.06401663620691803,0.19204990862075408,0.3333333333333333,0.0
toy_0,Triangle,Coverage,3.3000000000000003,2,B,0.06401663620691803,0.19204990862075408,0.3333333333333333,0.0
toy_0,Triangle,Coverage,3.3000000000000003,2,C,0.06401663620691803,0.19204990862075408,0.3333333333333333,0.0
toy_0,Triangle,Coverage,3.4000000000000004,1,A,0.0608945080175782,0.1826835240527346,0.3333333333333333,0.0
toy_0,Triangle,Coverage,3.4000000000000004,1,B,0.0608945080175782,0.1826835240527346,0.3333333333333333,0.0
toy_0,Triangle,Coverage,3.4000000000000004,1,C,0.0608945080175782,0.1826835240527346,0.3333333333333333,0.0
toy_0,Triangle,Coverage,3.4000000000000004,2,A,0.06089450801757819,0.18268352405273458,0.3333333333333333,0.0
toy_0,Triangle,Coverage,3.4000000000000004,2,B,0.06089450801757819,0.18268352405273458,0.3333333333333333,0.0
toy_0,Triangle,Coverage,3.4000000000000004,2,C,0.06089450801757819,0.18268352405273458,0.3333333333333333,0.0
toy_0,Triangle,Coverage,3.5,1,A,0.057924647816815035,0.1737739434504451,0.3333333333333333,8.326672684688674e-17
toy_0,Triangle,Coverage,3.5,1,B,0.057924647816815035,0.1737739434504451,0.3333333333333333,8.326672684688674e-17
toy_0,Triangle,Coverage,3.5,1,C,0.057924647816815035,0.1737739434504451,0.3333333333333333,8.326672684688674e-17
toy_0,Triangle,Coverage,3.5,2,A,0.05792464781681504,0.1737739434504451,0.33333333333333337,8.326672684688674e-17
toy_0,Triangle,Coverage,3.5,2,B,0.05792464781681504,0.1737739434504451,0.33333333333333337,8.326672684688674e-17
toy_0,Triangle,Coverage,3.5,2,C,0.05792464781681504,0.1737739434504451,0.33333333333333337,8.326672684688674e-17
toy_0,Triangle,Coverage,3.6,1,A,0.05509962940719551,0.16529888822158653,0.3333333333333333,0.0
toy_0,Triangle,Coverage,3.6,1,B,0.05509962940719551,0.16529888822158653,0.3333333333333333,0.0
toy_0,Triangle,Coverage,3.6,1,C,0.05509962940719551,0.16529888822158653,0.3333333333333333,0.0
toy_0,Triangle,Coverage,3.6,2,A,0.05509962940719551,0.16529888822158653,0.3333333333333333,0.0
toy_0,Triangle,Coverage,3.6,2,B,0.05509962940719551,0.16529888822158653,0.3333333333333333,0.0
toy_0,Triangle,Coverage,3.6,2,C,0.05509962940719551,0.16529888822158653,0.3333333333333333,0.0
toy_0,Triangle,Coverage,3.7,1,A,0.0524123887712092,0.1572371663136276,0.3333333333333333,0.0
toy_0,Triangle,Coverage,3.7,1,B,0.0524123887712092,0.1572371663136276,0.3333333333333333,0.0
toy_0,Triangle,Coverage,3.7,1,C,0.0524123887712092,0.1572371663136276,0.3333333333333333,0.0
toy_0,Triangle,Coverage,3.7,2,A,0.05241238877120921,0.15723716631362764,0.3333333333333333,0.0
toy_0,Triangle,Coverage,3.7,2,B,0.05241238877120921,0.15723716631362764,0.3333333333333333,0.0
toy_0,Triangle,Coverage,3.7,2,C,0.05241238877120921,0.15723716631362764,0.3333333333333333,0.0
toy_0,Triangle,Coverage,3.8000000000000003,1,A,0.04985620640754501,0.14956861922263504,0.3333333333333333,0.0
toy_0,Triangle,Coverage,3.8000000000000003,1,B,0.04985620640754501,0.14956861922263504,0.3333333333333333,0.0
toy_0,Triangle,Coverage,3.8000000000000003,1,C,0.04985620640754501,0.14956861922263504,0.3333333333333333,0.0
toy_0,Triangle,Coverage,3.8000000000000003,2,A,0.049856206407545026,0.1495686192226351,0.3333333333333333,0.0
toy_0,Triangle,Coverage,3.8000000000000003,2,B,0.049856206407545026,0.1495686192226351,0.3333333333333333,0.0
toy_0,Triangle,Coverage,3.8000000000000003,2,C,0.049856206407545026,0.1495686192226351,0.3333333333333333,0.0
toy_0,Triangle,Coverage,3.9000000000000004,1,A,0.04742469052883784,0.1422740715865135,0.33333333333333337,8.326672684688674e-17
toy_0,Triangle,Coverage,3.9000000000000004,1,B,0.04742469052883784,0.1422740715865135,0.33333333333333337,8.326672684688674e-17
toy_0,Triangle,Coverage,3.9000000000000004,1,C,0.04742469052883784,0.1422740715865135,0.33333333333333337,8.326672684688674e-17
toy_0,Triangle,Coverage,3.9000000000000004,2,A,0.047424690528837854,0.14227407158651356,0.3333333333333333,8.326672684688674e-17
toy_0,Triangle,Coverage,3.9000000000000004,2,B,0.047424690528837854,0.14227407158651356,0.3333333333333333,8.326672684688674e-17
toy_0,Triangle,Coverage,3.9000000000000004,2,C,0.047424690528837854,0.14227407158651356,0.3333333333333333,8.326672684688674e-17
toy_0,Triangle,Coverage,4.0,1,A,0.04511176107887089,0.13533528323661267,0.3333333333333333,0.0
toy_0,Triangle,Coverage,4.0,1,B,0.04511176107887089,0.13533528323661267,0.3333333333333333,0.0
toy_0,Triangle,Coverage,4.0,1,C,0.04511176107887089,0.13533528323661267,0.3333333333333333,0.0
toy_0,Triangle,Coverage,4.0,2,A,0.045111761078870896,0.1353352832366127,0.3333333333333333,0.0
toy_0,Triangle,Coverage,4.0,2,B,0.045111761078870896,0.1353352832366127,0.3333333333333333,0.0
toy_0,Triangle,Coverage,4.0,2,C,0.045111761078870896,0.1353352832366127,0.3333333333333333,0.0
toy_0,Triangle,Coverage,4.1000000000000005,1,A,0.04291163452926806,0.12873490358780418,0.3333333333333333,0.0
toy_0,Triangle,Coverage,4.1000000000000005,1,B,0.04291163452926806,0.12873490358780418,0.3333333333333333,0.0
toy_0,Triangle,Coverage,4.1000000000000005,1,C,0.04291163452926806,0.12873490358780418,0.3333333333333333,0.0
toy_0,Triangle,Coverage,4.1000000000000005,2,A,0.04291163452926806,0.12873490358780418,0.3333333333333333,0.0
toy_0,Triangle,Coverage,4.1000000000000005,2,B,0.04291163452926806,0.12873490358780418,0.3333333333333333,0.0
toy_0,Triangle,Coverage,4.1000000000000005,2,C,0.04291163452926806,0.12873490358780418,0.3333333333333333,0.0
toy_0,Triangle,Coverage,4.2,1,A,0.04081880941766063,0.12245642825298189,0.33333333333333337,8.326672684688674e-17
toy_0,Triangle,Coverage,4.2,1,B,0.04081880941766063,0.12245642825298189,0.33333333333333337,8.326672684688674e-17
toy_0,Triangle,Coverage,4.2,1,C,0.04081880941766063,0.12245642825298189,0.33333333333333337,8.326672684688674e-17
toy_0,Triangle,Coverage,4.2,2,A,0.04081880941766064,0.12245642825298192,0.3333333333333333,8.326672684688674e-17
toy_0,Triangle,Coverage,4.2,2,B,0.04081880941766064,0.12245642825298192,0.3333333333333333,8.326672684688674e-17
toy_0,Triangle,Coverage,4.2,2,C,0.04081880941766064,0.12245642825298192,0.3333333333333333,8.326672684688674e-17
toy_0,Triangle,Coverage,4.3,1,A,0.03882805259116566,0.11648415777349698,0.3333333333333333,0.0
toy_0,Triangle,Coverage,4.3,1,B,0.03882805259116566,0.11648415777349698,0.3333333333333333,0.0
toy_0,Triangle,Coverage,4.3,1,C,0.03882805259116566,0.11648415777349698,0.3333333333333333,0.0
toy_0,Triangle,Coverage,4.3,2,A,0.03882805259116566,0.11648415777349698,0.3333333333333333,0.0
toy_0,Triangle,Coverage,4.3,2,B,0.03882805259116566,0.11648415777349698,0.3333333333333333,0.0
toy_0,Triangle,Coverage,4.3,2,C,0.03882805259116566,0.11648415777349698,0.3333333333333333,0.0
toy_0,Triangle,Coverage,4.4,1,A,0.03693438612077794,0.11080315836233383,0.3333333333333333,8.326672684688674e-17
toy_0,Triangle,Coverage,4.4,1,B,0.03693438612077794,0.11080315836233383,0.3333333333333333,8.326672684688674e-17
toy_0,Triangle,Coverage,4.4,1,C,0.03693438612077794,0.11080315836233383,0.3333333333333333,8.326672684688674e-17
toy_0,Triangle,Coverage,4.4,2,A,0.03693438612077795,0.11080315836233384,0.33333333333333337,8.326672684688674e-17
toy_0,Triangle,Coverage,4.4,2,B,0.03693438612077795,0.11080315836233384,0.33333333333333337,8.326672684688674e-17
toy_0,Triangle,Coverage,4.4,2,C,0.03693438612077795,0.11080315836233384,0.33333333333333337,8.326672684688674e-17
toy_0,Triangle,Coverage,4.5,1,A,0.035133074853954775,0.10539922456186432,0.33333333333333337,0.0
toy_0,Triangle,Coverage,4.5,1,B,0.035133074853954775,0.10539922456186432,0.33333333333333337,0.0
toy_0,Triangle,Coverage,4.5,1,C,0.035133074853954775,0.10539922456186432,0.33333333333333337,0.0
toy_0,Triangle,Coverage,4.5,2,A,0.035133074853954775,0.10539922456186432,0.33333333333333337,0.0
toy_0,Triangle,Coverage,4.5,2,B,0.035133074853954775,0.10539922456186432,0.33333333333333337,0.0
toy_0,Triangle,Coverage,4.5,2,C,0.035133074853954775,0.10539922456186432,0.33333333333333337,0.0
toy_0,Triangle,Coverage,4.6000000000000005,1,A,0.0334196145742679,0.10025884372280369,0.3333333333333333,8.326672684688674e-17
toy_0,Triangle,Coverage,4.6000000000000005,1,B,0.0334196145742679,0.10025884372280369,0.3333333333333333,8.326672684688674e-17
toy_0,Triangle,Coverage,4.6000000000000005,1,C,0.0334196145742679,0.10025884372280369,0.3333333333333333,8.326672684688674e-17
toy_0,Triangle,Coverage,4.6000000000000005,2,A,0.03341961457426789,0.10025884372280366,0.33333333333333337,8.326672684688674e-17
toy_0,Triangle,Coverage,4.6000000000000005,2,B,0.03341961457426789,0.10025884372280366,0.33333333333333337,8.326672684688674e-17
toy_0,Triangle,Coverage,4.6000000000000005,2,C,0.03341961457426789,0.10025884372280366,0.33333333333333337,8.326672684688674e-17
toy_0,Triangle,Coverage,4.7,1,A,0.03178972073851653,0.0953691622155496,0.3333333333333333,0.0
toy_0,Triangle,Coverage,4.7,1,B,0.03178972073851653,0.0953691622155496,0.3333333333333333,0.0
toy_0,Triangle,Coverage,4.7,1,C,0.03178972073851653,0.0953691622155496,0.3333333333333333,0.0
toy_0,Triangle,Coverage,4.7,2,A,0.031789720738516554,0.09536916221554967,0.3333333333333333,0.0
toy_0,Triangle,Coverage,4.7,2,B,0.031789720738516554,0.09536916221554967,0.3333333333333333,0.0
toy_0,Triangle,Coverage,4.7,2,C,0.031789720738516554,0.09536916221554967,0.3333333333333333,0.0
toy_0,Triangle,Coverage,4.800000000000001,1,A,0.030239317763137492,0.09071795328941248,0.3333333333333333,8.326672684688674e-17
toy_0,Triangle,Coverage,4.800000000000001,1,B,0.030239317763137492,0.09071795328941248,0.3333333333333333,8.326672684688674e-17
toy_0,Triangle,Coverage,4.800000000000001,1,C,0.030239317763137492,0.09071795328941248,0.3333333333333333,8.326672684688674e-17
toy_0,Triangle,Coverage,4.800000000000001,2,A,0.030239317763137482,0.09071795328941244,0.33333333333333337,8.326672684688674e-17
toy_0,Triangle,Coverage,4.800000000000001,2,B,0.030239317763137482,0.09071795328941244,0.33333333333333337,8.326672684688674e-17
toy_0,Triangle,Coverage,4.800000000000001,2,C,0.030239317763137482,0.09071795328941244,0.33333333333333337,8.326672684688674e-17
toy_0,Triangle,Coverage,4.9,1,A,0.0287645288331235,0.0862935864993705,0.3333333333333333,0.0
toy_0,Triangle,Coverage,4.9,1,B,0.0287645288331235,0.0862935864993705,0.3333333333333333,0.0
toy_0,Triangle,Coverage,4.9,1,C,0.0287645288331235,0.0862935864993705,0.3333333333333333,0.0
toy_0,Triangle,Coverage,4.9,2,A,0.0287645288331235,0.0862935864993705,0.3333333333333333,0.0
toy_0,Triangle,Coverage,4.9,2,B,0.0287645288331235,0.0862935864993705,0.3333333333333333,0.0
toy_0,Triangle,Coverage,4.9,2,C,0.0287645288331235,0.0862935864993705,0.3333333333333333,0.0
toy_0,Triangle,Coverage,5.0,1,A,0.02736166620796626,0.08208499862389877,0.33333333333333337,8.326672684688674e-17
toy_0,Triangle,Coverage,5.0,1,B,0.02736166620796626,0.08208499862389877,0.33333333333333337,8.326672684688674e-17
toy_0,Triangle,Coverage,5.0,1,C,0.02736166620796626,0.08208499862389877,0.33333333333333337,8.326672684688674e-17
toy_0,Triangle,Coverage,5.0,2,A,0.02736166620796627,0.08208499862389881,0.3333333333333333,8.326672684688674e-17
toy_0,Triangle,Coverage,5.0,2,B,0.02736166620796627,0.08208499862389881,0.3333333333333333,8.326672684688674e-17
toy_0,Triangle,Coverage,5.0,2,C,0.02736166620796627,0.08208499862389881,0.3333333333333333,8.326672684688674e-17
toy_0,Triangle,Coverage,5.1000000000000005,1,A,0.026027222000384365,0.0780816660011531,0.3333333333333333,8.326672684688674e-17
toy_0,Triangle,Coverage,5.1000000000000005,1,B,0.026027222000384365,0.0780816660011531,0.3333333333333333,8.326672684688674e-17
toy_0,Triangle,Coverage,5.1000000000000005,1,C,0.026027222000384365,0.0780816660011531,0.3333333333333333,8.326672684688674e-17
toy_0,Triangle,Coverage,5.1000000000000005,2,A,0.026027222000384372,0.07808166600115311,0.33333333333333337,8.326672684688674e-17
toy_0,Triangle,Coverage,5.1000000000000005,2,B,0.026027222000384372,0.07808166600115311,0.33333333333333337,8.326672684688674e-17
toy_0,Triangle,Coverage,5.1000000000000005,2,C,0.026027222000384372,0.07808166600115311,0.33333333333333337,8.326672684688674e-17
toy_0,Triangle,Coverage,5.2,1,A,0.024757859404777965,0.07427357821433389,0.33333333333333337,8.326672684688674e-17
toy_0,Triangle,Coverage,5.2,1,B,0.024757859404777965,0.07427357821433389,0.33333333333333337,8.326672684688674e-17
toy_0,Triangle,Coverage,5.2,1,C,0.024757859404777965,0.07427357821433389,0.33333333333333337,8.326672684688674e-17
toy_0,Triangle,Coverage,5.2,2,A,0.02475785940477796,0.07427357821433389,0.3333333333333333,8.326672684688674e-17
toy_0,Triangle,Coverage,5.2,2,B,0.02475785940477796,0.07427357821433389,0.3333333333333333,8.326672684688674e-17
toy_0,Triangle,Coverage,5.2,2,C,0.02475785940477796,0.07427357821433389,0.3333333333333333,8.326672684688674e-17
toy_0,Triangle,Coverage,5.300000000000001,1,A,0.023550404353476516,0.07065121306042954,0.33333333333333337,8.326672684688674e-17
toy_0,Triangle,Coverage,5.300000000000001,1,B,0.023550404353476516,0.07065121306042954,0.33333333333333337,8.326672684688674e-17
toy_0,Triangle,Coverage,5.300000000000001,1,C,0.023550404353476516,0.07065121306042954,0.33333333333333337,8.326672684688674e-17
toy_0,Triangle,Coverage,5.300000000000001,2,A,0.023550404353476523,0.07065121306042957,0.3333333333333333,8.326672684688674e-17
toy_0,Triangle,Coverage,5.300000000000001,2,B,0.023550404353476523,0.07065121306042957,0.3333333333333333,8.326672684688674e-17
toy_0,Triangle,Coverage,5.300000000000001,2,C,0.023550404353476523,0.07065121306042957,0.3333333333333333,8.326672684688674e-17
toy_0,Triangle,Coverage,5.4,1,A,0.02240183757991658,0.06720551273974974,0.3333333333333333,0.0
toy_0,Triangle,Coverage,5.4,1,B,0.02240183757991658,0.06720551273974974,0.3333333333333333,0.0
toy_0,Triangle,Coverage,5.4,1,C,0.02240183757991658,0.06720551273974974,0.3333333333333333,0.0
toy_0,Triangle,Coverage,5.4,2,A,0.022401837579916584,0.06720551273974976,0.3333333333333333,0.0
toy_0,Triangle,Coverage,5.4,2,B,0.022401837579916584,0.06720551273974976,0.3333333333333333,0.0
toy_0,Triangle,Coverage,5.4,2,C,0.022401837579916584,0.06720551273974976,0.3333333333333333,0.0
toy_0,Triangle,Coverage,5.5,1,A,0.02130928706890252,0.06392786120670756,0.3333333333333333,8.326672684688674e-17
toy_0,Triangle,Coverage,5.5,1,B,0.02130928706890252,0.06392786120670756,0.3333333333333333,8.326672684688674e-17
toy_0,Triangle,Coverage,5.5,1,C,0.02130928706890252,0.06392786120670756,0.3333333333333333,8.326672684688674e-17
toy_0,Triangle,Coverage,5.5,2,A,0.021309287068902526,0.06392786120670757,0.33333333333333337,8.326672684688674e-17
toy_0,Triangle,Coverage,5.5,2,B,0.021309287068902526,0.06392786120670757,0.33333333333333337,8.326672684688674e-17
toy_0,Triangle,Coverage,5.5,2,C,0.021309287068902526,0.06392786120670757,0.33333333333333337,8.326672684688674e-17
toy_0,Triangle,Coverage,5.6000000000000005,1,A,0.02027002087507265,0.060810062625217945,0.33333333333333337,8.326672684688674e-17
toy_0,Triangle,Coverage,5.6000000000000005,1,B,0.02027002087507265,0.060810062625217945,0.33333333333333337,8.326672684688674e-17
toy_0,Triangle,Coverage,5.6000000000000005,1,C,0.02027002087507265,0.060810062625217945,0.33333333333333337,8.326672684688674e-17
toy_0,Triangle,Coverage,5.6000000000000005,2,A,0.020270020875072656,0.06081006262521797,0.3333333333333333,8.326672684688674e-17
toy_0,Triangle,Coverage,5.6000000000000005,2,B,0.020270020875072656,0.06081006262521797,0.3333333333333333,8.326672684688674e-17
toy_0,Triangle,Coverage,5.6000000000000005,2,C,0.020270020875072656,0.06081006262521797,0.3333333333333333,8.326672684688674e-17
toy_0,Triangle,Coverage,5.7,1,A,0.019281440291612825,0.05784432087483847,0.33333333333333337,8.326672684688674e-17
toy_0,Triangle,Coverage,5.7,1,B,0.019281440291612825,0.05784432087483847,0.33333333333333337,8.326672684688674e-17
toy_0,Triangle,Coverage,5.7,1,C,0.019281440291612825,0.05784432087483847,0.33333333333333337,8.326672684688674e-17
toy_0,Triangle,Coverage,5.7,2,A,0.019281440291612814,0.05784432087483844,0.3333333333333333,8.326672684688674e-17
toy_0,Triangle,Coverage,5.7,2,B,0.019281440291612814,0.05784432087483844,0.3333333333333333,8.326672684688674e-17
toy_0,Triangle,Coverage,5.7,2,C,0.019281440291612814,0.05784432087483844,0.3333333333333333,8.326672684688674e-17
toy_0,Triangle,Coverage,5.800000000000001,1,A,0.01834107335213573,0.05502322005640719,0.3333333333333333,0.0
toy_0,Triangle,Coverage,5.800000000000001,1,B,0.01834107335213573,0.05502322005640719,0.3333333333333333,0.0
toy_0,Triangle,Coverage,5.800000000000001,1,C,0.01834107335213573,0.05502322005640719,0.3333333333333333,0.0
toy_0,Triangle,Coverage,5.800000000000001,2,A,0.018341073352135737,0.05502322005640721,0.3333333333333333,0.0
toy_0,Triangle,Coverage,5.800000000000001,2,B,0.018341073352135737,0.05502322005640721,0.3333333333333333,0.0
toy_0,Triangle,Coverage,5.800000000000001,2,C,0.018341073352135737,0.05502322005640721,0.3333333333333333,0.0
toy_0,Triangle,Coverage,5.9,1,A,0.01744656864947746,0.05233970594843238,0.3333333333333333,8.326672684688674e-17
toy_0,Triangle,Coverage,5.9,1,B,0.01744656864947746,0.05233970594843238,0.3333333333333333,8.326672684688674e-17
toy_0,Triangle,Coverage,5.9,1,C,0.01744656864947746,0.05233970594843238,0.3333333333333333,8.326672684688674e-17
toy_0,Triangle,Coverage,5.9,2,A,0.017446568649477464,0.05233970594843239,0.33333333333333337,8.326672684688674e-17
toy_0,Triangle,Coverage,5.9,2,B,0.017446568649477464,0.05233970594843239,0.33333333333333337,8.326672684688674e-17
toy_0,Triangle,Coverage,5.9,2,C,0.017446568649477464,0.05233970594843239,0.33333333333333337,8.326672684688674e-17
toy_0,Triangle,Coverage,6.0,1,A,0.016595689455954646,0.04978706836786394,0.3333333333333333,0.0
toy_0,Triangle,Coverage,6.0,1,B,0.016595689455954646,0.04978706836786394,0.3333333333333333,0.0
toy_0,Triangle,Coverage,6.0,1,C,0.016595689455954646,0.04978706836786394,0.3333333333333333,0.0
toy_0,Triangle,Coverage,6.0,2,A,0.016595689455954653,0.04978706836786396,0.3333333333333333,0.0
toy_0,Triangle,Coverage,6.0,2,B,0.016595689455954653,0.04978706836786396,0.3333333333333333,0.0
toy_0,Triangle,Coverage,6.0,2,C,0.016595689455954653,0.04978706836786396,0.3333333333333333,0.0
toy_0,Triangle,Coverage,6.1000000000000005,1,A,0.0157863081303803,0.047358924391140894,0.33333333333333337,8.326672684688674e-17
toy_0,Triangle,Coverage,6.1000000000000005,1,B,0.0157863081303803,0.047358924391140894,0.33333333333333337,8.326672684688674e-17
toy_0,Triangle,Coverage,6.1000000000000005,1,C,0.0157863081303803,0.047358924391140894,0.33333333333333337,8.326672684688674e-17
toy_0,Triangle,Coverage,6.1000000000000005,2,A,0.015786308130380303,0.04735892439114091,0.3333333333333333,8.326672684688674e-17
toy_0,Triangle,Coverage,6.1000000000000005,2,B,0.015786308130380303,0.04735892439114091,0.3333333333333333,8.326672684688674e-17
toy_0,Triangle,Coverage,6.1000000000000005,2,C,0.015786308130380303,0.04735892439114091,0.3333333333333333,8.326672684688674e-17
toy_0,Triangle,Coverage,6.2,1,A,0.015016400797852604,0.045049202393557815,0.3333333333333333,0.0
toy_0,Triangle,Coverage,6.2,1,B,0.015016400797852604,0.045049202393557815,0.3333333333333333,0.0
toy_0,Triangle,Coverage,6.2,1,C,0.015016400797852604,0.045049202393557815,0.3333333333333333,0.0
toy_0,Triangle,Coverage,6.2,2,A,0.015016400797852603,0.04504920239355781,0.3333333333333333,0.0
toy_0,Triangle,Coverage,6.2,2,B,0.015016400797852603,0.04504920239355781,0.3333333333333333,0.0
toy_0,Triangle,Coverage,6.2,2,C,0.015016400797852603,0.04504920239355781,0.3333333333333333,0.0
toy_0,Triangle,Coverage,6.300000000000001,1,A,0.014284042289013386,0.04285212686704016,0.3333333333333333,8.326672684688674e-17
toy_0,Triangle,Coverage,6.300000000000001,1,B,0.014284042289013386,0.04285212686704016,0.3333333333333333,8.326672684688674e-17
toy_0,Triangle,Coverage,6.300000000000001,1,C,0.014284042289013386,0.04285212686704016,0.3333333333333333,8.326672684688674e-17
toy_0,Triangle,Coverage,6.300000000000001,2,A,0.01428404228901339,0.042852126867040166,0.33333333333333337,8.326672684688674e-17
toy_0,Triangle,Coverage,6.300000000000001,2,B,0.01428404228901339,0.042852126867040166,0.33333333333333337,8.326672684688674e-17
toy_0,Triangle,Coverage,6.300000000000001,2,C,0.01428404228901339,0.042852126867040166,0.33333333333333337,8.326672684688674e-17
toy_0,Triangle,Coverage,6.4,1,A,0.01358740132612207,0.040762203978366204,0.33333333333333337,0.0
toy_0,Triangle,Coverage,6.4,1,B,0.01358740132612207,0.040762203978366204,0.33333333333333337,0.0
toy_0,Triangle,Coverage,6.4,1,C,0.01358740132612207,0.040762203978366204,0.33333333333333337,0.0
toy_0,Triangle,Coverage,6.4,2,A,0.01358740132612207,0.040762203978366204,0.33333333333333337,0.0
toy_0,Triangle,Coverage,6.4,2,B,0.01358740132612207,0.040762203978366204,0.33333333333333337,0.0
toy_0,Triangle,Coverage,6.4,2,C,0.01358740132612207,0.040762203978366204,0.33333333333333337,0.0
toy_0,Triangle,Coverage,6.5,1,A,0.012924735943907343,0.03877420783172203,0.3333333333333333,0.0
toy_0,Triangle,Coverage,6.5,1,B,0.012924735943907343,0.03877420783172203,0.3333333333333333,0.0
toy_0,Triangle,Coverage,6.5,1,C,0.012924735943907343,0.03877420783172203,0.3333333333333333,0.0
toy_0,Triangle,Coverage,6.5,2,A,0.012924735943907337,0.038774207831722016,0.3333333333333333,0.0
toy_0,Triangle,Coverage,6.5,2,B,0.012924735943907337,0.038774207831722016,0.3333333333333333,0.0
toy_0,Triangle,Coverage,6.5,2,C,0.012924735943907337,0.038774207831722016,0.3333333333333333,0.0
toy_0,Triangle,Coverage,6.6000000000000005,1,A,0.012294389133746666,0.036883167401239994,0.33333333333333337,0.0
toy_0,Triangle,Coverage,6.6000000000000005,1,B,0.012294389133746666,0.036883167401239994,0.33333333333333337,0.0
toy_0,Triangle,Coverage,6.6000000000000005,1,C,0.012294389133746666,0.036883167401239994,0.33333333333333337,0.0
toy_0,Triangle,Coverage,6.6000000000000005,2,A,0.012294389133746666,0.036883167401239994,0.33333333333333337,0.0
toy_0,Triangle,Coverage,6.6000000000000005,2,B,0.012294389133746666,0.036883167401239994,0.33333333333333337,0.0
toy_0,Triangle,Coverage,6.6000000000000005,2,C,0.012294389133746666,0.036883167401239994,0.33333333333333337,0.0
toy_0,Triangle,Coverage,6.7,1,A,0.011694784700281676,0.035084354100845025,0.33333333333333337,8.326672684688674e-17
toy_0,Triangle,Coverage,6.7,1,B,0.011694784700281676,0.035084354100845025,0.33333333333333337,8.326672684688674e-17
toy_0,Triangle,Coverage,6.7,1,C,0.011694784700281676,0.035084354100845025,0.33333333333333337,8.326672684688674e-17
toy_0,Triangle,Coverage,6.7,2,A,0.011694784700281674,0.035084354100845025,0.3333333333333333,8.326672684688674e-17
toy_0,Triangle,Coverage,6.7,2,B,0.011694784700281674,0.035084354100845025,0.3333333333333333,8.326672684688674e-17
toy_0,Triangle,Coverage,6.7,2,C,0.011694784700281674,0.035084354100845025,0.3333333333333333,8.326672684688674e-17
toy_0,Triangle,Coverage,6.800000000000001,1,A,0.011124423320108687,0.033373269960326066,0.3333333333333333,8.326672684688674e-17
toy_0,Triangle,Coverage,6.800000000000001,1,B,0.011124423320108687,0.033373269960326066,0.3333333333333333,8.326672684688674e-17
toy_0,Triangle,Coverage,6.800000000000001,1,C,0.011124423320108687,0.033373269960326066,0.3333333333333333,8.326672684688674e-17
toy_0,Triangle,Coverage,6.800000000000001,2,A,0.01112442332010869,0.033373269960326066,0.33333333333333337,8.326672684688674e-17
toy_0,Triangle,Coverage,6.800000000000001,2,B,0.01112442332010869,0.033373269960326066,0.33333333333333337,8.326672684688674e-17
toy_0,Triangle,Coverage,6.800000000000001,2,C,0.01112442332010869,0.033373269960326066,0.33333333333333337,8.326672684688674e-17
toy_0,Triangle,Coverage,6.9,1,A,0.010581878792689313,0.03174563637806794,0.3333333333333333,0.0
toy_0,Triangle,Coverage,6.9,1,B,0.010581878792689313,0.03174563637806794,0.3333333333333333,0.0
toy_0,Triangle,Coverage,6.9,1,C,0.010581878792689313,0.03174563637806794,0.3333333333333333,0.0
toy_0,Triangle,Coverage,6.9,2,A,0.010581878792689313,0.03174563637806794,0.3333333333333333,0.0
toy_0,Triangle,Coverage,6.9,2,B,0.010581878792689313,0.03174563637806794,0.3333333333333333,0.0
toy_0,Triangle,Coverage,6.9,2,C,0.010581878792689313,0.03174563637806794,0.3333333333333333,0.0
toy_0,Triangle,Coverage,7.0,1,A,0.01006579447410617,0.03019738342231851,0.3333333333333333,0.0
toy_0,Triangle,Coverage,7.0,1,B,0.01006579447410617,0.03019738342231851,0.3333333333333333,0.0
toy_0,Triangle,Coverage,7.0,1,C,0.01006579447410617,0.03019738342231851,0.3333333333333333,0.0
toy_0,Triangle,Coverage,7.0,2,A,0.010065794474106169,0.030197383422318508,0.3333333333333333,0.0
toy_0,Triangle,Coverage,7.0,2,B,0.010065794474106169,0.030197383422318508,0.3333333333333333,0.0
toy_0,Triangle,Coverage,7.0,2,C,0.010065794474106169,0.030197383422318508,0.3333333333333333,0.0
toy_0,Triangle,Coverage,7.1000000000000005,1,A,0.009574879884746472,0.028724639654239416,0.3333333333333333,0.0
toy_0,Triangle,Coverage,7.1000000000000005,1,B,0.009574879884746472,0.028724639654239416,0.3333333333333333,0.0
toy_0,Triangle,Coverage,7.1000000000000005,1,C,0.009574879884746472,0.028724639654239416,0.3333333333333333,0.0
toy_0,Triangle,Coverage,7.1000000000000005,2,A,0.009574879884746472,0.028724639654239416,0.3333333333333333,0.0
toy_0,Triangle,Coverage,7.1000000000000005,2,B,0.009574879884746472,0.028724639654239416,0.3333333333333333,0.0
toy_0,Triangle,Coverage,7.1000000000000005,2,C,0.009574879884746472,0.028724639654239416,0.3333333333333333,0.0
toy_0,Triangle,Coverage,7.2,1,A,0.009107907482430854,0.027323722447292562,0.3333333333333333,0.0
toy_0,Triangle,Coverage,7.2,1,B,0.009107907482430854,0.027323722447292562,0.3333333333333333,0.0
toy_0,Triangle,Coverage,7.2,1,C,0.009107907482430854,0.027323722447292562,0.3333333333333333,0.0
toy_0,Triangle,Coverage,7.2,2,A,0.00910790748243085,0.027323722447292552,0.3333333333333333,0.0
toy_0,Triangle,Coverage,7.2,2,B,0.00910790748243085,0.027323722447292552,0.3333333333333333,0.0
toy_0,Triangle,Coverage,7.2,2,C,0.00910790748243085,0.027323722447292552,0.3333333333333333,0.0
toy_0,Triangle,Coverage,7.300000000000001,1,A,0.008663709592918439,0.025991128778755316,0.3333333333333333,0.0
toy_0,Triangle,Coverage,7.300000000000001,1,B,0.008663709592918439,0.025991128778755316,0.3333333333333333,0.0
toy_0,Triangle,Coverage,7.300000000000001,1,C,0.008663709592918439,0.025991128778755316,0.3333333333333333,0.0
toy_0,Triangle,Coverage,7.300000000000001,2,A,0.008663709592918439,0.025991128778755316,0.3333333333333333,0.0
toy_0,Triangle,Coverage,7.300000000000001,2,B,0.008663709592918439,0.025991128778755316,0.3333333333333333,0.0
toy_0,Triangle,Coverage,7.300000000000001,2,C,0.008663709592918439,0.025991128778755316,0.3333333333333333,0.0
toy_0,Triangle,Coverage,7.4,1,A,0.00824117549011313,0.02472352647033939,0.3333333333333333,0.0
toy_0,Triangle,Coverage,7.4,1,B,0.00824117549011313,0.02472352647033939,0.3333333333333333,0.0
toy_0,Triangle,Coverage,7.4,1,C,0.00824117549011313,0.02472352647033939,0.3333333333333333,0.0
toy_0,Triangle,Coverage,7.4,2,A,0.008241175490113124,0.02472352647033937,0.3333333333333333,0.0
toy_0,Triangle,Coverage,7.4,2,B,0.008241175490113124,0.02472352647033937,0.3333333333333333,0.0
toy_0,Triangle,Coverage,7.4,2,C,0.008241175490113124,0.02472352647033937,0.3333333333333333,0.0
toy_0,Triangle,Coverage,7.5,1,A,0.007839248618669706,0.023517745856009117,0.3333333333333333,8.326672684688674e-17
toy_0,Triangle,Coverage,7.5,1,B,0.007839248618669706,0.023517745856009117,0.3333333333333333,8.326672684688674e-17
toy_0,Triangle,Coverage,7.5,1,C,0.007839248618669706,0.023517745856009117,0.3333333333333333,8.326672684688674e-17
toy_0,Triangle,Coverage,7.5,2,A,0.007839248618669704,0.02351774585600911,0.33333333333333337,8.326672684688674e-17
toy_0,Triangle,Coverage,7.5,2,B,0.007839248618669704,0.02351774585600911,0.33333333333333337,8.326672684688674e-17
toy_0,Triangle,Coverage,7.5,2,C,0.007839248618669704,0.02351774585600911,0.33333333333333337,8.326672684688674e-17
toy_0,Triangle,Coverage,7.6000000000000005,1,A,0.007456923952055193,0.02237077185616558,0.3333333333333333,8.326672684688674e-17
toy_0,Triangle,Coverage,7.6000000000000005,1,B,0.007456923952055193,0.02237077185616558,0.3333333333333333,8.326672684688674e-17
toy_0,Triangle,Coverage,7.6000000000000005,1,C,0.007456923952055193,0.02237077185616558,0.3333333333333333,8.326672684688674e-17
toy_0,Triangle,Coverage,7.6000000000000005,2,A,0.007456923952055194,0.02237077185616558,0.33333333333333337,8.326672684688674e-17
toy_0,Triangle,Coverage,7.6000000000000005,2,B,0.007456923952055194,0.02237077185616558,0.33333333333333337,8.326672684688674e-17
toy_0,Triangle,Coverage,7.6000000000000005,2,C,0.007456923952055194,0.02237077185616558,0.33333333333333337,8.326672684688674e-17
toy_0,Triangle,Coverage,7.7,1,A,0.007093245479459055,0.021279736438377165,0.3333333333333333,0.0
toy_0,Triangle,Coverage,7.7,1,B,0.007093245479459055,0.021279736438377165,0.3333333333333333,0.0
toy_0,Triangle,Coverage,7.7,1,C,0.007093245479459055,0.021279736438377165,0.3333333333333333,0.0
toy_0,Triangle,Coverage,7.7,2,A,0.007093245479459055,0.021279736438377165,0.3333333333333333,0.0
toy_0,Triangle,Coverage,7.7,2,B,0.007093245479459055,0.021279736438377165,0.3333333333333333,0.0
toy_0,Triangle,Coverage,7.7,2,C,0.007093245479459055,0.021279736438377165,0.3333333333333333,0.0
toy_0,Triangle,Coverage,7.800000000000001,1,A,0.006747303815268125,0.020241911445804374,0.33333333333333337,0.0
toy_0,Triangle,Coverage,7.800000000000001,1,B,0.006747303815268125,0.020241911445804374,0.33333333333333337,0.0
toy_0,Triangle,Coverage,7.800000000000001,1,C,0.006747303815268125,0.020241911445804374,0.33333333333333337,0.0
toy_0,Triangle,Coverage,7.800000000000001,2,A,0.006747303815268126,0.020241911445804377,0.33333333333333337,0.0
toy_0,Triangle,Coverage,7.800000000000001,2,B,0.006747303815268126,0.020241911445804377,0.33333333333333337,0.0
toy_0,Triangle,Coverage,7.800000000000001,2,C,0.006747303815268126,0.020241911445804377,0.33333333333333337,0.0
toy_0,Triangle,Coverage,7.9,1,A,0.006418233925128972,0.019254701775386917,0.3333333333333333,8.326672684688674e-17
toy_0,Triangle,Coverage,7.9,1,B,0.006418233925128972,0.019254701775386917,0.3333333333333333,8.326672684688674e-17
toy_0,Triangle,Coverage,7.9,1,C,0.006418233925128972,0.019254701775386917,0.3333333333333333,8.326672684688674e-17
toy_0,Triangle,Coverage,7.9,2,A,0.0064182339251289714,0.019254701775386913,0.33333333333333337,8.326672684688674e-17
toy_0,Triangle,Coverage,7.9,2,B,0.0064182339251289714,0.019254701775386913,0.33333333333333337,8.326672684688674e-17
toy_0,Triangle,Coverage,7.9,2,C,0.0064182339251289714,0.019254701775386913,0.33333333333333337,8.326672684688674e-17
toy_0,Triangle,Coverage,8.0,1,A,0.006105212962911394,0.018315638888734182,0.33333333333333337,8.326672684688674e-17
toy_0,Triangle,Coverage,8.0,1,B,0.006105212962911394,0.018315638888734182,0.33333333333333337,8.326672684688674e-17
toy_0,Triangle,Coverage,8.0,1,C,0.006105212962911394,0.018315638888734182,0.33333333333333337,8.326672684688674e-17
toy_0,Triangle,Coverage,8.0,2,A,0.006105212962911395,0.018315638888734186,0.3333333333333333,8.326672684688674e-17
toy_0,Triangle,Coverage,8.0,2,B,0.006105212962911395,0.018315638888734186,0.3333333333333333,8.326672684688674e-17
toy_0,Triangle,Coverage,8.0,2,C,0.006105212962911395,0.018315638888734186,0.3333333333333333,8.326672684688674e-17
toy_0,Triangle,Coverage,8.1,1,A,0.005807458213164508,0.017422374639493525,0.3333333333333333,0.0
toy_0,Triangle,Coverage,8.1,1,B,0.005807458213164508,0.017422374639493525,0.3333333333333333,0.0
toy_0,Triangle,Coverage,8.1,1,C,0.005807458213164508,0.017422374639493525,0.3333333333333333,0.0
toy_0,Triangle,Coverage,8.1,2,A,0.005807458213164508,0.017422374639493525,0.3333333333333333,0.0
toy_0,Triangle,Coverage,8.1,2,B,0.005807458213164508,0.017422374639493525,0.3333333333333333,0.0
toy_0,Triangle,Coverage,8.1,2,C,0.005807458213164508,0.017422374639493525,0.3333333333333333,0.0
toy_0,Triangle,Coverage,8.200000000000001,1,A,0.005524225133920411,0.016572675401761234,0.3333333333333333,0.0
toy_0,Triangle,Coverage,8.200000000000001,1,B,0.005524225133920411,0.016572675401761234,0.3333333333333333,0.0
toy_0,Triangle,Coverage,8.200000000000001,1,C,0.005524225133920411,0.016572675401761234,0.3333333333333333,0.0
toy_0,Triangle,Coverage,8.200000000000001,2,A,0.00552422513392041,0.01657267540176123,0.3333333333333333,0.0
toy_0,Triangle,Coverage,8.200000000000001,2,B,0.00552422513392041,0.01657267540176123,0.3333333333333333,0.0
toy_0,Triangle,Coverage,8.200000000000001,2,C,0.00552422513392041,0.01657267540176123,0.3333333333333333,0.0
toy_0,Triangle,Coverage,8.3,1,A,0.005254805494951495,0.015764416484854486,0.3333333333333333,0.0
toy_0,Triangle,Coverage,8.3,1,B,0.005254805494951495,0.015764416484854486,0.3333333333333333,0.0
toy_0,Triangle,Coverage,8.3,1,C,0.005254805494951495,0.015764416484854486,0.3333333333333333,0.0
toy_0,Triangle,Coverage,8.3,2,A,0.005254805494951494,0.015764416484854483,0.3333333333333333,0.0
toy_0,Triangle,Coverage,8.3,2,B,0.005254805494951494,0.015764416484854483,0.3333333333333333,0.0
toy_0,Triangle,Coverage,8.3,2,C,0.005254805494951494,0.015764416484854483,0.3333333333333333,0.0
toy_0,Triangle,Coverage,8.4,1,A,0.0049985256068259005,0.014995576820477701,0.3333333333333333,0.0
toy_0,Triangle,Coverage,8.4,1,B,0.0049985256068259005,0.014995576820477701,0.3333333333333333,0.0
toy_0,Triangle,Coverage,8.4,1,C,0.0049985256068259005,0.014995576820477701,0.3333333333333333,0.0
toy_0,Triangle,Coverage,8.4,2,A,0.0049985256068259005,0.014995576820477701,0.3333333333333333,0.0
toy_0,Triangle,Coverage,8.4,2,B,0.0049985256068259005,0.014995576820477701,0.3333333333333333,0.0
toy_0,Triangle,Coverage,8.4,2,C,0.0049985256068259005,0.014995576820477701,0.3333333333333333,0.0
toy_0,Triangle,Coverage,8.5,1,A,0.004754744636333085,0.014264233908999256,0.3333333333333333,0.0
toy_0,Triangle,Coverage,8.5,1,B,0.004754744636333085,0.014264233908999256,0.3333333333333333,0.0
toy_0,Triangle,Coverage,8.5,1,C,0.004754744636333085,0.014264233908999256,0.3333333333333333,0.0
toy_0,Triangle,Coverage,8.5,2,A,0.004754744636333086,0.014264233908999259,0.3333333333333333,0.0
toy_0,Triangle,Coverage,8.5,2,B,0.004754744636333086,0.014264233908999259,0.3333333333333333,0.0
toy_0,Triangle,Coverage,8.5,2,C,0.004754744636333086,0.014264233908999259,0.3333333333333333,0.0
toy_0,Triangle,Coverage,8.6,1,A,0.00452285300406698,0.013568559012200939,0.3333333333333333,0.0
toy_0,Triangle,Coverage,8.6,1,B,0.00452285300406698,0.013568559012200939,0.3333333333333333,0.0
toy_0,Triangle,Coverage,8.6,1,C,0.00452285300406698,0.013568559012200939,0.3333333333333333,0.0
toy_0,Triangle,Coverage,8.6,2,A,0.0045228530040669805,0.013568559012200943,0.3333333333333333,0.0
toy_0,Triangle,Coverage,8.6,2,B,0.0045228530040669805,0.013568559012200943,0.3333333333333333,0.0
toy_0,Triangle,Coverage,8.6,2,C,0.0045228530040669805,0.013568559012200943,0.3333333333333333,0.0
toy_0,Triangle,Coverage,8.700000000000001,1,A,0.004302270860159952,0.012906812580479857,0.3333333333333333,0.0
toy_0,Triangle,Coverage,8.700000000000001,1,B,0.004302270860159952,0.012906812580479857,0.3333333333333333,0.0
toy_0,Triangle,Coverage,8.700000000000001,1,C,0.004302270860159952,0.012906812580479857,0.3333333333333333,0.0
toy_0,Triangle,Coverage,8.700000000000001,2,A,0.0043022708601599515,0.012906812580479855,0.3333333333333333,0.0
toy_0,Triangle,Coverage,8.700000000000001,2,B,0.0043022708601599515,0.012906812580479855,0.3333333333333333,0.0
toy_0,Triangle,Coverage,8.700000000000001,2,C,0.0043022708601599515,0.012906812580479855,0.3333333333333333,0.0
toy_0,Triangle,Coverage,8.8,1,A,0.004092446634356147,0.012277339903068441,0.3333333333333333,0.0
toy_0,Triangle,Coverage,8.8,1,B,0.004092446634356147,0.012277339903068441,0.3333333333333333,0.0
toy_0,Triangle,Coverage,8.8,1,C,0.004092446634356147,0.012277339903068441,0.3333333333333333,0.0
toy_0,Triangle,Coverage,8.8,2,A,0.0040924466343561445,0.012277339903068434,0.3333333333333333,0.0
toy_0,Triangle,Coverage,8.8,2,B,0.0040924466343561445,0.012277339903068434,0.3333333333333333,0.0
toy_0,Triangle,Coverage,8.8,2,C,0.0040924466343561445,0.012277339903068434,0.3333333333333333,0.0
toy_0,Triangle,Coverage,8.9,1,A,0.003892855656798482,0.011678566970395446,0.33333333333333337,8.326672684688674e-17
toy_0,Triangle,Coverage,8.9,1,B,0.003892855656798482,0.011678566970395446,0.33333333333333337,8.326672684688674e-17
toy_0,Triangle,Coverage,8.9,1,C,0.003892855656798482,0.011678566970395446,0.33333333333333337,8.326672684688674e-17
toy_0,Triangle,Coverage,8.9,2,A,0.0038928556567984812,0.011678566970395444,0.3333333333333333,8.326672684688674e-17
toy_0,Triangle,Coverage,8.9,2,B,0.0038928556567984812,0.011678566970395444,0.3333333333333333,8.326672684688674e-17
toy_0,Triangle,Coverage,8.9,2,C,0.0038928556567984812,0.011678566970395444,0.3333333333333333,8.326672684688674e-17
toy_0,Triangle,Coverage,9.0,1,A,0.003702998846080769,0.011108996538242308,0.3333333333333333,0.0
toy_0,Triangle,Coverage,9.0,1,B,0.003702998846080769,0.011108996538242308,0.3333333333333333,0.0
toy_0,Triangle,Coverage,9.0,1,C,0.003702998846080769,0.011108996538242308,0.3333333333333333,0.0
toy_0,Triangle,Coverage,9.0,2,A,0.0037029988460807704,0.011108996538242311,0.3333333333333333,0.0
toy_0,Triangle,Coverage,9.0,2,B,0.0037029988460807704,0.011108996538242311,0.3333333333333333,0.0
toy_0,Triangle,Coverage,9.0,2,C,0.0037029988460807704,0.011108996538242311,0.3333333333333333,0.0
toy_0,Triangle,Coverage,9.1,1,A,0.0035224014612842192,0.010567204383852658,0.3333333333333333,0.0
toy_0,Triangle,Coverage,9.1,1,B,0.0035224014612842192,0.010567204383852658,0.3333333333333333,0.0
toy_0,Triangle,Coverage,9.1,1,C,0.0035224014612842192,0.010567204383852658,0.3333333333333333,0.0
toy_0,Triangle,Coverage,9.1,2,A,0.0035224014612842205,0.010567204383852662,0.3333333333333333,0.0
toy_0,Triangle,Coverage,9.1,2,B,0.0035224014612842205,0.010567204383852662,0.3333333333333333,0.0
toy_0,Triangle,Coverage,9.1,2,C,0.0035224014612842205,0.010567204383852662,0.3333333333333333,0.0
toy_0,Triangle,Coverage,9.200000000000001,1,A,0.003350611914877857,0.01005183574463357,0.33333333333333337,8.326672684688674e-17
toy_0,Triangle,Coverage,9.200000000000001,1,B,0.003350611914877857,0.01005183574463357,0.33333333333333337,8.326672684688674e-17
toy_0,Triangle,Coverage,9.200000000000001,1,C,0.003350611914877857,0.01005183574463357,0.33333333333333337,8.326672684688674e-17
toy_0,Triangle,Coverage,9.200000000000001,2,A,0.0033506119148778574,0.010051835744633572,0.3333333333333333,8.326672684688674e-17
toy_0,Triangle,Coverage,9.200000000000001,2,B,0.0033506119148778574,0.010051835744633572,0.3333333333333333,8.326672684688674e-17
toy_0,Triangle,Coverage,9.200000000000001,2,C,0.0033506119148778574,0.010051835744633572,0.3333333333333333,8.326672684688674e-17
toy_0,Triangle,Coverage,9.3,1,A,0.0031872006435145006,0.009561601930543503,0.3333333333333333,0.0
toy_0,Triangle,Coverage,9.3,1,B,0.0031872006435145006,0.009561601930543503,0.3333333333333333,0.0
toy_0,Triangle,Coverage,9.3,1,C,0.0031872006435145006,0.009561601930543503,0.3333333333333333,0.0
toy_0,Triangle,Coverage,9.3,2,A,0.0031872006435145006,0.009561601930543503,0.3333333333333333,0.0
toy_0,Triangle,Coverage,9.3,2,B,0.0031872006435145006,0.009561601930543503,0.3333333333333333,0.0
toy_0,Triangle,Coverage,9.3,2,C,0.0031872006435145006,0.009561601930543503,0.3333333333333333,0.0
toy_0,Triangle,Coverage,9.4,1,A,0.0030317590338986046,0.009095277101695814,0.3333333333333333,0.0
toy_0,Triangle,Coverage,9.4,1,B,0.0030317590338986046,0.009095277101695814,0.3333333333333333,0.0
toy_0,Triangle,Coverage,9.4,1,C,0.0030317590338986046,0.009095277101695814,0.3333333333333333,0.0
toy_0,Triangle,Coverage,9.4,2,A,0.0030317590338986046,0.009095277101695814,0.3333333333333333,0.0
toy_0,Triangle,Coverage,9.4,2,B,0.0030317590338986046,0.009095277101695814,0.3333333333333333,0.0
toy_0,Triangle,Coverage,9.4,2,C,0.0030317590338986046,0.009095277101695814,0.3333333333333333,0.0
toy_0,Triangle,Coverage,9.5,1,A,0.0028838984010402125,0.008651695203120638,0.3333333333333333,0.0
toy_0,Triangle,Coverage,9.5,1,B,0.0028838984010402125,0.008651695203120638,0.3333333333333333,0.0
toy_0,Triangle,Coverage,9.5,1,C,0.0028838984010402125,0.008651695203120638,0.3333333333333333,0.0
toy_0,Triangle,Coverage,9.5,2,A,0.0028838984010402116,0.008651695203120636,0.3333333333333333,0.0
toy_0,Triangle,Coverage,9.5,2,B,0.0028838984010402116,0.008651695203120636,0.3333333333333333,0.0
toy_0,Triangle,Coverage,9.5,2,C,0.0028838984010402116,0.008651695203120636,0.3333333333333333,0.0
toy_0,Triangle,Coverage,9.600000000000001,1,A,0.0027432490163400063,0.00822974704902002,0.3333333333333333,0.0
toy_0,Triangle,Coverage,9.600000000000001,1,B,0.0027432490163400063,0.00822974704902002,0.3333333333333333,0.0
toy_0,Triangle,Coverage,9.600000000000001,1,C,0.0027432490163400063,0.00822974704902002,0.3333333333333333,0.0
toy_0,Triangle,Coverage,9.600000000000001,2,A,0.002743249016340006,0.008229747049020018,0.3333333333333333,0.0
toy_0,Triangle,Coverage,9.600000000000001,2,B,0.002743249016340006,0.008229747049020018,0.3333333333333333,0.0
toy_0,Triangle,Coverage,9.600000000000001,2,C,0.002743249016340006,0.008229747049020018,0.3333333333333333,0.0
toy_0,Triangle,Coverage,9.700000000000001,1,A,0.002609459183075255,0.007828377549225767,0.3333333333333333,0.0
toy_0,Triangle,Coverage,9.700000000000001,1,B,0.002609459183075255,0.007828377549225767,0.3333333333333333,0.0
toy_0,Triangle,Coverage,9.700000000000001,1,C,0.002609459183075255,0.007828377549225767,0.3333333333333333,0.0
toy_0,Triangle,Coverage,9.700000000000001,2,A,0.0026094591830752543,0.007828377549225763,0.3333333333333333,0.0
toy_0,Triangle,Coverage,9.700000000000001,2,B,0.0026094591830752543,0.007828377549225763,0.3333333333333333,0.0
toy_0,Triangle,Coverage,9.700000000000001,2,C,0.0026094591830752543,0.007828377549225763,0.3333333333333333,0.0
toy_0,Triangle,Coverage,9.8,1,A,0.0024821943569747792,0.007446583070924337,0.33333333333333337,8.326672684688674e-17
toy_0,Triangle,Coverage,9.8,1,B,0.0024821943569747792,0.007446583070924337,0.33333333333333337,8.326672684688674e-17
toy_0,Triangle,Coverage,9.8,1,C,0.0024821943569747792,0.007446583070924337,0.33333333333333337,8.326672684688674e-17
toy_0,Triangle,Coverage,9.8,2,A,0.002482194356974779,0.007446583070924336,0.3333333333333333,8.326672684688674e-17
toy_0,Triangle,Coverage,9.8,2,B,0.002482194356974779,0.007446583070924336,0.3333333333333333,8.326672684688674e-17
toy_0,Triangle,Coverage,9.8,2,C,0.002482194356974779,0.007446583070924336,0.3333333333333333,8.326672684688674e-17
toy_0,Triangle,Coverage,9.9,1,A,0.0023611363096840395,0.0070834089290521185,0.3333333333333333,0.0
toy_0,Triangle,Coverage,9.9,1,B,0.0023611363096840395,0.0070834089290521185,0.3333333333333333,0.0
toy_0,Triangle,Coverage,9.9,1,C,0.0023611363096840395,0.0070834089290521185,0.3333333333333333,0.0
toy_0,Triangle,Coverage,9.9,2,A,0.0023611363096840395,0.0070834089290521185,0.3333333333333333,0.0
toy_0,Triangle,Coverage,9.9,2,B,0.0023611363096840395,0.0070834089290521185,0.3333333333333333,0.0
toy_0,Triangle,Coverage,9.9,2,C,0.0023611363096840395,0.0070834089290521185,0.3333333333333333,0.0
toy_0,Triangle,Coverage,10.0,1,A,0.0022459823330284894,0.006737946999085469,0.3333333333333333,0.0
toy_0,Triangle,Coverage,10.0,1,B,0.0022459823330284894,0.006737946999085469,0.3333333333333333,0.0
toy_0,Triangle,Coverage,10.0,1,C,0.0022459823330284894,0.006737946999085469,0.3333333333333333,0.0
toy_0,Triangle,Coverage,10.0,2,A,0.00224598233302849,0.00673794699908547,0.3333333333333333,0.0
toy_0,Triangle,Coverage,10.0,2,B,0.00224598233302849,0.00673794699908547,0.3333333333333333,0.0
toy_0,Triangle,Coverage,10.0,2,C,0.00224598233302849,0.00673794699908547,0.3333333333333333,0.0
toy_0,Triangle,Constant bias,0.0,1,A,0.3333333333333333,1.0,0.3333333333333333,0.0
toy_0,Triangle,Constant bias,0.0,1,B,0.3333333333333333,1.0,0.3333333333333333,0.0
toy_0,Triangle,Constant bias,0.0,1,C,0.3333333333333333,1.0,0.3333333333333333,0.0
toy_0,Triangle,Constant bias,0.0,2,A,0.3333333333333333,1.0,0.3333333333333333,0.0
toy_0,Triangle,Constant bias,0.0,2,B,0.3333333333333333,1.0,0.3333333333333333,0.0
toy_0,Triangle,Constant bias,0.0,2,C,0.3333333333333333,1.0,0.3333333333333333,0.0
toy_0,Triangle,Constant bias,0.1,1,A,0.32060971925258563,0.9618291577577569,0.3333333333333333,0.0
toy_0,Triangle,Constant bias,0.1,1,B,0.32060971925258563,0.9618291577577569,0.3333333333333333,0.0
toy_0,Triangle,Constant bias,0.1,1,C,0.32060971925258563,0.9618291577577569,0.3333333333333333,0.0
toy_0,Triangle,Constant bias,0.1,2,A,0.31593217401368495,0.9477965220410549,0.3333333333333333,0.0
toy_0,Triangle,Constant bias,0.1,2,B,0.31593217401368495,0.9477965220410549,0.3333333333333333,0.0
toy_0,Triangle,Constant bias,0.1,2,C,0.31593217401368495,0.9477965220410549,0.3333333333333333,0.0
toy_0,Triangle,Constant bias,0.2,1,A,0.3081092230841219,0.9243276692523658,0.3333333333333333,0.0
toy_0,Triangle,Constant bias,0.2,1,B,0.3081092230841219,0.9243276692523658,0.3333333333333333,0.0
toy_0,Triangle,Constant bias,0.2,1,C,0.3081092230841219,0.9243276692523658,0.3333333333333333,0.0
toy_0,Triangle,Constant bias,0.2,2,A,0.2995706923078117,0.8987120769234351,0.3333333333333333,0.0
toy_0,Triangle,Constant bias,0.2,2,B,0.2995706923078117,0.8987120769234351,0.3333333333333333,0.0
toy_0,Triangle,Constant bias,0.2,2,C,0.2995706923078117,0.8987120769234351,0.3333333333333333,0.0
toy_0,Triangle,Constant bias,0.30000000000000004,1,A,0.29586916216863857,0.8876074865059157,0.3333333333333333,0.0
toy_0,Triangle,Constant bias,0.30000000000000004,1,B,0.29586916216863857,0.8876074865059157,0.3333333333333333,0.0
toy_0,Triangle,Constant bias,0.30000000000000004,1,C,0.29586916216863857,0.8876074865059157,0.3333333333333333,0.0
toy_0,Triangle,Constant bias,0.30000000000000004,2,A,0.28417169645865453,0.8525150893759637,0.3333333333333333,0.0
toy_0,Triangle,Constant bias,0.30000000000000004,2,B,0.28417169645865453,0.8525150893759637,0.3333333333333333,0.0
toy_0,Triangle,Constant bias,0.30000000000000004,2,C,0.28417169645865453,0.8525150893759637,0.3333333333333333,0.0
toy_0,Triangle,Constant bias,0.4,1,A,0.2839190019546876,0.8517570058640629,0.3333333333333333,0.0
toy_0,Triangle,Constant bias,0.4,1,B,0.2839190019546876,0.8517570058640629,0.3333333333333333,0.0
toy_0,Triangle,Constant bias,0.4,1,C,0.2839190019546876,0.8517570058640629,0.3333333333333333,0.0
toy_0,Triangle,Constant bias,0.4,2,A,0.26966523811625276,0.8089957143487583,0.3333333333333333,0.0
toy_0,Triangle,Constant bias,0.4,2,B,0.26966523811625276,0.8089957143487583,0.3333333333333333,0.0
toy_0,Triangle,Constant bias,0.4,2,C,0.26966523811625276,0.8089957143487583,0.3333333333333333,0.0
toy_0,Triangle,Constant bias,0.5,1,A,0.27228150301935355,0.8168445090580607,0.3333333333333333,0.0
toy_0,Triangle,Constant bias,0.5,1,B,0.27228150301935355,0.8168445090580607,0.3333333333333333,0.0
toy_0,Triangle,Constant bias,0.5,1,C,0.27228150301935355,0.8168445090580607,0.3333333333333333,0.0
toy_0,Triangle,Constant bias,0.5,2,A,0.25598781055303055,0.7679634316590916,0.3333333333333333,0.0
toy_0,Triangle,Constant bias,0.5,2,B,0.25598781055303055,0.7679634316590916,0.3333333333333333,0.0
toy_0,Triangle,Constant bias,0.5,2,C,0.25598781055303055,0.7679634316590916,0.3333333333333333,0.0
toy_0,Triangle,Constant bias,0.6000000000000001,1,A,0.2609737149186815,0.7829211447560445,0.3333333333333333,8.326672684688674e-17
toy_0,Triangle,Constant bias,0.6000000000000001,1,B,0.2609737149186815,0.7829211447560445,0.3333333333333333,8.326672684688674e-17
toy_0,Triangle,Constant bias,0.6000000000000001,1,C,0.2609737149186815,0.7829211447560445,0.3333333333333333,8.326672684688674e-17
toy_0,Triangle,Constant bias,0.6000000000000001,2,A,0.24308164342878655,0.7292449302863596,0.33333333333333337,8.326672684688674e-17
toy_0,Triangle,Constant bias,0.6000000000000001,2,B,0.24308164342878655,0.7292449302863596,0.33333333333333337,8.326672684688674e-17
toy_0,Triangle,Constant bias,0.6000000000000001,2,C,0.24308164342878655,0.7292449302863596,0.33333333333333337,8.326672684688674e-17
toy_0,Triangle,Constant bias,0.7000000000000001,1,A,0.2500078367314089,0.7500235101942268,0.3333333333333333,8.326672684688674e-17
toy_0,Triangle,Constant bias,0.7000000000000001,1,B,0.2500078367314089,0.7500235101942268,0.3333333333333333,8.326672684688674e-17
toy_0,Triangle,Constant bias,0.7000000000000001,1,C,0.2500078367314089,0.7500235101942268,0.3333333333333333,8.326672684688674e-17
toy_0,Triangle,Constant bias,0.7000000000000001,2,A,0.23089408205669754,0.6926822461700926,0.33333333333333337,8.326672684688674e-17
toy_0,Triangle,Constant bias,0.7000000000000001,2,B,0.23089408205669754,0.6926822461700926,0.33333333333333337,8.326672684688674e-17
toy_0,Triangle,Constant bias,0.7000000000000001,2,C,0.23089408205669754,0.6926822461700926,0.33333333333333337,8.326672684688674e-17
toy_0,Triangle,Constant bias,0.8,1,A,0.23939196161009538,0.7181758848302862,0.3333333333333333,8.326672684688674e-17
toy_0,Triangle,Constant bias,0.8,1,B,0.23939196161009538,0.7181758848302862,0.3333333333333333,8.326672684688674e-17
toy_0,Triangle,Constant bias,0.8,1,C,0.23939196161009538,0.7181758848302862,0.3333333333333333,8.326672684688674e-17
toy_0,Triangle,Constant bias,0.8,2,A,0.21937704064625715,0.6581311219387714,0.33333333333333337,8.326672684688674e-17
toy_0,Triangle,Constant bias,0.8,2,B,0.21937704064625715,0.6581311219387714,0.33333333333333337,8.326672684688674e-17
toy_0,Triangle,Constant bias,0.8,2,C,0.21937704064625715,0.6581311219387714,0.33333333333333337,8.326672684688674e-17
toy_0,Triangle,Constant bias,0.9,1,A,0.2291307204302788,0.6873921612908364,0.33333333333333337,0.0
toy_0,Triangle,Constant bias,0.9,1,B,0.2291307204302788,0.6873921612908364,0.33333333333333337,0.0
toy_0,Triangle,Constant bias,0.9,1,C,0.2291307204302788,0.6873921612908364,0.33333333333333337,0.0
toy_0,Triangle,Constant bias,0.9,2,A,0.20848652032974999,0.6254595609892499,0.33333333333333337,0.0
toy_0,Triangle,Constant bias,0.9,2,B,0.20848652032974999,0.6254595609892499,0.33333333333333337,0.0
toy_0,Triangle,Constant bias,0.9,2,C,0.20848652032974999,0.6254595609892499,0.33333333333333337,0.0
toy_0,Triangle,Constant bias,1.0,1,A,0.2192258376891894,0.6576775130675683,0.3333333333333333,0.0
toy_0,Triangle,Constant bias,1.0,1,B,0.2192258376891894,0.6576775130675683,0.3333333333333333,0.0
toy_0,Triangle,Constant bias,1.0,1,C,0.2192258376891894,0.6576775130675683,0.3333333333333333,0.0
toy_0,Triangle,Constant bias,1.0,2,A,0.19818218394032555,0.5945465518209767,0.3333333333333333,0.0
toy_0,Triangle,Constant bias,1.0,2,B,0.19818218394032555,0.5945465518209767,0.3333333333333333,0.0
toy_0,Triangle,Constant bias,1.0,2,C,0.19818218394032555,0.5945465518209767,0.3333333333333333,0.0
toy_0,Triangle,Constant bias,1.1,1,A,0.20967661111450694,0.6290298333435208,0.33333333333333337,0.0
toy_0,Triangle,Constant bias,1.1,1,B,0.20967661111450694,0.6290298333435208,0.33333333333333337,0.0
toy_0,Triangle,Constant bias,1.1,1,C,0.20967661111450694,0.6290298333435208,0.33333333333333337,0.0
toy_0,Triangle,Constant bias,1.1,2,A,0.1884269805235536,0.5652809415706608,0.33333333333333337,0.0
toy_0,Triangle,Constant bias,1.1,2,B,0.1884269805235536,0.5652809415706608,0.33333333333333337,0.0
toy_0,Triangle,Constant bias,1.1,2,C,0.1884269805235536,0.5652809415706608,0.33333333333333337,0.0
toy_0,Triangle,Constant bias,1.2000000000000002,1,A,0.20048032496897755,0.6014409749069327,0.3333333333333333,0.0
toy_0,Triangle,Constant bias,1.2000000000000002,1,B,0.20048032496897755,0.6014409749069327,0.3333333333333333,0.0
toy_0,Triangle,Constant bias,1.2000000000000002,1,C,0.20048032496897755,0.6014409749069327,0.3333333333333333,0.0
toy_0,Triangle,Constant bias,1.2000000000000002,2,A,0.1791868134493163,0.5375604403479489,0.3333333333333333,0.0
toy_0,Triangle,Constant bias,1.2000000000000002,2,B,0.1791868134493163,0.5375604403479489,0.3333333333333333,0.0
toy_0,Triangle,Constant bias,1.2000000000000002,2,C,0.1791868134493163,0.5375604403479489,0.3333333333333333,0.0
toy_0,Triangle,Constant bias,1.3,1,A,0.191632605750774,0.574897817252322,0.3333333333333333,8.326672684688674e-17
toy_0,Triangle,Constant bias,1.3,1,B,0.191632605750774,0.574897817252322,0.3333333333333333,8.326672684688674e-17
toy_0,Triangle,Constant bias,1.3,1,C,0.191632605750774,0.574897817252322,0.3333333333333333,8.326672684688674e-17
toy_0,Triangle,Constant bias,1.3,2,A,0.17043024676345095,0.5112907402903528,0.33333333333333337,8.326672684688674e-17
toy_0,Triangle,Constant bias,1.3,2,B,0.17043024676345095,0.5112907402903528,0.33333333333333337,8.326672684688674e-17
toy_0,Triangle,Constant bias,1.3,2,C,0.17043024676345095,0.5112907402903528,0.33333333333333337,8.326672684688674e-17
toy_0,Triangle,Constant bias,1.4000000000000001,1,A,0.18312772786817585,0.5493831836045275,0.33333333333333337,8.326672684688674e-17
toy_0,Triangle,Constant bias,1.4000000000000001,1,B,0.18312772786817585,0.5493831836045275,0.33333333333333337,8.326672684688674e-17
toy_0,Triangle,Constant bias,1.4000000000000001,1,C,0.18312772786817585,0.5493831836045275,0.33333333333333337,8.326672684688674e-17
toy_0,Triangle,Constant bias,1.4000000000000001,2,A,0.1621282450930053,0.48638473527901593,0.3333333333333333,8.326672684688674e-17
toy_0,Triangle,Constant bias,1.4000000000000001,2,B,0.1621282450930053,0.48638473527901593,0.3333333333333333,8.326672684688674e-17
toy_0,Triangle,Constant bias,1.4000000000000001,2,C,0.1621282450930053,0.48638473527901593,0.3333333333333333,8.326672684688674e-17
toy_0,Triangle,Constant bias,1.5,1,A,0.17495887588944684,0.5248766276683405,0.3333333333333333,0.0
toy_0,Triangle,Constant bias,1.5,1,B,0.17495887588944684,0.5248766276683405,0.3333333333333333,0.0
toy_0,Triangle,Constant bias,1.5,1,C,0.17495887588944684,0.5248766276683405,0.3333333333333333,0.0
toy_0,Triangle,Constant bias,1.5,2,A,0.1542539430078164,0.4627618290234492,0.3333333333333333,0.0
toy_0,Triangle,Constant bias,1.5,2,B,0.1542539430078164,0.4627618290234492,0.3333333333333333,0.0
toy_0,Triangle,Constant bias,1.5,2,C,0.1542539430078164,0.4627618290234492,0.3333333333333333,0.0
toy_0,Triangle,Constant bias,1.6,1,A,0.16711836911632377,0.5013551073489713,0.33333333333333337,8.326672684688674e-17
toy_0,Triangle,Constant bias,1.6,1,B,0.16711836911632377,0.5013551073489713,0.33333333333333337,8.326672684688674e-17
toy_0,Triangle,Constant bias,1.6,1,C,0.16711836911632377,0.5013551073489713,0.33333333333333337,8.326672684688674e-17
toy_0,Triangle,Constant bias,1.6,2,A,0.14678244025526088,0.44034732076578265,0.3333333333333333,8.326672684688674e-17
toy_0,Triangle,Constant bias,1.6,2,B,0.14678244025526088,0.44034732076578265,0.3333333333333333,8.326672684688674e-17
toy_0,Triangle,Constant bias,1.6,2,C,0.14678244025526088,0.44034732076578265,0.3333333333333333,8.326672684688674e-17
toy_0,Triangle,Constant bias,1.7000000000000002,1,A,0.15959785348633143,0.4787935604589943,0.3333333333333333,0.0
toy_0,Triangle,Constant bias,1.7000000000000002,1,B,0.15959785348633143,0.4787935604589943,0.3333333333333333,0.0
toy_0,Triangle,Constant bias,1.7000000000000002,1,C,0.15959785348633143,0.4787935604589943,0.3333333333333333,0.0
toy_0,Triangle,Constant bias,1.7000000000000002,2,A,0.13969061973397126,0.4190718592019138,0.3333333333333333,0.0
toy_0,Triangle,Constant bias,1.7000000000000002,2,B,0.13969061973397126,0.4190718592019138,0.3333333333333333,0.0
toy_0,Triangle,Constant bias,1.7000000000000002,2,C,0.13969061973397126,0.4190718592019138,0.3333333333333333,0.0
toy_0,Triangle,Constant bias,1.8,1,A,0.1523884651612077,0.45716539548362306,0.3333333333333333,0.0
toy_0,Triangle,Constant bias,1.8,1,B,0.1523884651612077,0.45716539548362306,0.3333333333333333,0.0
toy_0,Triangle,Constant bias,1.8,1,C,0.1523884651612077,0.45716539548362306,0.3333333333333333,0.0
toy_0,Triangle,Constant bias,1.8,2,A,0.1329569854643658,0.3988709563930974,0.3333333333333333,0.0
toy_0,Triangle,Constant bias,1.8,2,B,0.1329569854643658,0.3988709563930974,0.3333333333333333,0.0
toy_0,Triangle,Constant bias,1.8,2,C,0.1329569854643658,0.3988709563930974,0.3333333333333333,0.0
toy_0,Triangle,Constant bias,1.9000000000000001,1,A,0.14548096959391255,0.43644290878173764,0.3333333333333333,0.0
toy_0,Triangle,Constant bias,1.9000000000000001,1,B,0.14548096959391255,0.43644290878173764,0.3333333333333333,0.0
toy_0,Triangle,Constant bias,1.9000000000000001,1,C,0.14548096959391255,0.43644290878173764,0.3333333333333333,0.0
toy_0,Triangle,Constant bias,1.9000000000000001,2,A,0.1265615181562335,0.37968455446870053,0.3333333333333333,0.0
toy_0,Triangle,Constant bias,1.9000000000000001,2,B,0.1265615181562335,0.37968455446870053,0.3333333333333333,0.0
toy_0,Triangle,Constant bias,1.9000000000000001,2,C,0.1265615181562335,0.37968455446870053,0.3333333333333333,0.0
toy_0,Triangle,Constant bias,2.0,1,A,0.13886587937435568,0.41659763812306705,0.3333333333333333,0.0
toy_0,Triangle,Constant bias,2.0,1,B,0.13886587937435568,0.41659763812306705,0.3333333333333333,0.0
toy_0,Triangle,Constant bias,2.0,1,C,0.13886587937435568,0.41659763812306705,0.3333333333333333,0.0
toy_0,Triangle,Constant bias,2.0,2,A,0.12048554627268356,0.3614566388180507,0.3333333333333333,0.0
toy_0,Triangle,Constant bias,2.0,2,B,0.12048554627268356,0.3614566388180507,0.3333333333333333,0.0
toy_0,Triangle,Constant bias,2.0,2,C,0.12048554627268356,0.3614566388180507,0.3333333333333333,0.0
toy_0,Triangle,Constant bias,2.1,1,A,0.13253355372485714,0.39760066117457143,0.3333333333333333,8.326672684688674e-17
toy_0,Triangle,Constant bias,2.1,1,B,0.13253355372485714,0.39760066117457143,0.3333333333333333,8.326672684688674e-17
toy_0,Triangle,Constant bias,2.1,1,C,0.13253355372485714,0.39760066117457143,0.3333333333333333,8.326672684688674e-17
toy_0,Triangle,Constant bias,2.1,2,A,0.11471163075100087,0.3441348922530026,0.33333333333333337,8.326672684688674e-17
toy_0,Triangle,Constant bias,2.1,2,B,0.11471163075100087,0.3441348922530026,0.33333333333333337,8.326672684688674e-17
toy_0,Triangle,Constant bias,2.1,2,C,0.11471163075100087,0.3441348922530026,0.33333333333333337,8.326672684688674e-17
toy_0,Triangle,Constant bias,2.2,1,A,0.12647428214236878,0.37942284642710633,0.3333333333333333,0.0
toy_0,Triangle,Constant bias,2.2,1,B,0.12647428214236878,0.37942284642710633,0.3333333333333333,0.0
toy_0,Triangle,Constant bias,2.2,1,C,0.12647428214236878,0.37942284642710633,0.3333333333333333,0.0
toy_0,Triangle,Constant bias,2.2,2,A,0.10922346176918281,0.32767038530754844,0.3333333333333333,0.0
toy_0,Triangle,Constant bias,2.2,2,B,0.10922346176918281,0.32767038530754844,0.3333333333333333,0.0
toy_0,Triangle,Constant bias,2.2,2,C,0.10922346176918281,0.32767038530754844,0.3333333333333333,0.0
toy_0,Triangle,Constant bias,2.3000000000000003,1,A,0.12067835435856675,0.3620350630757002,0.33333333333333337,8.326672684688674e-17
toy_0,Triangle,Constant bias,2.3000000000000003,1,B,0.12067835435856675,0.3620350630757002,0.33333333333333337,8.326672684688674e-17
toy_0,Triangle,Constant bias,2.3000000000000003,1,C,0.12067835435856675,0.3620350630757002,0.33333333333333337,8.326672684688674e-17
toy_0,Triangle,Constant bias,2.3000000000000003,2,A,0.10400576614633794,0.3120172984390138,0.3333333333333333,8.326672684688674e-17
toy_0,Triangle,Constant bias,2.3000000000000003,2,B,0.10400576614633794,0.3120172984390138,0.3333333333333333,8.326672684688674e-17
toy_0,Triangle,Constant bias,2.3000000000000003,2,C,0.10400576614633794,0.3120172984390138,0.3333333333333333,8.326672684688674e-17
toy_0,Triangle,Constant bias,2.4000000000000004,1,A,0.11513611850494526,0.3454083555148358,0.3333333333333333,0.0
toy_0,Triangle,Constant bias,2.4000000000000004,1,B,0.11513611850494526,0.3454083555148358,0.3333333333333333,0.0
toy_0,Triangle,Constant bias,2.4000000000000004,1,C,0.11513611850494526,0.3454083555148358,0.3333333333333333,0.0
toy_0,Triangle,Constant bias,2.4000000000000004,2,A,0.09904422413938797,0.29713267241816393,0.3333333333333333,0.0
toy_0,Triangle,Constant bias,2.4000000000000004,2,B,0.09904422413938797,0.29713267241816393,0.3333333333333333,0.0
toy_0,Triangle,Constant bias,2.4000000000000004,2,C,0.09904422413938797,0.29713267241816393,0.3333333333333333,0.0
toy_0,Triangle,Constant bias,2.5,1,A,0.10983802912261476,0.32951408736784427,0.3333333333333333,0.0
toy_0,Triangle,Constant bias,2.5,1,B,0.10983802912261476,0.32951408736784427,0.3333333333333333,0.0
toy_0,Triangle,Constant bias,2.5,1,C,0.10983802912261476,0.32951408736784427,0.3333333333333333,0.0
toy_0,Triangle,Constant bias,2.5,2,A,0.0943253945508137,0.2829761836524411,0.3333333333333333,0.0
toy_0,Triangle,Constant bias,2.5,2,B,0.0943253945508137,0.2829761836524411,0.3333333333333333,0.0
toy_0,Triangle,Constant bias,2.5,2,C,0.0943253945508137,0.2829761836524411,0.3333333333333333,0.0
toy_0,Triangle,Constant bias,2.6,1,A,0.10477468644096694,0.3143240593229008,0.3333333333333333,0.0
toy_0,Triangle,Constant bias,2.6,1,B,0.10477468644096694,0.3143240593229008,0.3333333333333333,0.0
toy_0,Triangle,Constant bias,2.6,1,C,0.10477468644096694,0.3143240593229008,0.3333333333333333,0.0
toy_0,Triangle,Constant bias,2.6,2,A,0.08983664719531628,0.2695099415859489,0.3333333333333333,0.0
toy_0,Triangle,Constant bias,2.6,2,B,0.08983664719531628,0.2695099415859489,0.3333333333333333,0.0
toy_0,Triangle,Constant bias,2.6,2,C,0.08983664719531628,0.2695099415859489,0.3333333333333333,0.0
toy_0,Triangle,Constant bias,2.7,1,A,0.09993686816162425,0.29981060448487273,0.33333333333333337,8.326672684688674e-17
toy_0,Triangle,Constant bias,2.7,1,B,0.09993686816162425,0.29981060448487273,0.33333333333333337,8.326672684688674e-17
toy_0,Triangle,Constant bias,2.7,1,C,0.09993686816162425,0.29981060448487273,0.33333333333333337,8.326672684688674e-17
toy_0,Triangle,Constant bias,2.7,2,A,0.08556610188966209,0.25669830566898627,0.3333333333333333,8.326672684688674e-17
toy_0,Triangle,Constant bias,2.7,2,B,0.08556610188966209,0.25669830566898627,0.3333333333333333,8.326672684688674e-17
toy_0,Triangle,Constant bias,2.7,2,C,0.08556610188966209,0.25669830566898627,0.3333333333333333,8.326672684688674e-17
toy_0,Triangle,Constant bias,2.8000000000000003,1,A,0.09531555482058579,0.28594666446175737,0.3333333333333333,0.0
toy_0,Triangle,Constant bias,2.8000000000000003,1,B,0.09531555482058579,0.28594666446175737,0.3333333333333333,0.0
toy_0,Triangle,Constant bias,2.8000000000000003,1,C,0.09531555482058579,0.28594666446175737,0.3333333333333333,0.0
toy_0,Triangle,Constant bias,2.8000000000000003,2,A,0.08150257323176088,0.24450771969528265,0.3333333333333333,0.0
toy_0,Triangle,Constant bias,2.8000000000000003,2,B,0.08150257323176088,0.24450771969528265,0.3333333333333333,0.0
toy_0,Triangle,Constant bias,2.8000000000000003,2,C,0.08150257323176088,0.24450771969528265,0.3333333333333333,0.0
toy_0,Triangle,Constant bias,2.9000000000000004,1,A,0.09090194965910736,0.2727058489773221,0.3333333333333333,0.0
toy_0,Triangle,Constant bias,2.9000000000000004,1,B,0.09090194965910736,0.2727058489773221,0.3333333333333333,0.0
toy_0,Triangle,Constant bias,2.9000000000000004,1,C,0.09090194965910736,0.2727058489773221,0.3333333333333333,0.0
toy_0,Triangle,Constant bias,2.9000000000000004,2,A,0.07763552052405433,0.232906561572163,0.3333333333333333,0.0
toy_0,Triangle,Constant bias,2.9000000000000004,2,B,0.07763552052405433,0.232906561572163,0.3333333333333333,0.0
toy_0,Triangle,Constant bias,2.9000000000000004,2,C,0.07763552052405433,0.232906561572163,0.3333333333333333,0.0
toy_0,Triangle,Constant bias,3.0,1,A,0.0866874938099027,0.2600624814297081,0.3333333333333333,8.326672684688674e-17
toy_0,Triangle,Constant bias,3.0,1,B,0.0866874938099027,0.2600624814297081,0.3333333333333333,8.326672684688674e-17
toy_0,Triangle,Constant bias,3.0,1,C,0.0866874938099027,0.2600624814297081,0.3333333333333333,8.326672684688674e-17
toy_0,Triangle,Constant bias,3.0,2,A,0.07395500227417294,0.2218650068225188,0.33333333333333337,8.326672684688674e-17
toy_0,Triangle,Constant bias,3.0,2,B,0.07395500227417294,0.2218650068225188,0.33333333333333337,8.326672684688674e-17
toy_0,Triangle,Constant bias,3.0,2,C,0.07395500227417294,0.2218650068225188,0.33333333333333337,8.326672684688674e-17
toy_0,Triangle,Constant bias,3.1,1,A,0.08266387749736195,0.24799163249208586,0.3333333333333333,0.0
toy_0,Triangle,Constant bias,3.1,1,B,0.08266387749736195,0.24799163249208586,0.3333333333333333,0.0
toy_0,Triangle,Constant bias,3.1,1,C,0.08266387749736195,0.24799163249208586,0.3333333333333333,0.0
toy_0,Triangle,Constant bias,3.1,2,A,0.0704516347739732,0.2113549043219196,0.3333333333333333,0.0
toy_0,Triangle,Constant bias,3.1,2,B,0.0704516347739732,0.2113549043219196,0.3333333333333333,0.0
toy_0,Triangle,Constant bias,3.1,2,C,0.0704516347739732,0.2113549043219196,0.3333333333333333,0.0
toy_0,Triangle,Constant bias,3.2,1,A,0.078823047856593,0.236469143569779,0.3333333333333333,8.326672684688674e-17
toy_0,Triangle,Constant bias,3.2,1,B,0.078823047856593,0.236469143569779,0.3333333333333333,8.326672684688674e-17
toy_0,Triangle,Constant bias,3.2,1,C,0.078823047856593,0.236469143569779,0.3333333333333333,8.326672684688674e-17
toy_0,Triangle,Constant bias,3.2,2,A,0.06711655431772094,0.2013496629531628,0.33333333333333337,8.326672684688674e-17
toy_0,Triangle,Constant bias,3.2,2,B,0.06711655431772094,0.2013496629531628,0.33333333333333337,8.326672684688674e-17
toy_0,Triangle,Constant bias,3.2,2,C,0.06711655431772094,0.2013496629531628,0.33333333333333337,8.326672684688674e-17
toy_0,Triangle,Constant bias,3.3000000000000003,1,A,0.07515721389440254,0.2254716416832076,0.33333333333333337,8.326672684688674e-17
toy_0,Triangle,Constant bias,3.3000000000000003,1,B,0.07515721389440254,0.2254716416832076,0.33333333333333337,8.326672684688674e-17
toy_0,Triangle,Constant bias,3.3000000000000003,1,C,0.07515721389440254,0.2254716416832076,0.33333333333333337,8.326672684688674e-17
toy_0,Triangle,Constant bias,3.3000000000000003,2,A,0.06394138267241728,0.19182414801725184,0.3333333333333333,8.326672684688674e-17
toy_0,Triangle,Constant bias,3.3000000000000003,2,B,0.06394138267241728,0.19182414801725184,0.3333333333333333,8.326672684688674e-17
toy_0,Triangle,Constant bias,3.3000000000000003,2,C,0.06394138267241728,0.19182414801725184,0.3333333333333333,8.326672684688674e-17
toy_0,Triangle,Constant bias,3.4000000000000004,1,A,0.07165884904428024,0.21497654713284073,0.3333333333333333,8.326672684688674e-17
toy_0,Triangle,Constant bias,3.4000000000000004,1,B,0.07165884904428024,0.21497654713284073,0.3333333333333333,8.326672684688674e-17
toy_0,Triangle,Constant bias,3.4000000000000004,1,C,0.07165884904428024,0.21497654713284073,0.3333333333333333,8.326672684688674e-17
toy_0,Triangle,Constant bias,3.4000000000000004,2,A,0.06091819545900955,0.18275458637702863,0.33333333333333337,8.326672684688674e-17
toy_0,Triangle,Constant bias,3.4000000000000004,2,B,0.06091819545900955,0.18275458637702863,0.33333333333333337,8.326672684688674e-17
toy_0,Triangle,Constant bias,3.4000000000000004,2,C,0.06091819545900955,0.18275458637702863,0.33333333333333337,8.326672684688674e-17
toy_0,Triangle,Constant bias,3.5,1,A,0.0683206917056648,0.20496207511699438,0.3333333333333333,0.0
toy_0,Triangle,Constant bias,3.5,1,B,0.0683206917056648,0.20496207511699438,0.3333333333333333,0.0
toy_0,Triangle,Constant bias,3.5,1,C,0.0683206917056648,0.20496207511699438,0.3333333333333333,0.0
toy_0,Triangle,Constant bias,3.5,2,A,0.058039493143309265,0.1741184794299278,0.3333333333333333,0.0
toy_0,Triangle,Constant bias,3.5,2,B,0.058039493143309265,0.1741184794299278,0.3333333333333333,0.0
toy_0,Triangle,Constant bias,3.5,2,C,0.058039493143309265,0.1741184794299278,0.3333333333333333,0.0
toy_0,Triangle,Constant bias,3.6,1,A,0.06513574410406048,0.19540723231218143,0.3333333333333333,0.0
toy_0,Triangle,Constant bias,3.6,1,B,0.06513574410406048,0.19540723231218143,0.3333333333333333,0.0
toy_0,Triangle,Constant bias,3.6,1,C,0.06513574410406048,0.19540723231218143,0.3333333333333333,0.0
toy_0,Triangle,Constant bias,3.6,2,A,0.0552981743705674,0.16589452311170222,0.3333333333333333,0.0
toy_0,Triangle,Constant bias,3.6,2,B,0.0552981743705674,0.16589452311170222,0.3333333333333333,0.0
toy_0,Triangle,Constant bias,3.6,2,C,0.0552981743705674,0.16589452311170222,0.3333333333333333,0.0
toy_0,Triangle,Constant bias,3.7,1,A,0.06209726976190222,0.18629180928570666,0.3333333333333333,8.326672684688674e-17
toy_0,Triangle,Constant bias,3.7,1,B,0.06209726976190222,0.18629180928570666,0.3333333333333333,8.326672684688674e-17
toy_0,Triangle,Constant bias,3.7,1,C,0.06209726976190222,0.18629180928570666,0.3333333333333333,8.326672684688674e-17
toy_0,Triangle,Constant bias,3.7,2,A,0.052687511408459085,0.15806253422537725,0.33333333333333337,8.326672684688674e-17
toy_0,Triangle,Constant bias,3.7,2,B,0.052687511408459085,0.15806253422537725,0.33333333333333337,8.326672684688674e-17
toy_0,Triangle,Constant bias,3.7,2,C,0.052687511408459085,0.15806253422537725,0.33333333333333337,8.326672684688674e-17
toy_0,Triangle,Constant bias,3.8000000000000003,1,A,0.0591987898295224,0.1775963694885672,0.3333333333333333,8.326672684688674e-17
toy_0,Triangle,Constant bias,3.8000000000000003,1,B,0.0591987898295224,0.1775963694885672,0.3333333333333333,8.326672684688674e-17
toy_0,Triangle,Constant bias,3.8000000000000003,1,C,0.0591987898295224,0.1775963694885672,0.3333333333333333,8.326672684688674e-17
toy_0,Triangle,Constant bias,3.8000000000000003,2,A,0.05020112749024804,0.15060338247074412,0.33333333333333337,8.326672684688674e-17
toy_0,Triangle,Constant bias,3.8000000000000003,2,B,0.05020112749024804,0.15060338247074412,0.33333333333333337,8.326672684688674e-17
toy_0,Triangle,Constant bias,3.8000000000000003,2,C,0.05020112749024804,0.15060338247074412,0.33333333333333337,8.326672684688674e-17
toy_0,Triangle,Constant bias,3.9000000000000004,1,A,0.056434078490372276,0.16930223547111684,0.3333333333333333,0.0
toy_0,Triangle,Constant bias,3.9000000000000004,1,B,0.056434078490372276,0.16930223547111684,0.3333333333333333,0.0
toy_0,Triangle,Constant bias,3.9000000000000004,1,C,0.056434078490372276,0.16930223547111684,0.3333333333333333,0.0
toy_0,Triangle,Constant bias,3.9000000000000004,2,A,0.04783297587361453,0.1434989276208436,0.3333333333333333,0.0
toy_0,Triangle,Constant bias,3.9000000000000004,2,B,0.04783297587361453,0.1434989276208436,0.3333333333333333,0.0
toy_0,Triangle,Constant bias,3.9000000000000004,2,C,0.04783297587361453,0.1434989276208436,0.3333333333333333,0.0
toy_0,Triangle,Constant bias,4.0,1,A,0.053797157624098195,0.16139147287229458,0.33333333333333337,0.0
toy_0,Triangle,Constant bias,4.0,1,B,0.053797157624098195,0.16139147287229458,0.33333333333333337,0.0
toy_0,Triangle,Constant bias,4.0,1,C,0.053797157624098195,0.16139147287229458,0.33333333333333337,0.0
toy_0,Triangle,Constant bias,4.0,2,A,0.04557732045145145,0.13673196135435434,0.33333333333333337,0.0
toy_0,Triangle,Constant bias,4.0,2,B,0.04557732045145145,0.13673196135435434,0.33333333333333337,0.0
toy_0,Triangle,Constant bias,4.0,2,C,0.04557732045145145,0.13673196135435434,0.33333333333333337,0.0
toy_0,Triangle,Constant bias,4.1000000000000005,1,A,0.05128229088457019,0.15384687265371055,0.33333333333333337,0.0
toy_0,Triangle,Constant bias,4.1000000000000005,1,B,0.05128229088457019,0.15384687265371055,0.33333333333333337,0.0
toy_0,Triangle,Constant bias,4.1000000000000005,1,C,0.05128229088457019,0.15384687265371055,0.33333333333333337,0.0
toy_0,Triangle,Constant bias,4.1000000000000005,2,A,0.04342871776922501,0.130286153307675,0.33333333333333337,0.0
toy_0,Triangle,Constant bias,4.1000000000000005,2,B,0.04342871776922501,0.130286153307675,0.33333333333333337,0.0
toy_0,Triangle,Constant bias,4.1000000000000005,2,C,0.04342871776922501,0.130286153307675,0.33333333333333337,0.0
toy_0,Triangle,Constant bias,4.2,1,A,0.04888397732698598,0.14665193198095794,0.33333333333333337,8.326672684688674e-17
toy_0,Triangle,Constant bias,4.2,1,B,0.04888397732698598,0.14665193198095794,0.33333333333333337,8.326672684688674e-17
toy_0,Triangle,Constant bias,4.2,1,C,0.04888397732698598,0.14665193198095794,0.33333333333333337,8.326672684688674e-17
toy_0,Triangle,Constant bias,4.2,2,A,0.041382000319578296,0.12414600095873489,0.3333333333333333,8.326672684688674e-17
toy_0,Triangle,Constant bias,4.2,2,B,0.041382000319578296,0.12414600095873489,0.3333333333333333,8.326672684688674e-17
toy_0,Triangle,Constant bias,4.2,2,C,0.041382000319578296,0.12414600095873489,0.3333333333333333,8.326672684688674e-17
toy_0,Triangle,Constant bias,4.3,1,A,0.046596944698264135,0.1397908340947924,0.33333333333333337,8.326672684688674e-17
toy_0,Triangle,Constant bias,4.3,1,B,0.046596944698264135,0.1397908340947924,0.33333333333333337,8.326672684688674e-17
toy_0,Triangle,Constant bias,4.3,1,C,0.046596944698264135,0.1397908340947924,0.33333333333333337,8.326672684688674e-17
toy_0,Triangle,Constant bias,4.3,2,A,0.0394322609989982,0.1182967829969946,0.3333333333333333,8.326672684688674e-17
toy_0,Triangle,Constant bias,4.3,2,B,0.0394322609989982,0.1182967829969946,0.3333333333333333,8.326672684688674e-17
toy_0,Triangle,Constant bias,4.3,2,C,0.0394322609989982,0.1182967829969946,0.3333333333333333,8.326672684688674e-17
toy_0,Triangle,Constant bias,4.4,1,A,0.044416142487707366,0.1332484274631221,0.3333333333333333,0.0
toy_0,Triangle,Constant bias,4.4,1,B,0.044416142487707366,0.1332484274631221,0.3333333333333333,0.0
toy_0,Triangle,Constant bias,4.4,1,C,0.044416142487707366,0.1332484274631221,0.3333333333333333,0.0
toy_0,Triangle,Constant bias,4.4,2,A,0.037574838623819995,0.11272451587145998,0.3333333333333333,0.0
toy_0,Triangle,Constant bias,4.4,2,B,0.037574838623819995,0.11272451587145998,0.3333333333333333,0.0
toy_0,Triangle,Constant bias,4.4,2,C,0.037574838623819995,0.11272451587145998,0.3333333333333333,0.0
toy_0,Triangle,Constant bias,4.5,1,A,0.042336734820003344,0.12701020446001005,0.3333333333333333,0.0
toy_0,Triangle,Constant bias,4.5,1,B,0.042336734820003344,0.12701020446001005,0.3333333333333333,0.0
toy_0,Triangle,Constant bias,4.5,1,C,0.042336734820003344,0.12701020446001005,0.3333333333333333,0.0
toy_0,Triangle,Constant bias,4.5,2,A,0.035805304413808886,0.10741591324142666,0.3333333333333333,0.0
toy_0,Triangle,Constant bias,4.5,2,B,0.035805304413808886,0.10741591324142666,0.3333333333333333,0.0
toy_0,Triangle,Constant bias,4.5,2,C,0.035805304413808886,0.10741591324142666,0.3333333333333333,0.0
toy_0,Triangle,Constant bias,4.6000000000000005,1,A,0.04035409325974082,0.12106227977922246,0.3333333333333333,8.326672684688674e-17
toy_0,Triangle,Constant bias,4.6000000000000005,1,B,0.04035409325974082,0.12106227977922246,0.3333333333333333,8.326672684688674e-17
toy_0,Triangle,Constant bias,4.6000000000000005,1,C,0.04035409325974082,0.12106227977922246,0.3333333333333333,8.326672684688674e-17
toy_0,Triangle,Constant bias,4.6000000000000005,2,A,0.03411944936122751,0.10235834808368252,0.33333333333333337,8.326672684688674e-17
toy_0,Triangle,Constant bias,4.6000000000000005,2,B,0.03411944936122751,0.10235834808368252,0.33333333333333337,8.326672684688674e-17
toy_0,Triangle,Constant bias,4.6000000000000005,2,C,0.03411944936122751,0.10235834808368252,0.33333333333333337,8.326672684688674e-17
toy_0,Triangle,Constant bias,4.7,1,A,0.038463789585489724,0.11539136875646917,0.3333333333333333,0.0
toy_0,Triangle,Constant bias,4.7,1,B,0.038463789585489724,0.11539136875646917,0.3333333333333333,0.0
toy_0,Triangle,Constant bias,4.7,1,C,0.038463789585489724,0.11539136875646917,0.3333333333333333,0.0
toy_0,Triangle,Constant bias,4.7,2,A,0.03251327241182973,0.0975398172354892,0.3333333333333333,0.0
toy_0,Triangle,Constant bias,4.7,2,B,0.03251327241182973,0.0975398172354892,0.3333333333333333,0.0
toy_0,Triangle,Constant bias,4.7,2,C,0.03251327241182973,0.0975398172354892,0.3333333333333333,0.0
toy_0,Triangle,Constant bias,4.800000000000001,1,A,0.03666158858188733,0.10998476574566199,0.33333333333333337,8.326672684688674e-17
toy_0,Triangle,Constant bias,4.800000000000001,1,B,0.03666158858188733,0.10998476574566199,0.33333333333333337,8.326672684688674e-17
toy_0,Triangle,Constant bias,4.800000000000001,1,C,0.03666158858188733,0.10998476574566199,0.33333333333333337,8.326672684688674e-17
toy_0,Triangle,Constant bias,4.800000000000001,2,A,0.030982969391753497,0.0929489081752605,0.3333333333333333,8.326672684688674e-17
toy_0,Triangle,Constant bias,4.800000000000001,2,B,0.030982969391753497,0.0929489081752605,0.3333333333333333,8.326672684688674e-17
toy_0,Triangle,Constant bias,4.800000000000001,2,C,0.030982969391753497,0.0929489081752605,0.3333333333333333,8.326672684688674e-17
toy_0,Triangle,Constant bias,4.9,1,A,0.03494344088990202,0.10483032266970606,0.3333333333333333,0.0
toy_0,Triangle,Constant bias,4.9,1,B,0.03494344088990202,0.10483032266970606,0.3333333333333333,0.0
toy_0,Triangle,Constant bias,4.9,1,C,0.03494344088990202,0.10483032266970606,0.3333333333333333,0.0
toy_0,Triangle,Constant bias,4.9,2,A,0.029524922620946477,0.08857476786283944,0.3333333333333333,0.0
toy_0,Triangle,Constant bias,4.9,2,B,0.029524922620946477,0.08857476786283944,0.3333333333333333,0.0
toy_0,Triangle,Constant bias,4.9,2,C,0.029524922620946477,0.08857476786283944,0.3333333333333333,0.0
toy_0,Triangle,Constant bias,5.0,1,A,0.03330547594832224,0.09991642784496672,0.3333333333333333,8.326672684688674e-17
toy_0,Triangle,Constant bias,5.0,1,B,0.03330547594832224,0.09991642784496672,0.3333333333333333,8.326672684688674e-17
toy_0,Triangle,Constant bias,5.0,1,C,0.03330547594832224,0.09991642784496672,0.3333333333333333,8.326672684688674e-17
toy_0,Triangle,Constant bias,5.0,2,A,0.028135691159649447,0.08440707347894834,0.33333333333333337,8.326672684688674e-17
toy_0,Triangle,Constant bias,5.0,2,B,0.028135691159649447,0.08440707347894834,0.33333333333333337,8.326672684688674e-17
toy_0,Triangle,Constant bias,5.0,2,C,0.028135691159649447,0.08440707347894834,0.33333333333333337,8.326672684688674e-17
toy_0,Triangle,Constant bias,5.1000000000000005,1,A,0.03174399505340323,0.0952319851602097,0.3333333333333333,8.326672684688674e-17
toy_0,Triangle,Constant bias,5.1000000000000005,1,B,0.03174399505340323,0.0952319851602097,0.3333333333333333,8.326672684688674e-17
toy_0,Triangle,Constant bias,5.1000000000000005,1,C,0.03174399505340323,0.0952319851602097,0.3333333333333333,8.326672684688674e-17
toy_0,Triangle,Constant bias,5.1000000000000005,2,A,0.026812001639683374,0.08043600491905012,0.33333333333333337,8.326672684688674e-17
toy_0,Triangle,Constant bias,5.1000000000000005,2,B,0.026812001639683374,0.08043600491905012,0.33333333333333337,8.326672684688674e-17
toy_0,Triangle,Constant bias,5.1000000000000005,2,C,0.026812001639683374,0.08043600491905012,0.33333333333333337,8.326672684688674e-17
toy_0,Triangle,Constant bias,5.2,1,A,0.03025546455835363,0.0907663936750609,0.3333333333333333,0.0
toy_0,Triangle,Constant bias,5.2,1,B,0.03025546455835363,0.0907663936750609,0.3333333333333333,0.0
toy_0,Triangle,Constant bias,5.2,1,C,0.03025546455835363,0.0907663936750609,0.3333333333333333,0.0
toy_0,Triangle,Constant bias,5.2,2,A,0.025550739636914788,0.07665221891074436,0.3333333333333333,0.0
toy_0,Triangle,Constant bias,5.2,2,B,0.025550739636914788,0.07665221891074436,0.3333333333333333,0.0
toy_0,Triangle,Constant bias,5.2,2,C,0.025550739636914788,0.07665221891074436,0.3333333333333333,0.0
toy_0,Triangle,Constant bias,5.300000000000001,1,A,0.02883650922985156,0.08650952768955468,0.33333333333333337,8.326672684688674e-17
toy_0,Triangle,Constant bias,5.300000000000001,1,B,0.02883650922985156,0.08650952768955468,0.33333333333333337,8.326672684688674e-17
toy_0,Triangle,Constant bias,5.300000000000001,1,C,0.02883650922985156,0.08650952768955468,0.33333333333333337,8.326672684688674e-17
toy_0,Triangle,Constant bias,5.300000000000001,2,A,0.024348941545384032,0.0730468246361521,0.3333333333333333,8.326672684688674e-17
toy_0,Triangle,Constant bias,5.300000000000001,2,B,0.024348941545384032,0.0730468246361521,0.3333333333333333,8.326672684688674e-17
toy_0,Triangle,Constant bias,5.300000000000001,2,C,0.024348941545384032,0.0730468246361521,0.3333333333333333,8.326672684688674e-17
toy_0,Triangle,Constant bias,5.4,1,A,0.027483905774941215,0.08245171732482365,0.3333333333333333,0.0
toy_0,Triangle,Constant bias,5.4,1,B,0.027483905774941215,0.08245171732482365,0.3333333333333333,0.0
toy_0,Triangle,Constant bias,5.4,1,C,0.027483905774941215,0.08245171732482365,0.3333333333333333,0.0
toy_0,Triangle,Constant bias,5.4,2,A,0.02320378691723629,0.06961136075170887,0.3333333333333333,0.0
toy_0,Triangle,Constant bias,5.4,2,B,0.02320378691723629,0.06961136075170887,0.3333333333333333,0.0
toy_0,Triangle,Constant bias,5.4,2,C,0.02320378691723629,0.06961136075170887,0.3333333333333333,0.0
toy_0,Triangle,Constant bias,5.5,1,A,0.026194576548387832,0.0785837296451635,0.3333333333333333,0.0
toy_0,Triangle,Constant bias,5.5,1,B,0.026194576548387832,0.0785837296451635,0.3333333333333333,0.0
toy_0,Triangle,Constant bias,5.5,1,C,0.026194576548387832,0.0785837296451635,0.3333333333333333,0.0
toy_0,Triangle,Constant bias,5.5,2,A,0.022112591235847023,0.06633777370754107,0.3333333333333333,0.0
toy_0,Triangle,Constant bias,5.5,2,B,0.022112591235847023,0.06633777370754107,0.3333333333333333,0.0
toy_0,Triangle,Constant bias,5.5,2,C,0.022112591235847023,0.06633777370754107,0.3333333333333333,0.0
toy_0,Triangle,Constant bias,5.6000000000000005,1,A,0.024965583447789687,0.07489675034336907,0.3333333333333333,8.326672684688674e-17
toy_0,Triangle,Constant bias,5.6000000000000005,1,B,0.024965583447789687,0.07489675034336907,0.3333333333333333,8.326672684688674e-17
toy_0,Triangle,Constant bias,5.6000000000000005,1,C,0.024965583447789687,0.07489675034336907,0.3333333333333333,8.326672684688674e-17
toy_0,Triangle,Constant bias,5.6000000000000005,2,A,0.021072799092434934,0.0632183972773048,0.33333333333333337,8.326672684688674e-17
toy_0,Triangle,Constant bias,5.6000000000000005,2,B,0.021072799092434934,0.0632183972773048,0.33333333333333337,8.326672684688674e-17
toy_0,Triangle,Constant bias,5.6000000000000005,2,C,0.021072799092434934,0.0632183972773048,0.33333333333333337,8.326672684688674e-17
toy_0,Triangle,Constant bias,5.7,1,A,0.023794122001389084,0.07138236600416725,0.3333333333333333,0.0
toy_0,Triangle,Constant bias,5.7,1,B,0.023794122001389084,0.07138236600416725,0.3333333333333333,0.0
toy_0,Triangle,Constant bias,5.7,1,C,0.023794122001389084,0.07138236600416725,0.3333333333333333,0.0
toy_0,Triangle,Constant bias,5.7,2,A,0.02008197773904448,0.06024593321713344,0.3333333333333333,0.0
toy_0,Triangle,Constant bias,5.7,2,B,0.02008197773904448,0.06024593321713344,0.3333333333333333,0.0
toy_0,Triangle,Constant bias,5.7,2,C,0.02008197773904448,0.06024593321713344,0.3333333333333333,0.0
toy_0,Triangle,Constant bias,5.800000000000001,1,A,0.02267751565153606,0.06803254695460818,0.3333333333333333,0.0
toy_0,Triangle,Constant bias,5.800000000000001,1,B,0.02267751565153606,0.06803254695460818,0.3333333333333333,0.0
toy_0,Triangle,Constant bias,5.800000000000001,1,C,0.02267751565153606,0.06803254695460818,0.3333333333333333,0.0
toy_0,Triangle,Constant bias,5.800000000000001,2,A,0.01913781099309489,0.05741343297928467,0.3333333333333333,0.0
toy_0,Triangle,Constant bias,5.800000000000001,2,B,0.01913781099309489,0.05741343297928467,0.3333333333333333,0.0
toy_0,Triangle,Constant bias,5.800000000000001,2,C,0.01913781099309489,0.05741343297928467,0.3333333333333333,0.0
toy_0,Triangle,Constant bias,5.9,1,A,0.02161321023508881,0.06483963070526644,0.3333333333333333,0.0
toy_0,Triangle,Constant bias,5.9,1,B,0.02161321023508881,0.06483963070526644,0.3333333333333333,0.0
toy_0,Triangle,Constant bias,5.9,1,C,0.02161321023508881,0.06483963070526644,0.3333333333333333,0.0
toy_0,Triangle,Constant bias,5.9,2,A,0.018238093470767644,0.05471428041230293,0.3333333333333333,0.0
toy_0,Triangle,Constant bias,5.9,2,B,0.018238093470767644,0.05471428041230293,0.3333333333333333,0.0
toy_0,Triangle,Constant bias,5.9,2,C,0.018238093470767644,0.05471428041230293,0.3333333333333333,0.0
toy_0,Triangle,Constant bias,6.0,1,A,0.0205987686606366,0.0617963059819098,0.33333333333333337,8.326672684688674e-17
toy_0,Triangle,Constant bias,6.0,1,B,0.0205987686606366,0.0617963059819098,0.33333333333333337,8.326672684688674e-17
toy_0,Triangle,Constant bias,6.0,1,C,0.0205987686606366,0.0617963059819098,0.33333333333333337,8.326672684688674e-17
toy_0,Triangle,Constant bias,6.0,2,A,0.01738072512836336,0.052142175385090084,0.3333333333333333,8.326672684688674e-17
toy_0,Triangle,Constant bias,6.0,2,B,0.01738072512836336,0.052142175385090084,0.3333333333333333,8.326672684688674e-17
toy_0,Triangle,Constant bias,6.0,2,C,0.01738072512836336,0.052142175385090084,0.3333333333333333,8.326672684688674e-17
toy_0,Triangle,Constant bias,6.1000000000000005,1,A,0.019631865781271463,0.05889559734381439,0.3333333333333333,0.0
toy_0,Triangle,Constant bias,6.1000000000000005,1,B,0.019631865781271463,0.05889559734381439,0.3333333333333333,0.0
toy_0,Triangle,Constant bias,6.1000000000000005,1,C,0.019631865781271463,0.05889559734381439,0.3333333333333333,0.0
toy_0,Triangle,Constant bias,6.1000000000000005,2,A,0.016563706092432108,0.049691118277296324,0.3333333333333333,0.0
toy_0,Triangle,Constant bias,6.1000000000000005,2,B,0.016563706092432108,0.049691118277296324,0.3333333333333333,0.0
toy_0,Triangle,Constant bias,6.1000000000000005,2,C,0.016563706092432108,0.049691118277296324,0.3333333333333333,0.0
toy_0,Triangle,Constant bias,6.2,1,A,0.018710283460677046,0.05613085038203114,0.3333333333333333,0.0
toy_0,Triangle,Constant bias,6.2,1,B,0.018710283460677046,0.05613085038203114,0.3333333333333333,0.0
toy_0,Triangle,Constant bias,6.2,1,C,0.018710283460677046,0.05613085038203114,0.3333333333333333,0.0
toy_0,Triangle,Constant bias,6.2,2,A,0.0157851317609857,0.0473553952829571,0.3333333333333333,0.0
toy_0,Triangle,Constant bias,6.2,2,B,0.0157851317609857,0.0473553952829571,0.3333333333333333,0.0
toy_0,Triangle,Constant bias,6.2,2,C,0.0157851317609857,0.0473553952829571,0.3333333333333333,0.0
toy_0,Triangle,Constant bias,6.300000000000001,1,A,0.017831905829520447,0.05349571748856134,0.3333333333333333,8.326672684688674e-17
toy_0,Triangle,Constant bias,6.300000000000001,1,B,0.017831905829520447,0.05349571748856134,0.3333333333333333,8.326672684688674e-17
toy_0,Triangle,Constant bias,6.300000000000001,1,C,0.017831905829520447,0.05349571748856134,0.3333333333333333,8.326672684688674e-17
toy_0,Triangle,Constant bias,6.300000000000001,2,A,0.015043188159457748,0.04512956447837324,0.33333333333333337,8.326672684688674e-17
toy_0,Triangle,Constant bias,6.300000000000001,2,B,0.015043188159457748,0.04512956447837324,0.33333333333333337,8.326672684688674e-17
toy_0,Triangle,Constant bias,6.300000000000001,2,C,0.015043188159457748,0.04512956447837324,0.33333333333333337,8.326672684688674e-17
toy_0,Triangle,Constant bias,6.4,1,A,0.01699471472850042,0.05098414418550126,0.3333333333333333,0.0
toy_0,Triangle,Constant bias,6.4,1,B,0.01699471472850042,0.05098414418550126,0.3333333333333333,0.0
toy_0,Triangle,Constant bias,6.4,1,C,0.01699471472850042,0.05098414418550126,0.3333333333333333,0.0
toy_0,Triangle,Constant bias,6.4,2,A,0.014336147536304675,0.043008442608914024,0.3333333333333333,0.0
toy_0,Triangle,Constant bias,6.4,2,B,0.014336147536304675,0.043008442608914024,0.3333333333333333,0.0
toy_0,Triangle,Constant bias,6.4,2,C,0.014336147536304675,0.043008442608914024,0.3333333333333333,0.0
toy_0,Triangle,Constant bias,6.5,1,A,0.01619678533390107,0.048590356001703215,0.3333333333333333,0.0
toy_0,Triangle,Constant bias,6.5,1,B,0.01619678533390107,0.048590356001703215,0.3333333333333333,0.0
toy_0,Triangle,Constant bias,6.5,1,C,0.01619678533390107,0.048590356001703215,0.3333333333333333,0.0
toy_0,Triangle,Constant bias,6.5,2,A,0.013662364184249935,0.04098709255274981,0.3333333333333333,0.0
toy_0,Triangle,Constant bias,6.5,2,B,0.013662364184249935,0.04098709255274981,0.3333333333333333,0.0
toy_0,Triangle,Constant bias,6.5,2,C,0.013662364184249935,0.04098709255274981,0.3333333333333333,0.0
toy_0,Triangle,Constant bias,6.6000000000000005,1,A,0.015436281961106215,0.04630884588331864,0.33333333333333337,8.326672684688674e-17
toy_0,Triangle,Constant bias,6.6000000000000005,1,B,0.015436281961106215,0.04630884588331864,0.33333333333333337,8.326672684688674e-17
toy_0,Triangle,Constant bias,6.6000000000000005,1,C,0.015436281961106215,0.04630884588331864,0.33333333333333337,8.326672684688674e-17
toy_0,Triangle,Constant bias,6.6000000000000005,2,A,0.013020270474181878,0.03906081142254564,0.3333333333333333,8.326672684688674e-17
toy_0,Triangle,Constant bias,6.6000000000000005,2,B,0.013020270474181878,0.03906081142254564,0.3333333333333333,8.326672684688674e-17
toy_0,Triangle,Constant bias,6.6000000000000005,2,C,0.013020270474181878,0.03906081142254564,0.3333333333333333,8.326672684688674e-17
toy_0,Triangle,Constant bias,6.7,1,A,0.01471145404122855,0.044134362123685655,0.3333333333333333,8.326672684688674e-17
toy_0,Triangle,Constant bias,6.7,1,B,0.01471145404122855,0.044134362123685655,0.3333333333333333,8.326672684688674e-17
toy_0,Triangle,Constant bias,6.7,1,C,0.01471145404122855,0.044134362123685655,0.3333333333333333,8.326672684688674e-17
toy_0,Triangle,Constant bias,6.7,2,A,0.012408373089630175,0.03722511926889052,0.33333333333333337,8.326672684688674e-17
toy_0,Triangle,Constant bias,6.7,2,B,0.012408373089630175,0.03722511926889052,0.33333333333333337,8.326672684688674e-17
toy_0,Triangle,Constant bias,6.7,2,C,0.012408373089630175,0.03722511926889052,0.33333333333333337,8.326672684688674e-17
toy_0,Triangle,Constant bias,6.800000000000001,1,A,0.014020632265787376,0.04206189679736213,0.3333333333333333,8.326672684688674e-17
toy_0,Triangle,Constant bias,6.800000000000001,1,B,0.014020632265787376,0.04206189679736213,0.3333333333333333,8.326672684688674e-17
toy_0,Triangle,Constant bias,6.800000000000001,1,C,0.014020632265787376,0.04206189679736213,0.3333333333333333,8.326672684688674e-17
toy_0,Triangle,Constant bias,6.800000000000001,2,A,0.011825249450579011,0.03547574835173703,0.33333333333333337,8.326672684688674e-17
toy_0,Triangle,Constant bias,6.800000000000001,2,B,0.011825249450579011,0.03547574835173703,0.33333333333333337,8.326672684688674e-17
toy_0,Triangle,Constant bias,6.800000000000001,2,C,0.011825249450579011,0.03547574835173703,0.33333333333333337,8.326672684688674e-17
toy_0,Triangle,Constant bias,6.9,1,A,0.013362224894215402,0.040086674682646206,0.3333333333333333,0.0
toy_0,Triangle,Constant bias,6.9,1,B,0.013362224894215402,0.040086674682646206,0.3333333333333333,0.0
toy_0,Triangle,Constant bias,6.9,1,C,0.013362224894215402,0.040086674682646206,0.3333333333333333,0.0
toy_0,Triangle,Constant bias,6.9,2,A,0.011269544316135735,0.033808632948407205,0.3333333333333333,0.0
toy_0,Triangle,Constant bias,6.9,2,B,0.011269544316135735,0.033808632948407205,0.3333333333333333,0.0
toy_0,Triangle,Constant bias,6.9,2,C,0.011269544316135735,0.033808632948407205,0.3333333333333333,0.0
toy_0,Triangle,Constant bias,7.0,1,A,0.0127347142188785,0.0382041426566355,0.3333333333333333,8.326672684688674e-17
toy_0,Triangle,Constant bias,7.0,1,B,0.0127347142188785,0.0382041426566355,0.3333333333333333,8.326672684688674e-17
toy_0,Triangle,Constant bias,7.0,1,C,0.0127347142188785,0.0382041426566355,0.3333333333333333,8.326672684688674e-17
toy_0,Triangle,Constant bias,7.0,2,A,0.010739966556268212,0.03221989966880463,0.33333333333333337,8.326672684688674e-17
toy_0,Triangle,Constant bias,7.0,2,B,0.010739966556268212,0.03221989966880463,0.33333333333333337,8.326672684688674e-17
toy_0,Triangle,Constant bias,7.0,2,C,0.010739966556268212,0.03221989966880463,0.33333333333333337,8.326672684688674e-17
toy_0,Triangle,Constant bias,7.1000000000000005,1,A,0.01213665318224502,0.03640995954673506,0.33333333333333337,8.326672684688674e-17
toy_0,Triangle,Constant bias,7.1000000000000005,1,B,0.01213665318224502,0.03640995954673506,0.33333333333333337,8.326672684688674e-17
toy_0,Triangle,Constant bias,7.1000000000000005,1,C,0.01213665318224502,0.03640995954673506,0.33333333333333337,8.326672684688674e-17
toy_0,Triangle,Constant bias,7.1000000000000005,2,A,0.010235286083460556,0.03070585825038167,0.3333333333333333,8.326672684688674e-17
toy_0,Triangle,Constant bias,7.1000000000000005,2,B,0.010235286083460556,0.03070585825038167,0.3333333333333333,8.326672684688674e-17
toy_0,Triangle,Constant bias,7.1000000000000005,2,C,0.010235286083460556,0.03070585825038167,0.3333333333333333,8.326672684688674e-17
toy_0,Triangle,Constant bias,7.2,1,A,0.011566662140832875,0.03469998642249862,0.33333333333333337,8.326672684688674e-17
toy_0,Triangle,Constant bias,7.2,1,B,0.011566662140832875,0.03469998642249862,0.33333333333333337,8.326672684688674e-17
toy_0,Triangle,Constant bias,7.2,1,C,0.011566662140832875,0.03469998642249862,0.33333333333333337,8.326672684688674e-17
toy_0,Triangle,Constant bias,7.2,2,A,0.009754330935721062,0.029262992807163185,0.3333333333333333,8.326672684688674e-17
toy_0,Triangle,Constant bias,7.2,2,B,0.009754330935721062,0.029262992807163185,0.3333333333333333,8.326672684688674e-17
toy_0,Triangle,Constant bias,7.2,2,C,0.009754330935721062,0.029262992807163185,0.3333333333333333,8.326672684688674e-17
toy_0,Triangle,Constant bias,7.300000000000001,1,A,0.011023425770588426,0.033070277311765275,0.33333333333333337,8.326672684688674e-17
toy_0,Triangle,Constant bias,7.300000000000001,1,B,0.011023425770588426,0.033070277311765275,0.33333333333333337,8.326672684688674e-17
toy_0,Triangle,Constant bias,7.300000000000001,1,C,0.011023425770588426,0.033070277311765275,0.33333333333333337,8.326672684688674e-17
toy_0,Triangle,Constant bias,7.300000000000001,2,A,0.00929598450291258,0.02788795350873774,0.3333333333333333,8.326672684688674e-17
toy_0,Triangle,Constant bias,7.300000000000001,2,B,0.00929598450291258,0.02788795350873774,0.3333333333333333,8.326672684688674e-17
toy_0,Triangle,Constant bias,7.300000000000001,2,C,0.00929598450291258,0.02788795350873774,0.3333333333333333,8.326672684688674e-17
toy_0,Triangle,Constant bias,7.4,1,A,0.010505690108405052,0.031517070325215155,0.33333333333333337,8.326672684688674e-17
toy_0,Triangle,Constant bias,7.4,1,B,0.010505690108405052,0.031517070325215155,0.33333333333333337,8.326672684688674e-17
toy_0,Triangle,Constant bias,7.4,1,C,0.010505690108405052,0.031517070325215155,0.33333333333333337,8.326672684688674e-17
toy_0,Triangle,Constant bias,7.4,2,A,0.008859182888870675,0.026577548666612025,0.3333333333333333,8.326672684688674e-17
toy_0,Triangle,Constant bias,7.4,2,B,0.008859182888870675,0.026577548666612025,0.3333333333333333,8.326672684688674e-17
toy_0,Triangle,Constant bias,7.4,2,C,0.008859182888870675,0.026577548666612025,0.3333333333333333,8.326672684688674e-17
toy_0,Triangle,Constant bias,7.5,1,A,0.010012259724564654,0.03003677917369396,0.3333333333333333,8.326672684688674e-17
toy_0,Triangle,Constant bias,7.5,1,B,0.010012259724564654,0.03003677917369396,0.3333333333333333,8.326672684688674e-17
toy_0,Triangle,Constant bias,7.5,1,C,0.010012259724564654,0.03003677917369396,0.3333333333333333,8.326672684688674e-17
toy_0,Triangle,Constant bias,7.5,2,A,0.00844291240223055,0.025328737206691647,0.33333333333333337,8.326672684688674e-17
toy_0,Triangle,Constant bias,7.5,2,B,0.00844291240223055,0.025328737206691647,0.33333333333333337,8.326672684688674e-17
toy_0,Triangle,Constant bias,7.5,2,C,0.00844291240223055,0.025328737206691647,0.33333333333333337,8.326672684688674e-17
toy_0,Triangle,Constant bias,7.6000000000000005,1,A,0.009541995020980739,0.028625985062942217,0.3333333333333333,0.0
toy_0,Triangle,Constant bias,7.6000000000000005,1,B,0.009541995020980739,0.028625985062942217,0.3333333333333333,0.0
toy_0,Triangle,Constant bias,7.6000000000000005,1,C,0.009541995020980739,0.028625985062942217,0.3333333333333333,0.0
toy_0,Triangle,Constant bias,7.6000000000000005,2,A,0.008046207169305989,0.024138621507917967,0.3333333333333333,0.0
toy_0,Triangle,Constant bias,7.6000000000000005,2,B,0.008046207169305989,0.024138621507917967,0.3333333333333333,0.0
toy_0,Triangle,Constant bias,7.6000000000000005,2,C,0.008046207169305989,0.024138621507917967,0.3333333333333333,0.0
toy_0,Triangle,Constant bias,7.7,1,A,0.00909380965023054,0.027281428950691623,0.3333333333333333,0.0
toy_0,Triangle,Constant bias,7.7,1,B,0.00909380965023054,0.027281428950691623,0.3333333333333333,0.0
toy_0,Triangle,Constant bias,7.7,1,C,0.00909380965023054,0.027281428950691623,0.3333333333333333,0.0
toy_0,Triangle,Constant bias,7.7,2,A,0.00766814686275406,0.02300444058826218,0.3333333333333333,0.0
toy_0,Triangle,Constant bias,7.7,2,B,0.00766814686275406,0.02300444058826218,0.3333333333333333,0.0
toy_0,Triangle,Constant bias,7.7,2,C,0.00766814686275406,0.02300444058826218,0.3333333333333333,0.0
toy_0,Triangle,Constant bias,7.800000000000001,1,A,0.008666668050484536,0.026000004151453607,0.3333333333333333,0.0
toy_0,Triangle,Constant bias,7.800000000000001,1,B,0.008666668050484536,0.026000004151453607,0.3333333333333333,0.0
toy_0,Triangle,Constant bias,7.800000000000001,1,C,0.008666668050484536,0.026000004151453607,0.3333333333333333,0.0
toy_0,Triangle,Constant bias,7.800000000000001,2,A,0.007307854540121355,0.021923563620364066,0.3333333333333333,0.0
toy_0,Triangle,Constant bias,7.800000000000001,2,B,0.007307854540121355,0.021923563620364066,0.3333333333333333,0.0
toy_0,Triangle,Constant bias,7.800000000000001,2,C,0.007307854540121355,0.021923563620364066,0.3333333333333333,0.0
toy_0,Triangle,Constant bias,7.9,1,A,0.008259583091572167,0.024778749274716502,0.3333333333333333,0.0
toy_0,Triangle,Constant bias,7.9,1,B,0.008259583091572167,0.024778749274716502,0.3333333333333333,0.0
toy_0,Triangle,Constant bias,7.9,1,C,0.008259583091572167,0.024778749274716502,0.3333333333333333,0.0
toy_0,Triangle,Constant bias,7.9,2,A,0.0069644945867046735,0.02089348376011402,0.3333333333333333,0.0
toy_0,Triangle,Constant bias,7.9,2,B,0.0069644945867046735,0.02089348376011402,0.3333333333333333,0.0
toy_0,Triangle,Constant bias,7.9,2,C,0.0069644945867046735,0.02089348376011402,0.3333333333333333,0.0
toy_0,Triangle,Constant bias,8.0,1,A,0.007871613827558296,0.023614841482674887,0.3333333333333333,8.326672684688674e-17
toy_0,Triangle,Constant bias,8.0,1,B,0.007871613827558296,0.023614841482674887,0.3333333333333333,8.326672684688674e-17
toy_0,Triangle,Constant bias,8.0,1,C,0.007871613827558296,0.023614841482674887,0.3333333333333333,8.326672684688674e-17
toy_0,Triangle,Constant bias,8.0,2,A,0.006637270757471834,0.0199118122724155,0.33333333333333337,8.326672684688674e-17
toy_0,Triangle,Constant bias,8.0,2,B,0.006637270757471834,0.0199118122724155,0.33333333333333337,8.326672684688674e-17
toy_0,Triangle,Constant bias,8.0,2,C,0.006637270757471834,0.0199118122724155,0.33333333333333337,8.326672684688674e-17
toy_0,Triangle,Constant bias,8.1,1,A,0.007501863351346876,0.02250559005404063,0.3333333333333333,8.326672684688674e-17
toy_0,Triangle,Constant bias,8.1,1,B,0.007501863351346876,0.02250559005404063,0.3333333333333333,8.326672684688674e-17
toy_0,Triangle,Constant bias,8.1,1,C,0.007501863351346876,0.02250559005404063,0.3333333333333333,8.326672684688674e-17
toy_0,Triangle,Constant bias,8.1,2,A,0.006325424313080522,0.018976272939241565,0.33333333333333337,8.326672684688674e-17
toy_0,Triangle,Constant bias,8.1,2,B,0.006325424313080522,0.018976272939241565,0.33333333333333337,8.326672684688674e-17
toy_0,Triangle,Constant bias,8.1,2,C,0.006325424313080522,0.018976272939241565,0.33333333333333337,8.326672684688674e-17
toy_0,Triangle,Constant bias,8.200000000000001,1,A,0.007149476746972146,0.021448430240916437,0.3333333333333333,0.0
toy_0,Triangle,Constant bias,8.200000000000001,1,B,0.007149476746972146,0.021448430240916437,0.3333333333333333,0.0
toy_0,Triangle,Constant bias,8.200000000000001,1,C,0.007149476746972146,0.021448430240916437,0.3333333333333333,0.0
toy_0,Triangle,Constant bias,8.200000000000001,2,A,0.006028232245305439,0.01808469673591632,0.3333333333333333,0.0
toy_0,Triangle,Constant bias,8.200000000000001,2,B,0.006028232245305439,0.01808469673591632,0.3333333333333333,0.0
toy_0,Triangle,Constant bias,8.200000000000001,2,C,0.006028232245305439,0.01808469673591632,0.3333333333333333,0.0
toy_0,Triangle,Constant bias,8.3,1,A,0.006813639135383914,0.02044091740615174,0.33333333333333337,8.326672684688674e-17
toy_0,Triangle,Constant bias,8.3,1,B,0.006813639135383914,0.02044091740615174,0.33333333333333337,8.326672684688674e-17
toy_0,Triangle,Constant bias,8.3,1,C,0.006813639135383914,0.02044091740615174,0.33333333333333337,8.326672684688674e-17
toy_0,Triangle,Constant bias,8.3,2,A,0.0057450055874387245,0.017235016762316174,0.3333333333333333,8.326672684688674e-17
toy_0,Triangle,Constant bias,8.3,2,B,0.0057450055874387245,0.017235016762316174,0.3333333333333333,8.326672684688674e-17
toy_0,Triangle,Constant bias,8.3,2,C,0.0057450055874387245,0.017235016762316174,0.3333333333333333,8.326672684688674e-17
toy_0,Triangle,Constant bias,8.4,1,A,0.006493573809679755,0.019480721429039265,0.33333333333333337,0.0
toy_0,Triangle,Constant bias,8.4,1,B,0.006493573809679755,0.019480721429039265,0.33333333333333337,0.0
toy_0,Triangle,Constant bias,8.4,1,C,0.006493573809679755,0.019480721429039265,0.33333333333333337,0.0
toy_0,Triangle,Constant bias,8.4,2,A,0.005475087805466776,0.016425263416400326,0.33333333333333337,0.0
toy_0,Triangle,Constant bias,8.4,2,B,0.005475087805466776,0.016425263416400326,0.33333333333333337,0.0
toy_0,Triangle,Constant bias,8.4,2,C,0.005475087805466776,0.016425263416400326,0.33333333333333337,0.0
toy_0,Triangle,Constant bias,8.5,1,A,0.006188540455883391,0.01856562136765017,0.33333333333333337,8.326672684688674e-17
toy_0,Triangle,Constant bias,8.5,1,B,0.006188540455883391,0.01856562136765017,0.33333333333333337,8.326672684688674e-17
toy_0,Triangle,Constant bias,8.5,1,C,0.006188540455883391,0.01856562136765017,0.33333333333333337,8.326672684688674e-17
toy_0,Triangle,Constant bias,8.5,2,A,0.005217853266050164,0.015653559798150495,0.3333333333333333,8.326672684688674e-17
toy_0,Triangle,Constant bias,8.5,2,B,0.005217853266050164,0.015653559798150495,0.3333333333333333,8.326672684688674e-17
toy_0,Triangle,Constant bias,8.5,2,C,0.005217853266050164,0.015653559798150495,0.3333333333333333,8.326672684688674e-17
toy_0,Triangle,Constant bias,8.6,1,A,0.0058978334555129346,0.017693500366538804,0.3333333333333333,0.0
toy_0,Triangle,Constant bias,8.6,1,B,0.0058978334555129346,0.017693500366538804,0.3333333333333333,0.0
toy_0,Triangle,Constant bias,8.6,1,C,0.0058978334555129346,0.017693500366538804,0.3333333333333333,0.0
toy_0,Triangle,Constant bias,8.6,2,A,0.0049727057775425035,0.01491811733262751,0.3333333333333333,0.0
toy_0,Triangle,Constant bias,8.6,2,B,0.0049727057775425035,0.01491811733262751,0.3333333333333333,0.0
toy_0,Triangle,Constant bias,8.6,2,C,0.0049727057775425035,0.01491811733262751,0.3333333333333333,0.0
toy_0,Triangle,Constant bias,8.700000000000001,1,A,0.005620780266325926,0.01686234079897778,0.3333333333333333,0.0
toy_0,Triangle,Constant bias,8.700000000000001,1,B,0.005620780266325926,0.01686234079897778,0.3333333333333333,0.0
toy_0,Triangle,Constant bias,8.700000000000001,1,C,0.005620780266325926,0.01686234079897778,0.3333333333333333,0.0
toy_0,Triangle,Constant bias,8.700000000000001,2,A,0.004739077200481032,0.014217231601443097,0.3333333333333333,0.0
toy_0,Triangle,Constant bias,8.700000000000001,2,B,0.004739077200481032,0.014217231601443097,0.3333333333333333,0.0
toy_0,Triangle,Constant bias,8.700000000000001,2,C,0.004739077200481032,0.014217231601443097,0.3333333333333333,0.0
toy_0,Triangle,Constant bias,8.8,1,A,0.005356739877768488,0.016070219633305464,0.33333333333333337,0.0
toy_0,Triangle,Constant bias,8.8,1,B,0.005356739877768488,0.016070219633305464,0.33333333333333337,0.0
toy_0,Triangle,Constant bias,8.8,1,C,0.005356739877768488,0.016070219633305464,0.33333333333333337,0.0
toy_0,Triangle,Constant bias,8.8,2,A,0.004516426124166586,0.013549278372499758,0.33333333333333337,0.0
toy_0,Triangle,Constant bias,8.8,2,B,0.004516426124166586,0.013549278372499758,0.33333333333333337,0.0
toy_0,Triangle,Constant bias,8.8,2,C,0.004516426124166586,0.013549278372499758,0.33333333333333337,0.0
toy_0,Triangle,Constant bias,8.9,1,A,0.005105101337793335,0.015315304013380004,0.33333333333333337,0.0
toy_0,Triangle,Constant bias,8.9,1,B,0.005105101337793335,0.015315304013380004,0.33333333333333337,0.0
toy_0,Triangle,Constant bias,8.9,1,C,0.005105101337793335,0.015315304013380004,0.33333333333333337,0.0
toy_0,Triangle,Constant bias,8.9,2,A,0.004304236606124514,0.01291270981837354,0.33333333333333337,0.0
toy_0,Triangle,Constant bias,8.9,2,B,0.004304236606124514,0.01291270981837354,0.33333333333333337,0.0
toy_0,Triangle,Constant bias,8.9,2,C,0.004304236606124514,0.01291270981837354,0.33333333333333337,0.0
toy_0,Triangle,Constant bias,9.0,1,A,0.004865282347846313,0.014595847043538938,0.3333333333333333,0.0
toy_0,Triangle,Constant bias,9.0,1,B,0.004865282347846313,0.014595847043538938,0.3333333333333333,0.0
toy_0,Triangle,Constant bias,9.0,1,C,0.004865282347846313,0.014595847043538938,0.3333333333333333,0.0
toy_0,Triangle,Constant bias,9.0,2,A,0.004102016971402337,0.012306050914207011,0.3333333333333333,0.0
toy_0,Triangle,Constant bias,9.0,2,B,0.004102016971402337,0.012306050914207011,0.3333333333333333,0.0
toy_0,Triangle,Constant bias,9.0,2,C,0.004102016971402337,0.012306050914207011,0.3333333333333333,0.0
toy_0,Triangle,Constant bias,9.1,1,A,0.0046367279229514655,0.013910183768854396,0.3333333333333333,0.0
toy_0,Triangle,Constant bias,9.1,1,B,0.0046367279229514655,0.013910183768854396,0.3333333333333333,0.0
toy_0,Triangle,Constant bias,9.1,1,C,0.0046367279229514655,0.013910183768854396,0.3333333333333333,0.0
toy_0,Triangle,Constant bias,9.1,2,A,0.003909298668814136,0.011727896006442409,0.3333333333333333,0.0
toy_0,Triangle,Constant bias,9.1,2,B,0.003909298668814136,0.011727896006442409,0.3333333333333333,0.0
toy_0,Triangle,Constant bias,9.1,2,C,0.003909298668814136,0.011727896006442409,0.3333333333333333,0.0
toy_0,Triangle,Constant bias,9.200000000000001,1,A,0.004418909113952349,0.013256727341857046,0.33333333333333337,0.0
toy_0,Triangle,Constant bias,9.200000000000001,1,B,0.004418909113952349,0.013256727341857046,0.33333333333333337,0.0
toy_0,Triangle,Constant bias,9.200000000000001,1,C,0.004418909113952349,0.013256727341857046,0.33333333333333337,0.0
toy_0,Triangle,Constant bias,9.200000000000001,2,A,0.00372563518138772,0.01117690554416316,0.33333333333333337,0.0
toy_0,Triangle,Constant bias,9.200000000000001,2,B,0.00372563518138772,0.01117690554416316,0.33333333333333337,0.0
toy_0,Triangle,Constant bias,9.200000000000001,2,C,0.00372563518138772,0.01117690554416316,0.33333333333333337,0.0
toy_0,Triangle,Constant bias,9.3,1,A,0.004211321789090607,0.012633965367271821,0.3333333333333333,0.0
toy_0,Triangle,Constant bias,9.3,1,B,0.004211321789090607,0.012633965367271821,0.3333333333333333,0.0
toy_0,Triangle,Constant bias,9.3,1,C,0.004211321789090607,0.012633965367271821,0.3333333333333333,0.0
toy_0,Triangle,Constant bias,9.3,2,A,0.0035506009884082074,0.010651802965224623,0.3333333333333333,0.0
toy_0,Triangle,Constant bias,9.3,2,B,0.0035506009884082074,0.010651802965224623,0.3333333333333333,0.0
toy_0,Triangle,Constant bias,9.3,2,C,0.0035506009884082074,0.010651802965224623,0.3333333333333333,0.0
toy_0,Triangle,Constant bias,9.4,1,A,0.004013485472222214,0.012040456416666644,0.3333333333333333,0.0
toy_0,Triangle,Constant bias,9.4,1,B,0.004013485472222214,0.012040456416666644,0.3333333333333333,0.0
toy_0,Triangle,Constant bias,9.4,1,C,0.004013485472222214,0.012040456416666644,0.3333333333333333,0.0
toy_0,Triangle,Constant bias,9.4,2,A,0.003383790576581681,0.010151371729745043,0.3333333333333333,0.0
toy_0,Triangle,Constant bias,9.4,2,B,0.003383790576581681,0.010151371729745043,0.3333333333333333,0.0
toy_0,Triangle,Constant bias,9.4,2,C,0.003383790576581681,0.010151371729745043,0.3333333333333333,0.0
toy_0,Triangle,Constant bias,9.5,1,A,0.003824942235087726,0.011474826705263178,0.33333333333333337,8.326672684688674e-17
toy_0,Triangle,Constant bias,9.5,1,B,0.003824942235087726,0.011474826705263178,0.33333333333333337,8.326672684688674e-17
toy_0,Triangle,Constant bias,9.5,1,C,0.003824942235087726,0.011474826705263178,0.33333333333333337,8.326672684688674e-17
toy_0,Triangle,Constant bias,9.5,2,A,0.0032248174979657954,0.009674452493897387,0.3333333333333333,8.326672684688674e-17
toy_0,Triangle,Constant bias,9.5,2,B,0.0032248174979657954,0.009674452493897387,0.3333333333333333,8.326672684688674e-17
toy_0,Triangle,Constant bias,9.5,2,C,0.0032248174979657954,0.009674452493897387,0.3333333333333333,8.326672684688674e-17
toy_0,Triangle,Constant bias,9.600000000000001,1,A,0.0036452556411640403,0.01093576692349212,0.3333333333333333,0.0
toy_0,Triangle,Constant bias,9.600000000000001,1,B,0.0036452556411640403,0.01093576692349212,0.3333333333333333,0.0
toy_0,Triangle,Constant bias,9.600000000000001,1,C,0.0036452556411640403,0.01093576692349212,0.3333333333333333,0.0
toy_0,Triangle,Constant bias,9.600000000000001,2,A,0.0030733134724303408,0.009219940417291022,0.3333333333333333,0.0
toy_0,Triangle,Constant bias,9.600000000000001,2,B,0.0030733134724303408,0.009219940417291022,0.3333333333333333,0.0
toy_0,Triangle,Constant bias,9.600000000000001,2,C,0.0030733134724303408,0.009219940417291022,0.3333333333333333,0.0
toy_0,Triangle,Constant bias,9.700000000000001,1,A,0.003474009738733081,0.010422029216199242,0.33333333333333337,0.0
toy_0,Triangle,Constant bias,9.700000000000001,1,B,0.003474009738733081,0.010422029216199242,0.33333333333333337,0.0
toy_0,Triangle,Constant bias,9.700000000000001,1,C,0.003474009738733081,0.010422029216199242,0.33333333333333337,0.0
toy_0,Triangle,Constant bias,9.700000000000001,2,A,0.0029289275325211166,0.00878678259756335,0.33333333333333337,0.0
toy_0,Triangle,Constant bias,9.700000000000001,2,B,0.0029289275325211166,0.00878678259756335,0.33333333333333337,0.0
toy_0,Triangle,Constant bias,9.700000000000001,2,C,0.0029289275325211166,0.00878678259756335,0.33333333333333337,0.0
toy_0,Triangle,Constant bias,9.8,1,A,0.0033108081009061707,0.009932424302718512,0.3333333333333333,0.0
toy_0,Triangle,Constant bias,9.8,1,B,0.0033108081009061707,0.009932424302718512,0.3333333333333333,0.0
toy_0,Triangle,Constant bias,9.8,1,C,0.0033108081009061707,0.009932424302718512,0.3333333333333333,0.0
toy_0,Triangle,Constant bias,9.8,2,A,0.002791325208704662,0.008373975626113986,0.3333333333333333,0.0
toy_0,Triangle,Constant bias,9.8,2,B,0.002791325208704662,0.008373975626113986,0.3333333333333333,0.0
toy_0,Triangle,Constant bias,9.8,2,C,0.002791325208704662,0.008373975626113986,0.3333333333333333,0.0
toy_0,Triangle,Constant bias,9.9,1,A,0.003155272910442853,0.009465818731328558,0.33333333333333337,0.0
toy_0,Triangle,Constant bias,9.9,1,B,0.003155272910442853,0.009465818731328558,0.33333333333333337,0.0
toy_0,Triangle,Constant bias,9.9,1,C,0.003155272910442853,0.009465818731328558,0.33333333333333337,0.0
toy_0,Triangle,Constant bias,9.9,2,A,0.0026601877530704468,0.00798056325921134,0.33333333333333337,0.0
toy_0,Triangle,Constant bias,9.9,2,B,0.0026601877530704468,0.00798056325921134,0.33333333333333337,0.0
toy_0,Triangle,Constant bias,9.9,2,C,0.0026601877530704468,0.00798056325921134,0.33333333333333337,0.0
toy_0,Triangle,Constant bias,10.0,1,A,0.003007044087298504,0.009021132261895512,0.3333333333333333,0.0
toy_0,Triangle,Constant bias,10.0,1,B,0.003007044087298504,0.009021132261895512,0.3333333333333333,0.0
toy_0,Triangle,Constant bias,10.0,1,C,0.003007044087298504,0.009021132261895512,0.3333333333333333,0.0
toy_0,Triangle,Constant bias,10.0,2,A,0.0025352113996606846,0.007605634198982054,0.3333333333333333,0.0
toy_0,Triangle,Constant bias,10.0,2,B,0.0025352113996606846,0.007605634198982054,0.3333333333333333,0.0
toy_0,Triangle,Constant bias,10.0,2,C,0.0025352113996606846,0.007605634198982054,0.3333333333333333,0.0
toy_0,Triangle,Full DMWA,0.0,1,A,0.3333333333333333,1.0,0.3333333333333333,0.0
toy_0,Triangle,Full DMWA,0.0,1,B,0.3333333333333333,1.0,0.3333333333333333,0.0
toy_0,Triangle,Full DMWA,0.0,1,C,0.3333333333333333,1.0,0.3333333333333333,0.0
toy_0,Triangle,Full DMWA,0.0,2,A,0.3333333333333333,1.0,0.3333333333333333,0.0
toy_0,Triangle,Full DMWA,0.0,2,B,0.3333333333333333,1.0,0.3333333333333333,0.0
toy_0,Triangle,Full DMWA,0.0,2,C,0.3333333333333333,1.0,0.3333333333333333,0.0
toy_0,Triangle,Full DMWA,0.1,1,A,0.32060971925258563,0.9618291577577569,0.3333333333333333,0.0
toy_0,Triangle,Full DMWA,0.1,1,B,0.32060971925258563,0.9618291577577569,0.3333333333333333,0.0
toy_0,Triangle,Full DMWA,0.1,1,C,0.32060971925258563,0.9618291577577569,0.3333333333333333,0.0
toy_0,Triangle,Full DMWA,0.1,2,A,0.31593217401368495,0.9477965220410549,0.3333333333333333,0.0
toy_0,Triangle,Full DMWA,0.1,2,B,0.31593217401368495,0.9477965220410549,0.3333333333333333,0.0
toy_0,Triangle,Full DMWA,0.1,2,C,0.31593217401368495,0.9477965220410549,0.3333333333333333,0.0
toy_0,Triangle,Full DMWA,0.2,1,A,0.3081092230841219,0.9243276692523658,0.3333333333333333,0.0
toy_0,Triangle,Full DMWA,0.2,1,B,0.3081092230841219,0.9243276692523658,0.3333333333333333,0.0
toy_0,Triangle,Full DMWA,0.2,1,C,0.3081092230841219,0.9243276692523658,0.3333333333333333,0.0
toy_0,Triangle,Full DMWA,0.2,2,A,0.2995706923078117,0.8987120769234351,0.3333333333333333,0.0
toy_0,Triangle,Full DMWA,0.2,2,B,0.2995706923078117,0.8987120769234351,0.3333333333333333,0.0
toy_0,Triangle,Full DMWA,0.2,2,C,0.2995706923078117,0.8987120769234351,0.3333333333333333,0.0
toy_0,Triangle,Full DMWA,0.30000000000000004,1,A,0.29586916216863857,0.8876074865059157,0.3333333333333333,0.0
toy_0,Triangle,Full DMWA,0.30000000000000004,1,B,0.29586916216863857,0.8876074865059157,0.3333333333333333,0.0
toy_0,Triangle,Full DMWA,0.30000000000000004,1,C,0.29586916216863857,0.8876074865059157,0.3333333333333333,0.0
toy_0,Triangle,Full DMWA,0.30000000000000004,2,A,0.28417169645865453,0.8525150893759637,0.3333333333333333,0.0
toy_0,Triangle,Full DMWA,0.30000000000000004,2,B,0.28417169645865453,0.8525150893759637,0.3333333333333333,0.0
toy_0,Triangle,Full DMWA,0.30000000000000004,2,C,0.28417169645865453,0.8525150893759637,0.3333333333333333,0.0
toy_0,Triangle,Full DMWA,0.4,1,A,0.2839190019546876,0.8517570058640629,0.3333333333333333,0.0
toy_0,Triangle,Full DMWA,0.4,1,B,0.2839190019546876,0.8517570058640629,0.3333333333333333,0.0
toy_0,Triangle,Full DMWA,0.4,1,C,0.2839190019546876,0.8517570058640629,0.3333333333333333,0.0
toy_0,Triangle,Full DMWA,0.4,2,A,0.26966523811625276,0.8089957143487583,0.3333333333333333,0.0
toy_0,Triangle,Full DMWA,0.4,2,B,0.26966523811625276,0.8089957143487583,0.3333333333333333,0.0
toy_0,Triangle,Full DMWA,0.4,2,C,0.26966523811625276,0.8089957143487583,0.3333333333333333,0.0
toy_0,Triangle,Full DMWA,0.5,1,A,0.27228150301935355,0.8168445090580607,0.3333333333333333,0.0
toy_0,Triangle,Full DMWA,0.5,1,B,0.27228150301935355,0.8168445090580607,0.3333333333333333,0.0
toy_0,Triangle,Full DMWA,0.5,1,C,0.27228150301935355,0.8168445090580607,0.3333333333333333,0.0
toy_0,Triangle,Full DMWA,0.5,2,A,0.25598781055303055,0.7679634316590916,0.3333333333333333,0.0
toy_0,Triangle,Full DMWA,0.5,2,B,0.25598781055303055,0.7679634316590916,0.3333333333333333,0.0
toy_0,Triangle,Full DMWA,0.5,2,C,0.25598781055303055,0.7679634316590916,0.3333333333333333,0.0
toy_0,Triangle,Full DMWA,0.6000000000000001,1,A,0.2609737149186815,0.7829211447560445,0.3333333333333333,8.326672684688674e-17
toy_0,Triangle,Full DMWA,0.6000000000000001,1,B,0.2609737149186815,0.7829211447560445,0.3333333333333333,8.326672684688674e-17
toy_0,Triangle,Full DMWA,0.6000000000000001,1,C,0.2609737149186815,0.7829211447560445,0.3333333333333333,8.326672684688674e-17
toy_0,Triangle,Full DMWA,0.6000000000000001,2,A,0.24308164342878655,0.7292449302863596,0.33333333333333337,8.326672684688674e-17
toy_0,Triangle,Full DMWA,0.6000000000000001,2,B,0.24308164342878655,0.7292449302863596,0.33333333333333337,8.326672684688674e-17
toy_0,Triangle,Full DMWA,0.6000000000000001,2,C,0.24308164342878655,0.7292449302863596,0.33333333333333337,8.326672684688674e-17
toy_0,Triangle,Full DMWA,0.7000000000000001,1,A,0.2500078367314089,0.7500235101942268,0.3333333333333333,8.326672684688674e-17
toy_0,Triangle,Full DMWA,0.7000000000000001,1,B,0.2500078367314089,0.7500235101942268,0.3333333333333333,8.326672684688674e-17
toy_0,Triangle,Full DMWA,0.7000000000000001,1,C,0.2500078367314089,0.7500235101942268,0.3333333333333333,8.326672684688674e-17
toy_0,Triangle,Full DMWA,0.7000000000000001,2,A,0.23089408205669754,0.6926822461700926,0.33333333333333337,8.326672684688674e-17
toy_0,Triangle,Full DMWA,0.7000000000000001,2,B,0.23089408205669754,0.6926822461700926,0.33333333333333337,8.326672684688674e-17
toy_0,Triangle,Full DMWA,0.7000000000000001,2,C,0.23089408205669754,0.6926822461700926,0.33333333333333337,8.326672684688674e-17
toy_0,Triangle,Full DMWA,0.8,1,A,0.23939196161009538,0.7181758848302862,0.3333333333333333,8.326672684688674e-17
toy_0,Triangle,Full DMWA,0.8,1,B,0.23939196161009538,0.7181758848302862,0.3333333333333333,8.326672684688674e-17
toy_0,Triangle,Full DMWA,0.8,1,C,0.23939196161009538,0.7181758848302862,0.3333333333333333,8.326672684688674e-17
toy_0,Triangle,Full DMWA,0.8,2,A,0.21937704064625715,0.6581311219387714,0.33333333333333337,8.326672684688674e-17
toy_0,Triangle,Full DMWA,0.8,2,B,0.21937704064625715,0.6581311219387714,0.33333333333333337,8.326672684688674e-17
toy_0,Triangle,Full DMWA,0.8,2,C,0.21937704064625715,0.6581311219387714,0.33333333333333337,8.326672684688674e-17
toy_0,Triangle,Full DMWA,0.9,1,A,0.2291307204302788,0.6873921612908364,0.33333333333333337,0.0
toy_0,Triangle,Full DMWA,0.9,1,B,0.2291307204302788,0.6873921612908364,0.33333333333333337,0.0
toy_0,Triangle,Full DMWA,0.9,1,C,0.2291307204302788,0.6873921612908364,0.33333333333333337,0.0
toy_0,Triangle,Full DMWA,0.9,2,A,0.20848652032974999,0.6254595609892499,0.33333333333333337,0.0
toy_0,Triangle,Full DMWA,0.9,2,B,0.20848652032974999,0.6254595609892499,0.33333333333333337,0.0
toy_0,Triangle,Full DMWA,0.9,2,C,0.20848652032974999,0.6254595609892499,0.33333333333333337,0.0
toy_0,Triangle,Full DMWA,1.0,1,A,0.2192258376891894,0.6576775130675683,0.3333333333333333,0.0
toy_0,Triangle,Full DMWA,1.0,1,B,0.2192258376891894,0.6576775130675683,0.3333333333333333,0.0
toy_0,Triangle,Full DMWA,1.0,1,C,0.2192258376891894,0.6576775130675683,0.3333333333333333,0.0
toy_0,Triangle,Full DMWA,1.0,2,A,0.19818218394032555,0.5945465518209767,0.3333333333333333,0.0
toy_0,Triangle,Full DMWA,1.0,2,B,0.19818218394032555,0.5945465518209767,0.3333333333333333,0.0
toy_0,Triangle,Full DMWA,1.0,2,C,0.19818218394032555,0.5945465518209767,0.3333333333333333,0.0
toy_0,Triangle,Full DMWA,1.1,1,A,0.20967661111450694,0.6290298333435208,0.33333333333333337,0.0
toy_0,Triangle,Full DMWA,1.1,1,B,0.20967661111450694,0.6290298333435208,0.33333333333333337,0.0
toy_0,Triangle,Full DMWA,1.1,1,C,0.20967661111450694,0.6290298333435208,0.33333333333333337,0.0
toy_0,Triangle,Full DMWA,1.1,2,A,0.1884269805235536,0.5652809415706608,0.33333333333333337,0.0
toy_0,Triangle,Full DMWA,1.1,2,B,0.1884269805235536,0.5652809415706608,0.33333333333333337,0.0
toy_0,Triangle,Full DMWA,1.1,2,C,0.1884269805235536,0.5652809415706608,0.33333333333333337,0.0
toy_0,Triangle,Full DMWA,1.2000000000000002,1,A,0.20048032496897755,0.6014409749069327,0.3333333333333333,0.0
toy_0,Triangle,Full DMWA,1.2000000000000002,1,B,0.20048032496897755,0.6014409749069327,0.3333333333333333,0.0
toy_0,Triangle,Full DMWA,1.2000000000000002,1,C,0.20048032496897755,0.6014409749069327,0.3333333333333333,0.0
toy_0,Triangle,Full DMWA,1.2000000000000002,2,A,0.1791868134493163,0.5375604403479489,0.3333333333333333,0.0
toy_0,Triangle,Full DMWA,1.2000000000000002,2,B,0.1791868134493163,0.5375604403479489,0.3333333333333333,0.0
toy_0,Triangle,Full DMWA,1.2000000000000002,2,C,0.1791868134493163,0.5375604403479489,0.3333333333333333,0.0
toy_0,Triangle,Full DMWA,1.3,1,A,0.191632605750774,0.574897817252322,0.3333333333333333,8.326672684688674e-17
toy_0,Triangle,Full DMWA,1.3,1,B,0.191632605750774,0.574897817252322,0.3333333333333333,8.326672684688674e-17
toy_0,Triangle,Full DMWA,1.3,1,C,0.191632605750774,0.574897817252322,0.3333333333333333,8.326672684688674e-17
toy_0,Triangle,Full DMWA,1.3,2,A,0.17043024676345095,0.5112907402903528,0.33333333333333337,8.326672684688674e-17
toy_0,Triangle,Full DMWA,1.3,2,B,0.17043024676345095,0.5112907402903528,0.33333333333333337,8.326672684688674e-17
toy_0,Triangle,Full DMWA,1.3,2,C,0.17043024676345095,0.5112907402903528,0.33333333333333337,8.326672684688674e-17
toy_0,Triangle,Full DMWA,1.4000000000000001,1,A,0.18312772786817585,0.5493831836045275,0.33333333333333337,8.326672684688674e-17
toy_0,Triangle,Full DMWA,1.4000000000000001,1,B,0.18312772786817585,0.5493831836045275,0.33333333333333337,8.326672684688674e-17
toy_0,Triangle,Full DMWA,1.4000000000000001,1,C,0.18312772786817585,0.5493831836045275,0.33333333333333337,8.326672684688674e-17
toy_0,Triangle,Full DMWA,1.4000000000000001,2,A,0.1621282450930053,0.48638473527901593,0.3333333333333333,8.326672684688674e-17
toy_0,Triangle,Full DMWA,1.4000000000000001,2,B,0.1621282450930053,0.48638473527901593,0.3333333333333333,8.326672684688674e-17
toy_0,Triangle,Full DMWA,1.4000000000000001,2,C,0.1621282450930053,0.48638473527901593,0.3333333333333333,8.326672684688674e-17
toy_0,Triangle,Full DMWA,1.5,1,A,0.17495887588944684,0.5248766276683405,0.3333333333333333,0.0
toy_0,Triangle,Full DMWA,1.5,1,B,0.17495887588944684,0.5248766276683405,0.3333333333333333,0.0
toy_0,Triangle,Full DMWA,1.5,1,C,0.17495887588944684,0.5248766276683405,0.3333333333333333,0.0
toy_0,Triangle,Full DMWA,1.5,2,A,0.1542539430078164,0.4627618290234492,0.3333333333333333,0.0
toy_0,Triangle,Full DMWA,1.5,2,B,0.1542539430078164,0.4627618290234492,0.3333333333333333,0.0
toy_0,Triangle,Full DMWA,1.5,2,C,0.1542539430078164,0.4627618290234492,0.3333333333333333,0.0
toy_0,Triangle,Full DMWA,1.6,1,A,0.16711836911632377,0.5013551073489713,0.33333333333333337,8.326672684688674e-17
toy_0,Triangle,Full DMWA,1.6,1,B,0.16711836911632377,0.5013551073489713,0.33333333333333337,8.326672684688674e-17
toy_0,Triangle,Full DMWA,1.6,1,C,0.16711836911632377,0.5013551073489713,0.33333333333333337,8.326672684688674e-17
toy_0,Triangle,Full DMWA,1.6,2,A,0.14678244025526088,0.44034732076578265,0.3333333333333333,8.326672684688674e-17
toy_0,Triangle,Full DMWA,1.6,2,B,0.14678244025526088,0.44034732076578265,0.3333333333333333,8.326672684688674e-17
toy_0,Triangle,Full DMWA,1.6,2,C,0.14678244025526088,0.44034732076578265,0.3333333333333333,8.326672684688674e-17
toy_0,Triangle,Full DMWA,1.7000000000000002,1,A,0.15959785348633143,0.4787935604589943,0.3333333333333333,0.0
toy_0,Triangle,Full DMWA,1.7000000000000002,1,B,0.15959785348633143,0.4787935604589943,0.3333333333333333,0.0
toy_0,Triangle,Full DMWA,1.7000000000000002,1,C,0.15959785348633143,0.4787935604589943,0.3333333333333333,0.0
toy_0,Triangle,Full DMWA,1.7000000000000002,2,A,0.13969061973397126,0.4190718592019138,0.3333333333333333,0.0
toy_0,Triangle,Full DMWA,1.7000000000000002,2,B,0.13969061973397126,0.4190718592019138,0.3333333333333333,0.0
toy_0,Triangle,Full DMWA,1.7000000000000002,2,C,0.13969061973397126,0.4190718592019138,0.3333333333333333,0.0
toy_0,Triangle,Full DMWA,1.8,1,A,0.1523884651612077,0.45716539548362306,0.3333333333333333,0.0
toy_0,Triangle,Full DMWA,1.8,1,B,0.1523884651612077,0.45716539548362306,0.3333333333333333,0.0
toy_0,Triangle,Full DMWA,1.8,1,C,0.1523884651612077,0.45716539548362306,0.3333333333333333,0.0
toy_0,Triangle,Full DMWA,1.8,2,A,0.1329569854643658,0.3988709563930974,0.3333333333333333,0.0
toy_0,Triangle,Full DMWA,1.8,2,B,0.1329569854643658,0.3988709563930974,0.3333333333333333,0.0
toy_0,Triangle,Full DMWA,1.8,2,C,0.1329569854643658,0.3988709563930974,0.3333333333333333,0.0
toy_0,Triangle,Full DMWA,1.9000000000000001,1,A,0.14548096959391255,0.43644290878173764,0.3333333333333333,0.0
toy_0,Triangle,Full DMWA,1.9000000000000001,1,B,0.14548096959391255,0.43644290878173764,0.3333333333333333,0.0
toy_0,Triangle,Full DMWA,1.9000000000000001,1,C,0.14548096959391255,0.43644290878173764,0.3333333333333333,0.0
toy_0,Triangle,Full DMWA,1.9000000000000001,2,A,0.1265615181562335,0.37968455446870053,0.3333333333333333,0.0
toy_0,Triangle,Full DMWA,1.9000000000000001,2,B,0.1265615181562335,0.37968455446870053,0.3333333333333333,0.0
toy_0,Triangle,Full DMWA,1.9000000000000001,2,C,0.1265615181562335,0.37968455446870053,0.3333333333333333,0.0
toy_0,Triangle,Full DMWA,2.0,1,A,0.13886587937435568,0.41659763812306705,0.3333333333333333,0.0
toy_0,Triangle,Full DMWA,2.0,1,B,0.13886587937435568,0.41659763812306705,0.3333333333333333,0.0
toy_0,Triangle,Full DMWA,2.0,1,C,0.13886587937435568,0.41659763812306705,0.3333333333333333,0.0
toy_0,Triangle,Full DMWA,2.0,2,A,0.12048554627268356,0.3614566388180507,0.3333333333333333,0.0
toy_0,Triangle,Full DMWA,2.0,2,B,0.12048554627268356,0.3614566388180507,0.3333333333333333,0.0
toy_0,Triangle,Full DMWA,2.0,2,C,0.12048554627268356,0.3614566388180507,0.3333333333333333,0.0
toy_0,Triangle,Full DMWA,2.1,1,A,0.13253355372485714,0.39760066117457143,0.3333333333333333,8.326672684688674e-17
toy_0,Triangle,Full DMWA,2.1,1,B,0.13253355372485714,0.39760066117457143,0.3333333333333333,8.326672684688674e-17
toy_0,Triangle,Full DMWA,2.1,1,C,0.13253355372485714,0.39760066117457143,0.3333333333333333,8.326672684688674e-17
toy_0,Triangle,Full DMWA,2.1,2,A,0.11471163075100087,0.3441348922530026,0.33333333333333337,8.326672684688674e-17
toy_0,Triangle,Full DMWA,2.1,2,B,0.11471163075100087,0.3441348922530026,0.33333333333333337,8.326672684688674e-17
toy_0,Triangle,Full DMWA,2.1,2,C,0.11471163075100087,0.3441348922530026,0.33333333333333337,8.326672684688674e-17
toy_0,Triangle,Full DMWA,2.2,1,A,0.12647428214236878,0.37942284642710633,0.3333333333333333,0.0
toy_0,Triangle,Full DMWA,2.2,1,B,0.12647428214236878,0.37942284642710633,0.3333333333333333,0.0
toy_0,Triangle,Full DMWA,2.2,1,C,0.12647428214236878,0.37942284642710633,0.3333333333333333,0.0
toy_0,Triangle,Full DMWA,2.2,2,A,0.10922346176918281,0.32767038530754844,0.3333333333333333,0.0
toy_0,Triangle,Full DMWA,2.2,2,B,0.10922346176918281,0.32767038530754844,0.3333333333333333,0.0
toy_0,Triangle,Full DMWA,2.2,2,C,0.10922346176918281,0.32767038530754844,0.3333333333333333,0.0
toy_0,Triangle,Full DMWA,2.3000000000000003,1,A,0.12067835435856675,0.3620350630757002,0.33333333333333337,8.326672684688674e-17
toy_0,Triangle,Full DMWA,2.3000000000000003,1,B,0.12067835435856675,0.3620350630757002,0.33333333333333337,8.326672684688674e-17
toy_0,Triangle,Full DMWA,2.3000000000000003,1,C,0.12067835435856675,0.3620350630757002,0.33333333333333337,8.326672684688674e-17
toy_0,Triangle,Full DMWA,2.3000000000000003,2,A,0.10400576614633794,0.3120172984390138,0.3333333333333333,8.326672684688674e-17
toy_0,Triangle,Full DMWA,2.3000000000000003,2,B,0.10400576614633794,0.3120172984390138,0.3333333333333333,8.326672684688674e-17
toy_0,Triangle,Full DMWA,2.3000000000000003,2,C,0.10400576614633794,0.3120172984390138,0.3333333333333333,8.326672684688674e-17
toy_0,Triangle,Full DMWA,2.4000000000000004,1,A,0.11513611850494526,0.3454083555148358,0.3333333333333333,0.0
toy_0,Triangle,Full DMWA,2.4000000000000004,1,B,0.11513611850494526,0.3454083555148358,0.3333333333333333,0.0
toy_0,Triangle,Full DMWA,2.4000000000000004,1,C,0.11513611850494526,0.3454083555148358,0.3333333333333333,0.0
toy_0,Triangle,Full DMWA,2.4000000000000004,2,A,0.09904422413938797,0.29713267241816393,0.3333333333333333,0.0
toy_0,Triangle,Full DMWA,2.4000000000000004,2,B,0.09904422413938797,0.29713267241816393,0.3333333333333333,0.0
toy_0,Triangle,Full DMWA,2.4000000000000004,2,C,0.09904422413938797,0.29713267241816393,0.3333333333333333,0.0
toy_0,Triangle,Full DMWA,2.5,1,A,0.10983802912261476,0.32951408736784427,0.3333333333333333,0.0
toy_0,Triangle,Full DMWA,2.5,1,B,0.10983802912261476,0.32951408736784427,0.3333333333333333,0.0
toy_0,Triangle,Full DMWA,2.5,1,C,0.10983802912261476,0.32951408736784427,0.3333333333333333,0.0
toy_0,Triangle,Full DMWA,2.5,2,A,0.0943253945508137,0.2829761836524411,0.3333333333333333,0.0
toy_0,Triangle,Full DMWA,2.5,2,B,0.0943253945508137,0.2829761836524411,0.3333333333333333,0.0
toy_0,Triangle,Full DMWA,2.5,2,C,0.0943253945508137,0.2829761836524411,0.3333333333333333,0.0
toy_0,Triangle,Full DMWA,2.6,1,A,0.10477468644096694,0.3143240593229008,0.3333333333333333,0.0
toy_0,Triangle,Full DMWA,2.6,1,B,0.10477468644096694,0.3143240593229008,0.3333333333333333,0.0
toy_0,Triangle,Full DMWA,2.6,1,C,0.10477468644096694,0.3143240593229008,0.3333333333333333,0.0
toy_0,Triangle,Full DMWA,2.6,2,A,0.08983664719531628,0.2695099415859489,0.3333333333333333,0.0
toy_0,Triangle,Full DMWA,2.6,2,B,0.08983664719531628,0.2695099415859489,0.3333333333333333,0.0
toy_0,Triangle,Full DMWA,2.6,2,C,0.08983664719531628,0.2695099415859489,0.3333333333333333,0.0
toy_0,Triangle,Full DMWA,2.7,1,A,0.09993686816162425,0.29981060448487273,0.33333333333333337,8.326672684688674e-17
toy_0,Triangle,Full DMWA,2.7,1,B,0.09993686816162425,0.29981060448487273,0.33333333333333337,8.326672684688674e-17
toy_0,Triangle,Full DMWA,2.7,1,C,0.09993686816162425,0.29981060448487273,0.33333333333333337,8.326672684688674e-17
toy_0,Triangle,Full DMWA,2.7,2,A,0.08556610188966209,0.25669830566898627,0.3333333333333333,8.326672684688674e-17
toy_0,Triangle,Full DMWA,2.7,2,B,0.08556610188966209,0.25669830566898627,0.3333333333333333,8.326672684688674e-17
toy_0,Triangle,Full DMWA,2.7,2,C,0.08556610188966209,0.25669830566898627,0.3333333333333333,8.326672684688674e-17
toy_0,Triangle,Full DMWA,2.8000000000000003,1,A,0.09531555482058579,0.28594666446175737,0.3333333333333333,0.0
toy_0,Triangle,Full DMWA,2.8000000000000003,1,B,0.09531555482058579,0.28594666446175737,0.3333333333333333,0.0
toy_0,Triangle,Full DMWA,2.8000000000000003,1,C,0.09531555482058579,0.28594666446175737,0.3333333333333333,0.0
toy_0,Triangle,Full DMWA,2.8000000000000003,2,A,0.08150257323176088,0.24450771969528265,0.3333333333333333,0.0
toy_0,Triangle,Full DMWA,2.8000000000000003,2,B,0.08150257323176088,0.24450771969528265,0.3333333333333333,0.0
toy_0,Triangle,Full DMWA,2.8000000000000003,2,C,0.08150257323176088,0.24450771969528265,0.3333333333333333,0.0
toy_0,Triangle,Full DMWA,2.9000000000000004,1,A,0.09090194965910736,0.2727058489773221,0.3333333333333333,0.0
toy_0,Triangle,Full DMWA,2.9000000000000004,1,B,0.09090194965910736,0.2727058489773221,0.3333333333333333,0.0
toy_0,Triangle,Full DMWA,2.9000000000000004,1,C,0.09090194965910736,0.2727058489773221,0.3333333333333333,0.0
toy_0,Triangle,Full DMWA,2.9000000000000004,2,A,0.07763552052405433,0.232906561572163,0.3333333333333333,0.0
toy_0,Triangle,Full DMWA,2.9000000000000004,2,B,0.07763552052405433,0.232906561572163,0.3333333333333333,0.0
toy_0,Triangle,Full DMWA,2.9000000000000004,2,C,0.07763552052405433,0.232906561572163,0.3333333333333333,0.0
toy_0,Triangle,Full DMWA,3.0,1,A,0.0866874938099027,0.2600624814297081,0.3333333333333333,8.326672684688674e-17
toy_0,Triangle,Full DMWA,3.0,1,B,0.0866874938099027,0.2600624814297081,0.3333333333333333,8.326672684688674e-17
toy_0,Triangle,Full DMWA,3.0,1,C,0.0866874938099027,0.2600624814297081,0.3333333333333333,8.326672684688674e-17
toy_0,Triangle,Full DMWA,3.0,2,A,0.07395500227417294,0.2218650068225188,0.33333333333333337,8.326672684688674e-17
toy_0,Triangle,Full DMWA,3.0,2,B,0.07395500227417294,0.2218650068225188,0.33333333333333337,8.326672684688674e-17
toy_0,Triangle,Full DMWA,3.0,2,C,0.07395500227417294,0.2218650068225188,0.33333333333333337,8.326672684688674e-17
toy_0,Triangle,Full DMWA,3.1,1,A,0.08266387749736195,0.24799163249208586,0.3333333333333333,0.0
toy_0,Triangle,Full DMWA,3.1,1,B,0.08266387749736195,0.24799163249208586,0.3333333333333333,0.0
toy_0,Triangle,Full DMWA,3.1,1,C,0.08266387749736195,0.24799163249208586,0.3333333333333333,0.0
toy_0,Triangle,Full DMWA,3.1,2,A,0.0704516347739732,0.2113549043219196,0.3333333333333333,0.0
toy_0,Triangle,Full DMWA,3.1,2,B,0.0704516347739732,0.2113549043219196,0.3333333333333333,0.0
toy_0,Triangle,Full DMWA,3.1,2,C,0.0704516347739732,0.2113549043219196,0.3333333333333333,0.0
toy_0,Triangle,Full DMWA,3.2,1,A,0.078823047856593,0.236469143569779,0.3333333333333333,8.326672684688674e-17
toy_0,Triangle,Full DMWA,3.2,1,B,0.078823047856593,0.236469143569779,0.3333333333333333,8.326672684688674e-17
toy_0,Triangle,Full DMWA,3.2,1,C,0.078823047856593,0.236469143569779,0.3333333333333333,8.326672684688674e-17
toy_0,Triangle,Full DMWA,3.2,2,A,0.06711655431772094,0.2013496629531628,0.33333333333333337,8.326672684688674e-17
toy_0,Triangle,Full DMWA,3.2,2,B,0.06711655431772094,0.2013496629531628,0.33333333333333337,8.326672684688674e-17
toy_0,Triangle,Full DMWA,3.2,2,C,0.06711655431772094,0.2013496629531628,0.33333333333333337,8.326672684688674e-17
toy_0,Triangle,Full DMWA,3.3000000000000003,1,A,0.07515721389440254,0.2254716416832076,0.33333333333333337,8.326672684688674e-17
toy_0,Triangle,Full DMWA,3.3000000000000003,1,B,0.07515721389440254,0.2254716416832076,0.33333333333333337,8.326672684688674e-17
toy_0,Triangle,Full DMWA,3.3000000000000003,1,C,0.07515721389440254,0.2254716416832076,0.33333333333333337,8.326672684688674e-17
toy_0,Triangle,Full DMWA,3.3000000000000003,2,A,0.06394138267241728,0.19182414801725184,0.3333333333333333,8.326672684688674e-17
toy_0,Triangle,Full DMWA,3.3000000000000003,2,B,0.06394138267241728,0.19182414801725184,0.3333333333333333,8.326672684688674e-17
toy_0,Triangle,Full DMWA,3.3000000000000003,2,C,0.06394138267241728,0.19182414801725184,0.3333333333333333,8.326672684688674e-17
toy_0,Triangle,Full DMWA,3.4000000000000004,1,A,0.07165884904428024,0.21497654713284073,0.3333333333333333,8.326672684688674e-17
toy_0,Triangle,Full DMWA,3.4000000000000004,1,B,0.07165884904428024,0.21497654713284073,0.3333333333333333,8.326672684688674e-17
toy_0,Triangle,Full DMWA,3.4000000000000004,1,C,0.07165884904428024,0.21497654713284073,0.3333333333333333,8.326672684688674e-17
toy_0,Triangle,Full DMWA,3.4000000000000004,2,A,0.06091819545900955,0.18275458637702863,0.33333333333333337,8.326672684688674e-17
toy_0,Triangle,Full DMWA,3.4000000000000004,2,B,0.06091819545900955,0.18275458637702863,0.33333333333333337,8.326672684688674e-17
toy_0,Triangle,Full DMWA,3.4000000000000004,2,C,0.06091819545900955,0.18275458637702863,0.33333333333333337,8.326672684688674e-17
toy_0,Triangle,Full DMWA,3.5,1,A,0.0683206917056648,0.20496207511699438,0.3333333333333333,0.0
toy_0,Triangle,Full DMWA,3.5,1,B,0.0683206917056648,0.20496207511699438,0.3333333333333333,0.0
toy_0,Triangle,Full DMWA,3.5,1,C,0.0683206917056648,0.20496207511699438,0.3333333333333333,0.0
toy_0,Triangle,Full DMWA,3.5,2,A,0.058039493143309265,0.1741184794299278,0.3333333333333333,0.0
toy_0,Triangle,Full DMWA,3.5,2,B,0.058039493143309265,0.1741184794299278,0.3333333333333333,0.0
toy_0,Triangle,Full DMWA,3.5,2,C,0.058039493143309265,0.1741184794299278,0.3333333333333333,0.0
toy_0,Triangle,Full DMWA,3.6,1,A,0.06513574410406048,0.19540723231218143,0.3333333333333333,0.0
toy_0,Triangle,Full DMWA,3.6,1,B,0.06513574410406048,0.19540723231218143,0.3333333333333333,0.0
toy_0,Triangle,Full DMWA,3.6,1,C,0.06513574410406048,0.19540723231218143,0.3333333333333333,0.0
toy_0,Triangle,Full DMWA,3.6,2,A,0.0552981743705674,0.16589452311170222,0.3333333333333333,0.0
toy_0,Triangle,Full DMWA,3.6,2,B,0.0552981743705674,0.16589452311170222,0.3333333333333333,0.0
toy_0,Triangle,Full DMWA,3.6,2,C,0.0552981743705674,0.16589452311170222,0.3333333333333333,0.0
toy_0,Triangle,Full DMWA,3.7,1,A,0.06209726976190222,0.18629180928570666,0.3333333333333333,8.326672684688674e-17
toy_0,Triangle,Full DMWA,3.7,1,B,0.06209726976190222,0.18629180928570666,0.3333333333333333,8.326672684688674e-17
toy_0,Triangle,Full DMWA,3.7,1,C,0.06209726976190222,0.18629180928570666,0.3333333333333333,8.326672684688674e-17
toy_0,Triangle,Full DMWA,3.7,2,A,0.052687511408459085,0.15806253422537725,0.33333333333333337,8.326672684688674e-17
toy_0,Triangle,Full DMWA,3.7,2,B,0.052687511408459085,0.15806253422537725,0.33333333333333337,8.326672684688674e-17
toy_0,Triangle,Full DMWA,3.7,2,C,0.052687511408459085,0.15806253422537725,0.33333333333333337,8.326672684688674e-17
toy_0,Triangle,Full DMWA,3.8000000000000003,1,A,0.0591987898295224,0.1775963694885672,0.3333333333333333,8.326672684688674e-17
toy_0,Triangle,Full DMWA,3.8000000000000003,1,B,0.0591987898295224,0.1775963694885672,0.3333333333333333,8.326672684688674e-17
toy_0,Triangle,Full DMWA,3.8000000000000003,1,C,0.0591987898295224,0.1775963694885672,0.3333333333333333,8.326672684688674e-17
toy_0,Triangle,Full DMWA,3.8000000000000003,2,A,0.05020112749024804,0.15060338247074412,0.33333333333333337,8.326672684688674e-17
toy_0,Triangle,Full DMWA,3.8000000000000003,2,B,0.05020112749024804,0.15060338247074412,0.33333333333333337,8.326672684688674e-17
toy_0,Triangle,Full DMWA,3.8000000000000003,2,C,0.05020112749024804,0.15060338247074412,0.33333333333333337,8.326672684688674e-17
toy_0,Triangle,Full DMWA,3.9000000000000004,1,A,0.056434078490372276,0.16930223547111684,0.3333333333333333,0.0
toy_0,Triangle,Full DMWA,3.9000000000000004,1,B,0.056434078490372276,0.16930223547111684,0.3333333333333333,0.0
toy_0,Triangle,Full DMWA,3.9000000000000004,1,C,0.056434078490372276,0.16930223547111684,0.3333333333333333,0.0
toy_0,Triangle,Full DMWA,3.9000000000000004,2,A,0.04783297587361453,0.1434989276208436,0.3333333333333333,0.0
toy_0,Triangle,Full DMWA,3.9000000000000004,2,B,0.04783297587361453,0.1434989276208436,0.3333333333333333,0.0
toy_0,Triangle,Full DMWA,3.9000000000000004,2,C,0.04783297587361453,0.1434989276208436,0.3333333333333333,0.0
toy_0,Triangle,Full DMWA,4.0,1,A,0.053797157624098195,0.16139147287229458,0.33333333333333337,0.0
toy_0,Triangle,Full DMWA,4.0,1,B,0.053797157624098195,0.16139147287229458,0.33333333333333337,0.0
toy_0,Triangle,Full DMWA,4.0,1,C,0.053797157624098195,0.16139147287229458,0.33333333333333337,0.0
toy_0,Triangle,Full DMWA,4.0,2,A,0.04557732045145145,0.13673196135435434,0.33333333333333337,0.0
toy_0,Triangle,Full DMWA,4.0,2,B,0.04557732045145145,0.13673196135435434,0.33333333333333337,0.0
toy_0,Triangle,Full DMWA,4.0,2,C,0.04557732045145145,0.13673196135435434,0.33333333333333337,0.0
toy_0,Triangle,Full DMWA,4.1000000000000005,1,A,0.05128229088457019,0.15384687265371055,0.33333333333333337,0.0
toy_0,Triangle,Full DMWA,4.1000000000000005,1,B,0.05128229088457019,0.15384687265371055,0.33333333333333337,0.0
toy_0,Triangle,Full DMWA,4.1000000000000005,1,C,0.05128229088457019,0.15384687265371055,0.33333333333333337,0.0
toy_0,Triangle,Full DMWA,4.1000000000000005,2,A,0.04342871776922501,0.130286153307675,0.33333333333333337,0.0
toy_0,Triangle,Full DMWA,4.1000000000000005,2,B,0.04342871776922501,0.130286153307675,0.33333333333333337,0.0
toy_0,Triangle,Full DMWA,4.1000000000000005,2,C,0.04342871776922501,0.130286153307675,0.33333333333333337,0.0
toy_0,Triangle,Full DMWA,4.2,1,A,0.04888397732698598,0.14665193198095794,0.33333333333333337,8.326672684688674e-17
toy_0,Triangle,Full DMWA,4.2,1,B,0.04888397732698598,0.14665193198095794,0.33333333333333337,8.326672684688674e-17
toy_0,Triangle,Full DMWA,4.2,1,C,0.04888397732698598,0.14665193198095794,0.33333333333333337,8.326672684688674e-17
toy_0,Triangle,Full DMWA,4.2,2,A,0.041382000319578296,0.12414600095873489,0.3333333333333333,8.326672684688674e-17
toy_0,Triangle,Full DMWA,4.2,2,B,0.041382000319578296,0.12414600095873489,0.3333333333333333,8.326672684688674e-17
toy_0,Triangle,Full DMWA,4.2,2,C,0.041382000319578296,0.12414600095873489,0.3333333333333333,8.326672684688674e-17
toy_0,Triangle,Full DMWA,4.3,1,A,0.046596944698264135,0.1397908340947924,0.33333333333333337,8.326672684688674e-17
toy_0,Triangle,Full DMWA,4.3,1,B,0.046596944698264135,0.1397908340947924,0.33333333333333337,8.326672684688674e-17
toy_0,Triangle,Full DMWA,4.3,1,C,0.046596944698264135,0.1397908340947924,0.33333333333333337,8.326672684688674e-17
toy_0,Triangle,Full DMWA,4.3,2,A,0.0394322609989982,0.1182967829969946,0.3333333333333333,8.326672684688674e-17
toy_0,Triangle,Full DMWA,4.3,2,B,0.0394322609989982,0.1182967829969946,0.3333333333333333,8.326672684688674e-17
toy_0,Triangle,Full DMWA,4.3,2,C,0.0394322609989982,0.1182967829969946,0.3333333333333333,8.326672684688674e-17
toy_0,Triangle,Full DMWA,4.4,1,A,0.044416142487707366,0.1332484274631221,0.3333333333333333,0.0
toy_0,Triangle,Full DMWA,4.4,1,B,0.044416142487707366,0.1332484274631221,0.3333333333333333,0.0
toy_0,Triangle,Full DMWA,4.4,1,C,0.044416142487707366,0.1332484274631221,0.3333333333333333,0.0
toy_0,Triangle,Full DMWA,4.4,2,A,0.037574838623819995,0.11272451587145998,0.3333333333333333,0.0
toy_0,Triangle,Full DMWA,4.4,2,B,0.037574838623819995,0.11272451587145998,0.3333333333333333,0.0
toy_0,Triangle,Full DMWA,4.4,2,C,0.037574838623819995,0.11272451587145998,0.3333333333333333,0.0
toy_0,Triangle,Full DMWA,4.5,1,A,0.042336734820003344,0.12701020446001005,0.3333333333333333,0.0
toy_0,Triangle,Full DMWA,4.5,1,B,0.042336734820003344,0.12701020446001005,0.3333333333333333,0.0
toy_0,Triangle,Full DMWA,4.5,1,C,0.042336734820003344,0.12701020446001005,0.3333333333333333,0.0
toy_0,Triangle,Full DMWA,4.5,2,A,0.035805304413808886,0.10741591324142666,0.3333333333333333,0.0
toy_0,Triangle,Full DMWA,4.5,2,B,0.035805304413808886,0.10741591324142666,0.3333333333333333,0.0
toy_0,Triangle,Full DMWA,4.5,2,C,0.035805304413808886,0.10741591324142666,0.3333333333333333,0.0
toy_0,Triangle,Full DMWA,4.6000000000000005,1,A,0.04035409325974082,0.12106227977922246,0.3333333333333333,8.326672684688674e-17
toy_0,Triangle,Full DMWA,4.6000000000000005,1,B,0.04035409325974082,0.12106227977922246,0.3333333333333333,8.326672684688674e-17
toy_0,Triangle,Full DMWA,4.6000000000000005,1,C,0.04035409325974082,0.12106227977922246,0.3333333333333333,8.326672684688674e-17
toy_0,Triangle,Full DMWA,4.6000000000000005,2,A,0.03411944936122751,0.10235834808368252,0.33333333333333337,8.326672684688674e-17
toy_0,Triangle,Full DMWA,4.6000000000000005,2,B,0.03411944936122751,0.10235834808368252,0.33333333333333337,8.326672684688674e-17
toy_0,Triangle,Full DMWA,4.6000000000000005,2,C,0.03411944936122751,0.10235834808368252,0.33333333333333337,8.326672684688674e-17
toy_0,Triangle,Full DMWA,4.7,1,A,0.038463789585489724,0.11539136875646917,0.3333333333333333,0.0
toy_0,Triangle,Full DMWA,4.7,1,B,0.038463789585489724,0.11539136875646917,0.3333333333333333,0.0
toy_0,Triangle,Full DMWA,4.7,1,C,0.038463789585489724,0.11539136875646917,0.3333333333333333,0.0
toy_0,Triangle,Full DMWA,4.7,2,A,0.03251327241182973,0.0975398172354892,0.3333333333333333,0.0
toy_0,Triangle,Full DMWA,4.7,2,B,0.03251327241182973,0.0975398172354892,0.3333333333333333,0.0
toy_0,Triangle,Full DMWA,4.7,2,C,0.03251327241182973,0.0975398172354892,0.3333333333333333,0.0
toy_0,Triangle,Full DMWA,4.800000000000001,1,A,0.03666158858188733,0.10998476574566199,0.33333333333333337,8.326672684688674e-17
toy_0,Triangle,Full DMWA,4.800000000000001,1,B,0.03666158858188733,0.10998476574566199,0.33333333333333337,8.326672684688674e-17
toy_0,Triangle,Full DMWA,4.800000000000001,1,C,0.03666158858188733,0.10998476574566199,0.33333333333333337,8.326672684688674e-17
toy_0,Triangle,Full DMWA,4.800000000000001,2,A,0.030982969391753497,0.0929489081752605,0.3333333333333333,8.326672684688674e-17
toy_0,Triangle,Full DMWA,4.800000000000001,2,B,0.030982969391753497,0.0929489081752605,0.3333333333333333,8.326672684688674e-17
toy_0,Triangle,Full DMWA,4.800000000000001,2,C,0.030982969391753497,0.0929489081752605,0.3333333333333333,8.326672684688674e-17
toy_0,Triangle,Full DMWA,4.9,1,A,0.03494344088990202,0.10483032266970606,0.3333333333333333,0.0
toy_0,Triangle,Full DMWA,4.9,1,B,0.03494344088990202,0.10483032266970606,0.3333333333333333,0.0
toy_0,Triangle,Full DMWA,4.9,1,C,0.03494344088990202,0.10483032266970606,0.3333333333333333,0.0
toy_0,Triangle,Full DMWA,4.9,2,A,0.029524922620946477,0.08857476786283944,0.3333333333333333,0.0
toy_0,Triangle,Full DMWA,4.9,2,B,0.029524922620946477,0.08857476786283944,0.3333333333333333,0.0
toy_0,Triangle,Full DMWA,4.9,2,C,0.029524922620946477,0.08857476786283944,0.3333333333333333,0.0
toy_0,Triangle,Full DMWA,5.0,1,A,0.03330547594832224,0.09991642784496672,0.3333333333333333,8.326672684688674e-17
toy_0,Triangle,Full DMWA,5.0,1,B,0.03330547594832224,0.09991642784496672,0.3333333333333333,8.326672684688674e-17
toy_0,Triangle,Full DMWA,5.0,1,C,0.03330547594832224,0.09991642784496672,0.3333333333333333,8.326672684688674e-17
toy_0,Triangle,Full DMWA,5.0,2,A,0.028135691159649447,0.08440707347894834,0.33333333333333337,8.326672684688674e-17
toy_0,Triangle,Full DMWA,5.0,2,B,0.028135691159649447,0.08440707347894834,0.33333333333333337,8.326672684688674e-17
toy_0,Triangle,Full DMWA,5.0,2,C,0.028135691159649447,0.08440707347894834,0.33333333333333337,8.326672684688674e-17
toy_0,Triangle,Full DMWA,5.1000000000000005,1,A,0.03174399505340323,0.0952319851602097,0.3333333333333333,8.326672684688674e-17
toy_0,Triangle,Full DMWA,5.1000000000000005,1,B,0.03174399505340323,0.0952319851602097,0.3333333333333333,8.326672684688674e-17
toy_0,Triangle,Full DMWA,5.1000000000000005,1,C,0.03174399505340323,0.0952319851602097,0.3333333333333333,8.326672684688674e-17
toy_0,Triangle,Full DMWA,5.1000000000000005,2,A,0.026812001639683374,0.08043600491905012,0.33333333333333337,8.326672684688674e-17
toy_0,Triangle,Full DMWA,5.1000000000000005,2,B,0.026812001639683374,0.08043600491905012,0.33333333333333337,8.326672684688674e-17
toy_0,Triangle,Full DMWA,5.1000000000000005,2,C,0.026812001639683374,0.08043600491905012,0.33333333333333337,8.326672684688674e-17
toy_0,Triangle,Full DMWA,5.2,1,A,0.03025546455835363,0.0907663936750609,0.3333333333333333,0.0
toy_0,Triangle,Full DMWA,5.2,1,B,0.03025546455835363,0.0907663936750609,0.3333333333333333,0.0
toy_0,Triangle,Full DMWA,5.2,1,C,0.03025546455835363,0.0907663936750609,0.3333333333333333,0.0
toy_0,Triangle,Full DMWA,5.2,2,A,0.025550739636914788,0.07665221891074436,0.3333333333333333,0.0
toy_0,Triangle,Full DMWA,5.2,2,B,0.025550739636914788,0.07665221891074436,0.3333333333333333,0.0
toy_0,Triangle,Full DMWA,5.2,2,C,0.025550739636914788,0.07665221891074436,0.3333333333333333,0.0
toy_0,Triangle,Full DMWA,5.300000000000001,1,A,0.02883650922985156,0.08650952768955468,0.33333333333333337,8.326672684688674e-17
toy_0,Triangle,Full DMWA,5.300000000000001,1,B,0.02883650922985156,0.08650952768955468,0.33333333333333337,8.326672684688674e-17
toy_0,Triangle,Full DMWA,5.300000000000001,1,C,0.02883650922985156,0.08650952768955468,0.33333333333333337,8.326672684688674e-17
toy_0,Triangle,Full DMWA,5.300000000000001,2,A,0.024348941545384032,0.0730468246361521,0.3333333333333333,8.326672684688674e-17
toy_0,Triangle,Full DMWA,5.300000000000001,2,B,0.024348941545384032,0.0730468246361521,0.3333333333333333,8.326672684688674e-17
toy_0,Triangle,Full DMWA,5.300000000000001,2,C,0.024348941545384032,0.0730468246361521,0.3333333333333333,8.326672684688674e-17
toy_0,Triangle,Full DMWA,5.4,1,A,0.027483905774941215,0.08245171732482365,0.3333333333333333,0.0
toy_0,Triangle,Full DMWA,5.4,1,B,0.027483905774941215,0.08245171732482365,0.3333333333333333,0.0
toy_0,Triangle,Full DMWA,5.4,1,C,0.027483905774941215,0.08245171732482365,0.3333333333333333,0.0
toy_0,Triangle,Full DMWA,5.4,2,A,0.02320378691723629,0.06961136075170887,0.3333333333333333,0.0
toy_0,Triangle,Full DMWA,5.4,2,B,0.02320378691723629,0.06961136075170887,0.3333333333333333,0.0
toy_0,Triangle,Full DMWA,5.4,2,C,0.02320378691723629,0.06961136075170887,0.3333333333333333,0.0
toy_0,Triangle,Full DMWA,5.5,1,A,0.026194576548387832,0.0785837296451635,0.3333333333333333,0.0
toy_0,Triangle,Full DMWA,5.5,1,B,0.026194576548387832,0.0785837296451635,0.3333333333333333,0.0
toy_0,Triangle,Full DMWA,5.5,1,C,0.026194576548387832,0.0785837296451635,0.3333333333333333,0.0
toy_0,Triangle,Full DMWA,5.5,2,A,0.022112591235847023,0.06633777370754107,0.3333333333333333,0.0
toy_0,Triangle,Full DMWA,5.5,2,B,0.022112591235847023,0.06633777370754107,0.3333333333333333,0.0
toy_0,Triangle,Full DMWA,5.5,2,C,0.022112591235847023,0.06633777370754107,0.3333333333333333,0.0
toy_0,Triangle,Full DMWA,5.6000000000000005,1,A,0.024965583447789687,0.07489675034336907,0.3333333333333333,8.326672684688674e-17
toy_0,Triangle,Full DMWA,5.6000000000000005,1,B,0.024965583447789687,0.07489675034336907,0.3333333333333333,8.326672684688674e-17
toy_0,Triangle,Full DMWA,5.6000000000000005,1,C,0.024965583447789687,0.07489675034336907,0.3333333333333333,8.326672684688674e-17
toy_0,Triangle,Full DMWA,5.6000000000000005,2,A,0.021072799092434934,0.0632183972773048,0.33333333333333337,8.326672684688674e-17
toy_0,Triangle,Full DMWA,5.6000000000000005,2,B,0.021072799092434934,0.0632183972773048,0.33333333333333337,8.326672684688674e-17
toy_0,Triangle,Full DMWA,5.6000000000000005,2,C,0.021072799092434934,0.0632183972773048,0.33333333333333337,8.326672684688674e-17
toy_0,Triangle,Full DMWA,5.7,1,A,0.023794122001389084,0.07138236600416725,0.3333333333333333,0.0
toy_0,Triangle,Full DMWA,5.7,1,B,0.023794122001389084,0.07138236600416725,0.3333333333333333,0.0
toy_0,Triangle,Full DMWA,5.7,1,C,0.023794122001389084,0.07138236600416725,0.3333333333333333,0.0
toy_0,Triangle,Full DMWA,5.7,2,A,0.02008197773904448,0.06024593321713344,0.3333333333333333,0.0
toy_0,Triangle,Full DMWA,5.7,2,B,0.02008197773904448,0.06024593321713344,0.3333333333333333,0.0
toy_0,Triangle,Full DMWA,5.7,2,C,0.02008197773904448,0.06024593321713344,0.3333333333333333,0.0
toy_0,Triangle,Full DMWA,5.800000000000001,1,A,0.02267751565153606,0.06803254695460818,0.3333333333333333,0.0
toy_0,Triangle,Full DMWA,5.800000000000001,1,B,0.02267751565153606,0.06803254695460818,0.3333333333333333,0.0
toy_0,Triangle,Full DMWA,5.800000000000001,1,C,0.02267751565153606,0.06803254695460818,0.3333333333333333,0.0
toy_0,Triangle,Full DMWA,5.800000000000001,2,A,0.01913781099309489,0.05741343297928467,0.3333333333333333,0.0
toy_0,Triangle,Full DMWA,5.800000000000001,2,B,0.01913781099309489,0.05741343297928467,0.3333333333333333,0.0
toy_0,Triangle,Full DMWA,5.800000000000001,2,C,0.01913781099309489,0.05741343297928467,0.3333333333333333,0.0
toy_0,Triangle,Full DMWA,5.9,1,A,0.02161321023508881,0.06483963070526644,0.3333333333333333,0.0
toy_0,Triangle,Full DMWA,5.9,1,B,0.02161321023508881,0.06483963070526644,0.3333333333333333,0.0
toy_0,Triangle,Full DMWA,5.9,1,C,0.02161321023508881,0.06483963070526644,0.3333333333333333,0.0
toy_0,Triangle,Full DMWA,5.9,2,A,0.018238093470767644,0.05471428041230293,0.3333333333333333,0.0
toy_0,Triangle,Full DMWA,5.9,2,B,0.018238093470767644,0.05471428041230293,0.3333333333333333,0.0
toy_0,Triangle,Full DMWA,5.9,2,C,0.018238093470767644,0.05471428041230293,0.3333333333333333,0.0
toy_0,Triangle,Full DMWA,6.0,1,A,0.0205987686606366,0.0617963059819098,0.33333333333333337,8.326672684688674e-17
toy_0,Triangle,Full DMWA,6.0,1,B,0.0205987686606366,0.0617963059819098,0.33333333333333337,8.326672684688674e-17
toy_0,Triangle,Full DMWA,6.0,1,C,0.0205987686606366,0.0617963059819098,0.33333333333333337,8.326672684688674e-17
toy_0,Triangle,Full DMWA,6.0,2,A,0.01738072512836336,0.052142175385090084,0.3333333333333333,8.326672684688674e-17
toy_0,Triangle,Full DMWA,6.0,2,B,0.01738072512836336,0.052142175385090084,0.3333333333333333,8.326672684688674e-17
toy_0,Triangle,Full DMWA,6.0,2,C,0.01738072512836336,0.052142175385090084,0.3333333333333333,8.326672684688674e-17
toy_0,Triangle,Full DMWA,6.1000000000000005,1,A,0.019631865781271463,0.05889559734381439,0.3333333333333333,0.0
toy_0,Triangle,Full DMWA,6.1000000000000005,1,B,0.019631865781271463,0.05889559734381439,0.3333333333333333,0.0
toy_0,Triangle,Full DMWA,6.1000000000000005,1,C,0.019631865781271463,0.05889559734381439,0.3333333333333333,0.0
toy_0,Triangle,Full DMWA,6.1000000000000005,2,A,0.016563706092432108,0.049691118277296324,0.3333333333333333,0.0
toy_0,Triangle,Full DMWA,6.1000000000000005,2,B,0.016563706092432108,0.049691118277296324,0.3333333333333333,0.0
toy_0,Triangle,Full DMWA,6.1000000000000005,2,C,0.016563706092432108,0.049691118277296324,0.3333333333333333,0.0
toy_0,Triangle,Full DMWA,6.2,1,A,0.018710283460677046,0.05613085038203114,0.3333333333333333,0.0
toy_0,Triangle,Full DMWA,6.2,1,B,0.018710283460677046,0.05613085038203114,0.3333333333333333,0.0
toy_0,Triangle,Full DMWA,6.2,1,C,0.018710283460677046,0.05613085038203114,0.3333333333333333,0.0
toy_0,Triangle,Full DMWA,6.2,2,A,0.0157851317609857,0.0473553952829571,0.3333333333333333,0.0
toy_0,Triangle,Full DMWA,6.2,2,B,0.0157851317609857,0.0473553952829571,0.3333333333333333,0.0
toy_0,Triangle,Full DMWA,6.2,2,C,0.0157851317609857,0.0473553952829571,0.3333333333333333,0.0
toy_0,Triangle,Full DMWA,6.300000000000001,1,A,0.017831905829520447,0.05349571748856134,0.3333333333333333,8.326672684688674e-17
toy_0,Triangle,Full DMWA,6.300000000000001,1,B,0.017831905829520447,0.05349571748856134,0.3333333333333333,8.326672684688674e-17
toy_0,Triangle,Full DMWA,6.300000000000001,1,C,0.017831905829520447,0.05349571748856134,0.3333333333333333,8.326672684688674e-17
toy_0,Triangle,Full DMWA,6.300000000000001,2,A,0.015043188159457748,0.04512956447837324,0.33333333333333337,8.326672684688674e-17
toy_0,Triangle,Full DMWA,6.300000000000001,2,B,0.015043188159457748,0.04512956447837324,0.33333333333333337,8.326672684688674e-17
toy_0,Triangle,Full DMWA,6.300000000000001,2,C,0.015043188159457748,0.04512956447837324,0.33333333333333337,8.326672684688674e-17
toy_0,Triangle,Full DMWA,6.4,1,A,0.01699471472850042,0.05098414418550126,0.3333333333333333,0.0
toy_0,Triangle,Full DMWA,6.4,1,B,0.01699471472850042,0.05098414418550126,0.3333333333333333,0.0
toy_0,Triangle,Full DMWA,6.4,1,C,0.01699471472850042,0.05098414418550126,0.3333333333333333,0.0
toy_0,Triangle,Full DMWA,6.4,2,A,0.014336147536304675,0.043008442608914024,0.3333333333333333,0.0
toy_0,Triangle,Full DMWA,6.4,2,B,0.014336147536304675,0.043008442608914024,0.3333333333333333,0.0
toy_0,Triangle,Full DMWA,6.4,2,C,0.014336147536304675,0.043008442608914024,0.3333333333333333,0.0
toy_0,Triangle,Full DMWA,6.5,1,A,0.01619678533390107,0.048590356001703215,0.3333333333333333,0.0
toy_0,Triangle,Full DMWA,6.5,1,B,0.01619678533390107,0.048590356001703215,0.3333333333333333,0.0
toy_0,Triangle,Full DMWA,6.5,1,C,0.01619678533390107,0.048590356001703215,0.3333333333333333,0.0
toy_0,Triangle,Full DMWA,6.5,2,A,0.013662364184249935,0.04098709255274981,0.3333333333333333,0.0
toy_0,Triangle,Full DMWA,6.5,2,B,0.013662364184249935,0.04098709255274981,0.3333333333333333,0.0
toy_0,Triangle,Full DMWA,6.5,2,C,0.013662364184249935,0.04098709255274981,0.3333333333333333,0.0
toy_0,Triangle,Full DMWA,6.6000000000000005,1,A,0.015436281961106215,0.04630884588331864,0.33333333333333337,8.326672684688674e-17
toy_0,Triangle,Full DMWA,6.6000000000000005,1,B,0.015436281961106215,0.04630884588331864,0.33333333333333337,8.326672684688674e-17
toy_0,Triangle,Full DMWA,6.6000000000000005,1,C,0.015436281961106215,0.04630884588331864,0.33333333333333337,8.326672684688674e-17
toy_0,Triangle,Full DMWA,6.6000000000000005,2,A,0.013020270474181878,0.03906081142254564,0.3333333333333333,8.326672684688674e-17
toy_0,Triangle,Full DMWA,6.6000000000000005,2,B,0.013020270474181878,0.03906081142254564,0.3333333333333333,8.326672684688674e-17
toy_0,Triangle,Full DMWA,6.6000000000000005,2,C,0.013020270474181878,0.03906081142254564,0.3333333333333333,8.326672684688674e-17
toy_0,Triangle,Full DMWA,6.7,1,A,0.01471145404122855,0.044134362123685655,0.3333333333333333,8.326672684688674e-17
toy_0,Triangle,Full DMWA,6.7,1,B,0.01471145404122855,0.044134362123685655,0.3333333333333333,8.326672684688674e-17
toy_0,Triangle,Full DMWA,6.7,1,C,0.01471145404122855,0.044134362123685655,0.3333333333333333,8.326672684688674e-17
toy_0,Triangle,Full DMWA,6.7,2,A,0.012408373089630175,0.03722511926889052,0.33333333333333337,8.326672684688674e-17
toy_0,Triangle,Full DMWA,6.7,2,B,0.012408373089630175,0.03722511926889052,0.33333333333333337,8.326672684688674e-17
toy_0,Triangle,Full DMWA,6.7,2,C,0.012408373089630175,0.03722511926889052,0.33333333333333337,8.326672684688674e-17
toy_0,Triangle,Full DMWA,6.800000000000001,1,A,0.014020632265787376,0.04206189679736213,0.3333333333333333,8.326672684688674e-17
toy_0,Triangle,Full DMWA,6.800000000000001,1,B,0.014020632265787376,0.04206189679736213,0.3333333333333333,8.326672684688674e-17
toy_0,Triangle,Full DMWA,6.800000000000001,1,C,0.014020632265787376,0.04206189679736213,0.3333333333333333,8.326672684688674e-17
toy_0,Triangle,Full DMWA,6.800000000000001,2,A,0.011825249450579011,0.03547574835173703,0.33333333333333337,8.326672684688674e-17
toy_0,Triangle,Full DMWA,6.800000000000001,2,B,0.011825249450579011,0.03547574835173703,0.33333333333333337,8.326672684688674e-17
toy_0,Triangle,Full DMWA,6.800000000000001,2,C,0.011825249450579011,0.03547574835173703,0.33333333333333337,8.326672684688674e-17
toy_0,Triangle,Full DMWA,6.9,1,A,0.013362224894215402,0.040086674682646206,0.3333333333333333,0.0
toy_0,Triangle,Full DMWA,6.9,1,B,0.013362224894215402,0.040086674682646206,0.3333333333333333,0.0
toy_0,Triangle,Full DMWA,6.9,1,C,0.013362224894215402,0.040086674682646206,0.3333333333333333,0.0
toy_0,Triangle,Full DMWA,6.9,2,A,0.011269544316135735,0.033808632948407205,0.3333333333333333,0.0
toy_0,Triangle,Full DMWA,6.9,2,B,0.011269544316135735,0.033808632948407205,0.3333333333333333,0.0
toy_0,Triangle,Full DMWA,6.9,2,C,0.011269544316135735,0.033808632948407205,0.3333333333333333,0.0
toy_0,Triangle,Full DMWA,7.0,1,A,0.0127347142188785,0.0382041426566355,0.3333333333333333,8.326672684688674e-17
toy_0,Triangle,Full DMWA,7.0,1,B,0.0127347142188785,0.0382041426566355,0.3333333333333333,8.326672684688674e-17
toy_0,Triangle,Full DMWA,7.0,1,C,0.0127347142188785,0.0382041426566355,0.3333333333333333,8.326672684688674e-17
toy_0,Triangle,Full DMWA,7.0,2,A,0.010739966556268212,0.03221989966880463,0.33333333333333337,8.326672684688674e-17
toy_0,Triangle,Full DMWA,7.0,2,B,0.010739966556268212,0.03221989966880463,0.33333333333333337,8.326672684688674e-17
toy_0,Triangle,Full DMWA,7.0,2,C,0.010739966556268212,0.03221989966880463,0.33333333333333337,8.326672684688674e-17
toy_0,Triangle,Full DMWA,7.1000000000000005,1,A,0.01213665318224502,0.03640995954673506,0.33333333333333337,8.326672684688674e-17
toy_0,Triangle,Full DMWA,7.1000000000000005,1,B,0.01213665318224502,0.03640995954673506,0.33333333333333337,8.326672684688674e-17
toy_0,Triangle,Full DMWA,7.1000000000000005,1,C,0.01213665318224502,0.03640995954673506,0.33333333333333337,8.326672684688674e-17
toy_0,Triangle,Full DMWA,7.1000000000000005,2,A,0.010235286083460556,0.03070585825038167,0.3333333333333333,8.326672684688674e-17
toy_0,Triangle,Full DMWA,7.1000000000000005,2,B,0.010235286083460556,0.03070585825038167,0.3333333333333333,8.326672684688674e-17
toy_0,Triangle,Full DMWA,7.1000000000000005,2,C,0.010235286083460556,0.03070585825038167,0.3333333333333333,8.326672684688674e-17
toy_0,Triangle,Full DMWA,7.2,1,A,0.011566662140832875,0.03469998642249862,0.33333333333333337,8.326672684688674e-17
toy_0,Triangle,Full DMWA,7.2,1,B,0.011566662140832875,0.03469998642249862,0.33333333333333337,8.326672684688674e-17
toy_0,Triangle,Full DMWA,7.2,1,C,0.011566662140832875,0.03469998642249862,0.33333333333333337,8.326672684688674e-17
toy_0,Triangle,Full DMWA,7.2,2,A,0.009754330935721062,0.029262992807163185,0.3333333333333333,8.326672684688674e-17
toy_0,Triangle,Full DMWA,7.2,2,B,0.009754330935721062,0.029262992807163185,0.3333333333333333,8.326672684688674e-17
toy_0,Triangle,Full DMWA,7.2,2,C,0.009754330935721062,0.029262992807163185,0.3333333333333333,8.326672684688674e-17
toy_0,Triangle,Full DMWA,7.300000000000001,1,A,0.011023425770588426,0.033070277311765275,0.33333333333333337,8.326672684688674e-17
toy_0,Triangle,Full DMWA,7.300000000000001,1,B,0.011023425770588426,0.033070277311765275,0.33333333333333337,8.326672684688674e-17
toy_0,Triangle,Full DMWA,7.300000000000001,1,C,0.011023425770588426,0.033070277311765275,0.33333333333333337,8.326672684688674e-17
toy_0,Triangle,Full DMWA,7.300000000000001,2,A,0.00929598450291258,0.02788795350873774,0.3333333333333333,8.326672684688674e-17
toy_0,Triangle,Full DMWA,7.300000000000001,2,B,0.00929598450291258,0.02788795350873774,0.3333333333333333,8.326672684688674e-17
toy_0,Triangle,Full DMWA,7.300000000000001,2,C,0.00929598450291258,0.02788795350873774,0.3333333333333333,8.326672684688674e-17
toy_0,Triangle,Full DMWA,7.4,1,A,0.010505690108405052,0.031517070325215155,0.33333333333333337,8.326672684688674e-17
toy_0,Triangle,Full DMWA,7.4,1,B,0.010505690108405052,0.031517070325215155,0.33333333333333337,8.326672684688674e-17
toy_0,Triangle,Full DMWA,7.4,1,C,0.010505690108405052,0.031517070325215155,0.33333333333333337,8.326672684688674e-17
toy_0,Triangle,Full DMWA,7.4,2,A,0.008859182888870675,0.026577548666612025,0.3333333333333333,8.326672684688674e-17
toy_0,Triangle,Full DMWA,7.4,2,B,0.008859182888870675,0.026577548666612025,0.3333333333333333,8.326672684688674e-17
toy_0,Triangle,Full DMWA,7.4,2,C,0.008859182888870675,0.026577548666612025,0.3333333333333333,8.326672684688674e-17
toy_0,Triangle,Full DMWA,7.5,1,A,0.010012259724564654,0.03003677917369396,0.3333333333333333,8.326672684688674e-17
toy_0,Triangle,Full DMWA,7.5,1,B,0.010012259724564654,0.03003677917369396,0.3333333333333333,8.326672684688674e-17
toy_0,Triangle,Full DMWA,7.5,1,C,0.010012259724564654,0.03003677917369396,0.3333333333333333,8.326672684688674e-17
toy_0,Triangle,Full DMWA,7.5,2,A,0.00844291240223055,0.025328737206691647,0.33333333333333337,8.326672684688674e-17
toy_0,Triangle,Full DMWA,7.5,2,B,0.00844291240223055,0.025328737206691647,0.33333333333333337,8.326672684688674e-17
toy_0,Triangle,Full DMWA,7.5,2,C,0.00844291240223055,0.025328737206691647,0.33333333333333337,8.326672684688674e-17
toy_0,Triangle,Full DMWA,7.6000000000000005,1,A,0.009541995020980739,0.028625985062942217,0.3333333333333333,0.0
toy_0,Triangle,Full DMWA,7.6000000000000005,1,B,0.009541995020980739,0.028625985062942217,0.3333333333333333,0.0
toy_0,Triangle,Full DMWA,7.6000000000000005,1,C,0.009541995020980739,0.028625985062942217,0.3333333333333333,0.0
toy_0,Triangle,Full DMWA,7.6000000000000005,2,A,0.008046207169305989,0.024138621507917967,0.3333333333333333,0.0
toy_0,Triangle,Full DMWA,7.6000000000000005,2,B,0.008046207169305989,0.024138621507917967,0.3333333333333333,0.0
toy_0,Triangle,Full DMWA,7.6000000000000005,2,C,0.008046207169305989,0.024138621507917967,0.3333333333333333,0.0
toy_0,Triangle,Full DMWA,7.7,1,A,0.00909380965023054,0.027281428950691623,0.3333333333333333,0.0
toy_0,Triangle,Full DMWA,7.7,1,B,0.00909380965023054,0.027281428950691623,0.3333333333333333,0.0
toy_0,Triangle,Full DMWA,7.7,1,C,0.00909380965023054,0.027281428950691623,0.3333333333333333,0.0
toy_0,Triangle,Full DMWA,7.7,2,A,0.00766814686275406,0.02300444058826218,0.3333333333333333,0.0
toy_0,Triangle,Full DMWA,7.7,2,B,0.00766814686275406,0.02300444058826218,0.3333333333333333,0.0
toy_0,Triangle,Full DMWA,7.7,2,C,0.00766814686275406,0.02300444058826218,0.3333333333333333,0.0
toy_0,Triangle,Full DMWA,7.800000000000001,1,A,0.008666668050484536,0.026000004151453607,0.3333333333333333,0.0
toy_0,Triangle,Full DMWA,7.800000000000001,1,B,0.008666668050484536,0.026000004151453607,0.3333333333333333,0.0
toy_0,Triangle,Full DMWA,7.800000000000001,1,C,0.008666668050484536,0.026000004151453607,0.3333333333333333,0.0
toy_0,Triangle,Full DMWA,7.800000000000001,2,A,0.007307854540121355,0.021923563620364066,0.3333333333333333,0.0
toy_0,Triangle,Full DMWA,7.800000000000001,2,B,0.007307854540121355,0.021923563620364066,0.3333333333333333,0.0
toy_0,Triangle,Full DMWA,7.800000000000001,2,C,0.007307854540121355,0.021923563620364066,0.3333333333333333,0.0
toy_0,Triangle,Full DMWA,7.9,1,A,0.008259583091572167,0.024778749274716502,0.3333333333333333,0.0
toy_0,Triangle,Full DMWA,7.9,1,B,0.008259583091572167,0.024778749274716502,0.3333333333333333,0.0
toy_0,Triangle,Full DMWA,7.9,1,C,0.008259583091572167,0.024778749274716502,0.3333333333333333,0.0
toy_0,Triangle,Full DMWA,7.9,2,A,0.0069644945867046735,0.02089348376011402,0.3333333333333333,0.0
toy_0,Triangle,Full DMWA,7.9,2,B,0.0069644945867046735,0.02089348376011402,0.3333333333333333,0.0
toy_0,Triangle,Full DMWA,7.9,2,C,0.0069644945867046735,0.02089348376011402,0.3333333333333333,0.0
toy_0,Triangle,Full DMWA,8.0,1,A,0.007871613827558296,0.023614841482674887,0.3333333333333333,8.326672684688674e-17
toy_0,Triangle,Full DMWA,8.0,1,B,0.007871613827558296,0.023614841482674887,0.3333333333333333,8.326672684688674e-17
toy_0,Triangle,Full DMWA,8.0,1,C,0.007871613827558296,0.023614841482674887,0.3333333333333333,8.326672684688674e-17
toy_0,Triangle,Full DMWA,8.0,2,A,0.006637270757471834,0.0199118122724155,0.33333333333333337,8.326672684688674e-17
toy_0,Triangle,Full DMWA,8.0,2,B,0.006637270757471834,0.0199118122724155,0.33333333333333337,8.326672684688674e-17
toy_0,Triangle,Full DMWA,8.0,2,C,0.006637270757471834,0.0199118122724155,0.33333333333333337,8.326672684688674e-17
toy_0,Triangle,Full DMWA,8.1,1,A,0.007501863351346876,0.02250559005404063,0.3333333333333333,8.326672684688674e-17
toy_0,Triangle,Full DMWA,8.1,1,B,0.007501863351346876,0.02250559005404063,0.3333333333333333,8.326672684688674e-17
toy_0,Triangle,Full DMWA,8.1,1,C,0.007501863351346876,0.02250559005404063,0.3333333333333333,8.326672684688674e-17
toy_0,Triangle,Full DMWA,8.1,2,A,0.006325424313080522,0.018976272939241565,0.33333333333333337,8.326672684688674e-17
toy_0,Triangle,Full DMWA,8.1,2,B,0.006325424313080522,0.018976272939241565,0.33333333333333337,8.326672684688674e-17
toy_0,Triangle,Full DMWA,8.1,2,C,0.006325424313080522,0.018976272939241565,0.33333333333333337,8.326672684688674e-17
toy_0,Triangle,Full DMWA,8.200000000000001,1,A,0.007149476746972146,0.021448430240916437,0.3333333333333333,0.0
toy_0,Triangle,Full DMWA,8.200000000000001,1,B,0.007149476746972146,0.021448430240916437,0.3333333333333333,0.0
toy_0,Triangle,Full DMWA,8.200000000000001,1,C,0.007149476746972146,0.021448430240916437,0.3333333333333333,0.0
toy_0,Triangle,Full DMWA,8.200000000000001,2,A,0.006028232245305439,0.01808469673591632,0.3333333333333333,0.0
toy_0,Triangle,Full DMWA,8.200000000000001,2,B,0.006028232245305439,0.01808469673591632,0.3333333333333333,0.0
toy_0,Triangle,Full DMWA,8.200000000000001,2,C,0.006028232245305439,0.01808469673591632,0.3333333333333333,0.0
toy_0,Triangle,Full DMWA,8.3,1,A,0.006813639135383914,0.02044091740615174,0.33333333333333337,8.326672684688674e-17
toy_0,Triangle,Full DMWA,8.3,1,B,0.006813639135383914,0.02044091740615174,0.33333333333333337,8.326672684688674e-17
toy_0,Triangle,Full DMWA,8.3,1,C,0.006813639135383914,0.02044091740615174,0.33333333333333337,8.326672684688674e-17
toy_0,Triangle,Full DMWA,8.3,2,A,0.0057450055874387245,0.017235016762316174,0.3333333333333333,8.326672684688674e-17
toy_0,Triangle,Full DMWA,8.3,2,B,0.0057450055874387245,0.017235016762316174,0.3333333333333333,8.326672684688674e-17
toy_0,Triangle,Full DMWA,8.3,2,C,0.0057450055874387245,0.017235016762316174,0.3333333333333333,8.326672684688674e-17
toy_0,Triangle,Full DMWA,8.4,1,A,0.006493573809679755,0.019480721429039265,0.33333333333333337,0.0
toy_0,Triangle,Full DMWA,8.4,1,B,0.006493573809679755,0.019480721429039265,0.33333333333333337,0.0
toy_0,Triangle,Full DMWA,8.4,1,C,0.006493573809679755,0.019480721429039265,0.33333333333333337,0.0
toy_0,Triangle,Full DMWA,8.4,2,A,0.005475087805466776,0.016425263416400326,0.33333333333333337,0.0
toy_0,Triangle,Full DMWA,8.4,2,B,0.005475087805466776,0.016425263416400326,0.33333333333333337,0.0
toy_0,Triangle,Full DMWA,8.4,2,C,0.005475087805466776,0.016425263416400326,0.33333333333333337,0.0
toy_0,Triangle,Full DMWA,8.5,1,A,0.006188540455883391,0.01856562136765017,0.33333333333333337,8.326672684688674e-17
toy_0,Triangle,Full DMWA,8.5,1,B,0.006188540455883391,0.01856562136765017,0.33333333333333337,8.326672684688674e-17
toy_0,Triangle,Full DMWA,8.5,1,C,0.006188540455883391,0.01856562136765017,0.33333333333333337,8.326672684688674e-17
toy_0,Triangle,Full DMWA,8.5,2,A,0.005217853266050164,0.015653559798150495,0.3333333333333333,8.326672684688674e-17
toy_0,Triangle,Full DMWA,8.5,2,B,0.005217853266050164,0.015653559798150495,0.3333333333333333,8.326672684688674e-17
toy_0,Triangle,Full DMWA,8.5,2,C,0.005217853266050164,0.015653559798150495,0.3333333333333333,8.326672684688674e-17
toy_0,Triangle,Full DMWA,8.6,1,A,0.0058978334555129346,0.017693500366538804,0.3333333333333333,0.0
toy_0,Triangle,Full DMWA,8.6,1,B,0.0058978334555129346,0.017693500366538804,0.3333333333333333,0.0
toy_0,Triangle,Full DMWA,8.6,1,C,0.0058978334555129346,0.017693500366538804,0.3333333333333333,0.0
toy_0,Triangle,Full DMWA,8.6,2,A,0.0049727057775425035,0.01491811733262751,0.3333333333333333,0.0
toy_0,Triangle,Full DMWA,8.6,2,B,0.0049727057775425035,0.01491811733262751,0.3333333333333333,0.0
toy_0,Triangle,Full DMWA,8.6,2,C,0.0049727057775425035,0.01491811733262751,0.3333333333333333,0.0
toy_0,Triangle,Full DMWA,8.700000000000001,1,A,0.005620780266325926,0.01686234079897778,0.3333333333333333,0.0
toy_0,Triangle,Full DMWA,8.700000000000001,1,B,0.005620780266325926,0.01686234079897778,0.3333333333333333,0.0
toy_0,Triangle,Full DMWA,8.700000000000001,1,C,0.005620780266325926,0.01686234079897778,0.3333333333333333,0.0
toy_0,Triangle,Full DMWA,8.700000000000001,2,A,0.004739077200481032,0.014217231601443097,0.3333333333333333,0.0
toy_0,Triangle,Full DMWA,8.700000000000001,2,B,0.004739077200481032,0.014217231601443097,0.3333333333333333,0.0
toy_0,Triangle,Full DMWA,8.700000000000001,2,C,0.004739077200481032,0.014217231601443097,0.3333333333333333,0.0
toy_0,Triangle,Full DMWA,8.8,1,A,0.005356739877768488,0.016070219633305464,0.33333333333333337,0.0
toy_0,Triangle,Full DMWA,8.8,1,B,0.005356739877768488,0.016070219633305464,0.33333333333333337,0.0
toy_0,Triangle,Full DMWA,8.8,1,C,0.005356739877768488,0.016070219633305464,0.33333333333333337,0.0
toy_0,Triangle,Full DMWA,8.8,2,A,0.004516426124166586,0.013549278372499758,0.33333333333333337,0.0
toy_0,Triangle,Full DMWA,8.8,2,B,0.004516426124166586,0.013549278372499758,0.33333333333333337,0.0
toy_0,Triangle,Full DMWA,8.8,2,C,0.004516426124166586,0.013549278372499758,0.33333333333333337,0.0
toy_0,Triangle,Full DMWA,8.9,1,A,0.005105101337793335,0.015315304013380004,0.33333333333333337,0.0
toy_0,Triangle,Full DMWA,8.9,1,B,0.005105101337793335,0.015315304013380004,0.33333333333333337,0.0
toy_0,Triangle,Full DMWA,8.9,1,C,0.005105101337793335,0.015315304013380004,0.33333333333333337,0.0
toy_0,Triangle,Full DMWA,8.9,2,A,0.004304236606124514,0.01291270981837354,0.33333333333333337,0.0
toy_0,Triangle,Full DMWA,8.9,2,B,0.004304236606124514,0.01291270981837354,0.33333333333333337,0.0
toy_0,Triangle,Full DMWA,8.9,2,C,0.004304236606124514,0.01291270981837354,0.33333333333333337,0.0
toy_0,Triangle,Full DMWA,9.0,1,A,0.004865282347846313,0.014595847043538938,0.3333333333333333,0.0
toy_0,Triangle,Full DMWA,9.0,1,B,0.004865282347846313,0.014595847043538938,0.3333333333333333,0.0
toy_0,Triangle,Full DMWA,9.0,1,C,0.004865282347846313,0.014595847043538938,0.3333333333333333,0.0
toy_0,Triangle,Full DMWA,9.0,2,A,0.004102016971402337,0.012306050914207011,0.3333333333333333,0.0
toy_0,Triangle,Full DMWA,9.0,2,B,0.004102016971402337,0.012306050914207011,0.3333333333333333,0.0
toy_0,Triangle,Full DMWA,9.0,2,C,0.004102016971402337,0.012306050914207011,0.3333333333333333,0.0
toy_0,Triangle,Full DMWA,9.1,1,A,0.0046367279229514655,0.013910183768854396,0.3333333333333333,0.0
toy_0,Triangle,Full DMWA,9.1,1,B,0.0046367279229514655,0.013910183768854396,0.3333333333333333,0.0
toy_0,Triangle,Full DMWA,9.1,1,C,0.0046367279229514655,0.013910183768854396,0.3333333333333333,0.0
toy_0,Triangle,Full DMWA,9.1,2,A,0.003909298668814136,0.011727896006442409,0.3333333333333333,0.0
toy_0,Triangle,Full DMWA,9.1,2,B,0.003909298668814136,0.011727896006442409,0.3333333333333333,0.0
toy_0,Triangle,Full DMWA,9.1,2,C,0.003909298668814136,0.011727896006442409,0.3333333333333333,0.0
toy_0,Triangle,Full DMWA,9.200000000000001,1,A,0.004418909113952349,0.013256727341857046,0.33333333333333337,0.0
toy_0,Triangle,Full DMWA,9.200000000000001,1,B,0.004418909113952349,0.013256727341857046,0.33333333333333337,0.0
toy_0,Triangle,Full DMWA,9.200000000000001,1,C,0.004418909113952349,0.013256727341857046,0.33333333333333337,0.0
toy_0,Triangle,Full DMWA,9.200000000000001,2,A,0.00372563518138772,0.01117690554416316,0.33333333333333337,0.0
toy_0,Triangle,Full DMWA,9.200000000000001,2,B,0.00372563518138772,0.01117690554416316,0.33333333333333337,0.0
toy_0,Triangle,Full DMWA,9.200000000000001,2,C,0.00372563518138772,0.01117690554416316,0.33333333333333337,0.0
toy_0,Triangle,Full DMWA,9.3,1,A,0.004211321789090607,0.012633965367271821,0.3333333333333333,0.0
toy_0,Triangle,Full DMWA,9.3,1,B,0.004211321789090607,0.012633965367271821,0.3333333333333333,0.0
toy_0,Triangle,Full DMWA,9.3,1,C,0.004211321789090607,0.012633965367271821,0.3333333333333333,0.0
toy_0,Triangle,Full DMWA,9.3,2,A,0.0035506009884082074,0.010651802965224623,0.3333333333333333,0.0
toy_0,Triangle,Full DMWA,9.3,2,B,0.0035506009884082074,0.010651802965224623,0.3333333333333333,0.0
toy_0,Triangle,Full DMWA,9.3,2,C,0.0035506009884082074,0.010651802965224623,0.3333333333333333,0.0
toy_0,Triangle,Full DMWA,9.4,1,A,0.004013485472222214,0.012040456416666644,0.3333333333333333,0.0
toy_0,Triangle,Full DMWA,9.4,1,B,0.004013485472222214,0.012040456416666644,0.3333333333333333,0.0
toy_0,Triangle,Full DMWA,9.4,1,C,0.004013485472222214,0.012040456416666644,0.3333333333333333,0.0
toy_0,Triangle,Full DMWA,9.4,2,A,0.003383790576581681,0.010151371729745043,0.3333333333333333,0.0
toy_0,Triangle,Full DMWA,9.4,2,B,0.003383790576581681,0.010151371729745043,0.3333333333333333,0.0
toy_0,Triangle,Full DMWA,9.4,2,C,0.003383790576581681,0.010151371729745043,0.3333333333333333,0.0
toy_0,Triangle,Full DMWA,9.5,1,A,0.003824942235087726,0.011474826705263178,0.33333333333333337,8.326672684688674e-17
toy_0,Triangle,Full DMWA,9.5,1,B,0.003824942235087726,0.011474826705263178,0.33333333333333337,8.326672684688674e-17
toy_0,Triangle,Full DMWA,9.5,1,C,0.003824942235087726,0.011474826705263178,0.33333333333333337,8.326672684688674e-17
toy_0,Triangle,Full DMWA,9.5,2,A,0.0032248174979657954,0.009674452493897387,0.3333333333333333,8.326672684688674e-17
toy_0,Triangle,Full DMWA,9.5,2,B,0.0032248174979657954,0.009674452493897387,0.3333333333333333,8.326672684688674e-17
toy_0,Triangle,Full DMWA,9.5,2,C,0.0032248174979657954,0.009674452493897387,0.3333333333333333,8.326672684688674e-17
toy_0,Triangle,Full DMWA,9.600000000000001,1,A,0.0036452556411640403,0.01093576692349212,0.3333333333333333,0.0
toy_0,Triangle,Full DMWA,9.600000000000001,1,B,0.0036452556411640403,0.01093576692349212,0.3333333333333333,0.0
toy_0,Triangle,Full DMWA,9.600000000000001,1,C,0.0036452556411640403,0.01093576692349212,0.3333333333333333,0.0
toy_0,Triangle,Full DMWA,9.600000000000001,2,A,0.0030733134724303408,0.009219940417291022,0.3333333333333333,0.0
toy_0,Triangle,Full DMWA,9.600000000000001,2,B,0.0030733134724303408,0.009219940417291022,0.3333333333333333,0.0
toy_0,Triangle,Full DMWA,9.600000000000001,2,C,0.0030733134724303408,0.009219940417291022,0.3333333333333333,0.0
toy_0,Triangle,Full DMWA,9.700000000000001,1,A,0.003474009738733081,0.010422029216199242,0.33333333333333337,0.0
toy_0,Triangle,Full DMWA,9.700000000000001,1,B,0.003474009738733081,0.010422029216199242,0.33333333333333337,0.0
toy_0,Triangle,Full DMWA,9.700000000000001,1,C,0.003474009738733081,0.010422029216199242,0.33333333333333337,0.0
toy_0,Triangle,Full DMWA,9.700000000000001,2,A,0.0029289275325211166,0.00878678259756335,0.33333333333333337,0.0
toy_0,Triangle,Full DMWA,9.700000000000001,2,B,0.0029289275325211166,0.00878678259756335,0.33333333333333337,0.0
toy_0,Triangle,Full DMWA,9.700000000000001,2,C,0.0029289275325211166,0.00878678259756335,0.33333333333333337,0.0
toy_0,Triangle,Full DMWA,9.8,1,A,0.0033108081009061707,0.009932424302718512,0.3333333333333333,0.0
toy_0,Triangle,Full DMWA,9.8,1,B,0.0033108081009061707,0.009932424302718512,0.3333333333333333,0.0
toy_0,Triangle,Full DMWA,9.8,1,C,0.0033108081009061707,0.009932424302718512,0.3333333333333333,0.0
toy_0,Triangle,Full DMWA,9.8,2,A,0.002791325208704662,0.008373975626113986,0.3333333333333333,0.0
toy_0,Triangle,Full DMWA,9.8,2,B,0.002791325208704662,0.008373975626113986,0.3333333333333333,0.0
toy_0,Triangle,Full DMWA,9.8,2,C,0.002791325208704662,0.008373975626113986,0.3333333333333333,0.0
toy_0,Triangle,Full DMWA,9.9,1,A,0.003155272910442853,0.009465818731328558,0.33333333333333337,0.0
toy_0,Triangle,Full DMWA,9.9,1,B,0.003155272910442853,0.009465818731328558,0.33333333333333337,0.0
toy_0,Triangle,Full DMWA,9.9,1,C,0.003155272910442853,0.009465818731328558,0.33333333333333337,0.0
toy_0,Triangle,Full DMWA,9.9,2,A,0.0026601877530704468,0.00798056325921134,0.33333333333333337,0.0
toy_0,Triangle,Full DMWA,9.9,2,B,0.0026601877530704468,0.00798056325921134,0.33333333333333337,0.0
toy_0,Triangle,Full DMWA,9.9,2,C,0.0026601877530704468,0.00798056325921134,0.33333333333333337,0.0
toy_0,Triangle,Full DMWA,10.0,1,A,0.003007044087298504,0.009021132261895512,0.3333333333333333,0.0
toy_0,Triangle,Full DMWA,10.0,1,B,0.003007044087298504,0.009021132261895512,0.3333333333333333,0.0
toy_0,Triangle,Full DMWA,10.0,1,C,0.003007044087298504,0.009021132261895512,0.3333333333333333,0.0
toy_0,Triangle,Full DMWA,10.0,2,A,0.0025352113996606846,0.007605634198982054,0.3333333333333333,0.0
toy_0,Triangle,Full DMWA,10.0,2,B,0.0025352113996606846,0.007605634198982054,0.3333333333333333,0.0
toy_0,Triangle,Full DMWA,10.0,2,C,0.0025352113996606846,0.007605634198982054,0.3333333333333333,0.0
toy_1,Triangle + branches,Coverage,0.0,1,A,0.3333333333333333,1.0,0.3333333333333333,0.0
toy_1,Triangle + branches,Coverage,0.0,1,B,0.3333333333333333,1.0,0.3333333333333333,0.0
toy_1,Triangle + branches,Coverage,0.0,1,C,0.3333333333333333,1.0,0.3333333333333333,0.0
toy_1,Triangle + branches,Coverage,0.0,1,D,0.0,1.0,0.0,0.0
toy_1,Triangle + branches,Coverage,0.0,1,E,0.0,1.0,0.0,0.0
toy_1,Triangle + branches,Coverage,0.0,2,A,0.3333333333333333,1.0,0.3333333333333333,0.0
toy_1,Triangle + branches,Coverage,0.0,2,B,0.3333333333333333,1.0,0.3333333333333333,0.0
toy_1,Triangle + branches,Coverage,0.0,2,C,0.3333333333333333,1.0,0.3333333333333333,0.0
toy_1,Triangle + branches,Coverage,0.0,2,D,0.0,1.0,0.0,0.0
toy_1,Triangle + branches,Coverage,0.0,2,E,0.0,1.0,0.0,0.0
toy_1,Triangle + branches,Coverage,0.1,1,A,0.32062336683564924,0.9554761784125406,0.3355639565691145,2.8189256484623115e-17
toy_1,Triangle + branches,Coverage,0.1,1,B,0.3142614289339619,0.9554761784125406,0.3289055614720674,2.8189256484623115e-17
toy_1,Triangle + branches,Coverage,0.1,1,C,0.3142614289339619,0.9554761784125406,0.3289055614720674,2.8189256484623115e-17
toy_1,Triangle + branches,Coverage,0.1,1,D,0.003164976854483805,0.9554761784125406,0.0033124602433754037,2.8189256484623115e-17
toy_1,Triangle + branches,Coverage,0.1,1,E,0.003164976854483805,0.9554761784125406,0.0033124602433754037,2.8189256484623115e-17
toy_1,Triangle + branches,Coverage,0.1,2,A,0.32062336683564924,0.9554761784125407,0.3355639565691144,2.8189256484623115e-17
toy_1,Triangle + branches,Coverage,0.1,2,B,0.314261428933962,0.9554761784125407,0.3289055614720674,2.8189256484623115e-17
toy_1,Triangle + branches,Coverage,0.1,2,C,0.314261428933962,0.9554761784125407,0.3289055614720674,2.8189256484623115e-17
toy_1,Triangle + branches,Coverage,0.1,2,D,0.003164976854483805,0.9554761784125407,0.0033124602433754033,2.8189256484623115e-17
toy_1,Triangle + branches,Coverage,0.1,2,E,0.003164976854483805,0.9554761784125407,0.0033124602433754033,2.8189256484623115e-17
toy_1,Triangle + branches,Coverage,0.2,1,A,0.30825576639963687,0.9127760657417692,0.33771236776364444,2.862293735361732e-17
toy_1,Triangle + branches,Coverage,0.2,1,B,0.2963819202240378,0.9127760657417692,0.32470386916114247,2.862293735361732e-17
toy_1,Triangle + branches,Coverage,0.2,1,C,0.2963819202240378,0.9127760657417692,0.32470386916114247,2.862293735361732e-17
toy_1,Triangle + branches,Coverage,0.2,1,D,0.005878229447028301,0.9127760657417692,0.006439946957035236,2.862293735361732e-17
toy_1,Triangle + branches,Coverage,0.2,1,E,0.005878229447028301,0.9127760657417692,0.006439946957035236,2.862293735361732e-17
toy_1,Triangle + branches,Coverage,0.2,2,A,0.30825576639963687,0.9127760657417691,0.3377123677636445,2.862293735361732e-17
toy_1,Triangle + branches,Coverage,0.2,2,B,0.29638192022403775,0.9127760657417691,0.32470386916114247,2.862293735361732e-17
toy_1,Triangle + branches,Coverage,0.2,2,C,0.29638192022403775,0.9127760657417691,0.32470386916114247,2.862293735361732e-17
toy_1,Triangle + branches,Coverage,0.2,2,D,0.005878229447028301,0.9127760657417691,0.006439946957035237,2.862293735361732e-17
toy_1,Triangle + branches,Coverage,0.2,2,E,0.005878229447028301,0.9127760657417691,0.006439946957035237,2.862293735361732e-17
toy_1,Triangle + branches,Coverage,0.30000000000000004,1,A,0.29623594718210666,0.8718425619503782,0.3397814698555256,3.469446951953614e-18
toy_1,Triangle + branches,Coverage,0.30000000000000004,1,B,0.27961305957310784,0.8718425619503782,0.320715082947536,3.469446951953614e-18
toy_1,Triangle + branches,Coverage,0.30000000000000004,1,C,0.27961305957310784,0.8718425619503782,0.320715082947536,3.469446951953614e-18
toy_1,Triangle + branches,Coverage,0.30000000000000004,1,D,0.008190247811027906,0.8718425619503782,0.009394182124701158,3.469446951953614e-18
toy_1,Triangle + branches,Coverage,0.30000000000000004,1,E,0.008190247811027906,0.8718425619503782,0.009394182124701158,3.469446951953614e-18
toy_1,Triangle + branches,Coverage,0.30000000000000004,2,A,0.29623594718210655,0.871842561950378,0.3397814698555256,3.469446951953614e-18
toy_1,Triangle + branches,Coverage,0.30000000000000004,2,B,0.2796130595731078,0.871842561950378,0.320715082947536,3.469446951953614e-18
toy_1,Triangle + branches,Coverage,0.30000000000000004,2,C,0.2796130595731078,0.871842561950378,0.320715082947536,3.469446951953614e-18
toy_1,Triangle + branches,Coverage,0.30000000000000004,2,D,0.008190247811027906,0.871842561950378,0.009394182124701162,3.469446951953614e-18
toy_1,Triangle + branches,Coverage,0.30000000000000004,2,E,0.008190247811027906,0.871842561950378,0.009394182124701162,3.469446951953614e-18
toy_1,Triangle + branches,Coverage,0.4,1,A,0.28456730182833434,0.8326182191199218,0.3417740511721233,5.551115123125783e-17
toy_1,Triangle + branches,Coverage,0.4,1,B,0.2638791640151335,0.8326182191199218,0.3169269635896918,5.551115123125783e-17
toy_1,Triangle + branches,Coverage,0.4,1,C,0.2638791640151335,0.8326182191199218,0.3169269635896918,5.551115123125783e-17
toy_1,Triangle + branches,Coverage,0.4,1,D,0.010146294630660272,0.8326182191199218,0.012186010824246573,5.551115123125783e-17
toy_1,Triangle + branches,Coverage,0.4,1,E,0.010146294630660272,0.8326182191199218,0.012186010824246573,5.551115123125783e-17
toy_1,Triangle + branches,Coverage,0.4,2,A,0.28456730182833423,0.8326182191199218,0.34177405117212317,5.551115123125783e-17
toy_1,Triangle + branches,Coverage,0.4,2,B,0.2638791640151335,0.8326182191199218,0.3169269635896918,5.551115123125783e-17
toy_1,Triangle + branches,Coverage,0.4,2,C,0.2638791640151335,0.8326182191199218,0.3169269635896918,5.551115123125783e-17
toy_1,Triangle + branches,Coverage,0.4,2,D,0.010146294630660272,0.8326182191199218,0.012186010824246573,5.551115123125783e-17
toy_1,Triangle + branches,Coverage,0.4,2,E,0.010146294630660272,0.8326182191199218,0.012186010824246573,5.551115123125783e-17
toy_1,Triangle + branches,Coverage,0.5,1,A,0.2732514359527598,0.795045579652748,0.3436927931504352,0.0
toy_1,Triangle + branches,Coverage,0.5,1,B,0.24911013943980567,0.795045579652748,0.31332812333678967,0.0
toy_1,Triangle + branches,Coverage,0.5,1,C,0.24911013943980567,0.795045579652748,0.31332812333678967,0.0
toy_1,Triangle + branches,Coverage,0.5,1,D,0.011786932410188418,0.795045579652748,0.014825480087992685,0.0
toy_1,Triangle + branches,Coverage,0.5,1,E,0.011786932410188418,0.795045579652748,0.014825480087992685,0.0
toy_1,Triangle + branches,Coverage,0.5,2,A,0.2732514359527598,0.795045579652748,0.3436927931504352,0.0
toy_1,Triangle + branches,Coverage,0.5,2,B,0.24911013943980564,0.795045579652748,0.31332812333678967,0.0
toy_1,Triangle + branches,Coverage,0.5,2,C,0.24911013943980564,0.795045579652748,0.31332812333678967,0.0
toy_1,Triangle + branches,Coverage,0.5,2,D,0.011786932410188418,0.795045579652748,0.014825480087992685,0.0
toy_1,Triangle + branches,Coverage,0.5,2,E,0.011786932410188418,0.795045579652748,0.014825480087992685,0.0
toy_1,Triangle + branches,Coverage,0.6000000000000001,1,A,0.26228838197094545,0.7590674642569466,0.3455402771447994,0.0
toy_1,Triangle + branches,Coverage,0.6000000000000001,1,B,0.2352410433479681,0.7590674642569466,0.309907952092567,0.0
toy_1,Triangle + branches,Coverage,0.6000000000000001,1,C,0.2352410433479681,0.7590674642569466,0.309907952092567,0.0
toy_1,Triangle + branches,Coverage,0.6000000000000001,1,D,0.01314849779503249,0.7590674642569466,0.01732190933503334,0.0
toy_1,Triangle + branches,Coverage,0.6000000000000001,1,E,0.01314849779503249,0.7590674642569466,0.01732190933503334,0.0
toy_1,Triangle + branches,Coverage,0.6000000000000001,2,A,0.2622883819709454,0.7590674642569465,0.3455402771447994,0.0
toy_1,Triangle + branches,Coverage,0.6000000000000001,2,B,0.23524104334796808,0.7590674642569465,0.309907952092567,0.0
toy_1,Triangle + branches,Coverage,0.6000000000000001,2,C,0.23524104334796808,0.7590674642569465,0.309907952092567,0.0
toy_1,Triangle + branches,Coverage,0.6000000000000001,2,D,0.01314849779503249,0.7590674642569465,0.01732190933503334,0.0
toy_1,Triangle + branches,Coverage,0.6000000000000001,2,E,0.01314849779503249,0.7590674642569465,0.01732190933503334,0.0
toy_1,Triangle + branches,Coverage,0.7000000000000001,1,A,0.2516767930273074,0.7246272157528719,0.3473189904492073,6.245004513516506e-17
toy_1,Triangle + branches,Coverage,0.7000000000000001,1,B,0.22221168300336835,0.7246272157528719,0.3066565513586117,6.245004513516506e-17
toy_1,Triangle + branches,Coverage,0.7000000000000001,1,C,0.22221168300336835,0.7246272157528719,0.3066565513586117,6.245004513516506e-17
toy_1,Triangle + branches,Coverage,0.7000000000000001,1,D,0.014263528359413887,0.7246272157528719,0.019683953416784646,6.245004513516506e-17
toy_1,Triangle + branches,Coverage,0.7000000000000001,1,E,0.014263528359413887,0.7246272157528719,0.019683953416784646,6.245004513516506e-17
toy_1,Triangle + branches,Coverage,0.7000000000000001,2,A,0.25167679302730744,0.7246272157528721,0.3473189904492073,6.245004513516506e-17
toy_1,Triangle + branches,Coverage,0.7000000000000001,2,B,0.22221168300336847,0.7246272157528721,0.30665655135861175,6.245004513516506e-17
toy_1,Triangle + branches,Coverage,0.7000000000000001,2,C,0.22221168300336847,0.7246272157528721,0.30665655135861175,6.245004513516506e-17
toy_1,Triangle + branches,Coverage,0.7000000000000001,2,D,0.014263528359413887,0.7246272157528721,0.01968395341678464,6.245004513516506e-17
toy_1,Triangle + branches,Coverage,0.7000000000000001,2,E,0.014263528359413887,0.7246272157528721,0.01968395341678464,6.245004513516506e-17
toy_1,Triangle + branches,Coverage,0.8,1,A,0.2414141186403625,0.6916689040598302,0.3490313316434418,2.7755575615628914e-17
toy_1,Triangle + branches,Coverage,0.8,1,B,0.20996624607277994,0.6916689040598302,0.3035646750061466,2.7755575615628914e-17
toy_1,Triangle + branches,Coverage,0.8,1,C,0.20996624607277994,0.6916689040598302,0.3035646750061466,2.7755575615628914e-17
toy_1,Triangle + branches,Coverage,0.8,1,D,0.01516114663695391,0.6916689040598302,0.021919659172132528,2.7755575615628914e-17
toy_1,Triangle + branches,Coverage,0.8,1,E,0.01516114663695391,0.6916689040598302,0.021919659172132528,2.7755575615628914e-17
toy_1,Triangle + branches,Coverage,0.8,2,A,0.24141411864036255,0.6916689040598302,0.34903133164344186,2.7755575615628914e-17
toy_1,Triangle + branches,Coverage,0.8,2,B,0.20996624607277994,0.6916689040598302,0.3035646750061466,2.7755575615628914e-17
toy_1,Triangle + branches,Coverage,0.8,2,C,0.20996624607277994,0.6916689040598302,0.3035646750061466,2.7755575615628914e-17
toy_1,Triangle + branches,Coverage,0.8,2,D,0.01516114663695391,0.6916689040598302,0.021919659172132528,2.7755575615628914e-17
toy_1,Triangle + branches,Coverage,0.8,2,E,0.01516114663695391,0.6916689040598302,0.021919659172132528,2.7755575615628914e-17
toy_1,Triangle + branches,Coverage,0.9,1,A,0.23149676357121174,0.6601374971164086,0.35067961535654085,3.122502256758253e-17
toy_1,Triangle + branches,Coverage,0.9,1,B,0.19845296108537042,0.6601374971164086,0.3006236760557403,3.122502256758253e-17
toy_1,Triangle + branches,Coverage,0.9,1,C,0.19845296108537042,0.6601374971164086,0.3006236760557403,3.122502256758253e-17
toy_1,Triangle + branches,Coverage,0.9,1,D,0.015867405687227974,0.6601374971164086,0.02403651626598923,3.122502256758253e-17
toy_1,Triangle + branches,Coverage,0.9,1,E,0.015867405687227974,0.6601374971164086,0.02403651626598923,3.122502256758253e-17
toy_1,Triangle + branches,Coverage,0.9,2,A,0.23149676357121168,0.6601374971164085,0.3506796153565408,3.122502256758253e-17
toy_1,Triangle + branches,Coverage,0.9,2,B,0.19845296108537036,0.6601374971164085,0.3006236760557403,3.122502256758253e-17
toy_1,Triangle + branches,Coverage,0.9,2,C,0.19845296108537036,0.6601374971164085,0.3006236760557403,3.122502256758253e-17
toy_1,Triangle + branches,Coverage,0.9,2,D,0.015867405687227974,0.6601374971164085,0.024036516265989235,3.122502256758253e-17
toy_1,Triangle + branches,Coverage,0.9,2,E,0.015867405687227974,0.6601374971164085,0.024036516265989235,3.122502256758253e-17
toy_1,Triangle + branches,Coverage,1.0,1,A,0.2219202313115864,0.629979001949415,0.3522660765277471,5.898059818321144e-17
toy_1,Triangle + branches,Coverage,1.0,1,B,0.18762378526165976,0.629979001949415,0.29782545875509236,5.898059818321144e-17
toy_1,Triangle + branches,Coverage,1.0,1,C,0.18762378526165976,0.629979001949415,0.29782545875509236,5.898059818321144e-17
toy_1,Triangle + branches,Coverage,1.0,1,D,0.016405600057254593,0.629979001949415,0.026041502981034123,5.898059818321144e-17
toy_1,Triangle + branches,Coverage,1.0,1,E,0.016405600057254593,0.629979001949415,0.026041502981034123,5.898059818321144e-17
toy_1,Triangle + branches,Coverage,1.0,2,A,0.22192023131158642,0.6299790019494151,0.3522660765277471,5.898059818321144e-17
toy_1,Triangle + branches,Coverage,1.0,2,B,0.18762378526165982,0.6299790019494151,0.2978254587550924,5.898059818321144e-17
toy_1,Triangle + branches,Coverage,1.0,2,C,0.18762378526165982,0.6299790019494151,0.2978254587550924,5.898059818321144e-17
toy_1,Triangle + branches,Coverage,1.0,2,D,0.016405600057254593,0.6299790019494151,0.02604150298103412,5.898059818321144e-17
toy_1,Triangle + branches,Coverage,1.0,2,E,0.016405600057254593,0.6299790019494151,0.02604150298103412,5.898059818321144e-17
toy_1,Triangle + branches,Coverage,1.1,1,A,0.21267925348486177,0.6011405796272558,0.3537928742337375,2.7755575615628914e-17
toy_1,Triangle + branches,Coverage,1.1,1,B,0.17743411746404908,0.6011405796272558,0.29516243533928316,2.7755575615628914e-17
toy_1,Triangle + branches,Coverage,1.1,1,C,0.17743411746404908,0.6011405796272558,0.29516243533928316,2.7755575615628914e-17
toy_1,Triangle + branches,Coverage,1.1,1,D,0.016796545607147977,0.6011405796272558,0.02794112754384818,2.7755575615628914e-17
toy_1,Triangle + branches,Coverage,1.1,1,E,0.016796545607147977,0.6011405796272558,0.02794112754384818,2.7755575615628914e-17
toy_1,Triangle + branches,Coverage,1.1,2,A,0.21267925348486175,0.6011405796272558,0.35379287423373745,2.7755575615628914e-17
toy_1,Triangle + branches,Coverage,1.1,2,B,0.17743411746404908,0.6011405796272558,0.29516243533928316,2.7755575615628914e-17
toy_1,Triangle + branches,Coverage,1.1,2,C,0.17743411746404908,0.6011405796272558,0.29516243533928316,2.7755575615628914e-17
toy_1,Triangle + branches,Coverage,1.1,2,D,0.016796545607147977,0.6011405796272558,0.02794112754384818,2.7755575615628914e-17
toy_1,Triangle + branches,Coverage,1.1,2,E,0.016796545607147977,0.6011405796272558,0.02794112754384818,2.7755575615628914e-17
toy_1,Triangle + branches,Coverage,1.2000000000000002,1,A,0.20376790635681066,0.573570637407299,0.355262095141235,5.898059818321144e-17
toy_1,Triangle + branches,Coverage,1.2000000000000002,1,B,0.16784253420611916,0.573570637407299,0.292627486938339,5.898059818321144e-17
toy_1,Triangle + branches,Coverage,1.2000000000000002,1,C,0.16784253420611916,0.573570637407299,0.292627486938339,5.898059818321144e-17
toy_1,Triangle + branches,Coverage,1.2000000000000002,1,D,0.01705883131912503,0.573570637407299,0.029741465491043537,5.898059818321144e-17
toy_1,Triangle + branches,Coverage,1.2000000000000002,1,E,0.01705883131912503,0.573570637407299,0.029741465491043537,5.898059818321144e-17
toy_1,Triangle + branches,Coverage,1.2000000000000002,2,A,0.2037679063568107,0.5735706374072991,0.355262095141235,5.898059818321144e-17
toy_1,Triangle + branches,Coverage,1.2000000000000002,2,B,0.16784253420611916,0.5735706374072991,0.29262748693833895,5.898059818321144e-17
toy_1,Triangle + branches,Coverage,1.2000000000000002,2,C,0.16784253420611916,0.5735706374072991,0.29262748693833895,5.898059818321144e-17
toy_1,Triangle + branches,Coverage,1.2000000000000002,2,D,0.01705883131912503,0.5735706374072991,0.029741465491043534,5.898059818321144e-17
toy_1,Triangle + branches,Coverage,1.2000000000000002,2,E,0.01705883131912503,0.5735706374072991,0.029741465491043534,5.898059818321144e-17
toy_1,Triangle + branches,Coverage,1.3,1,A,0.19517971556231195,0.5472189010076227,0.35667575663581313,0.0
toy_1,Triangle + branches,Coverage,1.3,1,B,0.15881054682800794,0.5472189010076227,0.29021392816582503,0.0
toy_1,Triangle + branches,Coverage,1.3,1,C,0.15881054682800794,0.5472189010076227,0.29021392816582503,0.0
toy_1,Triangle + branches,Coverage,1.3,1,D,0.017209045894647463,0.5472189010076227,0.031448193516268444,0.0
toy_1,Triangle + branches,Coverage,1.3,1,E,0.017209045894647463,0.5472189010076227,0.031448193516268444,0.0
toy_1,Triangle + branches,Coverage,1.3,2,A,0.19517971556231195,0.5472189010076227,0.35667575663581313,0.0
toy_1,Triangle + branches,Coverage,1.3,2,B,0.15881054682800794,0.5472189010076227,0.29021392816582503,0.0
toy_1,Triangle + branches,Coverage,1.3,2,C,0.15881054682800794,0.5472189010076227,0.29021392816582503,0.0
toy_1,Triangle + branches,Coverage,1.3,2,D,0.017209045894647463,0.5472189010076227,0.031448193516268444,0.0
toy_1,Triangle + branches,Coverage,1.3,2,E,0.017209045894647463,0.5472189010076227,0.031448193516268444,0.0
toy_1,Triangle + branches,Coverage,1.4000000000000001,1,A,0.18690775006949129,0.5220364695962982,0.3580358096705982,0.0
toy_1,Triangle + branches,Coverage,1.4000000000000001,1,B,0.1503023781013675,0.5220364695962982,0.2879154749812776,0.0
toy_1,Triangle + branches,Coverage,1.4000000000000001,1,C,0.1503023781013675,0.5220364695962982,0.2879154749812776,0.0
toy_1,Triangle + branches,Coverage,1.4000000000000001,1,D,0.017261981662035995,0.5220364695962982,0.03306662018342329,0.0
toy_1,Triangle + branches,Coverage,1.4000000000000001,1,E,0.017261981662035995,0.5220364695962982,0.03306662018342329,0.0
toy_1,Triangle + branches,Coverage,1.4000000000000001,2,A,0.18690775006949129,0.5220364695962982,0.3580358096705982,0.0
toy_1,Triangle + branches,Coverage,1.4000000000000001,2,B,0.1503023781013675,0.5220364695962982,0.2879154749812776,0.0
toy_1,Triangle + branches,Coverage,1.4000000000000001,2,C,0.1503023781013675,0.5220364695962982,0.2879154749812776,0.0
toy_1,Triangle + branches,Coverage,1.4000000000000001,2,D,0.017261981662035995,0.5220364695962982,0.03306662018342329,0.0
toy_1,Triangle + branches,Coverage,1.4000000000000001,2,E,0.017261981662035995,0.5220364695962982,0.03306662018342329,0.0
toy_1,Triangle + branches,Coverage,1.5,1,A,0.17894470632363552,0.49797585579152914,0.3593441413724851,0.0
toy_1,Triangle + branches,Coverage,1.5,1,B,0.1422847566708106,0.49797585579152914,0.28572621547012556,0.0
toy_1,Triangle + branches,Coverage,1.5,1,C,0.1422847566708106,0.49797585579152914,0.28572621547012556,0.0
toy_1,Triangle + branches,Coverage,1.5,1,D,0.017230818063136186,0.49797585579152914,0.03460171384363188,0.0
toy_1,Triangle + branches,Coverage,1.5,1,E,0.017230818063136186,0.49797585579152914,0.03460171384363188,0.0
toy_1,Triangle + branches,Coverage,1.5,2,A,0.17894470632363552,0.49797585579152914,0.3593441413724851,0.0
toy_1,Triangle + branches,Coverage,1.5,2,B,0.1422847566708106,0.49797585579152914,0.28572621547012556,0.0
toy_1,Triangle + branches,Coverage,1.5,2,C,0.1422847566708106,0.49797585579152914,0.28572621547012556,0.0
toy_1,Triangle + branches,Coverage,1.5,2,D,0.017230818063136186,0.49797585579152914,0.03460171384363188,0.0
toy_1,Triangle + branches,Coverage,1.5,2,E,0.017230818063136186,0.49797585579152914,0.03460171384363188,0.0
toy_1,Triangle + branches,Coverage,1.6,1,A,0.17128298343938958,0.4749910126993671,0.3606025774382358,8.326672684688674e-17
toy_1,Triangle + branches,Coverage,1.6,1,B,0.13472672787038698,0.4749910126993671,0.28364058322858976,8.326672684688674e-17
toy_1,Triangle + branches,Coverage,1.6,1,C,0.13472672787038698,0.4749910126993671,0.28364058322858976,8.326672684688674e-17
toy_1,Triangle + branches,Coverage,1.6,1,D,0.017127286759601807,0.4749910126993671,0.03605812805229236,8.326672684688674e-17
toy_1,Triangle + branches,Coverage,1.6,1,E,0.017127286759601807,0.4749910126993671,0.03605812805229236,8.326672684688674e-17
toy_1,Triangle + branches,Coverage,1.6,2,A,0.17128298343938964,0.47499101269936717,0.36060257743823587,8.326672684688674e-17
toy_1,Triangle + branches,Coverage,1.6,2,B,0.134726727870387,0.47499101269936717,0.2836405832285898,8.326672684688674e-17
toy_1,Triangle + branches,Coverage,1.6,2,C,0.134726727870387,0.47499101269936717,0.2836405832285898,8.326672684688674e-17
toy_1,Triangle + branches,Coverage,1.6,2,D,0.017127286759601807,0.47499101269936717,0.03605812805229236,8.326672684688674e-17
toy_1,Triangle + branches,Coverage,1.6,2,E,0.017127286759601807,0.47499101269936717,0.03605812805229236,8.326672684688674e-17
toy_1,Triangle + branches,Coverage,1.7000000000000002,1,A,0.16391475024099134,0.45303734977880383,0.3618128843483279,6.938893903907228e-17
toy_1,Triangle + branches,Coverage,1.7000000000000002,1,B,0.12759947957444942,0.45303734977880383,0.2816533330789394,6.938893903907228e-17
toy_1,Triangle + branches,Coverage,1.7000000000000002,1,C,0.12759947957444942,0.45303734977880383,0.2816533330789394,6.938893903907228e-17
toy_1,Triangle + branches,Coverage,1.7000000000000002,1,D,0.01696182019445683,0.45303734977880383,0.03744022474689662,6.938893903907228e-17
toy_1,Triangle + branches,Coverage,1.7000000000000002,1,E,0.01696182019445683,0.45303734977880383,0.03744022474689662,6.938893903907228e-17
toy_1,Triangle + branches,Coverage,1.7000000000000002,2,A,0.16391475024099136,0.45303734977880394,0.3618128843483279,6.938893903907228e-17
toy_1,Triangle + branches,Coverage,1.7000000000000002,2,B,0.12759947957444942,0.45303734977880394,0.28165333307893936,6.938893903907228e-17
toy_1,Triangle + branches,Coverage,1.7000000000000002,2,C,0.12759947957444942,0.45303734977880394,0.28165333307893936,6.938893903907228e-17
toy_1,Triangle + branches,Coverage,1.7000000000000002,2,D,0.01696182019445683,0.45303734977880394,0.03744022474689661,6.938893903907228e-17
toy_1,Triangle + branches,Coverage,1.7000000000000002,2,E,0.01696182019445683,0.45303734977880394,0.03744022474689661,6.938893903907228e-17
toy_1,Triangle + branches,Coverage,1.8,1,A,0.1568320048863269,0.43207173911347474,0.3629767714225304,0.0
toy_1,Triangle + branches,Coverage,1.8,1,B,0.12087618185313863,0.43207173911347474,0.2797595188733068,0.0
toy_1,Triangle + branches,Coverage,1.8,1,C,0.12087618185313863,0.43207173911347474,0.2797595188733068,0.0
toy_1,Triangle + branches,Coverage,1.8,1,D,0.01674368526043529,0.43207173911347474,0.038752095415428005,0.0
toy_1,Triangle + branches,Coverage,1.8,1,E,0.01674368526043529,0.43207173911347474,0.038752095415428005,0.0
toy_1,Triangle + branches,Coverage,1.8,2,A,0.15683200488632693,0.4320717391134748,0.3629767714225304,0.0
toy_1,Triangle + branches,Coverage,1.8,2,B,0.12087618185313864,0.4320717391134748,0.2797595188733068,0.0
toy_1,Triangle + branches,Coverage,1.8,2,C,0.12087618185313864,0.4320717391134748,0.2797595188733068,0.0
toy_1,Triangle + branches,Coverage,1.8,2,D,0.016743685260435293,0.4320717391134748,0.038752095415428005,0.0
toy_1,Triangle + branches,Coverage,1.8,2,E,0.016743685260435293,0.4320717391134748,0.038752095415428005,0.0
toy_1,Triangle + branches,Coverage,1.9000000000000001,1,A,0.150026627751164,0.4120525134821803,0.3640958927378368,6.938893903907228e-17
toy_1,Triangle + branches,Coverage,1.9000000000000001,1,B,0.11453183930444719,0.4120525134821803,0.27795447317275074,6.938893903907228e-17
toy_1,Triangle + branches,Coverage,1.9000000000000001,1,C,0.11453183930444719,0.4120525134821803,0.27795447317275074,6.938893903907228e-17
toy_1,Triangle + branches,Coverage,1.9000000000000001,1,D,0.01648110356106095,0.4120525134821803,0.03999758045833082,6.938893903907228e-17
toy_1,Triangle + branches,Coverage,1.9000000000000001,1,E,0.01648110356106095,0.4120525134821803,0.03999758045833082,6.938893903907228e-17
toy_1,Triangle + branches,Coverage,1.9000000000000001,2,A,0.15002662775116402,0.4120525134821804,0.3640958927378368,6.938893903907228e-17
toy_1,Triangle + branches,Coverage,1.9000000000000001,2,B,0.11453183930444721,0.4120525134821804,0.2779544731727507,6.938893903907228e-17
toy_1,Triangle + branches,Coverage,1.9000000000000001,2,C,0.11453183930444721,0.4120525134821804,0.2779544731727507,6.938893903907228e-17
toy_1,Triangle + branches,Coverage,1.9000000000000001,2,D,0.01648110356106095,0.4120525134821804,0.03999758045833081,6.938893903907228e-17
toy_1,Triangle + branches,Coverage,1.9000000000000001,2,E,0.01648110356106095,0.4120525134821804,0.03999758045833081,6.938893903907228e-17
toy_1,Triangle + branches,Coverage,2.0,1,A,0.14349042819476138,0.39293945745430436,0.36517184892649307,5.551115123125783e-17
toy_1,Triangle + branches,Coverage,2.0,1,B,0.1085431550281574,0.39293945745430436,0.27623378861304626,5.551115123125783e-17
toy_1,Triangle + branches,Coverage,2.0,1,C,0.1085431550281574,0.39293945745430436,0.27623378861304626,5.551115123125783e-17
toy_1,Triangle + branches,Coverage,2.0,1,D,0.016181359601614095,0.39293945745430436,0.041180286923707204,5.551115123125783e-17
toy_1,Triangle + branches,Coverage,2.0,1,E,0.016181359601614095,0.39293945745430436,0.041180286923707204,5.551115123125783e-17
toy_1,Triangle + branches,Coverage,2.0,2,A,0.14349042819476135,0.39293945745430436,0.36517184892649296,5.551115123125783e-17
toy_1,Triangle + branches,Coverage,2.0,2,B,0.1085431550281574,0.39293945745430436,0.27623378861304626,5.551115123125783e-17
toy_1,Triangle + branches,Coverage,2.0,2,C,0.1085431550281574,0.39293945745430436,0.27623378861304626,5.551115123125783e-17
toy_1,Triangle + branches,Coverage,2.0,2,D,0.016181359601614095,0.39293945745430436,0.041180286923707204,5.551115123125783e-17
toy_1,Triangle + branches,Coverage,2.0,2,E,0.016181359601614095,0.39293945745430436,0.041180286923707204,5.551115123125783e-17
toy_1,Triangle + branches,Coverage,2.1,1,A,0.13721518577692335,0.37469379258872626,0.3662061888693586,0.0
toy_1,Triangle + branches,Coverage,2.1,1,B,0.1028884052925659,0.37469379258872626,0.27459330079027733,0.0
toy_1,Triangle + branches,Coverage,2.1,1,C,0.1028884052925659,0.37469379258872626,0.27459330079027733,0.0
toy_1,Triangle + branches,Coverage,2.1,1,D,0.01585089811333554,0.37469379258872626,0.042303604775043344,0.0
toy_1,Triangle + branches,Coverage,2.1,1,E,0.01585089811333554,0.37469379258872626,0.042303604775043344,0.0
toy_1,Triangle + branches,Coverage,2.1,2,A,0.13721518577692335,0.37469379258872626,0.3662061888693586,0.0
toy_1,Triangle + branches,Coverage,2.1,2,B,0.1028884052925659,0.37469379258872626,0.27459330079027733,0.0
toy_1,Triangle + branches,Coverage,2.1,2,C,0.1028884052925659,0.37469379258872626,0.27459330079027733,0.0
toy_1,Triangle + branches,Coverage,2.1,2,D,0.01585089811333554,0.37469379258872626,0.042303604775043344,0.0
toy_1,Triangle + branches,Coverage,2.1,2,E,0.01585089811333554,0.37469379258872626,0.042303604775043344,0.0
toy_1,Triangle + branches,Coverage,2.2,1,A,0.13119268644921794,0.3572781576839265,0.3672004112976877,6.938893903907228e-17
toy_1,Triangle + branches,Coverage,2.2,1,B,0.097547324023445,0.3572781576839265,0.27302907251817576,6.938893903907228e-17
toy_1,Triangle + branches,Coverage,2.2,1,C,0.097547324023445,0.3572781576839265,0.27302907251817576,6.938893903907228e-17
toy_1,Triangle + branches,Coverage,2.2,1,D,0.015495411593909252,0.3572781576839265,0.043370721832980304,6.938893903907228e-17
toy_1,Triangle + branches,Coverage,2.2,1,E,0.015495411593909252,0.3572781576839265,0.043370721832980304,6.938893903907228e-17
toy_1,Triangle + branches,Coverage,2.2,2,A,0.13119268644921794,0.3572781576839264,0.3672004112976878,6.938893903907228e-17
toy_1,Triangle + branches,Coverage,2.2,2,B,0.09754732402344497,0.3572781576839264,0.27302907251817576,6.938893903907228e-17
toy_1,Triangle + branches,Coverage,2.2,2,C,0.09754732402344497,0.3572781576839264,0.27302907251817576,6.938893903907228e-17
toy_1,Triangle + branches,Coverage,2.2,2,D,0.015495411593909252,0.3572781576839264,0.04337072183298032,6.938893903907228e-17
toy_1,Triangle + branches,Coverage,2.2,2,E,0.015495411593909252,0.3572781576839264,0.04337072183298032,6.938893903907228e-17
toy_1,Triangle + branches,Coverage,2.3000000000000003,1,A,0.1254147541992685,0.340656584910853,0.36815596631454667,0.0
toy_1,Triangle + branches,Coverage,2.3000000000000003,1,B,0.09250099631672096,0.340656584910853,0.27153737932565636,0.0
toy_1,Triangle + branches,Coverage,2.3000000000000003,1,C,0.09250099631672096,0.340656584910853,0.27153737932565636,0.0
toy_1,Triangle + branches,Coverage,2.3000000000000003,1,D,0.01511991903907127,0.340656584910853,0.04438463751707024,0.0
toy_1,Triangle + branches,Coverage,2.3000000000000003,1,E,0.01511991903907127,0.340656584910853,0.04438463751707024,0.0
toy_1,Triangle + branches,Coverage,2.3000000000000003,2,A,0.1254147541992685,0.340656584910853,0.36815596631454667,0.0
toy_1,Triangle + branches,Coverage,2.3000000000000003,2,B,0.09250099631672096,0.340656584910853,0.27153737932565636,0.0
toy_1,Triangle + branches,Coverage,2.3000000000000003,2,C,0.09250099631672096,0.340656584910853,0.27153737932565636,0.0
toy_1,Triangle + branches,Coverage,2.3000000000000003,2,D,0.01511991903907127,0.340656584910853,0.04438463751707024,0.0
toy_1,Triangle + branches,Coverage,2.3000000000000003,2,E,0.01511991903907127,0.340656584910853,0.04438463751707024,0.0
toy_1,Triangle + branches,Coverage,2.4000000000000004,1,A,0.11987327858653857,0.3247944725571222,0.36907425684547707,2.7755575615628914e-17
toy_1,Triangle + branches,Coverage,2.4000000000000004,1,B,0.08773176024240766,0.3247944725571222,0.27011469607746513,2.7755575615628914e-17
toy_1,Triangle + branches,Coverage,2.4000000000000004,1,C,0.08773176024240766,0.3247944725571222,0.27011469607746513,2.7755575615628914e-17
toy_1,Triangle + branches,Coverage,2.4000000000000004,1,D,0.014728836742884157,0.3247944725571222,0.04534817549979632,2.7755575615628914e-17
toy_1,Triangle + branches,Coverage,2.4000000000000004,1,E,0.014728836742884157,0.3247944725571222,0.04534817549979632,2.7755575615628914e-17
toy_1,Triangle + branches,Coverage,2.4000000000000004,2,A,0.11987327858653855,0.3247944725571222,0.369074256845477,2.7755575615628914e-17
toy_1,Triangle + branches,Coverage,2.4000000000000004,2,B,0.08773176024240766,0.3247944725571222,0.27011469607746513,2.7755575615628914e-17
toy_1,Triangle + branches,Coverage,2.4000000000000004,2,C,0.08773176024240766,0.3247944725571222,0.27011469607746513,2.7755575615628914e-17
toy_1,Triangle + branches,Coverage,2.4000000000000004,2,D,0.014728836742884157,0.3247944725571222,0.04534817549979632,2.7755575615628914e-17
toy_1,Triangle + branches,Coverage,2.4000000000000004,2,E,0.014728836742884157,0.3247944725571222,0.04534817549979632,2.7755575615628914e-17
toy_1,Triangle + branches,Coverage,2.5,1,A,0.11456023857063881,0.3096585550198368,0.36995664002662565,6.938893903907228e-18
toy_1,Triangle + branches,Coverage,2.5,1,B,0.08322311626791269,0.3096585550198368,0.2687576846135622,6.938893903907228e-18
toy_1,Triangle + branches,Coverage,2.5,1,C,0.08322311626791269,0.3096585550198368,0.2687576846135622,6.938893903907228e-18
toy_1,Triangle + branches,Coverage,2.5,1,D,0.014326041956686283,0.3096585550198368,0.046263995373124936,6.938893903907228e-18
toy_1,Triangle + branches,Coverage,2.5,1,E,0.014326041956686283,0.3096585550198368,0.046263995373124936,6.938893903907228e-18
toy_1,Triangle + branches,Coverage,2.5,2,A,0.11456023857063882,0.3096585550198368,0.36995664002662565,6.938893903907228e-18
toy_1,Triangle + branches,Coverage,2.5,2,B,0.08322311626791269,0.3096585550198368,0.2687576846135622,6.938893903907228e-18
toy_1,Triangle + branches,Coverage,2.5,2,C,0.08322311626791269,0.3096585550198368,0.2687576846135622,6.938893903907228e-18
toy_1,Triangle + branches,Coverage,2.5,2,D,0.014326041956686285,0.3096585550198368,0.04626399537312494,6.938893903907228e-18
toy_1,Triangle + branches,Coverage,2.5,2,E,0.014326041956686285,0.3096585550198368,0.04626399537312494,6.938893903907228e-18
toy_1,Triangle + branches,Coverage,2.6,1,A,0.10946772299868487,0.29521687060341284,0.37080442853735535,1.457167719820518e-16
toy_1,Triangle + branches,Coverage,2.6,1,B,0.07895964368438008,0.29521687060341284,0.267463182314037,1.457167719820518e-16
toy_1,Triangle + branches,Coverage,2.6,1,C,0.07895964368438008,0.29521687060341284,0.267463182314037,1.457167719820518e-16
toy_1,Triangle + branches,Coverage,2.6,1,D,0.013914930117983918,0.29521687060341284,0.04713460341728538,1.457167719820518e-16
toy_1,Triangle + branches,Coverage,2.6,1,E,0.013914930117983918,0.29521687060341284,0.04713460341728538,1.457167719820518e-16
toy_1,Triangle + branches,Coverage,2.6,2,A,0.10946772299868486,0.29521687060341284,0.3708044285373553,1.457167719820518e-16
toy_1,Triangle + branches,Coverage,2.6,2,B,0.07895964368438005,0.29521687060341284,0.2674631823140369,1.457167719820518e-16
toy_1,Triangle + branches,Coverage,2.6,2,C,0.07895964368438005,0.29521687060341284,0.2674631823140369,1.457167719820518e-16
toy_1,Triangle + branches,Coverage,2.6,2,D,0.01391493011798392,0.29521687060341284,0.047134603417285384,1.457167719820518e-16
toy_1,Triangle + branches,Coverage,2.6,2,E,0.01391493011798392,0.29521687060341284,0.047134603417285384,1.457167719820518e-16
toy_1,Triangle + branches,Coverage,2.7,1,A,0.10458794808643176,0.28143872760718047,0.37161889188331937,0.0
toy_1,Triangle + branches,Coverage,2.7,1,B,0.07492692347066482,0.28143872760718047,0.26622819150619687,0.0
toy_1,Triangle + branches,Coverage,2.7,1,C,0.07492692347066482,0.28143872760718047,0.26622819150619687,0.0
toy_1,Triangle + branches,Coverage,2.7,1,D,0.013498466289709505,0.28143872760718047,0.047962362552143346,0.0
toy_1,Triangle + branches,Coverage,2.7,1,E,0.013498466289709505,0.28143872760718047,0.047962362552143346,0.0
toy_1,Triangle + branches,Coverage,2.7,2,A,0.10458794808643176,0.28143872760718047,0.37161889188331937,0.0
toy_1,Triangle + branches,Coverage,2.7,2,B,0.07492692347066482,0.28143872760718047,0.26622819150619687,0.0
toy_1,Triangle + branches,Coverage,2.7,2,C,0.07492692347066482,0.28143872760718047,0.26622819150619687,0.0
toy_1,Triangle + branches,Coverage,2.7,2,D,0.013498466289709505,0.28143872760718047,0.047962362552143346,0.0
toy_1,Triangle + branches,Coverage,2.7,2,E,0.013498466289709505,0.28143872760718047,0.047962362552143346,0.0
toy_1,Triangle + branches,Coverage,2.8000000000000003,1,A,0.09991327219861526,0.2682946691241284,0.3724012576350881,0.0
toy_1,Triangle + branches,Coverage,2.8000000000000003,1,B,0.07111146707623225,0.2682946691241284,0.26504986963916166,0.0
toy_1,Triangle + branches,Coverage,2.8000000000000003,1,C,0.07111146707623225,0.2682946691241284,0.26504986963916166,0.0
toy_1,Triangle + branches,Coverage,2.8000000000000003,1,D,0.013079231386524325,0.2682946691241284,0.04874950154329427,0.0
toy_1,Triangle + branches,Coverage,2.8000000000000003,1,E,0.013079231386524325,0.2682946691241284,0.04874950154329427,0.0
toy_1,Triangle + branches,Coverage,2.8000000000000003,2,A,0.09991327219861526,0.2682946691241284,0.3724012576350881,0.0
toy_1,Triangle + branches,Coverage,2.8000000000000003,2,B,0.07111146707623225,0.2682946691241284,0.26504986963916166,0.0
toy_1,Triangle + branches,Coverage,2.8000000000000003,2,C,0.07111146707623225,0.2682946691241284,0.26504986963916166,0.0
toy_1,Triangle + branches,Coverage,2.8000000000000003,2,D,0.013079231386524325,0.2682946691241284,0.04874950154329427,0.0
toy_1,Triangle + branches,Coverage,2.8000000000000003,2,E,0.013079231386524325,0.2682946691241284,0.04874950154329427,0.0
toy_1,Triangle + branches,Coverage,2.9000000000000004,1,A,0.09543620820696694,0.255756436916097,0.37315271262664473,2.7755575615628914e-17
toy_1,Triangle + branches,Coverage,2.9000000000000004,1,B,0.06750065064708635,0.255756436916097,0.2639255201589725,2.7755575615628914e-17
toy_1,Triangle + branches,Coverage,2.9000000000000004,1,C,0.06750065064708635,0.255756436916097,0.2639255201589725,2.7755575615628914e-17
toy_1,Triangle + branches,Coverage,2.9000000000000004,1,D,0.01265946370747869,0.255756436916097,0.049498123527705114,2.7755575615628914e-17
toy_1,Triangle + branches,Coverage,2.9000000000000004,1,E,0.01265946370747869,0.255756436916097,0.049498123527705114,2.7755575615628914e-17
toy_1,Triangle + branches,Coverage,2.9000000000000004,2,A,0.09543620820696695,0.255756436916097,0.3731527126266448,2.7755575615628914e-17
toy_1,Triangle + branches,Coverage,2.9000000000000004,2,B,0.06750065064708635,0.255756436916097,0.2639255201589725,2.7755575615628914e-17
toy_1,Triangle + branches,Coverage,2.9000000000000004,2,C,0.06750065064708635,0.255756436916097,0.2639255201589725,2.7755575615628914e-17
toy_1,Triangle + branches,Coverage,2.9000000000000004,2,D,0.01265946370747869,0.255756436916097,0.049498123527705114,2.7755575615628914e-17
toy_1,Triangle + branches,Coverage,2.9000000000000004,2,E,0.01265946370747869,0.255756436916097,0.049498123527705114,2.7755575615628914e-17
toy_1,Triangle + branches,Coverage,3.0,1,A,0.0911494336795727,0.2437969346811673,0.37387440411741063,0.0
toy_1,Triangle + branches,Coverage,3.0,1,B,0.06408265425808195,0.2437969346811673,0.2628525840240278,0.0
toy_1,Triangle + branches,Coverage,3.0,1,C,0.06408265425808195,0.2437969346811673,0.2628525840240278,0.0
toy_1,Triangle + branches,Coverage,3.0,1,D,0.012241096242715367,0.2437969346811673,0.050210213917266946,0.0
toy_1,Triangle + branches,Coverage,3.0,1,E,0.012241096242715367,0.2437969346811673,0.050210213917266946,0.0
toy_1,Triangle + branches,Coverage,3.0,2,A,0.0911494336795727,0.24379693468116728,0.37387440411741063,0.0
toy_1,Triangle + branches,Coverage,3.0,2,B,0.06408265425808193,0.24379693468116728,0.2628525840240278,0.0
toy_1,Triangle + branches,Coverage,3.0,2,C,0.06408265425808193,0.24379693468116728,0.2628525840240278,0.0
toy_1,Triangle + branches,Coverage,3.0,2,D,0.012241096242715367,0.24379693468116728,0.050210213917266946,0.0
toy_1,Triangle + branches,Coverage,3.0,2,E,0.012241096242715367,0.24379693468116728,0.050210213917266946,0.0
toy_1,Triangle + branches,Coverage,3.1,1,A,0.08704579913245455,0.2323901909852319,0.3745674409208873,0.0
toy_1,Triangle + branches,Coverage,3.1,1,B,0.06084640575095644,0.2323901909852319,0.2618286318066805,0.0
toy_1,Triangle + branches,Coverage,3.1,1,C,0.06084640575095644,0.2323901909852319,0.2618286318066805,0.0
toy_1,Triangle + branches,Coverage,3.1,1,D,0.011825790175432237,0.2323901909852319,0.05088764773287592,0.0
toy_1,Triangle + branches,Coverage,3.1,1,E,0.011825790175432237,0.2323901909852319,0.05088764773287592,0.0
toy_1,Triangle + branches,Coverage,3.1,2,A,0.08704579913245455,0.2323901909852319,0.3745674409208873,0.0
toy_1,Triangle + branches,Coverage,3.1,2,B,0.06084640575095644,0.2323901909852319,0.2618286318066805,0.0
toy_1,Triangle + branches,Coverage,3.1,2,C,0.06084640575095644,0.2323901909852319,0.2618286318066805,0.0
toy_1,Triangle + branches,Coverage,3.1,2,D,0.011825790175432237,0.2323901909852319,0.05088764773287592,0.0
toy_1,Triangle + branches,Coverage,3.1,2,E,0.011825790175432237,0.2323901909852319,0.05088764773287592,0.0
toy_1,Triangle + branches,Coverage,3.2,1,A,0.0831183345533291,0.2215113220911148,0.37523289450252045,0.0
toy_1,Triangle + branches,Coverage,3.2,1,B,0.057781528810403604,0.2215113220911148,0.2608513563321887,0.0
toy_1,Triangle + branches,Coverage,3.2,1,C,0.057781528810403604,0.2215113220911148,0.2608513563321887,0.0
toy_1,Triangle + branches,Coverage,3.2,1,D,0.011414964958489227,0.2215113220911148,0.05153219641655103,0.0
toy_1,Triangle + branches,Coverage,3.2,1,E,0.011414964958489227,0.2215113220911148,0.05153219641655103,0.0
toy_1,Triangle + branches,Coverage,3.2,2,A,0.0831183345533291,0.2215113220911148,0.37523289450252045,0.0
toy_1,Triangle + branches,Coverage,3.2,2,B,0.05778152881040361,0.2215113220911148,0.2608513563321887,0.0
toy_1,Triangle + branches,Coverage,3.2,2,C,0.05778152881040361,0.2215113220911148,0.2608513563321887,0.0
toy_1,Triangle + branches,Coverage,3.2,2,D,0.011414964958489227,0.2215113220911148,0.05153219641655103,0.0
toy_1,Triangle + branches,Coverage,3.2,2,E,0.011414964958489227,0.2215113220911148,0.05153219641655103,0.0
toy_1,Triangle + branches,Coverage,3.3000000000000003,1,A,0.07936025438829063,0.2111364948845601,0.37587180004897414,3.469446951953614e-17
toy_1,Triangle + branches,Coverage,3.3000000000000003,1,B,0.05487829494074914,0.2111364948845601,0.2599185658109656,3.469446951953614e-17
toy_1,Triangle + branches,Coverage,3.3000000000000003,1,C,0.05487829494074914,0.2111364948845601,0.2599185658109656,3.469446951953614e-17
toy_1,Triangle + branches,Coverage,3.3000000000000003,1,D,0.011009825307385595,0.2111364948845601,0.0521455341645473,3.469446951953614e-17
toy_1,Triangle + branches,Coverage,3.3000000000000003,1,E,0.011009825307385595,0.2111364948845601,0.0521455341645473,3.469446951953614e-17
toy_1,Triangle + branches,Coverage,3.3000000000000003,2,A,0.07936025438829065,0.21113649488456016,0.3758718000489742,3.469446951953614e-17
toy_1,Triangle + branches,Coverage,3.3000000000000003,2,B,0.05487829494074915,0.21113649488456016,0.2599185658109656,3.469446951953614e-17
toy_1,Triangle + branches,Coverage,3.3000000000000003,2,C,0.05487829494074915,0.21113649488456016,0.2599185658109656,3.469446951953614e-17
toy_1,Triangle + branches,Coverage,3.3000000000000003,2,D,0.011009825307385599,0.21113649488456016,0.05214553416454731,3.469446951953614e-17
toy_1,Triangle + branches,Coverage,3.3000000000000003,2,E,0.011009825307385599,0.21113649488456016,0.05214553416454731,3.469446951953614e-17
toy_1,Triangle + branches,Coverage,3.4000000000000004,1,A,0.07576496116455755,0.20124289006642998,0.3764851575106462,1.3877787807814457e-17
toy_1,Triangle + branches,Coverage,3.4000000000000004,1,B,0.05212757903350934,0.20124289006642998,0.259028177424316,1.3877787807814457e-17
toy_1,Triangle + branches,Coverage,3.4000000000000004,1,C,0.05212757903350934,0.20124289006642998,0.259028177424316,1.3877787807814457e-17
toy_1,Triangle + branches,Coverage,3.4000000000000004,1,D,0.01061138541742687,0.20124289006642998,0.05272924382036089,1.3877787807814457e-17
toy_1,Triangle + branches,Coverage,3.4000000000000004,1,E,0.01061138541742687,0.20124289006642998,0.05272924382036089,1.3877787807814457e-17
toy_1,Triangle + branches,Coverage,3.4000000000000004,2,A,0.07576496116455755,0.20124289006642998,0.3764851575106462,1.3877787807814457e-17
toy_1,Triangle + branches,Coverage,3.4000000000000004,2,B,0.05212757903350935,0.20124289006642998,0.259028177424316,1.3877787807814457e-17
toy_1,Triangle + branches,Coverage,3.4000000000000004,2,C,0.05212757903350935,0.20124289006642998,0.259028177424316,1.3877787807814457e-17
toy_1,Triangle + branches,Coverage,3.4000000000000004,2,D,0.010611385417426872,0.20124289006642998,0.052729243820360906,1.3877787807814457e-17
toy_1,Triangle + branches,Coverage,3.4000000000000004,2,E,0.010611385417426872,0.20124289006642998,0.052729243820360906,1.3877787807814457e-17
toy_1,Triangle + branches,Coverage,3.5,1,A,0.07232604790628328,0.1918086657540707,0.377073932618961,9.020562075079397e-17
toy_1,Triangle + branches,Coverage,3.5,1,B,0.04952081824152392,0.1918086657540707,0.25817821132762325,9.020562075079397e-17
toy_1,Triangle + branches,Coverage,3.5,1,C,0.04952081824152392,0.1918086657540707,0.25817821132762325,9.020562075079397e-17
toy_1,Triangle + branches,Coverage,3.5,1,D,0.010220490682369793,0.1918086657540707,0.053284822362896216,9.020562075079397e-17
toy_1,Triangle + branches,Coverage,3.5,1,E,0.010220490682369793,0.1918086657540707,0.053284822362896216,9.020562075079397e-17
toy_1,Triangle + branches,Coverage,3.5,2,A,0.07232604790628329,0.19180866575407074,0.37707393261896105,9.020562075079397e-17
toy_1,Triangle + branches,Coverage,3.5,2,B,0.049520818241523934,0.19180866575407074,0.2581782113276233,9.020562075079397e-17
toy_1,Triangle + branches,Coverage,3.5,2,C,0.049520818241523934,0.19180866575407074,0.2581782113276233,9.020562075079397e-17
toy_1,Triangle + branches,Coverage,3.5,2,D,0.010220490682369793,0.19180866575407074,0.05328482236289621,9.020562075079397e-17
toy_1,Triangle + branches,Coverage,3.5,2,E,0.010220490682369793,0.19180866575407074,0.05328482236289621,9.020562075079397e-17
toy_1,Triangle + branches,Coverage,3.6,1,A,0.06903729948565579,0.182812921611635,0.37763905787971364,8.326672684688674e-17
toy_1,Triangle + branches,Coverage,3.6,1,B,0.04704997389865008,0.182812921611635,0.2573667850383264,8.326672684688674e-17
toy_1,Triangle + branches,Coverage,3.6,1,C,0.04704997389865008,0.182812921611635,0.2573667850383264,8.326672684688674e-17
toy_1,Triangle + branches,Coverage,3.6,1,D,0.00983783716433953,0.182812921611635,0.053813686021816784,8.326672684688674e-17
toy_1,Triangle + branches,Coverage,3.6,1,E,0.00983783716433953,0.182812921611635,0.053813686021816784,8.326672684688674e-17
toy_1,Triangle + branches,Coverage,3.6,2,A,0.06903729948565579,0.18281292161163504,0.3776390578797136,8.326672684688674e-17
toy_1,Triangle + branches,Coverage,3.6,2,B,0.047049973898650094,0.18281292161163504,0.25736678503832644,8.326672684688674e-17
toy_1,Triangle + branches,Coverage,3.6,2,C,0.047049973898650094,0.18281292161163504,0.25736678503832644,8.326672684688674e-17
toy_1,Triangle + branches,Coverage,3.6,2,D,0.009837837164339532,0.18281292161163504,0.053813686021816784,8.326672684688674e-17
toy_1,Triangle + branches,Coverage,3.6,2,E,0.009837837164339532,0.18281292161163504,0.053813686021816784,8.326672684688674e-17
toy_1,Triangle + branches,Coverage,3.7,1,A,0.06589269303798906,0.17423566360881299,0.37818143354352945,9.020562075079397e-17
toy_1,Triangle + branches,Coverage,3.7,1,B,0.044707496245359586,0.17423566360881299,0.25659210817904127,9.020562075079397e-17
toy_1,Triangle + branches,Coverage,3.7,1,C,0.044707496245359586,0.17423566360881299,0.25659210817904127,9.020562075079397e-17
toy_1,Triangle + branches,Coverage,3.7,1,D,0.009463989040052394,0.17423566360881299,0.05431717504919411,9.020562075079397e-17
toy_1,Triangle + branches,Coverage,3.7,1,E,0.009463989040052394,0.17423566360881299,0.05431717504919411,9.020562075079397e-17
toy_1,Triangle + branches,Coverage,3.7,2,A,0.06589269303798907,0.17423566360881299,0.3781814335435295,9.020562075079397e-17
toy_1,Triangle + branches,Coverage,3.7,2,B,0.04470749624535958,0.17423566360881299,0.2565921081790412,9.020562075079397e-17
toy_1,Triangle + branches,Coverage,3.7,2,C,0.04470749624535958,0.17423566360881299,0.2565921081790412,9.020562075079397e-17
toy_1,Triangle + branches,Coverage,3.7,2,D,0.009463989040052396,0.17423566360881299,0.054317175049194116,9.020562075079397e-17
toy_1,Triangle + branches,Coverage,3.7,2,E,0.009463989040052396,0.17423566360881299,0.054317175049194116,9.020562075079397e-17
toy_1,Triangle + branches,Coverage,3.8000000000000003,1,A,0.06288639755714404,0.16605776948960954,0.3787019285543211,5.551115123125783e-17
toy_1,Triangle + branches,Coverage,3.8000000000000003,1,B,0.04248629174015789,0.16605776948960954,0.25585247754888285,5.551115123125783e-17
toy_1,Triangle + branches,Coverage,3.8000000000000003,1,C,0.04248629174015789,0.16605776948960954,0.25585247754888285,5.551115123125783e-17
toy_1,Triangle + branches,Coverage,3.8000000000000003,1,D,0.009099394226074878,0.16605776948960954,0.05479655817395668,5.551115123125783e-17
toy_1,Triangle + branches,Coverage,3.8000000000000003,1,E,0.009099394226074878,0.16605776948960954,0.05479655817395668,5.551115123125783e-17
toy_1,Triangle + branches,Coverage,3.8000000000000003,2,A,0.06288639755714404,0.16605776948960954,0.3787019285543211,5.551115123125783e-17
toy_1,Triangle + branches,Coverage,3.8000000000000003,2,B,0.04248629174015788,0.16605776948960954,0.2558524775488828,5.551115123125783e-17
toy_1,Triangle + branches,Coverage,3.8000000000000003,2,C,0.04248629174015788,0.16605776948960954,0.2558524775488828,5.551115123125783e-17
toy_1,Triangle + branches,Coverage,3.8000000000000003,2,D,0.009099394226074878,0.16605776948960954,0.05479655817395668,5.551115123125783e-17
toy_1,Triangle + branches,Coverage,3.8000000000000003,2,E,0.009099394226074878,0.16605776948960954,0.05479655817395668,5.551115123125783e-17
toy_1,Triangle + branches,Coverage,3.9000000000000004,1,A,0.06001277277631869,0.15826095501722756,0.3792013814764733,8.326672684688674e-17
toy_1,Triangle + branches,Coverage,3.9000000000000004,1,B,0.0403796927546933,0.15826095501722756,0.25514627249846783,8.326672684688674e-17
toy_1,Triangle + branches,Coverage,3.9000000000000004,1,C,0.0403796927546933,0.15826095501722756,0.25514627249846783,8.326672684688674e-17
toy_1,Triangle + branches,Coverage,3.9000000000000004,1,D,0.008744398365761132,0.15826095501722756,0.055253036763295515,8.326672684688674e-17
toy_1,Triangle + branches,Coverage,3.9000000000000004,1,E,0.008744398365761132,0.15826095501722756,0.055253036763295515,8.326672684688674e-17
toy_1,Triangle + branches,Coverage,3.9000000000000004,2,A,0.060012772776318696,0.15826095501722756,0.37920138147647336,8.326672684688674e-17
toy_1,Triangle + branches,Coverage,3.9000000000000004,2,B,0.04037969275469331,0.15826095501722756,0.2551462724984679,8.326672684688674e-17
toy_1,Triangle + branches,Coverage,3.9000000000000004,2,C,0.04037969275469331,0.15826095501722756,0.2551462724984679,8.326672684688674e-17
toy_1,Triangle + branches,Coverage,3.9000000000000004,2,D,0.008744398365761132,0.15826095501722756,0.055253036763295515,8.326672684688674e-17
toy_1,Triangle + branches,Coverage,3.9000000000000004,2,E,0.008744398365761132,0.15826095501722756,0.055253036763295515,8.326672684688674e-17
toy_1,Triangle + branches,Coverage,4.0,1,A,0.057266367428930216,0.1508277410475169,0.3796806014013627,1.3183898417423734e-16
toy_1,Triangle + branches,Coverage,4.0,1,B,0.03838142946687893,0.1508277410475169,0.2544719505862467,1.3183898417423734e-16
toy_1,Triangle + branches,Coverage,4.0,1,C,0.03838142946687893,0.1508277410475169,0.2544719505862467,1.3183898417423734e-16
toy_1,Triangle + branches,Coverage,4.0,1,D,0.008399257342414387,0.1508277410475169,0.05568774871307181,1.3183898417423734e-16
toy_1,Triangle + branches,Coverage,4.0,1,E,0.008399257342414387,0.1508277410475169,0.05568774871307181,1.3183898417423734e-16
toy_1,Triangle + branches,Coverage,4.0,2,A,0.05726636742893021,0.15082774104751684,0.37968060140136284,1.3183898417423734e-16
toy_1,Triangle + branches,Coverage,4.0,2,B,0.038381429466878926,0.15082774104751684,0.2544719505862468,1.3183898417423734e-16
toy_1,Triangle + branches,Coverage,4.0,2,C,0.038381429466878926,0.15082774104751684,0.2544719505862468,1.3183898417423734e-16
toy_1,Triangle + branches,Coverage,4.0,2,D,0.008399257342414387,0.15082774104751684,0.05568774871307183,1.3183898417423734e-16
toy_1,Triangle + branches,Coverage,4.0,2,E,0.008399257342414387,0.15082774104751684,0.05568774871307183,1.3183898417423734e-16
toy_1,Triangle + branches,Coverage,4.1000000000000005,1,A,0.054641916974896496,0.14374142147159946,0.3801403688337164,2.7755575615628914e-17
toy_1,Triangle + branches,Coverage,4.1000000000000005,1,B,0.03648560378143731,0.14374142147159946,0.2538280434957725,2.7755575615628914e-17
toy_1,Triangle + branches,Coverage,4.1000000000000005,1,C,0.03648560378143731,0.14374142147159946,0.2538280434957725,2.7755575615628914e-17
toy_1,Triangle + branches,Coverage,4.1000000000000005,1,D,0.008064148466914174,0.14374142147159946,0.05610177208736936,2.7755575615628914e-17
toy_1,Triangle + branches,Coverage,4.1000000000000005,1,E,0.008064148466914174,0.14374142147159946,0.05610177208736936,2.7755575615628914e-17
toy_1,Triangle + branches,Coverage,4.1000000000000005,2,A,0.05464191697489649,0.14374142147159943,0.3801403688337164,2.7755575615628914e-17
toy_1,Triangle + branches,Coverage,4.1000000000000005,2,B,0.03648560378143731,0.14374142147159943,0.2538280434957725,2.7755575615628914e-17
toy_1,Triangle + branches,Coverage,4.1000000000000005,2,C,0.03648560378143731,0.14374142147159943,0.2538280434957725,2.7755575615628914e-17
toy_1,Triangle + branches,Coverage,4.1000000000000005,2,D,0.008064148466914176,0.14374142147159943,0.05610177208736939,2.7755575615628914e-17
toy_1,Triangle + branches,Coverage,4.1000000000000005,2,E,0.008064148466914176,0.14374142147159943,0.05610177208736939,2.7755575615628914e-17
toy_1,Triangle + branches,Coverage,4.2,1,A,0.05213434086904201,0.1369860320579922,0.380581436558227,4.163336342344337e-17
toy_1,Triangle + branches,Coverage,4.2,1,B,0.034686665121112306,0.1369860320579922,0.25321315319526827,4.163336342344337e-17
toy_1,Triangle + branches,Coverage,4.2,1,C,0.034686665121112306,0.1369860320579922,0.25321315319526827,4.163336342344337e-17
toy_1,Triangle + branches,Coverage,4.2,1,D,0.007739180473362785,0.1369860320579922,0.056496128525618215,4.163336342344337e-17
toy_1,Triangle + branches,Coverage,4.2,1,E,0.007739180473362785,0.1369860320579922,0.056496128525618215,4.163336342344337e-17
toy_1,Triangle + branches,Coverage,4.2,2,A,0.052134340869042006,0.13698603205799217,0.38058143655822707,4.163336342344337e-17
toy_1,Triangle + branches,Coverage,4.2,2,B,0.034686665121112306,0.13698603205799217,0.25321315319526827,4.163336342344337e-17
toy_1,Triangle + branches,Coverage,4.2,2,C,0.034686665121112306,0.13698603205799217,0.25321315319526827,4.163336342344337e-17
toy_1,Triangle + branches,Coverage,4.2,2,D,0.007739180473362785,0.13698603205799217,0.05649612852561823,4.163336342344337e-17
toy_1,Triangle + branches,Coverage,4.2,2,E,0.007739180473362785,0.13698603205799217,0.05649612852561823,4.163336342344337e-17
toy_1,Triangle + branches,Coverage,4.3,1,A,0.049738739440529235,0.13054632021561938,0.38100453048678257,2.7755575615628914e-17
toy_1,Triangle + branches,Coverage,4.3,1,B,0.03297938794447617,0.13054632021561938,0.2526259483224431,2.7755575615628914e-17
toy_1,Triangle + branches,Coverage,4.3,1,C,0.03297938794447617,0.13054632021561938,0.2526259483224431,2.7755575615628914e-17
toy_1,Triangle + branches,Coverage,4.3,1,D,0.007424402443068901,0.13054632021561938,0.05687178643416561,2.7755575615628914e-17
toy_1,Triangle + branches,Coverage,4.3,1,E,0.007424402443068901,0.13054632021561938,0.05687178643416561,2.7755575615628914e-17
toy_1,Triangle + branches,Coverage,4.3,2,A,0.04973873944052924,0.13054632021561938,0.3810045304867826,2.7755575615628914e-17
toy_1,Triangle + branches,Coverage,4.3,2,B,0.03297938794447617,0.13054632021561938,0.2526259483224431,2.7755575615628914e-17
toy_1,Triangle + branches,Coverage,4.3,2,C,0.03297938794447617,0.13054632021561938,0.2526259483224431,2.7755575615628914e-17
toy_1,Triangle + branches,Coverage,4.3,2,D,0.007424402443068901,0.13054632021561938,0.05687178643416561,2.7755575615628914e-17
toy_1,Triangle + branches,Coverage,4.3,2,E,0.007424402443068901,0.13054632021561938,0.05687178643416561,2.7755575615628914e-17
toy_1,Triangle + branches,Coverage,4.4,1,A,0.04745039044509751,0.12440771569140792,0.38141035048660266,4.163336342344337e-17
toy_1,Triangle + branches,Coverage,4.4,1,B,0.03135885085789433,0.12440771569140792,0.2520651607789315,4.163336342344337e-17
toy_1,Triangle + branches,Coverage,4.4,1,C,0.03135885085789433,0.12440771569140792,0.2520651607789315,4.163336342344337e-17
toy_1,Triangle + branches,Coverage,4.4,1,D,0.007119811765260878,0.12440771569140792,0.057229663977767256,4.163336342344337e-17
toy_1,Triangle + branches,Coverage,4.4,1,E,0.007119811765260878,0.12440771569140792,0.057229663977767256,4.163336342344337e-17
toy_1,Triangle + branches,Coverage,4.4,2,A,0.04745039044509752,0.12440771569140796,0.3814103504866026,4.163336342344337e-17
toy_1,Triangle + branches,Coverage,4.4,2,B,0.031358850857894346,0.12440771569140796,0.2520651607789315,4.163336342344337e-17
toy_1,Triangle + branches,Coverage,4.4,2,C,0.031358850857894346,0.12440771569140796,0.2520651607789315,4.163336342344337e-17
toy_1,Triangle + branches,Coverage,4.4,2,D,0.007119811765260878,0.12440771569140796,0.05722966397776724,4.163336342344337e-17
toy_1,Triangle + branches,Coverage,4.4,2,E,0.007119811765260878,0.12440771569140796,0.05722966397776724,4.163336342344337e-17
toy_1,Triangle + branches,Coverage,4.5,1,A,0.04526474534541053,0.11855630220951444,0.3817995711895434,6.938893903907228e-17
toy_1,Triangle + branches,Coverage,4.5,1,B,0.029820417199877325,0.11855630220951444,0.25152958252002705,6.938893903907228e-17
toy_1,Triangle + branches,Coverage,4.5,1,C,0.029820417199877325,0.11855630220951444,0.25152958252002705,6.938893903907228e-17
toy_1,Triangle + branches,Coverage,4.5,1,D,0.006825361232174628,0.11855630220951444,0.05757063188520126,6.938893903907228e-17
toy_1,Triangle + branches,Coverage,4.5,1,E,0.006825361232174628,0.11855630220951444,0.05757063188520126,6.938893903907228e-17
toy_1,Triangle + branches,Coverage,4.5,2,A,0.04526474534541054,0.11855630220951445,0.3817995711895435,6.938893903907228e-17
toy_1,Triangle + branches,Coverage,4.5,2,B,0.02982041719987733,0.11855630220951445,0.25152958252002705,6.938893903907228e-17
toy_1,Triangle + branches,Coverage,4.5,2,C,0.02982041719987733,0.11855630220951445,0.25152958252002705,6.938893903907228e-17
toy_1,Triangle + branches,Coverage,4.5,2,D,0.0068253612321746305,0.11855630220951445,0.05757063188520127,6.938893903907228e-17
toy_1,Triangle + branches,Coverage,4.5,2,E,0.0068253612321746305,0.11855630220951445,0.05757063188520127,6.938893903907228e-17
toy_1,Triangle + branches,Coverage,4.6000000000000005,1,A,0.04317742536892437,0.11297879005354612,0.38217284278279573,9.71445146547012e-17
toy_1,Triangle + branches,Coverage,4.6000000000000005,1,B,0.028359716985834504,0.11297879005354612,0.25101806252654557,9.71445146547012e-17
toy_1,Triangle + branches,Coverage,4.6000000000000005,1,C,0.028359716985834504,0.11297879005354612,0.25101806252654557,9.71445146547012e-17
toy_1,Triangle + branches,Coverage,4.6000000000000005,1,D,0.006540965356476367,0.11297879005354612,0.05789551608205652,9.71445146547012e-17
toy_1,Triangle + branches,Coverage,4.6000000000000005,1,E,0.006540965356476367,0.11297879005354612,0.05789551608205652,9.71445146547012e-17
toy_1,Triangle + branches,Coverage,4.6000000000000005,2,A,0.04317742536892439,0.11297879005354616,0.3821728427827958,9.71445146547012e-17
toy_1,Triangle + branches,Coverage,4.6000000000000005,2,B,0.02835971698583451,0.11297879005354616,0.2510180625265455,9.71445146547012e-17
toy_1,Triangle + branches,Coverage,4.6000000000000005,2,C,0.02835971698583451,0.11297879005354616,0.2510180625265455,9.71445146547012e-17
toy_1,Triangle + branches,Coverage,4.6000000000000005,2,D,0.006540965356476368,0.11297879005354616,0.05789551608205651,9.71445146547012e-17
toy_1,Triangle + branches,Coverage,4.6000000000000005,2,E,0.006540965356476368,0.11297879005354616,0.05789551608205651,9.71445146547012e-17
toy_1,Triangle + branches,Coverage,4.7,1,A,0.041184217387338865,0.10766248958828363,0.38253079178117705,9.71445146547012e-17
toy_1,Triangle + branches,Coverage,4.7,1,B,0.026972630110220847,0.10766248958828363,0.250529503946713,9.71445146547012e-17
toy_1,Triangle + branches,Coverage,4.7,1,C,0.026972630110220847,0.10766248958828363,0.250529503946713,9.71445146547012e-17
toy_1,Triangle + branches,Coverage,4.7,1,D,0.006266505990251541,0.10766248958828363,0.05820510016269857,9.71445146547012e-17
toy_1,Triangle + branches,Coverage,4.7,1,E,0.006266505990251541,0.10766248958828363,0.05820510016269857,9.71445146547012e-17
toy_1,Triangle + branches,Coverage,4.7,2,A,0.04118421738733888,0.10766248958828367,0.382530791781177,9.71445146547012e-17
toy_1,Triangle + branches,Coverage,4.7,2,B,0.02697263011022085,0.10766248958828367,0.2505295039467129,9.71445146547012e-17
toy_1,Triangle + branches,Coverage,4.7,2,C,0.02697263011022085,0.10766248958828367,0.2505295039467129,9.71445146547012e-17
toy_1,Triangle + branches,Coverage,4.7,2,D,0.006266505990251542,0.10766248958828367,0.05820510016269856,9.71445146547012e-17
toy_1,Triangle + branches,Coverage,4.7,2,E,0.006266505990251542,0.10766248958828367,0.05820510016269856,9.71445146547012e-17
toy_1,Triangle + branches,Coverage,4.800000000000001,1,A,0.03928106965683713,0.10259528571328538,0.38287402178120256,2.7755575615628914e-17
toy_1,Triangle + branches,Coverage,4.800000000000001,1,B,0.025655270711299756,0.10259528571328538,0.2500628613969304,2.7755575615628914e-17
toy_1,Triangle + branches,Coverage,4.800000000000001,1,C,0.025655270711299756,0.10259528571328538,0.2500628613969304,2.7755575615628914e-17
toy_1,Triangle + branches,Coverage,4.800000000000001,1,D,0.0060018373169243655,0.10259528571328538,0.058500127712468264,2.7755575615628914e-17
toy_1,Triangle + branches,Coverage,4.800000000000001,1,E,0.0060018373169243655,0.10259528571328538,0.058500127712468264,2.7755575615628914e-17
toy_1,Triangle + branches,Coverage,4.800000000000001,2,A,0.03928106965683713,0.1025952857132854,0.3828740217812025,2.7755575615628914e-17
toy_1,Triangle + branches,Coverage,4.800000000000001,2,B,0.025655270711299763,0.1025952857132854,0.2500628613969304,2.7755575615628914e-17
toy_1,Triangle + branches,Coverage,4.800000000000001,2,C,0.025655270711299763,0.1025952857132854,0.2500628613969304,2.7755575615628914e-17
toy_1,Triangle + branches,Coverage,4.800000000000001,2,D,0.006001837316924366,0.1025952857132854,0.058500127712468264,2.7755575615628914e-17
toy_1,Triangle + branches,Coverage,4.800000000000001,2,E,0.006001837316924366,0.1025952857132854,0.058500127712468264,2.7755575615628914e-17
toy_1,Triangle + branches,Coverage,4.9,1,A,0.037464087453918105,0.09776561323728489,0.38320311419711345,4.163336342344337e-17
toy_1,Triangle + branches,Coverage,4.9,1,B,0.02440397261130153,0.09776561323728489,0.2496171384111421,4.163336342344337e-17
toy_1,Triangle + branches,Coverage,4.9,1,C,0.02440397261130153,0.09776561323728489,0.2496171384111421,4.163336342344337e-17
toy_1,Triangle + branches,Coverage,4.9,1,D,0.005746790280381862,0.09776561323728489,0.05878130449030117,4.163336342344337e-17
toy_1,Triangle + branches,Coverage,4.9,1,E,0.005746790280381862,0.09776561323728489,0.05878130449030117,4.163336342344337e-17
toy_1,Triangle + branches,Coverage,4.9,2,A,0.03746408745391811,0.09776561323728489,0.3832031141971135,4.163336342344337e-17
toy_1,Triangle + branches,Coverage,4.9,2,B,0.02440397261130153,0.09776561323728489,0.2496171384111421,4.163336342344337e-17
toy_1,Triangle + branches,Coverage,4.9,2,C,0.02440397261130153,0.09776561323728489,0.2496171384111421,4.163336342344337e-17
toy_1,Triangle + branches,Coverage,4.9,2,D,0.005746790280381863,0.09776561323728489,0.05878130449030118,4.163336342344337e-17
toy_1,Triangle + branches,Coverage,4.9,2,E,0.005746790280381863,0.09776561323728489,0.05878130449030118,4.163336342344337e-17
toy_1,Triangle + branches,Coverage,5.0,1,A,0.0357295286376349,0.0931624331593782,0.3835186289790263,6.938893903907228e-17
toy_1,Triangle + branches,Coverage,5.0,1,B,0.02321527575168683,0.0931624331593782,0.24919138502931926,6.938893903907228e-17
toy_1,Triangle + branches,Coverage,5.0,1,C,0.02321527575168683,0.0931624331593782,0.24919138502931926,6.938893903907228e-17
toy_1,Triangle + branches,Coverage,5.0,1,D,0.005501176509184811,0.0931624331593782,0.05904930048116755,6.938893903907228e-17
toy_1,Triangle + branches,Coverage,5.0,1,E,0.005501176509184811,0.0931624331593782,0.05904930048116755,6.938893903907228e-17
toy_1,Triangle + branches,Coverage,5.0,2,A,0.0357295286376349,0.09316243315937818,0.38351862897902633,6.938893903907228e-17
toy_1,Triangle + branches,Coverage,5.0,2,B,0.023215275751686824,0.09316243315937818,0.24919138502931923,6.938893903907228e-17
toy_1,Triangle + branches,Coverage,5.0,2,C,0.023215275751686824,0.09316243315937818,0.24919138502931923,6.938893903907228e-17
toy_1,Triangle + branches,Coverage,5.0,2,D,0.005501176509184811,0.09316243315937818,0.05904930048116756,6.938893903907228e-17
toy_1,Triangle + branches,Coverage,5.0,2,E,0.005501176509184811,0.09316243315937818,0.05904930048116756,6.938893903907228e-17
toy_1,Triangle + branches,Coverage,5.1000000000000005,1,A,0.03407379916544336,0.0887752098405932,0.3838211053133758,6.938893903907228e-18
toy_1,Triangle + branches,Coverage,5.1000000000000005,1,B,0.02208591354958736,0.0887752098405932,0.2487846955162971,6.938893903907228e-18
toy_1,Triangle + branches,Coverage,5.1000000000000005,1,C,0.02208591354958736,0.0887752098405932,0.2487846955162971,6.938893903907228e-18
toy_1,Triangle + branches,Coverage,5.1000000000000005,1,D,0.0052647917879875585,0.0887752098405932,0.05930475182701499,6.938893903907228e-18
toy_1,Triangle + branches,Coverage,5.1000000000000005,1,E,0.0052647917879875585,0.0887752098405932,0.05930475182701499,6.938893903907228e-18
toy_1,Triangle + branches,Coverage,5.1000000000000005,2,A,0.03407379916544336,0.0887752098405932,0.3838211053133758,6.938893903907228e-18
toy_1,Triangle + branches,Coverage,5.1000000000000005,2,B,0.02208591354958736,0.0887752098405932,0.2487846955162971,6.938893903907228e-18
toy_1,Triangle + branches,Coverage,5.1000000000000005,2,C,0.02208591354958736,0.0887752098405932,0.2487846955162971,6.938893903907228e-18
toy_1,Triangle + branches,Coverage,5.1000000000000005,2,D,0.005264791787987559,0.0887752098405932,0.059304751827014994,6.938893903907228e-18
toy_1,Triangle + branches,Coverage,5.1000000000000005,2,E,0.005264791787987559,0.0887752098405932,0.059304751827014994,6.938893903907228e-18
toy_1,Triangle + branches,Coverage,5.2,1,A,0.03249344858659892,0.08459388904745696,0.38411106230581477,7.632783294297951e-17
toy_1,Triangle + branches,Coverage,5.2,1,B,0.02101280110733364,0.08459388904745696,0.248396206202856,7.632783294297951e-17
toy_1,Triangle + branches,Coverage,5.2,1,C,0.02101280110733364,0.08459388904745696,0.248396206202856,7.632783294297951e-17
toy_1,Triangle + branches,Coverage,5.2,1,D,0.005037419123095388,0.08459388904745696,0.059548262644236724,7.632783294297951e-17
toy_1,Triangle + branches,Coverage,5.2,1,E,0.005037419123095388,0.08459388904745696,0.059548262644236724,7.632783294297951e-17
toy_1,Triangle + branches,Coverage,5.2,2,A,0.03249344858659892,0.08459388904745696,0.38411106230581477,7.632783294297951e-17
toy_1,Triangle + branches,Coverage,5.2,2,B,0.021012801107333636,0.08459388904745696,0.24839620620285593,7.632783294297951e-17
toy_1,Triangle + branches,Coverage,5.2,2,C,0.021012801107333636,0.08459388904745696,0.24839620620285593,7.632783294297951e-17
toy_1,Triangle + branches,Coverage,5.2,2,D,0.005037419123095389,0.08459388904745696,0.059548262644236745,7.632783294297951e-17
toy_1,Triangle + branches,Coverage,5.2,2,E,0.005037419123095389,0.08459388904745696,0.059548262644236745,7.632783294297951e-17
toy_1,Triangle + branches,Coverage,5.300000000000001,1,A,0.03098516553409076,0.08060887684758458,0.3843889996467457,6.245004513516506e-17
toy_1,Triangle + branches,Coverage,5.300000000000001,1,B,0.019993024212339436,0.08060887684758458,0.24802509344153603,6.245004513516506e-17
toy_1,Triangle + branches,Coverage,5.300000000000001,1,C,0.019993024212339436,0.08060887684758458,0.24802509344153603,6.245004513516506e-17
toy_1,Triangle + branches,Coverage,5.300000000000001,1,D,0.004818831444407475,0.08060887684758458,0.05978040673509111,6.245004513516506e-17
toy_1,Triangle + branches,Coverage,5.300000000000001,1,E,0.004818831444407475,0.08060887684758458,0.05978040673509111,6.245004513516506e-17
toy_1,Triangle + branches,Coverage,5.300000000000001,2,A,0.030985165534090763,0.0806088768475846,0.3843889996467457,6.245004513516506e-17
toy_1,Triangle + branches,Coverage,5.300000000000001,2,B,0.019993024212339436,0.0806088768475846,0.24802509344153598,6.245004513516506e-17
toy_1,Triangle + branches,Coverage,5.300000000000001,2,C,0.019993024212339436,0.0806088768475846,0.24802509344153598,6.245004513516506e-17
toy_1,Triangle + branches,Coverage,5.300000000000001,2,D,0.004818831444407476,0.0806088768475846,0.059780406735091114,6.245004513516506e-17
toy_1,Triangle + branches,Coverage,5.300000000000001,2,E,0.004818831444407476,0.0806088768475846,0.059780406735091114,6.245004513516506e-17
toy_1,Triangle + branches,Coverage,5.4,1,A,0.029545773233441975,0.07681101933605805,0.38465539825966155,9.71445146547012e-17
toy_1,Triangle + branches,Coverage,5.4,1,B,0.019023829069534082,0.07681101933605805,0.2476705716702234,9.71445146547012e-17
toy_1,Triangle + branches,Coverage,5.4,1,C,0.019023829069534082,0.07681101933605805,0.2476705716702234,9.71445146547012e-17
toy_1,Triangle + branches,Coverage,5.4,1,D,0.004608793981773956,0.07681101933605805,0.06000172919994581,9.71445146547012e-17
toy_1,Triangle + branches,Coverage,5.4,1,E,0.004608793981773956,0.07681101933605805,0.06000172919994581,9.71445146547012e-17
toy_1,Triangle + branches,Coverage,5.4,2,A,0.02954577323344197,0.07681101933605805,0.3846553982596615,9.71445146547012e-17
toy_1,Triangle + branches,Coverage,5.4,2,B,0.019023829069534086,0.07681101933605805,0.24767057167022347,9.71445146547012e-17
toy_1,Triangle + branches,Coverage,5.4,2,C,0.019023829069534086,0.07681101933605805,0.24767057167022347,9.71445146547012e-17
toy_1,Triangle + branches,Coverage,5.4,2,D,0.004608793981773957,0.07681101933605805,0.06000172919994582,9.71445146547012e-17
toy_1,Triangle + branches,Coverage,5.4,2,E,0.004608793981773957,0.07681101933605805,0.06000172919994582,9.71445146547012e-17
toy_1,Triangle + branches,Coverage,5.5,1,A,0.028172225044304142,0.07319158317038997,0.38491072093247686,2.7755575615628914e-17
toy_1,Triangle + branches,Coverage,5.5,1,B,0.018102612713050973,0.07319158317038997,0.24733189157704238,2.7755575615628914e-17
toy_1,Triangle + branches,Coverage,5.5,1,C,0.018102612713050973,0.07319158317038997,0.24733189157704238,2.7755575615628914e-17
toy_1,Triangle + branches,Coverage,5.5,1,D,0.004407066349991933,0.07319158317038997,0.06021274795671908,2.7755575615628914e-17
toy_1,Triangle + branches,Coverage,5.5,1,E,0.004407066349991933,0.07319158317038997,0.06021274795671908,2.7755575615628914e-17
toy_1,Triangle + branches,Coverage,5.5,2,A,0.028172225044304146,0.07319158317038998,0.3849107209324768,2.7755575615628914e-17
toy_1,Triangle + branches,Coverage,5.5,2,B,0.018102612713050976,0.07319158317038998,0.24733189157704238,2.7755575615628914e-17
toy_1,Triangle + branches,Coverage,5.5,2,C,0.018102612713050976,0.07319158317038998,0.24733189157704238,2.7755575615628914e-17
toy_1,Triangle + branches,Coverage,5.5,2,D,0.004407066349991934,0.07319158317038998,0.06021274795671908,2.7755575615628914e-17
toy_1,Triangle + branches,Coverage,5.5,2,E,0.004407066349991934,0.07319158317038998,0.06021274795671908,2.7755575615628914e-17
toy_1,Triangle + branches,Coverage,5.6000000000000005,1,A,0.026861600048617484,0.06974223689115525,0.3851554129320462,4.85722573273506e-17
toy_1,Triangle + branches,Coverage,5.6000000000000005,1,B,0.017226914048032047,0.06974223689115525,0.2470083383605491,4.85722573273506e-17
toy_1,Triangle + branches,Coverage,5.6000000000000005,1,C,0.017226914048032047,0.06974223689115525,0.2470083383605491,4.85722573273506e-17
toy_1,Triangle + branches,Coverage,5.6000000000000005,1,D,0.004213404373236833,0.06974223689115525,0.06041395517342777,4.85722573273506e-17
toy_1,Triangle + branches,Coverage,5.6000000000000005,1,E,0.004213404373236833,0.06974223689115525,0.06041395517342777,4.85722573273506e-17
toy_1,Triangle + branches,Coverage,5.6000000000000005,2,A,0.026861600048617488,0.06974223689115525,0.38515541293204625,4.85722573273506e-17
toy_1,Triangle + branches,Coverage,5.6000000000000005,2,B,0.017226914048032047,0.06974223689115525,0.2470083383605491,4.85722573273506e-17
toy_1,Triangle + branches,Coverage,5.6000000000000005,2,C,0.017226914048032047,0.06974223689115525,0.2470083383605491,4.85722573273506e-17
toy_1,Triangle + branches,Coverage,5.6000000000000005,2,D,0.004213404373236835,0.06974223689115525,0.06041395517342779,4.85722573273506e-17
toy_1,Triangle + branches,Coverage,5.6000000000000005,2,E,0.004213404373236835,0.06974223689115525,0.06041395517342779,4.85722573273506e-17
toy_1,Triangle + branches,Coverage,5.7,1,A,0.025611098697164887,0.06645503300487256,0.38538990260206557,1.3877787807814457e-17
toy_1,Triangle + branches,Coverage,5.7,1,B,0.016394405477219046,0.06645503300487256,0.24669923007963881,1.3877787807814457e-17
toy_1,Triangle + branches,Coverage,5.7,1,C,0.016394405477219046,0.06645503300487256,0.24669923007963881,1.3877787807814457e-17
toy_1,Triangle + branches,Coverage,5.7,1,D,0.004027561676634787,0.06645503300487256,0.06060581861932838,1.3877787807814457e-17
toy_1,Triangle + branches,Coverage,5.7,1,E,0.004027561676634787,0.06645503300487256,0.06060581861932838,1.3877787807814457e-17
toy_1,Triangle + branches,Coverage,5.7,2,A,0.025611098697164894,0.06645503300487257,0.38538990260206557,1.3877787807814457e-17
toy_1,Triangle + branches,Coverage,5.7,2,B,0.01639440547721905,0.06645503300487257,0.24669923007963881,1.3877787807814457e-17
toy_1,Triangle + branches,Coverage,5.7,2,C,0.01639440547721905,0.06645503300487257,0.24669923007963881,1.3877787807814457e-17
toy_1,Triangle + branches,Coverage,5.7,2,D,0.004027561676634787,0.06645503300487257,0.060605818619328365,1.3877787807814457e-17
toy_1,Triangle + branches,Coverage,5.7,2,E,0.004027561676634787,0.06645503300487257,0.060605818619328365,1.3877787807814457e-17
toy_1,Triangle + branches,Coverage,5.800000000000001,1,A,0.024418038524606053,0.06332239080540823,0.3856146019445709,1.1796119636642288e-16
toy_1,Triangle + branches,Coverage,5.800000000000001,1,B,0.015602885070505203,0.06332239080540823,0.24640391608796605,1.1796119636642288e-16
toy_1,Triangle + branches,Coverage,5.800000000000001,1,C,0.015602885070505203,0.06332239080540823,0.24640391608796605,1.1796119636642288e-16
toy_1,Triangle + branches,Coverage,5.800000000000001,1,D,0.003849291069895891,0.06332239080540823,0.06078878293974856,1.1796119636642288e-16
toy_1,Triangle + branches,Coverage,5.800000000000001,1,E,0.003849291069895891,0.06332239080540823,0.06078878293974856,1.1796119636642288e-16
toy_1,Triangle + branches,Coverage,5.800000000000001,2,A,0.024418038524606056,0.06332239080540825,0.38561460194457087,1.1796119636642288e-16
toy_1,Triangle + branches,Coverage,5.800000000000001,2,B,0.015602885070505201,0.06332239080540825,0.24640391608796597,1.1796119636642288e-16
toy_1,Triangle + branches,Coverage,5.800000000000001,2,C,0.015602885070505201,0.06332239080540825,0.24640391608796597,1.1796119636642288e-16
toy_1,Triangle + branches,Coverage,5.800000000000001,2,D,0.0038492910698958915,0.06332239080540825,0.060788782939748556,1.1796119636642288e-16
toy_1,Triangle + branches,Coverage,5.800000000000001,2,E,0.0038492910698958915,0.06332239080540825,0.060788782939748556,1.1796119636642288e-16
toy_1,Triangle + branches,Coverage,5.9,1,A,0.02327984994151605,0.06033707991003048,0.3858299071852496,9.020562075079397e-17
toy_1,Triangle + branches,Coverage,5.9,1,B,0.014850269238839874,0.06033707991003048,0.24612177554802672,9.020562075079397e-17
toy_1,Triangle + branches,Coverage,5.9,1,C,0.014850269238839874,0.06033707991003048,0.24612177554802672,9.020562075079397e-17
toy_1,Triangle + branches,Coverage,5.9,1,D,0.00367834574541734,0.06033707991003048,0.060963270859348447,9.020562075079397e-17
toy_1,Triangle + branches,Coverage,5.9,1,E,0.00367834574541734,0.06033707991003048,0.060963270859348447,9.020562075079397e-17
toy_1,Triangle + branches,Coverage,5.9,2,A,0.023279849941516054,0.06033707991003048,0.3858299071852497,9.020562075079397e-17
toy_1,Triangle + branches,Coverage,5.9,2,B,0.014850269238839878,0.06033707991003048,0.24612177554802678,9.020562075079397e-17
toy_1,Triangle + branches,Coverage,5.9,2,C,0.014850269238839878,0.06033707991003048,0.24612177554802678,9.020562075079397e-17
toy_1,Triangle + branches,Coverage,5.9,2,D,0.0036783457454173402,0.06033707991003048,0.06096327085934845,9.020562075079397e-17
toy_1,Triangle + branches,Coverage,5.9,2,E,0.0036783457454173402,0.06033707991003048,0.06096327085934845,9.020562075079397e-17
toy_1,Triangle + branches,Coverage,6.0,1,A,0.022194072110553072,0.05749220448622984,0.3860361993227943,1.3877787807814457e-17
toy_1,Triangle + branches,Coverage,6.0,1,B,0.014134585876836563,0.05749220448622984,0.24585221602038218,1.3877787807814457e-17
toy_1,Triangle + branches,Coverage,6.0,1,C,0.014134585876836563,0.05749220448622984,0.24585221602038218,1.3877787807814457e-17
toy_1,Triangle + branches,Coverage,6.0,1,D,0.0035144803110018197,0.05749220448622984,0.06112968431822066,1.3877787807814457e-17
toy_1,Triangle + branches,Coverage,6.0,1,E,0.0035144803110018197,0.05749220448622984,0.06112968431822066,1.3877787807814457e-17
toy_1,Triangle + branches,Coverage,6.0,2,A,0.022194072110553083,0.05749220448622987,0.3860361993227943,1.3877787807814457e-17
toy_1,Triangle + branches,Coverage,6.0,2,B,0.01413458587683657,0.05749220448622987,0.24585221602038218,1.3877787807814457e-17
toy_1,Triangle + branches,Coverage,6.0,2,C,0.01413458587683657,0.05749220448622987,0.24585221602038218,1.3877787807814457e-17
toy_1,Triangle + branches,Coverage,6.0,2,D,0.0035144803110018206,0.05749220448622987,0.06112968431822065,1.3877787807814457e-17
toy_1,Triangle + branches,Coverage,6.0,2,E,0.0035144803110018206,0.05749220448622987,0.06112968431822065,1.3877787807814457e-17
toy_1,Triangle + branches,Coverage,6.1000000000000005,1,A,0.02115834891263209,0.05478118814553612,0.38623384466253474,5.551115123125783e-17
toy_1,Triangle + branches,Coverage,6.1000000000000005,1,B,0.013453967941154965,0.05478118814553612,0.24559467212379676,5.551115123125783e-17
toy_1,Triangle + branches,Coverage,6.1000000000000005,1,C,0.013453967941154965,0.05478118814553612,0.24559467212379676,5.551115123125783e-17
toy_1,Triangle + branches,Coverage,6.1000000000000005,1,D,0.00335745167529705,0.05478118814553612,0.06128840554493585,5.551115123125783e-17
toy_1,Triangle + branches,Coverage,6.1000000000000005,1,E,0.00335745167529705,0.05478118814553612,0.06128840554493585,5.551115123125783e-17
toy_1,Triangle + branches,Coverage,6.1000000000000005,2,A,0.02115834891263209,0.05478118814553613,0.3862338446625347,5.551115123125783e-17
toy_1,Triangle + branches,Coverage,6.1000000000000005,2,B,0.01345396794115497,0.05478118814553613,0.2455946721237968,5.551115123125783e-17
toy_1,Triangle + branches,Coverage,6.1000000000000005,2,C,0.01345396794115497,0.05478118814553613,0.2455946721237968,5.551115123125783e-17
toy_1,Triangle + branches,Coverage,6.1000000000000005,2,D,0.003357451675297051,0.05478118814553613,0.06128840554493585,5.551115123125783e-17
toy_1,Triangle + branches,Coverage,6.1000000000000005,2,E,0.003357451675297051,0.05478118814553613,0.06128840554493585,5.551115123125783e-17
toy_1,Triangle + branches,Coverage,6.2,1,A,0.020170425007865884,0.05219775948077056,0.3864231953345926,5.551115123125783e-17
toy_1,Triangle + branches,Coverage,6.2,1,B,0.012806647434228635,0.05219775948077056,0.24534860426234484,5.551115123125783e-17
toy_1,Triangle + branches,Coverage,6.2,1,C,0.012806647434228635,0.05219775948077056,0.24534860426234484,5.551115123125783e-17
toy_1,Triangle + branches,Coverage,6.2,1,D,0.0032070198022237004,0.05219775948077056,0.06143979807035881,5.551115123125783e-17
toy_1,Triangle + branches,Coverage,6.2,1,E,0.0032070198022237004,0.05219775948077056,0.06143979807035881,5.551115123125783e-17
toy_1,Triangle + branches,Coverage,6.2,2,A,0.020170425007865887,0.052197759480770566,0.38642319533459263,5.551115123125783e-17
toy_1,Triangle + branches,Coverage,6.2,2,B,0.012806647434228635,0.052197759480770566,0.2453486042623448,5.551115123125783e-17
toy_1,Triangle + branches,Coverage,6.2,2,C,0.012806647434228635,0.052197759480770566,0.2453486042623448,5.551115123125783e-17
toy_1,Triangle + branches,Coverage,6.2,2,D,0.003207019802223701,0.052197759480770566,0.06143979807035881,5.551115123125783e-17
toy_1,Triangle + branches,Coverage,6.2,2,E,0.003207019802223701,0.052197759480770566,0.06143979807035881,5.551115123125783e-17
toy_1,Triangle + branches,Coverage,6.300000000000001,1,A,0.019228141995043864,0.04973593822346888,0.3866045897968139,7.632783294297951e-17
toy_1,Triangle + branches,Coverage,6.300000000000001,1,B,0.012190949765210131,0.04973593822346888,0.24511349741579,7.632783294297951e-17
toy_1,Triangle + branches,Coverage,6.300000000000001,1,C,0.012190949765210131,0.04973593822346888,0.24511349741579,7.632783294297951e-17
toy_1,Triangle + branches,Coverage,6.300000000000001,1,D,0.0030629483490023793,0.04973593822346888,0.061584207685803076,7.632783294297951e-17
toy_1,Triangle + branches,Coverage,6.300000000000001,1,E,0.0030629483490023793,0.04973593822346888,0.061584207685803076,7.632783294297951e-17
toy_1,Triangle + branches,Coverage,6.300000000000001,2,A,0.019228141995043874,0.049735938223468903,0.38660458979681395,7.632783294297951e-17
toy_1,Triangle + branches,Coverage,6.300000000000001,2,B,0.012190949765210134,0.049735938223468903,0.24511349741578997,7.632783294297951e-17
toy_1,Triangle + branches,Coverage,6.300000000000001,2,C,0.012190949765210134,0.049735938223468903,0.24511349741578997,7.632783294297951e-17
toy_1,Triangle + branches,Coverage,6.300000000000001,2,D,0.0030629483490023797,0.049735938223468903,0.061584207685803055,7.632783294297951e-17
toy_1,Triangle + branches,Coverage,6.300000000000001,2,E,0.0030629483490023797,0.049735938223468903,0.061584207685803055,7.632783294297951e-17
toy_1,Triangle + branches,Coverage,6.4,1,A,0.01832943467253853,0.04739002199857877,0.38677835332273597,2.0816681711721685e-17
toy_1,Triangle + branches,Coverage,6.4,1,B,0.011605288462122571,0.04739002199857877,0.2448888599897804,2.0816681711721685e-17
toy_1,Triangle + branches,Coverage,6.4,1,C,0.011605288462122571,0.04739002199857877,0.2448888599897804,2.0816681711721685e-17
toy_1,Triangle + branches,Coverage,6.4,1,D,0.0029250052008975517,0.04739002199857877,0.06172196334885163,2.0816681711721685e-17
toy_1,Triangle + branches,Coverage,6.4,1,E,0.0029250052008975517,0.04739002199857877,0.06172196334885163,2.0816681711721685e-17
toy_1,Triangle + branches,Coverage,6.4,2,A,0.01832943467253853,0.04739002199857877,0.38677835332273597,2.0816681711721685e-17
toy_1,Triangle + branches,Coverage,6.4,2,B,0.011605288462122571,0.04739002199857877,0.2448888599897804,2.0816681711721685e-17
toy_1,Triangle + branches,Coverage,6.4,2,C,0.011605288462122571,0.04739002199857877,0.2448888599897804,2.0816681711721685e-17
toy_1,Triangle + branches,Coverage,6.4,2,D,0.0029250052008975526,0.04739002199857877,0.061721963348851654,2.0816681711721685e-17
toy_1,Triangle + branches,Coverage,6.4,2,E,0.0029250052008975526,0.04739002199857877,0.061721963348851654,2.0816681711721685e-17
toy_1,Triangle + branches,Coverage,6.5,1,A,0.01747232740274886,0.04515457365395771,0.3869447984748594,2.7755575615628914e-17
toy_1,Triangle + branches,Coverage,6.5,1,B,0.011048160211153304,0.04515457365395771,0.24467422272261793,2.7755575615628914e-17
toy_1,Triangle + branches,Coverage,6.5,1,C,0.011048160211153304,0.04515457365395771,0.24467422272261793,2.7755575615628914e-17
toy_1,Triangle + branches,Coverage,6.5,1,D,0.0027929629144511207,0.04515457365395771,0.06185337803995239,2.7755575615628914e-17
toy_1,Triangle + branches,Coverage,6.5,1,E,0.0027929629144511207,0.04515457365395771,0.06185337803995239,2.7755575615628914e-17
toy_1,Triangle + branches,Coverage,6.5,2,A,0.01747232740274886,0.04515457365395771,0.3869447984748594,2.7755575615628914e-17
toy_1,Triangle + branches,Coverage,6.5,2,B,0.011048160211153304,0.04515457365395771,0.24467422272261793,2.7755575615628914e-17
toy_1,Triangle + branches,Coverage,6.5,2,C,0.011048160211153304,0.04515457365395771,0.24467422272261793,2.7755575615628914e-17
toy_1,Triangle + branches,Coverage,6.5,2,D,0.002792962914451122,0.04515457365395771,0.06185337803995242,2.7755575615628914e-17
toy_1,Triangle + branches,Coverage,6.5,2,E,0.002792962914451122,0.04515457365395771,0.06185337803995242,2.7755575615628914e-17
toy_1,Triangle + branches,Coverage,6.6000000000000005,1,A,0.016654930581501866,0.04302440914267415,0.38710422556349583,2.7755575615628914e-17
toy_1,Triangle + branches,Coverage,6.6000000000000005,1,B,0.01051814020081938,0.04302440914267415,0.24446913764556194,2.7755575615628914e-17
toy_1,Triangle + branches,Coverage,6.6000000000000005,1,C,0.01051814020081938,0.04302440914267415,0.24446913764556194,2.7755575615628914e-17
toy_1,Triangle + branches,Coverage,6.6000000000000005,1,D,0.002666599079766759,0.04302440914267415,0.06197874957269009,2.7755575615628914e-17
toy_1,Triangle + branches,Coverage,6.6000000000000005,1,E,0.002666599079766759,0.04302440914267415,0.06197874957269009,2.7755575615628914e-17
toy_1,Triangle + branches,Coverage,6.6000000000000005,2,A,0.01665493058150187,0.04302440914267415,0.3871042255634959,2.7755575615628914e-17
toy_1,Triangle + branches,Coverage,6.6000000000000005,2,B,0.01051814020081938,0.04302440914267415,0.24446913764556194,2.7755575615628914e-17
toy_1,Triangle + branches,Coverage,6.6000000000000005,2,C,0.01051814020081938,0.04302440914267415,0.24446913764556194,2.7755575615628914e-17
toy_1,Triangle + branches,Coverage,6.6000000000000005,2,D,0.002666599079766759,0.04302440914267415,0.06197874957269009,2.7755575615628914e-17
toy_1,Triangle + branches,Coverage,6.6000000000000005,2,E,0.002666599079766759,0.04302440914267415,0.06197874957269009,2.7755575615628914e-17
toy_1,Triangle + branches,Coverage,6.7,1,A,0.015875437213225818,0.04099458593662378,0.38725692309147114,6.245004513516506e-17
toy_1,Triangle + branches,Coverage,6.7,1,B,0.010013877750384514,0.04099458593662378,0.2442731770938149,6.245004513516506e-17
toy_1,Triangle + branches,Coverage,6.7,1,C,0.010013877750384514,0.04099458593662378,0.2442731770938149,6.245004513516506e-17
toy_1,Triangle + branches,Coverage,6.7,1,D,0.0025456966113144622,0.04099458593662378,0.062098361360449446,6.245004513516506e-17
toy_1,Triangle + branches,Coverage,6.7,1,E,0.0025456966113144622,0.04099458593662378,0.062098361360449446,6.245004513516506e-17
toy_1,Triangle + branches,Coverage,6.7,2,A,0.01587543721322582,0.04099458593662378,0.3872569230914712,6.245004513516506e-17
toy_1,Triangle + branches,Coverage,6.7,2,B,0.010013877750384516,0.04099458593662378,0.24427317709381494,6.245004513516506e-17
toy_1,Triangle + branches,Coverage,6.7,2,C,0.010013877750384516,0.04099458593662378,0.24427317709381494,6.245004513516506e-17
toy_1,Triangle + branches,Coverage,6.7,2,D,0.0025456966113144627,0.04099458593662378,0.06209836136044945,6.245004513516506e-17
toy_1,Triangle + branches,Coverage,6.7,2,E,0.0025456966113144627,0.04099458593662378,0.06209836136044945,6.245004513516506e-17
toy_1,Triangle + branches,Coverage,6.800000000000001,1,A,0.015132119592176385,0.03906039195051575,0.38740316818496706,9.71445146547012e-17
toy_1,Triangle + branches,Coverage,6.800000000000001,1,B,0.009534092203428008,0.03906039195051575,0.2440859327655088,9.71445146547012e-17
toy_1,Triangle + branches,Coverage,6.800000000000001,1,C,0.009534092203428008,0.03906039195051575,0.2440859327655088,9.71445146547012e-17
toy_1,Triangle + branches,Coverage,6.800000000000001,1,D,0.0024300439757416726,0.03906039195051575,0.062212483142007655,9.71445146547012e-17
toy_1,Triangle + branches,Coverage,6.800000000000001,1,E,0.0024300439757416726,0.03906039195051575,0.062212483142007655,9.71445146547012e-17
toy_1,Triangle + branches,Coverage,6.800000000000001,2,A,0.01513211959217639,0.03906039195051576,0.387403168184967,9.71445146547012e-17
toy_1,Triangle + branches,Coverage,6.800000000000001,2,B,0.00953409220342801,0.03906039195051576,0.24408593276550875,9.71445146547012e-17
toy_1,Triangle + branches,Coverage,6.800000000000001,2,C,0.00953409220342801,0.03906039195051576,0.24408593276550875,9.71445146547012e-17
toy_1,Triangle + branches,Coverage,6.800000000000001,2,D,0.002430043975741674,0.03906039195051576,0.06221248314200767,9.71445146547012e-17
toy_1,Triangle + branches,Coverage,6.800000000000001,2,E,0.002430043975741674,0.03906039195051576,0.06221248314200767,9.71445146547012e-17
toy_1,Triangle + branches,Coverage,6.9,1,A,0.014423326089531537,0.03721733495585009,0.3875432270107877,5.551115123125783e-17
toy_1,Triangle + branches,Coverage,6.9,1,B,0.009077569068867261,0.03721733495585009,0.24390701482617533,5.551115123125783e-17
toy_1,Triangle + branches,Coverage,6.9,1,C,0.009077569068867261,0.03721733495585009,0.24390701482617533,5.551115123125783e-17
toy_1,Triangle + branches,Coverage,6.9,1,D,0.0023194353642920157,0.03721733495585009,0.06232137166843082,5.551115123125783e-17
toy_1,Triangle + branches,Coverage,6.9,1,E,0.0023194353642920157,0.03721733495585009,0.06232137166843082,5.551115123125783e-17
toy_1,Triangle + branches,Coverage,6.9,2,A,0.014423326089531542,0.0372173349558501,0.3875432270107878,5.551115123125783e-17
toy_1,Triangle + branches,Coverage,6.9,2,B,0.009077569068867263,0.0372173349558501,0.24390701482617533,5.551115123125783e-17
toy_1,Triangle + branches,Coverage,6.9,2,C,0.009077569068867263,0.0372173349558501,0.24390701482617533,5.551115123125783e-17
toy_1,Triangle + branches,Coverage,6.9,2,D,0.002319435364292016,0.0372173349558501,0.06232137166843082,5.551115123125783e-17
toy_1,Triangle + branches,Coverage,6.9,2,E,0.002319435364292016,0.0372173349558501,0.06232137166843082,5.551115123125783e-17
toy_1,Triangle + branches,Coverage,7.0,1,A,0.013747478045765035,0.035461132465087704,0.387677355180344,2.7755575615628914e-17
toy_1,Triangle + branches,Coverage,7.0,1,B,0.008643156393025831,0.035461132465087704,0.24373605105632812,2.7755575615628914e-17
toy_1,Triangle + branches,Coverage,7.0,1,C,0.008643156393025831,0.035461132465087704,0.24373605105632812,2.7755575615628914e-17
toy_1,Triangle + branches,Coverage,7.0,1,D,0.0022136708166355028,0.035461132465087704,0.062425271353499845,2.7755575615628914e-17
toy_1,Triangle + branches,Coverage,7.0,1,E,0.0022136708166355028,0.035461132465087704,0.062425271353499845,2.7755575615628914e-17
toy_1,Triangle + branches,Coverage,7.0,2,A,0.013747478045765033,0.035461132465087704,0.38767735518034396,2.7755575615628914e-17
toy_1,Triangle + branches,Coverage,7.0,2,B,0.008643156393025831,0.035461132465087704,0.24373605105632812,2.7755575615628914e-17
toy_1,Triangle + branches,Coverage,7.0,2,C,0.008643156393025831,0.035461132465087704,0.24373605105632812,2.7755575615628914e-17
toy_1,Triangle + branches,Coverage,7.0,2,D,0.0022136708166355028,0.035461132465087704,0.062425271353499845,2.7755575615628914e-17
toy_1,Triangle + branches,Coverage,7.0,2,E,0.0022136708166355028,0.035461132465087704,0.062425271353499845,2.7755575615628914e-17
toy_1,Triangle + branches,Coverage,7.1000000000000005,1,A,0.01310306676735788,0.033787702066810685,0.38780579814064625,9.71445146547012e-17
toy_1,Triangle + branches,Coverage,7.1000000000000005,1,B,0.008229761347529903,0.033787702066810685,0.24357268603992793,9.71445146547012e-17
toy_1,Triangle + branches,Coverage,7.1000000000000005,1,C,0.008229761347529903,0.033787702066810685,0.24357268603992793,9.71445146547012e-17
toy_1,Triangle + branches,Coverage,7.1000000000000005,1,D,0.0021125563021965,0.033787702066810685,0.06252441488974897,9.71445146547012e-17
toy_1,Triangle + branches,Coverage,7.1000000000000005,1,E,0.0021125563021965,0.033787702066810685,0.06252441488974897,9.71445146547012e-17
toy_1,Triangle + branches,Coverage,7.1000000000000005,2,A,0.013103066767357882,0.033787702066810685,0.3878057981406463,9.71445146547012e-17
toy_1,Triangle + branches,Coverage,7.1000000000000005,2,B,0.008229761347529905,0.033787702066810685,0.243572686039928,9.71445146547012e-17
toy_1,Triangle + branches,Coverage,7.1000000000000005,2,C,0.008229761347529905,0.033787702066810685,0.243572686039928,9.71445146547012e-17
toy_1,Triangle + branches,Coverage,7.1000000000000005,2,D,0.0021125563021965003,0.033787702066810685,0.06252441488974898,9.71445146547012e-17
toy_1,Triangle + branches,Coverage,7.1000000000000005,2,E,0.0021125563021965003,0.033787702066810685,0.06252441488974898,9.71445146547012e-17
toy_1,Triangle + branches,Coverage,7.2,1,A,0.012488650626604385,0.032193152193270395,0.38792879155260207,9.71445146547012e-17
toy_1,Triangle + branches,Coverage,7.2,1,B,0.007836347018913146,0.032193152193270395,0.24341658039162886,9.71445146547012e-17
toy_1,Triangle + branches,Coverage,7.2,1,C,0.007836347018913146,0.032193152193270395,0.24341658039162886,9.71445146547012e-17
toy_1,Triangle + branches,Coverage,7.2,1,D,0.0020159037644198593,0.032193152193270395,0.06261902383207012,9.71445146547012e-17
toy_1,Triangle + branches,Coverage,7.2,1,E,0.0020159037644198593,0.032193152193270395,0.06261902383207012,9.71445146547012e-17
toy_1,Triangle + branches,Coverage,7.2,2,A,0.012488650626604387,0.0321931521932704,0.387928791552602,9.71445146547012e-17
toy_1,Triangle + branches,Coverage,7.2,2,B,0.007836347018913146,0.0321931521932704,0.2434165803916288,9.71445146547012e-17
toy_1,Triangle + branches,Coverage,7.2,2,C,0.007836347018913146,0.0321931521932704,0.2434165803916288,9.71445146547012e-17
toy_1,Triangle + branches,Coverage,7.2,2,D,0.00201590376441986,0.0321931521932704,0.06261902383207013,9.71445146547012e-17
toy_1,Triangle + branches,Coverage,7.2,2,E,0.00201590376441986,0.0321931521932704,0.06261902383207013,9.71445146547012e-17
toy_1,Triangle + branches,Coverage,7.300000000000001,1,A,0.01190285226301085,0.030673773302324812,0.38804656165691603,1.3877787807814457e-17
toy_1,Triangle + branches,Coverage,7.300000000000001,1,B,0.007461929386822511,0.030673773302324812,0.24326741002082583,1.3877787807814457e-17
toy_1,Triangle + branches,Coverage,7.300000000000001,1,C,0.007461929386822511,0.030673773302324812,0.24326741002082583,1.3877787807814457e-17
toy_1,Triangle + branches,Coverage,7.300000000000001,1,D,0.00192353113283447,0.030673773302324812,0.06270930915071615,1.3877787807814457e-17
toy_1,Triangle + branches,Coverage,7.300000000000001,1,E,0.00192353113283447,0.030673773302324812,0.06270930915071615,1.3877787807814457e-17
toy_1,Triangle + branches,Coverage,7.300000000000001,2,A,0.011902852263010851,0.030673773302324816,0.38804656165691603,1.3877787807814457e-17
toy_1,Triangle + branches,Coverage,7.300000000000001,2,B,0.0074619293868225115,0.030673773302324816,0.24326741002082583,1.3877787807814457e-17
toy_1,Triangle + branches,Coverage,7.300000000000001,2,C,0.0074619293868225115,0.030673773302324816,0.24326741002082583,1.3877787807814457e-17
toy_1,Triangle + branches,Coverage,7.300000000000001,2,D,0.0019235311328344707,0.030673773302324816,0.06270930915071617,1.3877787807814457e-17
toy_1,Triangle + branches,Coverage,7.300000000000001,2,E,0.0019235311328344707,0.030673773302324816,0.06270930915071617,1.3877787807814457e-17
toy_1,Triangle + branches,Coverage,7.4,1,A,0.011344355884566011,0.02922602945637172,0.38815932562788713,4.163336342344337e-17
toy_1,Triangle + branches,Coverage,7.4,1,B,0.00710557447865219,0.02922602945637172,0.2431248654306364,4.163336342344337e-17
toy_1,Triangle + branches,Coverage,7.4,1,C,0.00710557447865219,0.02922602945637172,0.2431248654306364,4.163336342344337e-17
toy_1,Triangle + branches,Coverage,7.4,1,D,0.0018352623072506635,0.02922602945637172,0.06279547175542001,4.163336342344337e-17
toy_1,Triangle + branches,Coverage,7.4,1,E,0.0018352623072506635,0.02922602945637172,0.06279547175542001,4.163336342344337e-17
toy_1,Triangle + branches,Coverage,7.4,2,A,0.011344355884566015,0.029226029456371722,0.3881593256278872,4.163336342344337e-17
toy_1,Triangle + branches,Coverage,7.4,2,B,0.007105574478652191,0.029226029456371722,0.2431248654306364,4.163336342344337e-17
toy_1,Triangle + branches,Coverage,7.4,2,C,0.007105574478652191,0.029226029456371722,0.2431248654306364,4.163336342344337e-17
toy_1,Triangle + branches,Coverage,7.4,2,D,0.001835262307250664,0.029226029456371722,0.06279547175542002,4.163336342344337e-17
toy_1,Triangle + branches,Coverage,7.4,2,E,0.001835262307250664,0.029226029456371722,0.06279547175542002,4.163336342344337e-17
toy_1,Triangle + branches,Coverage,7.5,1,A,0.010811904666977633,0.0278465502814833,0.3882672919154033,1.5265566588595902e-16
toy_1,Triangle + branches,Coverage,7.5,1,B,0.006766395689295093,0.0278465502814833,0.2429886510500527,1.5265566588595902e-16
toy_1,Triangle + branches,Coverage,7.5,1,C,0.006766395689295093,0.0278465502814833,0.2429886510500527,1.5265566588595902e-16
toy_1,Triangle + branches,Coverage,7.5,1,D,0.0017509271179577386,0.0278465502814833,0.06287770299224554,1.5265566588595902e-16
toy_1,Triangle + branches,Coverage,7.5,1,E,0.0017509271179577386,0.0278465502814833,0.06287770299224554,1.5265566588595902e-16
toy_1,Triangle + branches,Coverage,7.5,2,A,0.010811904666977637,0.0278465502814833,0.3882672919154035,1.5265566588595902e-16
toy_1,Triangle + branches,Coverage,7.5,2,B,0.006766395689295092,0.0278465502814833,0.24298865105005268,1.5265566588595902e-16
toy_1,Triangle + branches,Coverage,7.5,2,C,0.006766395689295092,0.0278465502814833,0.24298865105005268,1.5265566588595902e-16
toy_1,Triangle + branches,Coverage,7.5,2,D,0.0017509271179577397,0.0278465502814833,0.06287770299224558,1.5265566588595902e-16
toy_1,Triangle + branches,Coverage,7.5,2,E,0.0017509271179577397,0.0278465502814833,0.06287770299224558,1.5265566588595902e-16
toy_1,Triangle + branches,Coverage,7.6000000000000005,1,A,0.010304298248817149,0.02653212329054367,0.3883706605754282,1.3877787807814457e-17
toy_1,Triangle + branches,Coverage,7.6000000000000005,1,B,0.006443551255498177,0.02653212329054367,0.24285848459760198,1.3877787807814457e-17
toy_1,Triangle + branches,Coverage,7.6000000000000005,1,C,0.006443551255498177,0.02653212329054367,0.24285848459760198,1.3877787807814457e-17
toy_1,Triangle + branches,Coverage,7.6000000000000005,1,D,0.0016703612653650817,0.02653212329054367,0.06295618511468383,1.3877787807814457e-17
toy_1,Triangle + branches,Coverage,7.6000000000000005,1,E,0.0016703612653650817,0.02653212329054367,0.06295618511468383,1.3877787807814457e-17
toy_1,Triangle + branches,Coverage,7.6000000000000005,2,A,0.010304298248817147,0.026532123290543667,0.3883706605754282,1.3877787807814457e-17
toy_1,Triangle + branches,Coverage,7.6000000000000005,2,B,0.006443551255498176,0.026532123290543667,0.24285848459760198,1.3877787807814457e-17
toy_1,Triangle + branches,Coverage,7.6000000000000005,2,C,0.006443551255498176,0.026532123290543667,0.24285848459760198,1.3877787807814457e-17
toy_1,Triangle + branches,Coverage,7.6000000000000005,2,D,0.0016703612653650819,0.026532123290543667,0.06295618511468384,1.3877787807814457e-17
toy_1,Triangle + branches,Coverage,7.6000000000000005,2,E,0.0016703612653650819,0.026532123290543667,0.06295618511468384,1.3877787807814457e-17
toy_1,Triangle + branches,Coverage,7.7,1,A,0.00982039032038941,0.025279686554777754,0.38846962358927656,1.1102230246251565e-16
toy_1,Triangle + branches,Coverage,7.7,1,B,0.006136241875043727,0.025279686554777754,0.2427340964749424,1.1102230246251565e-16
toy_1,Triangle + branches,Coverage,7.7,1,C,0.006136241875043727,0.025279686554777754,0.2427340964749424,1.1102230246251565e-16
toy_1,Triangle + branches,Coverage,7.7,1,D,0.0015934062421504426,0.025279686554777754,0.06303109173041924,1.1102230246251565e-16
toy_1,Triangle + branches,Coverage,7.7,1,E,0.0015934062421504426,0.025279686554777754,0.06303109173041924,1.1102230246251565e-16
toy_1,Triangle + branches,Coverage,7.7,2,A,0.009820390320389411,0.02527968655477775,0.38846962358927667,1.1102230246251565e-16
toy_1,Triangle + branches,Coverage,7.7,2,B,0.0061362418750437265,0.02527968655477775,0.24273409647494237,1.1102230246251565e-16
toy_1,Triangle + branches,Coverage,7.7,2,C,0.0061362418750437265,0.02527968655477775,0.24273409647494237,1.1102230246251565e-16
toy_1,Triangle + branches,Coverage,7.7,2,D,0.001593406242150443,0.02527968655477775,0.06303109173041926,1.1102230246251565e-16
toy_1,Triangle + branches,Coverage,7.7,2,E,0.001593406242150443,0.02527968655477775,0.06303109173041926,1.1102230246251565e-16
toy_1,Triangle + branches,Coverage,7.800000000000001,1,A,0.00935908630404428,0.024086321708636498,0.3885643651719741,2.7755575615628914e-17
toy_1,Triangle + branches,Coverage,7.800000000000001,1,B,0.005843708461658621,0.024086321708636498,0.24261522918890827,2.7755575615628914e-17
toy_1,Triangle + branches,Coverage,7.800000000000001,1,C,0.005843708461658621,0.024086321708636498,0.24261522918890827,2.7755575615628914e-17
toy_1,Triangle + branches,Coverage,7.800000000000001,1,D,0.0015199092406374896,0.024086321708636498,0.06310258822510471,2.7755575615628914e-17
toy_1,Triangle + branches,Coverage,7.800000000000001,1,E,0.0015199092406374896,0.024086321708636498,0.06310258822510471,2.7755575615628914e-17
toy_1,Triangle + branches,Coverage,7.800000000000001,2,A,0.00935908630404428,0.024086321708636498,0.3885643651719741,2.7755575615628914e-17
toy_1,Triangle + branches,Coverage,7.800000000000001,2,B,0.005843708461658621,0.024086321708636498,0.24261522918890827,2.7755575615628914e-17
toy_1,Triangle + branches,Coverage,7.800000000000001,2,C,0.005843708461658621,0.024086321708636498,0.24261522918890827,2.7755575615628914e-17
toy_1,Triangle + branches,Coverage,7.800000000000001,2,D,0.00151990924063749,0.024086321708636498,0.06310258822510474,2.7755575615628914e-17
toy_1,Triangle + branches,Coverage,7.800000000000001,2,E,0.00151990924063749,0.024086321708636498,0.06310258822510474,2.7755575615628914e-17
toy_1,Triangle + branches,Coverage,7.9,1,A,0.008919341123569631,0.022949247273571796,0.38865506206999156,6.938893903907228e-17
toy_1,Triangle + branches,Coverage,7.9,1,B,0.005565230027182896,0.022949247273571796,0.24250163680060122,6.938893903907228e-17
toy_1,Triangle + branches,Coverage,7.9,1,C,0.005565230027182896,0.022949247273571796,0.24250163680060122,6.938893903907228e-17
toy_1,Triangle + branches,Coverage,7.9,1,D,0.0014497230478181865,0.022949247273571796,0.06317083216440297,6.938893903907228e-17
toy_1,Triangle + branches,Coverage,7.9,1,E,0.0014497230478181865,0.022949247273571796,0.06317083216440297,6.938893903907228e-17
toy_1,Triangle + branches,Coverage,7.9,2,A,0.008919341123569631,0.022949247273571796,0.38865506206999156,6.938893903907228e-17
toy_1,Triangle + branches,Coverage,7.9,2,B,0.0055652300271828966,0.022949247273571796,0.24250163680060127,6.938893903907228e-17
toy_1,Triangle + branches,Coverage,7.9,2,C,0.0055652300271828966,0.022949247273571796,0.24250163680060127,6.938893903907228e-17
toy_1,Triangle + branches,Coverage,7.9,2,D,0.0014497230478181867,0.022949247273571796,0.06317083216440299,6.938893903907228e-17
toy_1,Triangle + branches,Coverage,7.9,2,E,0.0014497230478181867,0.022949247273571796,0.06317083216440299,6.938893903907228e-17
toy_1,Triangle + branches,Coverage,8.0,1,A,0.008500157060246386,0.021865812286786815,0.3887418838486464,6.938893903907228e-17
toy_1,Triangle + branches,Coverage,8.0,1,B,0.005300121683109984,0.021865812286786815,0.24239308440019713,6.938893903907228e-17
toy_1,Triangle + branches,Coverage,8.0,1,C,0.005300121683109984,0.021865812286786815,0.24239308440019713,6.938893903907228e-17
toy_1,Triangle + branches,Coverage,8.0,1,D,0.0013827059301602322,0.021865812286786815,0.06323597367547973,6.938893903907228e-17
toy_1,Triangle + branches,Coverage,8.0,1,E,0.0013827059301602322,0.021865812286786815,0.06323597367547973,6.938893903907228e-17
toy_1,Triangle + branches,Coverage,8.0,2,A,0.008500157060246387,0.021865812286786822,0.3887418838486464,6.938893903907228e-17
toy_1,Triangle + branches,Coverage,8.0,2,B,0.005300121683109987,0.021865812286786822,0.2423930844001972,6.938893903907228e-17
toy_1,Triangle + branches,Coverage,8.0,2,C,0.005300121683109987,0.021865812286786822,0.2423930844001972,6.938893903907228e-17
toy_1,Triangle + branches,Coverage,8.0,2,D,0.0013827059301602324,0.021865812286786822,0.06323597367547971,6.938893903907228e-17
toy_1,Triangle + branches,Coverage,8.0,2,E,0.0013827059301602324,0.021865812286786822,0.06323597367547971,6.938893903907228e-17
toy_1,Triangle + branches,Coverage,8.1,1,A,0.008100581693106014,0.0208334902215909,0.3888249931694562,2.7755575615628914e-17
toy_1,Triangle + branches,Coverage,8.1,1,B,0.005047732754149615,0.0208334902215909,0.24228934760621001,2.7755575615628914e-17
toy_1,Triangle + branches,Coverage,8.1,1,C,0.005047732754149615,0.0208334902215909,0.24228934760621001,2.7755575615628914e-17
toy_1,Triangle + branches,Coverage,8.1,1,D,0.0013187215100928275,0.0208334902215909,0.06329815580906185,2.7755575615628914e-17
toy_1,Triangle + branches,Coverage,8.1,1,E,0.0013187215100928275,0.0208334902215909,0.06329815580906185,2.7755575615628914e-17
toy_1,Triangle + branches,Coverage,8.1,2,A,0.008100581693106016,0.020833490221590905,0.3888249931694562,2.7755575615628914e-17
toy_1,Triangle + branches,Coverage,8.1,2,B,0.005047732754149616,0.020833490221590905,0.24228934760621001,2.7755575615628914e-17
toy_1,Triangle + branches,Coverage,8.1,2,C,0.005047732754149616,0.020833490221590905,0.24228934760621001,2.7755575615628914e-17
toy_1,Triangle + branches,Coverage,8.1,2,D,0.0013187215100928281,0.020833490221590905,0.06329815580906188,2.7755575615628914e-17
toy_1,Triangle + branches,Coverage,8.1,2,E,0.0013187215100928281,0.020833490221590905,0.06329815580906188,2.7755575615628914e-17
toy_1,Triangle + branches,Coverage,8.200000000000001,1,A,0.007719705920904787,0.0198498731865141,0.3889045460577307,4.163336342344337e-17
toy_1,Triangle + branches,Coverage,8.200000000000001,1,B,0.004807444996962231,0.0198498731865141,0.24219021208802402,4.163336342344337e-17
toy_1,Triangle + branches,Coverage,8.200000000000001,1,C,0.004807444996962231,0.0198498731865141,0.24219021208802402,4.163336342344337e-17
toy_1,Triangle + branches,Coverage,8.200000000000001,1,D,0.0012576386358424253,0.0198498731865141,0.06335751488311062,4.163336342344337e-17
toy_1,Triangle + branches,Coverage,8.200000000000001,1,E,0.0012576386358424253,0.0198498731865141,0.06335751488311062,4.163336342344337e-17
toy_1,Triangle + branches,Coverage,8.200000000000001,2,A,0.0077197059209047885,0.019849873186514107,0.38890454605773067,4.163336342344337e-17
toy_1,Triangle + branches,Coverage,8.200000000000001,2,B,0.0048074449969622325,0.019849873186514107,0.24219021208802402,4.163336342344337e-17
toy_1,Triangle + branches,Coverage,8.200000000000001,2,C,0.0048074449969622325,0.019849873186514107,0.24219021208802402,4.163336342344337e-17
toy_1,Triangle + branches,Coverage,8.200000000000001,2,D,0.0012576386358424255,0.019849873186514107,0.0633575148831106,4.163336342344337e-17
toy_1,Triangle + branches,Coverage,8.200000000000001,2,E,0.0012576386358424255,0.019849873186514107,0.0633575148831106,4.163336342344337e-17
toy_1,Triangle + branches,Coverage,8.3,1,A,0.007356662063317284,0.018912666390851048,0.3889806921606807,8.326672684688674e-17
toy_1,Triangle + branches,Coverage,8.3,1,B,0.004578670917675316,0.018912666390851048,0.24209547311056234,8.326672684688674e-17
toy_1,Triangle + branches,Coverage,8.3,1,C,0.004578670917675316,0.018912666390851048,0.24209547311056234,8.326672684688674e-17
toy_1,Triangle + branches,Coverage,8.3,1,D,0.001199331246091566,0.018912666390851048,0.0634141808090973,8.326672684688674e-17
toy_1,Triangle + branches,Coverage,8.3,1,E,0.001199331246091566,0.018912666390851048,0.0634141808090973,8.326672684688674e-17
toy_1,Triangle + branches,Coverage,8.3,2,A,0.007356662063317287,0.01891266639085105,0.3889806921606808,8.326672684688674e-17
toy_1,Triangle + branches,Coverage,8.3,2,B,0.004578670917675317,0.01891266639085105,0.24209547311056234,8.326672684688674e-17
toy_1,Triangle + branches,Coverage,8.3,2,C,0.004578670917675317,0.01891266639085105,0.24209547311056234,8.326672684688674e-17
toy_1,Triangle + branches,Coverage,8.3,2,D,0.0011993312460915667,0.01891266639085105,0.06341418080909733,8.326672684688674e-17
toy_1,Triangle + branches,Coverage,8.3,2,E,0.0011993312460915667,0.01891266639085105,0.06341418080909733,8.326672684688674e-17
toy_1,Triangle + branches,Coverage,8.4,1,A,0.00701062203885081,0.018019682864800993,0.389053574996323,0.0
toy_1,Triangle + branches,Coverage,8.4,1,B,0.0043608521822192,0.018019682864800993,0.24200493510002516,0.0
toy_1,Triangle + branches,Coverage,8.4,1,C,0.0043608521822192,0.018019682864800993,0.24200493510002516,0.0
toy_1,Triangle + branches,Coverage,8.4,1,D,0.0011436782307558918,0.018019682864800993,0.06346827740181334,0.0
toy_1,Triangle + branches,Coverage,8.4,1,E,0.0011436782307558918,0.018019682864800993,0.06346827740181334,0.0
toy_1,Triangle + branches,Coverage,8.4,2,A,0.007010622038850811,0.018019682864800997,0.389053574996323,0.0
toy_1,Triangle + branches,Coverage,8.4,2,B,0.004360852182219201,0.018019682864800997,0.24200493510002516,0.0
toy_1,Triangle + branches,Coverage,8.4,2,C,0.004360852182219201,0.018019682864800997,0.24200493510002516,0.0
toy_1,Triangle + branches,Coverage,8.4,2,D,0.001143678230755892,0.018019682864800997,0.06346827740181334,0.0
toy_1,Triangle + branches,Coverage,8.4,2,E,0.001143678230755892,0.018019682864800997,0.06346827740181334,0.0
toy_1,Triangle + branches,Coverage,8.5,1,A,0.006680795616992672,0.01716883842285591,0.3891233321934526,9.71445146547012e-17
toy_1,Triangle + branches,Coverage,8.5,1,B,0.004153458113916425,0.01716883842285591,0.24191841122968227,9.71445146547012e-17
toy_1,Triangle + branches,Coverage,8.5,1,C,0.004153458113916425,0.01716883842285591,0.24191841122968227,9.71445146547012e-17
toy_1,Triangle + branches,Coverage,8.5,1,D,0.0010905632890151932,0.01716883842285591,0.06351992267359145,9.71445146547012e-17
toy_1,Triangle + branches,Coverage,8.5,1,E,0.0010905632890151932,0.01716883842285591,0.06351992267359145,9.71445146547012e-17
toy_1,Triangle + branches,Coverage,8.5,2,A,0.006680795616992673,0.017168838422855912,0.3891233321934525,9.71445146547012e-17
toy_1,Triangle + branches,Coverage,8.5,2,B,0.004153458113916427,0.017168838422855912,0.24191841122968233,9.71445146547012e-17
toy_1,Triangle + branches,Coverage,8.5,2,C,0.004153458113916427,0.017168838422855912,0.24191841122968233,9.71445146547012e-17
toy_1,Triangle + branches,Coverage,8.5,2,D,0.0010905632890151932,0.017168838422855912,0.06351992267359144,9.71445146547012e-17
toy_1,Triangle + branches,Coverage,8.5,2,E,0.0010905632890151932,0.017168838422855912,0.06351992267359144,9.71445146547012e-17
toy_1,Triangle + branches,Coverage,8.6,1,A,0.0063664287421204765,0.016358146859555445,0.38919009572295116,9.71445146547012e-17
toy_1,Triangle + branches,Coverage,8.6,1,B,0.003955984273125776,0.016358146859555445,0.24183572302475867,9.71445146547012e-17
toy_1,Triangle + branches,Coverage,8.6,1,C,0.003955984273125776,0.016358146859555445,0.24183572302475867,9.71445146547012e-17
toy_1,Triangle + branches,Coverage,8.6,1,D,0.001039874785591707,0.016358146859555445,0.06356922911376571,9.71445146547012e-17
toy_1,Triangle + branches,Coverage,8.6,1,E,0.001039874785591707,0.016358146859555445,0.06356922911376571,9.71445146547012e-17
toy_1,Triangle + branches,Coverage,8.6,2,A,0.00636642874212048,0.01635814685955545,0.3891900957229512,9.71445146547012e-17
toy_1,Triangle + branches,Coverage,8.6,2,B,0.003955984273125777,0.01635814685955545,0.24183572302475861,9.71445146547012e-17
toy_1,Triangle + branches,Coverage,8.6,2,C,0.003955984273125777,0.01635814685955545,0.24183572302475861,9.71445146547012e-17
toy_1,Triangle + branches,Coverage,8.6,2,D,0.0010398747855917077,0.01635814685955545,0.06356922911376572,9.71445146547012e-17
toy_1,Triangle + branches,Coverage,8.6,2,E,0.0010398747855917077,0.01635814685955545,0.06356922911376572,9.71445146547012e-17
toy_1,Triangle + branches,Coverage,8.700000000000001,1,A,0.006066801926732156,0.015585715367181154,0.38925399212069683,4.163336342344337e-17
toy_1,Triangle + branches,Coverage,8.700000000000001,1,B,0.003767951114083024,0.015585715367181154,0.24175669998550084,4.163336342344337e-17
toy_1,Triangle + branches,Coverage,8.700000000000001,1,C,0.003767951114083024,0.015585715367181154,0.24175669998550084,4.163336342344337e-17
toy_1,Triangle + branches,Coverage,8.700000000000001,1,D,0.0009915056061414749,0.015585715367181154,0.06361630395415077,4.163336342344337e-17
toy_1,Triangle + branches,Coverage,8.700000000000001,1,E,0.0009915056061414749,0.015585715367181154,0.06361630395415077,4.163336342344337e-17
toy_1,Triangle + branches,Coverage,8.700000000000001,2,A,0.006066801926732159,0.01558571536718116,0.38925399212069683,4.163336342344337e-17
toy_1,Triangle + branches,Coverage,8.700000000000001,2,B,0.0037679511140830254,0.01558571536718116,0.2417566999855008,4.163336342344337e-17
toy_1,Triangle + branches,Coverage,8.700000000000001,2,C,0.0037679511140830254,0.01558571536718116,0.2417566999855008,4.163336342344337e-17
toy_1,Triangle + branches,Coverage,8.700000000000001,2,D,0.000991505606141475,0.01558571536718116,0.06361630395415076,4.163336342344337e-17
toy_1,Triangle + branches,Coverage,8.700000000000001,2,E,0.000991505606141475,0.01558571536718116,0.06361630395415076,4.163336342344337e-17
toy_1,Triangle + branches,Coverage,8.8,1,A,0.005781228711585425,0.014849740165400457,0.3893151427023317,1.1102230246251565e-16
toy_1,Triangle + branches,Coverage,8.8,1,B,0.003588902714396813,0.014849740165400457,0.24168117922755789,1.1102230246251565e-16
toy_1,Triangle + branches,Coverage,8.8,1,C,0.003588902714396813,0.014849740165400457,0.24168117922755789,1.1102230246251565e-16
toy_1,Triangle + branches,Coverage,8.8,1,D,0.0009453530125107019,0.014849740165400457,0.06366124942127621,1.1102230246251565e-16
toy_1,Triangle + branches,Coverage,8.8,1,E,0.0009453530125107019,0.014849740165400457,0.06366124942127621,1.1102230246251565e-16
toy_1,Triangle + branches,Coverage,8.8,2,A,0.005781228711585429,0.01484974016540046,0.3893151427023318,1.1102230246251565e-16
toy_1,Triangle + branches,Coverage,8.8,2,B,0.003588902714396815,0.01484974016540046,0.24168117922755794,1.1102230246251565e-16
toy_1,Triangle + branches,Coverage,8.8,2,C,0.003588902714396815,0.01484974016540046,0.24168117922755794,1.1102230246251565e-16
toy_1,Triangle + branches,Coverage,8.8,2,D,0.0009453530125107022,0.01484974016540046,0.06366124942127621,1.1102230246251565e-16
toy_1,Triangle + branches,Coverage,8.8,2,E,0.0009453530125107022,0.01484974016540046,0.06366124942127621,1.1102230246251565e-16
toy_1,Triangle + branches,Coverage,8.9,1,A,0.005509054190374554,0.014148502333292498,0.38937366377014565,2.7755575615628914e-17
toy_1,Triangle + branches,Coverage,8.9,1,B,0.0034184055729515822,0.014148502333292498,0.24160900513885591,2.7755575615628914e-17
toy_1,Triangle + branches,Coverage,8.9,1,C,0.0034184055729515822,0.014148502333292498,0.24160900513885591,2.7755575615628914e-17
toy_1,Triangle + branches,Coverage,8.9,1,D,0.0009013184985073899,0.014148502333292498,0.06370416297607127,2.7755575615628914e-17
toy_1,Triangle + branches,Coverage,8.9,1,E,0.0009013184985073899,0.014148502333292498,0.06370416297607127,2.7755575615628914e-17
toy_1,Triangle + branches,Coverage,8.9,2,A,0.005509054190374554,0.014148502333292496,0.38937366377014565,2.7755575615628914e-17
toy_1,Triangle + branches,Coverage,8.9,2,B,0.003418405572951582,0.014148502333292496,0.24160900513885591,2.7755575615628914e-17
toy_1,Triangle + branches,Coverage,8.9,2,C,0.003418405572951582,0.014148502333292496,0.24160900513885591,2.7755575615628914e-17
toy_1,Triangle + branches,Coverage,8.9,2,D,0.0009013184985073902,0.014148502333292496,0.0637041629760713,2.7755575615628914e-17
toy_1,Triangle + branches,Coverage,8.9,2,E,0.0009013184985073902,0.014148502333292496,0.0637041629760713,2.7755575615628914e-17
toy_1,Triangle + branches,Coverage,9.0,1,A,0.005249653596615956,0.01348036383459693,0.3894296668123219,4.163336342344337e-17
toy_1,Triangle + branches,Coverage,9.0,1,B,0.003256047472242552,0.01348036383459693,0.24154002905218394,4.163336342344337e-17
toy_1,Triangle + branches,Coverage,9.0,1,C,0.003256047472242552,0.01348036383459693,0.24154002905218394,4.163336342344337e-17
toy_1,Triangle + branches,Coverage,9.0,1,D,0.0008593076467479356,0.01348036383459693,0.06374513754165519,4.163336342344337e-17
toy_1,Triangle + branches,Coverage,9.0,1,E,0.0008593076467479356,0.01348036383459693,0.06374513754165519,4.163336342344337e-17
toy_1,Triangle + branches,Coverage,9.0,2,A,0.005249653596615958,0.013480363834596935,0.3894296668123219,4.163336342344337e-17
toy_1,Triangle + branches,Coverage,9.0,2,B,0.003256047472242553,0.013480363834596935,0.2415400290521839,4.163336342344337e-17
toy_1,Triangle + branches,Coverage,9.0,2,C,0.003256047472242553,0.013480363834596935,0.2415400290521839,4.163336342344337e-17
toy_1,Triangle + branches,Coverage,9.0,2,D,0.0008593076467479358,0.013480363834596935,0.06374513754165517,4.163336342344337e-17
toy_1,Triangle + branches,Coverage,9.0,2,E,0.0008593076467479358,0.013480363834596935,0.06374513754165517,4.163336342344337e-17
toy_1,Triangle + branches,Coverage,9.1,1,A,0.005002430950460901,0.012843763727418465,0.38948325869479117,4.163336342344337e-17
toy_1,Triangle + branches,Coverage,9.1,1,B,0.0031014364014211697,0.012843763727418465,0.24147410893275156,4.163336342344337e-17
toy_1,Triangle + branches,Coverage,9.1,1,C,0.0031014364014211697,0.012843763727418465,0.24147410893275156,4.163336342344337e-17
toy_1,Triangle + branches,Coverage,9.1,1,D,0.0008192299870576115,0.012843763727418465,0.0637842617198528,4.163336342344337e-17
toy_1,Triangle + branches,Coverage,9.1,1,E,0.0008192299870576115,0.012843763727418465,0.0637842617198528,4.163336342344337e-17
toy_1,Triangle + branches,Coverage,9.1,2,A,0.005002430950460902,0.012843763727418467,0.38948325869479117,4.163336342344337e-17
toy_1,Triangle + branches,Coverage,9.1,2,B,0.0031014364014211706,0.012843763727418467,0.2414741089327516,4.163336342344337e-17
toy_1,Triangle + branches,Coverage,9.1,2,C,0.0031014364014211706,0.012843763727418467,0.2414741089327516,4.163336342344337e-17
toy_1,Triangle + branches,Coverage,9.1,2,D,0.0008192299870576117,0.012843763727418467,0.06378426171985281,4.163336342344337e-17
toy_1,Triangle + branches,Coverage,9.1,2,E,0.0008192299870576117,0.012843763727418467,0.06378426171985281,4.163336342344337e-17
toy_1,Triangle + branches,Coverage,9.200000000000001,1,A,0.004766817763204121,0.012237214549998692,0.3895345418459326,4.163336342344337e-17
toy_1,Triangle + branches,Coverage,9.200000000000001,1,B,0.0029541995365652534,0.012237214549998692,0.24141110908001276,4.163336342344337e-17
toy_1,Triangle + branches,Coverage,9.200000000000001,1,C,0.0029541995365652534,0.012237214549998692,0.24141110908001276,4.163336342344337e-17
toy_1,Triangle + branches,Coverage,9.200000000000001,1,D,0.0007809988568320315,0.012237214549998692,0.06382161999702089,4.163336342344337e-17
toy_1,Triangle + branches,Coverage,9.200000000000001,1,E,0.0007809988568320315,0.012237214549998692,0.06382161999702089,4.163336342344337e-17
toy_1,Triangle + branches,Coverage,9.200000000000001,2,A,0.004766817763204123,0.012237214549998696,0.38953454184593267,4.163336342344337e-17
toy_1,Triangle + branches,Coverage,9.200000000000001,2,B,0.0029541995365652543,0.012237214549998696,0.24141110908001276,4.163336342344337e-17
toy_1,Triangle + branches,Coverage,9.200000000000001,2,C,0.0029541995365652543,0.012237214549998696,0.24141110908001276,4.163336342344337e-17
toy_1,Triangle + branches,Coverage,9.200000000000001,2,D,0.0007809988568320316,0.012237214549998696,0.06382161999702088,4.163336342344337e-17
toy_1,Triangle + branches,Coverage,9.200000000000001,2,E,0.0007809988568320316,0.012237214549998696,0.06382161999702088,4.163336342344337e-17
toy_1,Triangle + branches,Coverage,9.3,1,A,0.004542271797310181,0.011659298874530974,0.38958361443435474,5.551115123125783e-17
toy_1,Triangle + branches,Coverage,9.3,1,B,0.002813982274907527,0.011659298874530974,0.2413508998430857,5.551115123125783e-17
toy_1,Triangle + branches,Coverage,9.3,1,C,0.002813982274907527,0.011659298874530974,0.2413508998430857,5.551115123125783e-17
toy_1,Triangle + branches,Coverage,9.3,1,D,0.0007445312637028696,0.011659298874530974,0.06385729293973694,5.551115123125783e-17
toy_1,Triangle + branches,Coverage,9.3,1,E,0.0007445312637028696,0.011659298874530974,0.06385729293973694,5.551115123125783e-17
toy_1,Triangle + branches,Coverage,9.3,2,A,0.004542271797310184,0.011659298874530979,0.3895836144343548,5.551115123125783e-17
toy_1,Triangle + branches,Coverage,9.3,2,B,0.0028139822749075278,0.011659298874530979,0.24135089984308566,5.551115123125783e-17
toy_1,Triangle + branches,Coverage,9.3,2,C,0.0028139822749075278,0.011659298874530979,0.24135089984308566,5.551115123125783e-17
toy_1,Triangle + branches,Coverage,9.3,2,D,0.0007445312637028699,0.011659298874530979,0.06385729293973694,5.551115123125783e-17
toy_1,Triangle + branches,Coverage,9.3,2,E,0.0007445312637028699,0.011659298874530979,0.06385729293973694,5.551115123125783e-17
toy_1,Triangle + branches,Coverage,9.4,1,A,0.004328275879834222,0.011108666021343513,0.38963057053998534,4.163336342344337e-17
toy_1,Triangle + branches,Coverage,9.4,1,B,0.0026804473199602188,0.011108666021343513,0.24129335734913362,4.163336342344337e-17
toy_1,Triangle + branches,Coverage,9.4,1,C,0.0026804473199602188,0.011108666021343513,0.24129335734913362,4.163336342344337e-17
toy_1,Triangle + branches,Coverage,9.4,1,D,0.0007097477507944272,0.011108666021343513,0.06389135738087375,4.163336342344337e-17
toy_1,Triangle + branches,Coverage,9.4,1,E,0.0007097477507944272,0.011108666021343513,0.06389135738087375,4.163336342344337e-17
toy_1,Triangle + branches,Coverage,9.4,2,A,0.004328275879834224,0.011108666021343519,0.38963057053998534,4.163336342344337e-17
toy_1,Triangle + branches,Coverage,9.4,2,B,0.0026804473199602205,0.011108666021343519,0.24129335734913365,4.163336342344337e-17
toy_1,Triangle + branches,Coverage,9.4,2,C,0.0026804473199602205,0.011108666021343519,0.24129335734913365,4.163336342344337e-17
toy_1,Triangle + branches,Coverage,9.4,2,D,0.0007097477507944274,0.011108666021343519,0.06389135738087373,4.163336342344337e-17
toy_1,Triangle + branches,Coverage,9.4,2,E,0.0007097477507944274,0.011108666021343519,0.06389135738087373,4.163336342344337e-17
toy_1,Triangle + branches,Coverage,9.5,1,A,0.004124336767170638,0.010584028926113088,0.38967550031869314,1.249000902703301e-16
toy_1,Triangle + branches,Coverage,9.5,1,B,0.0025532738146637358,0.010584028926113088,0.24123836324410047,1.249000902703301e-16
toy_1,Triangle + branches,Coverage,9.5,1,C,0.0025532738146637358,0.010584028926113088,0.24123836324410047,1.249000902703301e-16
toy_1,Triangle + branches,Coverage,9.5,1,D,0.0006765722648074893,0.010584028926113088,0.06392388659655296,1.249000902703301e-16
toy_1,Triangle + branches,Coverage,9.5,1,E,0.0006765722648074893,0.010584028926113088,0.06392388659655296,1.249000902703301e-16
toy_1,Triangle + branches,Coverage,9.5,2,A,0.00412433676717064,0.010584028926113088,0.3896755003186933,1.249000902703301e-16
toy_1,Triangle + branches,Coverage,9.5,2,B,0.0025532738146637358,0.010584028926113088,0.24123836324410047,1.249000902703301e-16
toy_1,Triangle + branches,Coverage,9.5,2,C,0.0025532738146637358,0.010584028926113088,0.24123836324410047,1.249000902703301e-16
toy_1,Triangle + branches,Coverage,9.5,2,D,0.0006765722648074896,0.010584028926113088,0.063923886596553,1.249000902703301e-16
toy_1,Triangle + branches,Coverage,9.5,2,E,0.0006765722648074896,0.010584028926113088,0.063923886596553,1.249000902703301e-16
toy_1,Triangle + branches,Coverage,9.600000000000001,1,A,0.003929984059120648,0.010084161153094205,0.3897184901606594,5.551115123125783e-17
toy_1,Triangle + branches,Coverage,9.600000000000001,1,B,0.002432156519864316,0.010084161153094205,0.24118580444522525,5.551115123125783e-17
toy_1,Triangle + branches,Coverage,9.600000000000001,1,C,0.002432156519864316,0.010084161153094205,0.24118580444522525,5.551115123125783e-17
toy_1,Triangle + branches,Coverage,9.600000000000001,1,D,0.0006449320271224631,0.010084161153094205,0.0639549504744451,5.551115123125783e-17
toy_1,Triangle + branches,Coverage,9.600000000000001,1,E,0.0006449320271224631,0.010084161153094205,0.0639549504744451,5.551115123125783e-17
toy_1,Triangle + branches,Coverage,9.600000000000001,2,A,0.0039299840591206486,0.010084161153094207,0.3897184901606594,5.551115123125783e-17
toy_1,Triangle + branches,Coverage,9.600000000000001,2,B,0.002432156519864316,0.010084161153094207,0.2411858044452252,5.551115123125783e-17
toy_1,Triangle + branches,Coverage,9.600000000000001,2,C,0.002432156519864316,0.010084161153094207,0.2411858044452252,5.551115123125783e-17
toy_1,Triangle + branches,Coverage,9.600000000000001,2,D,0.0006449320271224632,0.010084161153094207,0.0639549504744451,5.551115123125783e-17
toy_1,Triangle + branches,Coverage,9.600000000000001,2,E,0.0006449320271224632,0.010084161153094207,0.0639549504744451,5.551115123125783e-17
toy_1,Triangle + branches,Coverage,9.700000000000001,1,A,0.003744769160328417,0.00960789404765935,0.38975962284270904,1.3877787807814457e-16
toy_1,Triangle + branches,Coverage,9.700000000000001,1,B,0.002316805035590843,0.00960789404765935,0.24113557290478835,1.3877787807814457e-16
toy_1,Triangle + branches,Coverage,9.700000000000001,1,C,0.002316805035590843,0.00960789404765935,0.24113557290478835,1.3877787807814457e-16
toy_1,Triangle + branches,Coverage,9.700000000000001,1,D,0.0006147574080746228,0.00960789404765935,0.0639846156738571,1.3877787807814457e-16
toy_1,Triangle + branches,Coverage,9.700000000000001,1,E,0.0006147574080746228,0.00960789404765935,0.0639846156738571,1.3877787807814457e-16
toy_1,Triangle + branches,Coverage,9.700000000000001,2,A,0.0037447691603284183,0.009607894047659354,0.38975962284270893,1.3877787807814457e-16
toy_1,Triangle + branches,Coverage,9.700000000000001,2,B,0.002316805035590845,0.009607894047659354,0.2411355729047884,1.3877787807814457e-16
toy_1,Triangle + branches,Coverage,9.700000000000001,2,C,0.002316805035590845,0.009607894047659354,0.2411355729047884,1.3877787807814457e-16
toy_1,Triangle + branches,Coverage,9.700000000000001,2,D,0.0006147574080746229,0.009607894047659354,0.06398461567385708,1.3877787807814457e-16
toy_1,Triangle + branches,Coverage,9.700000000000001,2,E,0.0006147574080746229,0.009607894047659354,0.06398461567385708,1.3877787807814457e-16
toy_1,Triangle + branches,Coverage,9.8,1,A,0.003568264287194053,0.009154114021742942,0.3897989776748112,5.551115123125783e-17
toy_1,Triangle + branches,Coverage,9.8,1,B,0.0022069430627547496,0.009154114021742942,0.2410875653845688,5.551115123125783e-17
toy_1,Triangle + branches,Coverage,9.8,1,C,0.0022069430627547496,0.009154114021742942,0.2410875653845688,5.551115123125783e-17
toy_1,Triangle + branches,Coverage,9.8,1,D,0.0005859818045196945,0.009154114021742942,0.06401294577802556,5.551115123125783e-17
toy_1,Triangle + branches,Coverage,9.8,1,E,0.0005859818045196945,0.009154114021742942,0.06401294577802556,5.551115123125783e-17
toy_1,Triangle + branches,Coverage,9.8,2,A,0.0035682642871940544,0.009154114021742946,0.3897989776748112,5.551115123125783e-17
toy_1,Triangle + branches,Coverage,9.8,2,B,0.002206943062754751,0.009154114021742946,0.24108756538456885,5.551115123125783e-17
toy_1,Triangle + branches,Coverage,9.8,2,C,0.002206943062754751,0.009154114021742946,0.24108756538456885,5.551115123125783e-17
toy_1,Triangle + branches,Coverage,9.8,2,D,0.0005859818045196946,0.009154114021742946,0.06401294577802556,5.551115123125783e-17
toy_1,Triangle + branches,Coverage,9.8,2,E,0.0005859818045196946,0.009154114021742946,0.06401294577802556,5.551115123125783e-17
toy_1,Triangle + branches,Coverage,9.9,1,A,0.00340006151843108,0.008721759966068054,0.3898366306409481,5.551115123125783e-17
toy_1,Triangle + branches,Coverage,9.9,1,B,0.0021023077030407774,0.008721759966068054,0.24104168324051461,5.551115123125783e-17
toy_1,Triangle + branches,Coverage,9.9,1,C,0.0021023077030407774,0.008721759966068054,0.24104168324051461,5.551115123125783e-17
toy_1,Triangle + branches,Coverage,9.9,1,D,0.0005585415207777097,0.008721759966068054,0.06404000143901134,5.551115123125783e-17
toy_1,Triangle + branches,Coverage,9.9,1,E,0.0005585415207777097,0.008721759966068054,0.06404000143901134,5.551115123125783e-17
toy_1,Triangle + branches,Coverage,9.9,2,A,0.0034000615184310795,0.008721759966068053,0.3898366306409481,5.551115123125783e-17
toy_1,Triangle + branches,Coverage,9.9,2,B,0.002102307703040777,0.008721759966068053,0.2410416832405146,5.551115123125783e-17
toy_1,Triangle + branches,Coverage,9.9,2,C,0.002102307703040777,0.008721759966068053,0.2410416832405146,5.551115123125783e-17
toy_1,Triangle + branches,Coverage,9.9,2,D,0.0005585415207777099,0.008721759966068053,0.06404000143901137,5.551115123125783e-17
toy_1,Triangle + branches,Coverage,9.9,2,E,0.0005585415207777099,0.008721759966068053,0.06404000143901137,5.551115123125783e-17
toy_1,Triangle + branches,Coverage,10.0,1,A,0.0032397718874945794,0.008309820783307826,0.38987265453454806,2.7755575615628914e-17
toy_1,Triangle + branches,Coverage,10.0,1,B,0.0020026487948902657,0.008309820783307826,0.24099783221715726,2.7755575615628914e-17
toy_1,Triangle + branches,Coverage,10.0,1,C,0.0020026487948902657,0.008309820783307826,0.24099783221715726,2.7755575615628914e-17
toy_1,Triangle + branches,Coverage,10.0,1,D,0.0005323756530163573,0.008309820783307826,0.0640658405155687,2.7755575615628914e-17
toy_1,Triangle + branches,Coverage,10.0,1,E,0.0005323756530163573,0.008309820783307826,0.0640658405155687,2.7755575615628914e-17
toy_1,Triangle + branches,Coverage,10.0,2,A,0.0032397718874945794,0.008309820783307826,0.38987265453454806,2.7755575615628914e-17
toy_1,Triangle + branches,Coverage,10.0,2,B,0.0020026487948902657,0.008309820783307826,0.24099783221715726,2.7755575615628914e-17
toy_1,Triangle + branches,Coverage,10.0,2,C,0.0020026487948902657,0.008309820783307826,0.24099783221715726,2.7755575615628914e-17
toy_1,Triangle + branches,Coverage,10.0,2,D,0.0005323756530163575,0.008309820783307826,0.06406584051556873,2.7755575615628914e-17
toy_1,Triangle + branches,Coverage,10.0,2,E,0.0005323756530163575,0.008309820783307826,0.06406584051556873,2.7755575615628914e-17
toy_1,Triangle + branches,Constant bias,0.0,1,A,0.3333333333333333,1.0,0.3333333333333333,0.0
toy_1,Triangle + branches,Constant bias,0.0,1,B,0.3333333333333333,1.0,0.3333333333333333,0.0
toy_1,Triangle + branches,Constant bias,0.0,1,C,0.3333333333333333,1.0,0.3333333333333333,0.0
toy_1,Triangle + branches,Constant bias,0.0,1,D,0.0,1.0,0.0,0.0
toy_1,Triangle + branches,Constant bias,0.0,1,E,0.0,1.0,0.0,0.0
toy_1,Triangle + branches,Constant bias,0.0,2,A,0.3333333333333333,1.0,0.3333333333333333,0.0
toy_1,Triangle + branches,Constant bias,0.0,2,B,0.3333333333333333,1.0,0.3333333333333333,0.0
toy_1,Triangle + branches,Constant bias,0.0,2,C,0.3333333333333333,1.0,0.3333333333333333,0.0
toy_1,Triangle + branches,Constant bias,0.0,2,D,0.0,1.0,0.0,0.0
toy_1,Triangle + branches,Constant bias,0.0,2,E,0.0,1.0,0.0,0.0
toy_1,Triangle + branches,Constant bias,0.1,1,A,0.32767995086810936,0.9743438305476202,0.33630833448592795,0.005659982471300966
toy_1,Triangle + branches,Constant bias,0.1,1,B,0.3190140371574108,0.9743438305476202,0.32741423217932436,0.005659982471300966
toy_1,Triangle + branches,Constant bias,0.1,1,C,0.3190140371574108,0.9743438305476202,0.32741423217932436,0.005659982471300966
toy_1,Triangle + branches,Constant bias,0.1,1,D,0.004317902682344611,0.9743438305476202,0.004431600577711645,0.005659982471300966
toy_1,Triangle + branches,Constant bias,0.1,1,E,0.004317902682344611,0.9743438305476202,0.004431600577711645,0.005659982471300966
toy_1,Triangle + branches,Constant bias,0.1,2,A,0.31912941740862216,0.9529497057085372,0.33488589743709823,0.005659982471300966
toy_1,Triangle + branches,Constant bias,0.1,2,B,0.31470613551524473,0.9529497057085372,0.3302442234149749,0.005659982471300966
toy_1,Triangle + branches,Constant bias,0.1,2,C,0.31470613551524473,0.9529497057085372,0.3302442234149749,0.005659982471300966
toy_1,Triangle + branches,Constant bias,0.1,2,D,0.0022040086347128725,0.9529497057085372,0.0023128278664760675,0.005659982471300966
toy_1,Triangle + branches,Constant bias,0.1,2,E,0.0022040086347128725,0.9529497057085372,0.0023128278664760675,0.005659982471300966
toy_1,Triangle + branches,Constant bias,0.2,1,A,0.32125053782469504,0.947612475881433,0.33901045627948284,0.01027123810646502
toy_1,Triangle + branches,Constant bias,0.2,1,B,0.3052214533009975,0.947612475881433,0.3220952246508702,0.01027123810646502
toy_1,Triangle + branches,Constant bias,0.2,1,C,0.3052214533009975,0.947612475881433,0.3220952246508702,0.01027123810646502
toy_1,Triangle + branches,Constant bias,0.2,1,D,0.00795951572737157,0.947612475881433,0.008399547209388448,0.01027123810646502
toy_1,Triangle + branches,Constant bias,0.2,1,E,0.00795951572737157,0.947612475881433,0.008399547209388448,0.01027123810646502
toy_1,Triangle + branches,Constant bias,0.2,2,A,0.30564306852271017,0.9085279483092646,0.3364157031068776,0.01027123810646502
toy_1,Triangle + branches,Constant bias,0.2,2,B,0.29729836705399804,0.9085279483092646,0.32723084370410266,0.01027123810646502
toy_1,Triangle + branches,Constant bias,0.2,2,C,0.29729836705399804,0.9085279483092646,0.32723084370410266,0.01027123810646502
toy_1,Triangle + branches,Constant bias,0.2,2,D,0.0041440728392791535,0.9085279483092646,0.004561304742458515,0.01027123810646502
toy_1,Triangle + branches,Constant bias,0.2,2,E,0.0041440728392791535,0.9085279483092646,0.004561304742458515,0.01027123810646502
toy_1,Triangle + branches,Constant bias,0.30000000000000004,1,A,0.3141987231834395,0.9201222472648583,0.34147497695814005,0.01400424669932148
toy_1,Triangle + branches,Constant bias,0.30000000000000004,1,B,0.29195115186498194,0.9201222472648583,0.3172960470555207,0.01400424669932148
toy_1,Triangle + branches,Constant bias,0.30000000000000004,1,C,0.29195115186498194,0.9201222472648583,0.3172960470555207,0.01400424669932148
toy_1,Triangle + branches,Constant bias,0.30000000000000004,1,D,0.01101061017572744,0.9201222472648583,0.011966464465409261,0.01400424669932148
toy_1,Triangle + branches,Constant bias,0.30000000000000004,1,E,0.01101061017572744,0.9201222472648583,0.011966464465409261,0.01400424669932148
toy_1,Triangle + branches,Constant bias,0.30000000000000004,2,A,0.29281804905712444,0.8665334440394294,0.3379189240430523,0.01400424669932148
toy_1,Triangle + branches,Constant bias,0.30000000000000004,2,B,0.2810152104968877,0.8665334440394294,0.3242981704051815,0.01400424669932148
toy_1,Triangle + branches,Constant bias,0.30000000000000004,2,C,0.2810152104968877,0.8665334440394294,0.3242981704051815,0.01400424669932148
toy_1,Triangle + branches,Constant bias,0.30000000000000004,2,D,0.0058424869942648614,0.8665334440394294,0.006742367573292432,0.01400424669932148
toy_1,Triangle + branches,Constant bias,0.30000000000000004,2,E,0.0058424869942648614,0.8665334440394294,0.006742367573292432,0.01400424669932148
toy_1,Triangle + branches,Constant bias,0.4,1,A,0.3066571853069391,0.8921424167001304,0.3437312020666019,0.01699996868869067
toy_1,Triangle + branches,Constant bias,0.4,1,B,0.2791960056612956,0.8921424167001304,0.3129500407502088,0.01699996868869067
toy_1,Triangle + branches,Constant bias,0.4,1,C,0.2791960056612956,0.8921424167001304,0.3129500407502088,0.01699996868869067
toy_1,Triangle + branches,Constant bias,0.4,1,D,0.0135466100353,0.8921424167001304,0.015184358216490145,0.01699996868869067
toy_1,Triangle + branches,Constant bias,0.4,1,E,0.0135466100353,0.8921424167001304,0.015184358216490145,0.01699996868869067
toy_1,Triangle + branches,Constant bias,0.4,2,A,0.28060483397942454,0.8267859532855732,0.3393923576765257,0.01699996868869067
toy_1,Triangle + branches,Constant bias,0.4,2,B,0.2657703654314724,0.8267859532855732,0.32145002509455417,0.01699996868869067
toy_1,Triangle + branches,Constant bias,0.4,2,C,0.2657703654314724,0.8267859532855732,0.32145002509455417,0.01699996868869067
toy_1,Triangle + branches,Constant bias,0.4,2,D,0.007320194221601892,0.8267859532855732,0.008853796067182923,0.01699996868869067
toy_1,Triangle + branches,Constant bias,0.4,2,E,0.007320194221601892,0.8267859532855732,0.008853796067182923,0.01699996868869067
toy_1,Triangle + branches,Constant bias,0.5,1,A,0.2987402828943694,0.8639013872663487,0.3458036846539581,0.019375652453162577
toy_1,Triangle + branches,Constant bias,0.5,1,B,0.2669467214941492,0.8639013872663487,0.3090013807465355,0.019375652453162577
toy_1,Triangle + branches,Constant bias,0.5,1,C,0.2669467214941492,0.8639013872663487,0.3090013807465355,0.019375652453162577
toy_1,Triangle + branches,Constant bias,0.5,1,D,0.01563383069184041,0.8639013872663487,0.018096776926485425,0.019375652453162577
toy_1,Triangle + branches,Constant bias,0.5,1,E,0.01563383069184041,0.8639013872663487,0.018096776926485425,0.019375652453162577
toy_1,Triangle + branches,Constant bias,0.5,2,A,0.2689596831442349,0.7891236881948149,0.34083336638835693,0.019375652453162577
toy_1,Triangle + branches,Constant bias,0.5,2,B,0.2514852023945066,0.7891236881948149,0.31868920697311676,0.019375652453162577
toy_1,Triangle + branches,Constant bias,0.5,2,C,0.2514852023945066,0.7891236881948149,0.31868920697311676,0.019375652453162577
toy_1,Triangle + branches,Constant bias,0.5,2,D,0.008596800130783334,0.7891236881948149,0.010894109832704703,0.019375652453162577
toy_1,Triangle + branches,Constant bias,0.5,2,E,0.008596800130783334,0.7891236881948149,0.010894109832704703,0.019375652453162577
toy_1,Triangle + branches,Constant bias,0.6000000000000001,1,A,0.2905463621350127,0.8355920824035218,0.34771315843404904,0.02122932243143337
toy_1,Triangle + branches,Constant bias,0.6000000000000001,1,B,0.25519229175363556,0.8355920824035218,0.3054029557336074,0.02122932243143337
toy_1,Triangle + branches,Constant bias,0.6000000000000001,1,C,0.25519229175363556,0.8355920824035218,0.3054029557336074,0.02122932243143337
toy_1,Triangle + branches,Constant bias,0.6000000000000001,1,D,0.017330568380618982,0.8355920824035218,0.020740465049368134,0.02122932243143337
toy_1,Triangle + branches,Constant bias,0.6000000000000001,1,E,0.017330568380618982,0.8355920824035218,0.020740465049368134,0.02122932243143337
toy_1,Triangle + branches,Constant bias,0.6000000000000001,2,A,0.2578438425926539,0.7534010566876939,0.34223982074866865,0.02122932243143337
toy_1,Triangle + branches,Constant bias,0.6000000000000001,2,B,0.23808800654154763,0.7534010566876939,0.31601761694932406,0.02122932243143337
toy_1,Triangle + branches,Constant bias,0.6000000000000001,2,C,0.23808800654154763,0.7534010566876939,0.31601761694932406,0.02122932243143337
toy_1,Triangle + branches,Constant bias,0.6000000000000001,2,D,0.00969060050597239,0.7534010566876939,0.012862472676341651,0.02122932243143337
toy_1,Triangle + branches,Constant bias,0.6000000000000001,2,E,0.00969060050597239,0.7534010566876939,0.012862472676341651,0.02122932243143337
toy_1,Triangle + branches,Constant bias,0.7000000000000001,1,A,0.2821597798353044,0.8073766519948491,0.34947725963854664,0.022643290210809797
toy_1,Triangle + branches,Constant bias,0.7000000000000001,1,B,0.24392037730692193,0.8073766519948491,0.3021147276234068,0.022643290210809797
toy_1,Triangle + branches,Constant bias,0.7000000000000001,1,C,0.24392037730692193,0.8073766519948491,0.3021147276234068,0.022643290210809797
toy_1,Triangle + branches,Constant bias,0.7000000000000001,1,D,0.018688058772850458,0.8073766519948491,0.023146642557319932,0.022643290210809797
toy_1,Triangle + branches,Constant bias,0.7000000000000001,1,E,0.018688058772850458,0.8073766519948491,0.023146642557319932,0.022643290210809797
toy_1,Triangle + branches,Constant bias,0.7000000000000001,2,A,0.24722285733658356,0.7194866988824686,0.3436100454957382,0.022643290210809797
toy_1,Triangle + branches,Constant bias,0.7000000000000001,2,B,0.22551330112434775,0.7194866988824686,0.3134363727288117,0.022643290210809797
toy_1,Triangle + branches,Constant bias,0.7000000000000001,2,C,0.22551330112434775,0.7194866988824686,0.3134363727288117,0.022643290210809797
toy_1,Triangle + branches,Constant bias,0.7000000000000001,2,D,0.010618619648594839,0.7194866988824686,0.014758604523319252,0.022643290210809797
toy_1,Triangle + branches,Constant bias,0.7000000000000001,2,E,0.010618619648594839,0.7194866988824686,0.014758604523319252,0.022643290210809797
toy_1,Triangle + branches,Constant bias,0.8,1,A,0.27365267739244714,0.7793905808692793,0.351111091292935,0.023686931663285442
toy_1,Triangle + branches,Constant bias,0.8,1,B,0.23311763121291218,0.7793905808692793,0.29910244867587266,0.023686931663285442
toy_1,Triangle + branches,Constant bias,0.8,1,C,0.23311763121291218,0.7793905808692793,0.29910244867587266,0.023686931663285442
toy_1,Triangle + branches,Constant bias,0.8,1,D,0.019751320525503872,0.7793905808692793,0.025342005677659835,0.023686931663285442
toy_1,Triangle + branches,Constant bias,0.8,1,E,0.019751320525503872,0.7793905808692793,0.025342005677659835,0.023686931663285442
toy_1,Triangle + branches,Constant bias,0.8,2,A,0.23706598043764893,0.6872617776656296,0.34494276874071644,0.023686931663285442
toy_1,Triangle + branches,Constant bias,0.8,2,B,0.2137012419622999,0.6872617776656296,0.31094591450751535,0.023686931663285442
toy_1,Triangle + branches,Constant bias,0.8,2,C,0.2137012419622999,0.6872617776656296,0.31094591450751535,0.023686931663285442
toy_1,Triangle + branches,Constant bias,0.8,2,D,0.011396656651690398,0.6872617776656296,0.016582701122126366,0.023686931663285442
toy_1,Triangle + branches,Constant bias,0.8,2,E,0.011396656651690398,0.6872617776656296,0.016582701122126366,0.023686931663285442
toy_1,Triangle + branches,Constant bias,0.9,1,A,0.2650865361927854,0.7517462746449244,0.35262766858139055,0.02441890547394318
toy_1,Triangle + branches,Constant bias,0.9,1,B,0.22276997151701128,0.7517462746449244,0.2963366484552693,0.02441890547394318
toy_1,Triangle + branches,Constant bias,0.9,1,C,0.22276997151701128,0.7517462746449244,0.2963366484552693,0.02441890547394318
toy_1,Triangle + branches,Constant bias,0.9,1,D,0.020559897709058177,0.7517462746449244,0.027349517254035376,0.02441890547394318
toy_1,Triangle + branches,Constant bias,0.9,1,E,0.020559897709058177,0.7517462746449244,0.027349517254035376,0.02441890547394318
toy_1,Triangle + branches,Constant bias,0.9,2,A,0.22734566521068944,0.6566184901283205,0.3462370746919724,0.02441890547394318
toy_1,Triangle + branches,Constant bias,0.9,2,B,0.20259707509982922,0.6566184901283205,0.3085461011922409,0.02441890547394318
toy_1,Triangle + branches,Constant bias,0.9,2,C,0.20259707509982922,0.6566184901283205,0.3085461011922409,0.02441890547394318
toy_1,Triangle + branches,Constant bias,0.9,2,D,0.012039337358986298,0.6566184901283205,0.01833536146177287,0.02441890547394318
toy_1,Triangle + branches,Constant bias,0.9,2,E,0.012039337358986298,0.6566184901283205,0.01833536146177287,0.02441890547394318
toy_1,Triangle + branches,Constant bias,1.0,1,A,0.25651354124937553,0.724536188469929,0.3540382734933906,0.024888941354169997
toy_1,Triangle + branches,Constant bias,1.0,1,B,0.21286281027898907,0.724536188469929,0.2937918266422433,0.024888941354169997
toy_1,Triangle + branches,Constant bias,1.0,1,C,0.21286281027898907,0.724536188469929,0.2937918266422433,0.024888941354169997
toy_1,Triangle + branches,Constant bias,1.0,1,D,0.021148513331287595,0.724536188469929,0.02918903661106134,0.024888941354169997
toy_1,Triangle + branches,Constant bias,1.0,1,E,0.021148513331287595,0.724536188469929,0.02918903661106134,0.024888941354169997
toy_1,Triangle + branches,Constant bias,1.0,2,A,0.21803712913828277,0.6274587709284194,0.34749236004090617,0.024888941354169997
toy_1,Triangle + branches,Constant bias,1.0,2,B,0.19215065072965576,0.6274587709284194,0.30623629731932833,0.024888941354169997
toy_1,Triangle + branches,Constant bias,1.0,2,C,0.19215065072965576,0.6274587709284194,0.30623629731932833,0.024888941354169997
toy_1,Triangle + branches,Constant bias,1.0,2,D,0.012560170165412554,0.6274587709284194,0.020017522660218612,0.024888941354169997
toy_1,Triangle + branches,Constant bias,1.0,2,E,0.012560170165412554,0.6274587709284194,0.020017522660218612,0.024888941354169997
toy_1,Triangle + branches,Constant bias,1.1,1,A,0.2479777765946255,0.6978355560236312,0.35535273955892854,0.025139293060987375
toy_1,Triangle + branches,Constant bias,1.1,1,B,0.20338124502757893,0.6978355560236312,0.29144580449078133,0.025139293060987375
toy_1,Triangle + branches,Constant bias,1.1,1,C,0.20338124502757893,0.6978355560236312,0.29144580449078133,0.025139293060987375
toy_1,Triangle + branches,Constant bias,1.1,1,D,0.021547644686923977,0.6978355560236312,0.030877825729754442,0.025139293060987375
toy_1,Triangle + branches,Constant bias,1.1,1,E,0.021547644686923977,0.6978355560236312,0.030877825729754442,0.025139293060987375
toy_1,Triangle + branches,Constant bias,1.1,2,A,0.20911797960943135,0.5996931624161226,0.3487082940330841,0.025139293060987375
toy_1,Triangle + branches,Constant bias,1.1,2,B,0.18231598724631226,0.5996931624161226,0.30401545102127503,0.025139293060987375
toy_1,Triangle + branches,Constant bias,1.1,2,C,0.18231598724631226,0.5996931624161226,0.30401545102127503,0.025139293060987375
toy_1,Triangle + branches,Constant bias,1.1,2,D,0.01297160415703341,0.5996931624161226,0.021630401962182973,0.025139293060987375
toy_1,Triangle + branches,Constant bias,1.1,2,E,0.01297160415703341,0.5996931624161226,0.021630401962182973,0.025139293060987375
toy_1,Triangle + branches,Constant bias,1.2000000000000002,1,A,0.23951627305278964,0.6717047689709805,0.3565796822013294,0.025205927632522662
toy_1,Triangle + branches,Constant bias,1.2000000000000002,1,B,0.19431021800174902,0.6717047689709805,0.2892791996987351,0.025205927632522662
toy_1,Triangle + branches,Constant bias,1.2000000000000002,1,C,0.19431021800174902,0.6717047689709805,0.2892791996987351,0.025205927632522662
toy_1,Triangle + branches,Constant bias,1.2000000000000002,1,D,0.021784029957346462,0.6717047689709805,0.03243095920060021,0.025205927632522662
toy_1,Triangle + branches,Constant bias,1.2000000000000002,1,E,0.021784029957346462,0.6717047689709805,0.03243095920060021,0.025205927632522662
toy_1,Triangle + branches,Constant bias,1.2000000000000002,2,A,0.20056789292205668,0.5732398296492826,0.3498847821596196,0.025205927632522662
toy_1,Triangle + branches,Constant bias,1.2000000000000002,2,B,0.1730508799874934,0.5732398296492826,0.3018821635149964,0.025205927632522662
toy_1,Triangle + branches,Constant bias,1.2000000000000002,2,C,0.1730508799874934,0.5732398296492826,0.3018821635149964,0.025205927632522662
toy_1,Triangle + branches,Constant bias,1.2000000000000002,2,D,0.013285088376119516,0.5732398296492826,0.023175445405193756,0.025205927632522662
toy_1,Triangle + branches,Constant bias,1.2000000000000002,2,E,0.013285088376119516,0.5732398296492826,0.023175445405193756,0.025205927632522662
toy_1,Triangle + branches,Constant bias,1.3,1,A,0.23115992648295983,0.6461914507891398,0.3577266864188059,0.025119505077923474
toy_1,Triangle + branches,Constant bias,1.3,1,B,0.18563464781431122,0.6461914507891398,0.28727499812572743,0.025119505077923474
toy_1,Triangle + branches,Constant bias,1.3,1,C,0.18563464781431122,0.6461914507891398,0.28727499812572743,0.025119505077923474
toy_1,Triangle + branches,Constant bias,1.3,1,D,0.021881114338778686,0.6461914507891398,0.03386165866486953,0.025119505077923474
toy_1,Triangle + branches,Constant bias,1.3,1,E,0.021881114338778686,0.6461914507891398,0.03386165866486953,0.025119505077923474
toy_1,Triangle + branches,Constant bias,1.3,2,A,0.19236833914118062,0.5480237012865158,0.3510219333389876,0.025119505077923474
toy_1,Triangle + branches,Constant bias,1.3,2,B,0.1643165498335826,0.5480237012865158,0.29983475066468923,0.025119505077923474
toy_1,Triangle + branches,Constant bias,1.3,2,C,0.1643165498335826,0.5480237012865158,0.29983475066468923,0.025119505077923474
toy_1,Triangle + branches,Constant bias,1.3,2,D,0.013511131239085017,0.5480237012865158,0.024654282665816995,0.025119505077923474
toy_1,Triangle + branches,Constant bias,1.3,2,E,0.013511131239085017,0.5480237012865158,0.024654282665816995,0.025119505077923474
toy_1,Triangle + branches,Constant bias,1.4000000000000001,1,A,0.22293430236174766,0.6213322633950218,0.35880046071261823,0.02490619016991523
toy_1,Triangle + branches,Constant bias,1.4000000000000001,1,B,0.17733953754453347,0.6213322633950218,0.28541820213154945,0.02490619016991523
toy_1,Triangle + branches,Constant bias,1.4000000000000001,1,C,0.17733953754453347,0.6213322633950218,0.28541820213154945,0.02490619016991523
toy_1,Triangle + branches,Constant bias,1.4000000000000001,1,D,0.021859442972103647,0.6213322633950218,0.03518156751214151,0.02490619016991523
toy_1,Triangle + branches,Constant bias,1.4000000000000001,1,E,0.021859442972103647,0.6213322633950218,0.03518156751214151,0.02490619016991523
toy_1,Triangle + branches,Constant bias,1.4000000000000001,2,A,0.1845023464051867,0.5239757198361897,0.35212003041451534,0.02490619016991523
toy_1,Triangle + branches,Constant bias,1.4000000000000001,2,B,0.15607732737755892,0.5239757198361897,0.29787129721650707,0.02490619016991523
toy_1,Triangle + branches,Constant bias,1.4000000000000001,2,C,0.15607732737755892,0.5239757198361897,0.29787129721650707,0.02490619016991523
toy_1,Triangle + branches,Constant bias,1.4000000000000001,2,D,0.013659359337942652,0.5239757198361897,0.026068687576235348,0.02490619016991523
toy_1,Triangle + branches,Constant bias,1.4000000000000001,2,E,0.013659359337942652,0.5239757198361897,0.026068687576235348,0.02490619016991523
toy_1,Triangle + branches,Constant bias,1.5,1,A,0.2148603406273644,0.5971544801981948,0.35980696411429836,0.024588328648832466
toy_1,Triangle + branches,Constant bias,1.5,1,B,0.16941006272036177,0.5971544801981948,0.2836955399951697,0.024588328648832466
toy_1,Triangle + branches,Constant bias,1.5,1,C,0.16941006272036177,0.5971544801981948,0.2836955399951697,0.024588328648832466
toy_1,Triangle + branches,Constant bias,1.5,1,D,0.021737007065053385,0.5971544801981948,0.036400977947680976,0.024588328648832466
toy_1,Triangle + branches,Constant bias,1.5,1,E,0.021737007065053385,0.5971544801981948,0.036400977947680976,0.024588328648832466
toy_1,Triangle + branches,Constant bias,1.5,2,A,0.1769542991410184,0.5010321869057535,0.353179503763706,0.024588328648832466
toy_1,Triangle + branches,Constant bias,1.5,2,B,0.1483003688568295,0.5010321869057535,0.295989704319586,0.024588328648832466
toy_1,Triangle + branches,Constant bias,1.5,2,C,0.1483003688568295,0.5010321869057535,0.295989704319586,0.024588328648832466
toy_1,Triangle + branches,Constant bias,1.5,2,D,0.013738575025537993,0.5010321869057535,0.02742054379856096,0.024588328648832466
toy_1,Triangle + branches,Constant bias,1.5,2,E,0.013738575025537993,0.5010321869057535,0.02742054379856096,0.024588328648832466
toy_1,Triangle + branches,Constant bias,1.6,1,A,0.206954972999341,0.5736773549993699,0.36075151162201324,0.02418501314178266
toy_1,Triangle + branches,Constant bias,1.6,1,B,0.16183164217696377,0.5736773549993699,0.282095224374233,0.02418501314178266
toy_1,Triangle + branches,Constant bias,1.6,1,C,0.16183164217696377,0.5736773549993699,0.282095224374233,0.02418501314178266
toy_1,Triangle + branches,Constant bias,1.6,1,D,0.02152954882305068,0.5736773549993699,0.03752901981476038,0.02418501314178266
toy_1,Triangle + branches,Constant bias,1.6,1,E,0.02152954882305068,0.5736773549993699,0.03752901981476038,0.02418501314178266
toy_1,Triangle + branches,Constant bias,1.6,2,A,0.16970976540272698,0.47913419098026055,0.3542009077989567,0.02418501314178266
toy_1,Triangle + branches,Constant bias,1.6,2,B,0.14095540046271068,0.47913419098026055,0.2941877309451243,0.02418501314178266
toy_1,Triangle + branches,Constant bias,1.6,2,C,0.14095540046271068,0.47913419098026055,0.2941877309451243,0.02418501314178266
toy_1,Triangle + branches,Constant bias,1.6,2,D,0.013756812326056057,0.47913419098026055,0.028711815155397277,0.02418501314178266
toy_1,Triangle + branches,Constant bias,1.6,2,E,0.013756812326056057,0.47913419098026055,0.028711815155397277,0.02418501314178266
toy_1,Triangle + branches,Constant bias,1.7000000000000002,1,A,0.1992316634909857,0.5509133124756287,0.3616388621935857,0.02371255879074481
toy_1,Triangle + branches,Constant bias,1.7000000000000002,1,B,0.15458999436722065,0.5509133124756287,0.2806067504024227,0.02371255879074481
toy_1,Triangle + branches,Constant bias,1.7000000000000002,1,C,0.15458999436722065,0.5509133124756287,0.2806067504024227,0.02371255879074481
toy_1,Triangle + branches,Constant bias,1.7000000000000002,1,D,0.021250830125100918,0.5509133124756287,0.03857381850078457,0.02371255879074481
toy_1,Triangle + branches,Constant bias,1.7000000000000002,1,E,0.021250830125100918,0.5509133124756287,0.03857381850078457,0.02371255879074481
toy_1,Triangle + branches,Constant bias,1.7000000000000002,2,A,0.1627553492013816,0.4582271068978021,0.3551849001322411,0.02371255879074481
toy_1,Triangle + branches,Constant bias,1.7000000000000002,2,B,0.13401448801880933,0.4582271068978021,0.2924630297977951,0.02371255879074481
toy_1,Triangle + branches,Constant bias,1.7000000000000002,2,C,0.13401448801880933,0.4582271068978021,0.2924630297977951,0.02371255879074481
toy_1,Triangle + branches,Constant bias,1.7000000000000002,2,D,0.013721390829400956,0.4582271068978021,0.029944520136084448,0.02371255879074481
toy_1,Triangle + branches,Constant bias,1.7000000000000002,2,E,0.013721390829400956,0.4582271068978021,0.029944520136084448,0.02371255879074481
toy_1,Triangle + branches,Constant bias,1.8,1,A,0.19170088151883158,0.5288689827739474,0.36247329255981264,0.023184904518301463
toy_1,Triangle + branches,Constant bias,1.8,1,B,0.14767118134333262,0.5288689827739474,0.27922072602705683,0.023184904518301463
toy_1,Triangle + branches,Constant bias,1.8,1,C,0.14767118134333262,0.5288689827739474,0.27922072602705683,0.023184904518301463
toy_1,Triangle + branches,Constant bias,1.8,1,D,0.020912869284225335,0.5288689827739474,0.039542627693036875,0.023184904518301463
toy_1,Triangle + branches,Constant bias,1.8,1,E,0.020912869284225335,0.5288689827739474,0.039542627693036875,0.023184904518301463
toy_1,Triangle + branches,Constant bias,1.8,2,A,0.1560785642610159,0.4382601576146192,0.3561322231765874,0.023184904518301463
toy_1,Triangle + branches,Constant bias,1.8,2,B,0.12745182935212168,0.4382601576146192,0.29081317828620756,0.023184904518301463
toy_1,Triangle + branches,Constant bias,1.8,2,C,0.12745182935212168,0.4382601576146192,0.29081317828620756,0.023184904518301463
toy_1,Triangle + branches,Constant bias,1.8,2,D,0.013638967324679965,0.4382601576146192,0.03112071012549877,0.023184904518301463
toy_1,Triangle + branches,Constant bias,1.8,2,E,0.013638967324679965,0.4382601576146192,0.03112071012549877,0.023184904518301463
toy_1,Triangle + branches,Constant bias,1.9000000000000001,1,A,0.1843705158619854,0.50754609991708,0.36325865944415064,0.02261395271810842
toy_1,Triangle + branches,Constant bias,1.9000000000000001,1,B,0.1410616423197505,0.50754609991708,0.2779287287259154,0.02261395271810842
toy_1,Triangle + branches,Constant bias,1.9000000000000001,1,C,0.1410616423197505,0.50754609991708,0.2779287287259154,0.02261395271810842
toy_1,Triangle + branches,Constant bias,1.9000000000000001,1,D,0.020526149707796832,0.50754609991708,0.04044194155200932,0.02261395271810842
toy_1,Triangle + branches,Constant bias,1.9000000000000001,1,E,0.020526149707796832,0.50754609991708,0.04044194155200932,0.02261395271810842
toy_1,Triangle + branches,Constant bias,1.9000000000000001,2,A,0.14966772612635873,0.4191860300916147,0.3570436879627126,0.02261395271810842
toy_1,Triangle + branches,Constant bias,1.9000000000000001,2,B,0.12124356697531743,0.4191860300916147,0.28923570508496954,0.02261395271810842
toy_1,Triangle + branches,Constant bias,1.9000000000000001,2,C,0.12124356697531743,0.4191860300916147,0.28923570508496954,0.02261395271810842
toy_1,Triangle + branches,Constant bias,1.9000000000000001,2,D,0.013515585007310515,0.4191860300916147,0.03224245093367408,0.02261395271810842
toy_1,Triangle + branches,Constant bias,1.9000000000000001,2,E,0.013515585007310515,0.4191860300916147,0.03224245093367408,0.02261395271810842
toy_1,Triangle + branches,Constant bias,2.0,1,A,0.17724623671450102,0.4869422812602058,0.3639984522514415,0.022009857707645783
toy_1,Triangle + branches,Constant bias,2.0,1,B,0.1347482184599989,0.4869422812602058,0.27672318392904954,0.022009857707645783
toy_1,Triangle + branches,Constant bias,2.0,1,C,0.1347482184599989,0.4869422812602058,0.27672318392904954,0.022009857707645783
toy_1,Triangle + branches,Constant bias,2.0,1,D,0.020099803812853468,0.4869422812602058,0.04127758994522967,0.022009857707645783
toy_1,Triangle + branches,Constant bias,2.0,1,E,0.020099803812853468,0.4869422812602058,0.04127758994522967,0.022009857707645783
toy_1,Triangle + branches,Constant bias,2.0,2,A,0.14351185997347154,0.4009605382109273,0.35792015995842563,0.022009857707645783
toy_1,Triangle + branches,Constant bias,2.0,2,B,0.11536761895983492,0.4009605382109273,0.2877281127828724,0.022009857707645783
toy_1,Triangle + branches,Constant bias,2.0,2,C,0.11536761895983492,0.4009605382109273,0.2877281127828724,0.022009857707645783
toy_1,Triangle + branches,Constant bias,2.0,2,D,0.01335672015889294,0.4009605382109273,0.033311807237914694,0.022009857707645783
toy_1,Triangle + branches,Constant bias,2.0,2,E,0.01335672015889294,0.4009605382109273,0.033311807237914694,0.022009857707645783
toy_1,Triangle + branches,Constant bias,2.1,1,A,0.17033181218817128,0.4670517030789759,0.36469583788107734,0.02138127135477788
toy_1,Triangle + branches,Constant bias,2.1,1,B,0.12871817029821195,0.4670517030789759,0.2755972613945193,0.02138127135477788
toy_1,Triangle + branches,Constant bias,2.1,1,C,0.12871817029821195,0.4670517030789759,0.2755972613945193,0.02138127135477788
toy_1,Triangle + branches,Constant bias,2.1,1,D,0.019641775147190368,0.4670517030789759,0.042054819664942,0.02138127135477788
toy_1,Triangle + branches,Constant bias,2.1,1,E,0.019641775147190368,0.4670517030789759,0.042054819664942,0.02138127135477788
toy_1,Triangle + branches,Constant bias,2.1,2,A,0.13760062184269317,0.3835423265671546,0.3587625466901386,0.02138127135477788
toy_1,Triangle + branches,Constant bias,2.1,2,B,0.10980352611097775,0.3835423265671546,0.2862878970719082,0.02138127135477788
toy_1,Triangle + branches,Constant bias,2.1,2,C,0.10980352611097775,0.3835423265671546,0.2862878970719082,0.02138127135477788
toy_1,Triangle + branches,Constant bias,2.1,2,D,0.013167326251252921,0.3835423265671546,0.03433082958302243,0.02138127135477788
toy_1,Triangle + branches,Constant bias,2.1,2,E,0.013167326251252921,0.3835423265671546,0.03433082958302243,0.02138127135477788
toy_1,Triangle + branches,Constant bias,2.2,1,A,0.16362938484615908,0.4478656854812686,0.36535369900090875,0.02073555276335199
toy_1,Triangle + branches,Constant bias,2.2,1,B,0.12295918900565245,0.4478656854812686,0.27454478651009545,0.02073555276335199
toy_1,Triangle + branches,Constant bias,2.2,1,C,0.12295918900565245,0.4478656854812686,0.27454478651009545,0.02073555276335199
toy_1,Triangle + branches,Constant bias,2.2,1,D,0.019158961311902315,0.4478656854812686,0.04277836398945017,0.02073555276335199
toy_1,Triangle + branches,Constant bias,2.2,1,E,0.019158961311902315,0.4478656854812686,0.04277836398945017,0.02073555276335199
toy_1,Triangle + branches,Constant bias,2.2,2,A,0.13192423133198156,0.3668926097910619,0.3595717869790558,0.02073555276335199
toy_1,Triangle + branches,Constant bias,2.2,2,B,0.10453231376162207,0.3668926097910619,0.2849125628917714,0.02073555276335199
toy_1,Triangle + branches,Constant bias,2.2,2,C,0.10453231376162207,0.3668926097910619,0.2849125628917714,0.02073555276335199
toy_1,Triangle + branches,Constant bias,2.2,2,D,0.01295187546791808,0.3668926097910619,0.03530154361870062,0.02073555276335199
toy_1,Triangle + branches,Constant bias,2.2,2,E,0.01295187546791808,0.3668926097910619,0.03530154361870062,0.02073555276335199
toy_1,Triangle + branches,Constant bias,2.3000000000000003,1,A,0.15713971316623776,0.4293731981824045,0.3659746668665666,0.02007894768461834
toy_1,Triangle + branches,Constant bias,2.3000000000000003,1,B,0.11745940253903561,0.4293731981824045,0.2735601640630047,0.02007894768461834
toy_1,Triangle + branches,Constant bias,2.3000000000000003,1,C,0.11745940253903561,0.4293731981824045,0.2735601640630047,0.02007894768461834
toy_1,Triangle + branches,Constant bias,2.3000000000000003,1,D,0.018657339969047722,0.4293731981824045,0.04345250250371191,0.02007894768461834
toy_1,Triangle + branches,Constant bias,2.3000000000000003,1,E,0.018657339969047722,0.4293731981824045,0.04345250250371191,0.02007894768461834
toy_1,Triangle + branches,Constant bias,2.3000000000000003,2,A,0.12647341406436055,0.35097494277010244,0.36034884161859915,0.02007894768461834
toy_1,Triangle + branches,Constant bias,2.3000000000000003,2,B,0.09953636668343933,0.35097494277010244,0.28359963790531395,0.02007894768461834
toy_1,Triangle + branches,Constant bias,2.3000000000000003,2,C,0.09953636668343933,0.35097494277010244,0.28359963790531395,0.02007894768461834
toy_1,Triangle + branches,Constant bias,2.3000000000000003,2,D,0.01271439766943163,0.35097494277010244,0.03622594128538654,0.02007894768461834
toy_1,Triangle + branches,Constant bias,2.3000000000000003,2,E,0.01271439766943163,0.35097494277010244,0.03622594128538654,0.02007894768461834
toy_1,Triangle + branches,Constant bias,2.4000000000000004,1,A,0.15086238223434595,0.4115612972373742,0.3665611495711993,0.019416742341860964
toy_1,Triangle + branches,Constant bias,2.4000000000000004,1,B,0.11220737755756154,0.4115612972373742,0.2726383124719432,0.019416742341860964
toy_1,Triangle + branches,Constant bias,2.4000000000000004,1,C,0.11220737755756154,0.4115612972373742,0.2726383124719432,0.019416742341860964
toy_1,Triangle + branches,Constant bias,2.4000000000000004,1,D,0.018142079943952588,0.4115612972373742,0.044081112742457094,0.019416742341860964
toy_1,Triangle + branches,Constant bias,2.4000000000000004,1,E,0.018142079943952588,0.4115612972373742,0.044081112742457094,0.019416742341860964
toy_1,Triangle + branches,Constant bias,2.4000000000000004,2,A,0.12123935248141801,0.33575501774370026,0.36109468533383615,0.019416742341860964
toy_1,Triangle + branches,Constant bias,2.4000000000000004,2,B,0.09479931577638799,0.33575501774370026,0.28234668364287374,0.019416742341860964
toy_1,Triangle + branches,Constant bias,2.4000000000000004,2,C,0.09479931577638799,0.33575501774370026,0.28234668364287374,0.019416742341860964
toy_1,Triangle + branches,Constant bias,2.4000000000000004,2,D,0.012458516854753143,0.33575501774370026,0.03710597369020824,0.019416742341860964
toy_1,Triangle + branches,Constant bias,2.4000000000000004,2,E,0.012458516854753143,0.33575501774370026,0.03710597369020824,0.019416742341860964
toy_1,Triangle + branches,Constant bias,2.5,1,A,0.14479598744437114,0.39441550155799054,0.36711535645127763,0.018753395563388855
toy_1,Triangle + branches,Constant bias,2.5,1,B,0.10719211786606721,0.39441550155799054,0.2717746068363057,0.018753395563388855
toy_1,Triangle + branches,Constant bias,2.5,1,C,0.10719211786606721,0.39441550155799054,0.2717746068363057,0.018753395563388855
toy_1,Triangle + branches,Constant bias,2.5,1,D,0.017617639190742482,0.39441550155799054,0.044667714938055436,0.018753395563388855
toy_1,Triangle + branches,Constant bias,2.5,1,E,0.017617639190742482,0.39441550155799054,0.044667714938055436,0.018753395563388855
toy_1,Triangle + branches,Constant bias,2.5,2,A,0.11621364372059699,0.32120048478411545,0.36181029987768,0.018753395563388855
toy_1,Triangle + branches,Constant bias,2.5,2,B,0.09030593534098817,0.32120048478411545,0.2811513046180002,0.018753395563388855
toy_1,Triangle + branches,Constant bias,2.5,2,C,0.09030593534098817,0.32120048478411545,0.2811513046180002,0.018753395563388855
toy_1,Triangle + branches,Constant bias,2.5,2,D,0.012187485190771069,0.32120048478411545,0.03794354544315988,0.018753395563388855
toy_1,Triangle + branches,Constant bias,2.5,2,E,0.012187485190771069,0.32120048478411545,0.03794354544315988,0.018753395563388855
toy_1,Triangle + branches,Constant bias,2.6,1,A,0.1389382945195366,0.3779201169352697,0.3676393192462258,0.01809265247434399
toy_1,Triangle + branches,Constant bias,2.6,1,B,0.10240306002994415,0.3779201169352697,0.27096482944696954,0.01809265247434399
toy_1,Triangle + branches,Constant bias,2.6,1,C,0.10240306002994415,0.3779201169352697,0.27096482944696954,0.01809265247434399
toy_1,Triangle + branches,Constant bias,2.6,1,D,0.017087851177922414,0.3779201169352697,0.04521551092991757,0.01809265247434399
toy_1,Triangle + branches,Constant bias,2.6,1,E,0.017087851177922414,0.3779201169352697,0.04521551092991757,0.01809265247434399
toy_1,Triangle + branches,Constant bias,2.6,2,A,0.11138826351167895,0.3072807926363371,0.36249666813215214,0.01809265247434399
toy_1,Triangle + branches,Constant bias,2.6,2,B,0.08604204986563979,0.3072807926363371,0.2800111556841415,0.01809265247434399
toy_1,Triangle + branches,Constant bias,2.6,2,C,0.08604204986563979,0.3072807926363371,0.2800111556841415,0.01809265247434399
toy_1,Triangle + branches,Constant bias,2.6,2,D,0.01190421469668926,0.3072807926363371,0.03874051024978234,0.01809265247434399
toy_1,Triangle + branches,Constant bias,2.6,2,E,0.01190421469668926,0.3072807926363371,0.03874051024978234,0.01809265247434399
toy_1,Triangle + branches,Constant bias,2.7,1,A,0.13328637876658395,0.3620585143180616,0.36813491050646685,0.01743764247031509
toy_1,Triangle + branches,Constant bias,2.7,1,B,0.0978300667110775,0.3620585143180616,0.2702051266363415,0.01743764247031509
toy_1,Triangle + branches,Constant bias,2.7,1,C,0.0978300667110775,0.3620585143180616,0.2702051266363415,0.01743764247031509
toy_1,Triangle + branches,Constant bias,2.7,1,D,0.016556001064661333,0.3620585143180616,0.0457274181104251,0.01743764247031509
toy_1,Triangle + branches,Constant bias,2.7,1,E,0.016556001064661333,0.3620585143180616,0.0457274181104251,0.01743764247031509
toy_1,Triangle + branches,Constant bias,2.7,2,A,0.10675553518112361,0.2939670472920243,0.36315476909584904,0.01743764247031509
toy_1,Triangle + branches,Constant bias,2.7,2,B,0.08199444937481908,0.2939670472920243,0.27892394787149905,0.01743764247031509
toy_1,Triangle + branches,Constant bias,2.7,2,C,0.08199444937481908,0.2939670472920243,0.27892394787149905,0.01743764247031509
toy_1,Triangle + branches,Constant bias,2.7,2,D,0.011611306680631267,0.2939670472920243,0.03949866758057646,0.01743764247031509
toy_1,Triangle + branches,Constant bias,2.7,2,E,0.011611306680631267,0.2939670472920243,0.03949866758057646,0.01743764247031509
toy_1,Triangle + branches,Constant bias,2.8000000000000003,1,A,0.12783674611916246,0.3468133682506709,0.3686038596608081,0.016790963761963103
toy_1,Triangle + branches,Constant bias,2.8000000000000003,1,B,0.09346341819099943,0.3468133682506709,0.2694919710345353,0.016790963761963103
toy_1,Triangle + branches,Constant bias,2.8000000000000003,1,C,0.09346341819099943,0.3468133682506709,0.2694919710345353,0.016790963761963103
toy_1,Triangle + branches,Constant bias,2.8000000000000003,1,D,0.016024892874754757,0.3468133682506709,0.04620609913506054,0.016790963761963103
toy_1,Triangle + branches,Constant bias,2.8000000000000003,1,E,0.016024892874754757,0.3468133682506709,0.04620609913506054,0.016790963761963103
toy_1,Triangle + branches,Constant bias,2.8000000000000003,2,A,0.10230810298504354,0.2812318860209958,0.3637855736507971,0.016790963761963103
toy_1,Triangle + branches,Constant bias,2.8000000000000003,2,B,0.0781508124850015,0.2812318860209958,0.2778874529155169,0.016790963761963103
toy_1,Triangle + branches,Constant bias,2.8000000000000003,2,C,0.0781508124850015,0.2812318860209958,0.2778874529155169,0.016790963761963103
toy_1,Triangle + branches,Constant bias,2.8000000000000003,2,D,0.01131107903297464,0.2812318860209958,0.04021976025908454,0.016790963761963103
toy_1,Triangle + branches,Constant bias,2.8000000000000003,2,E,0.01131107903297464,0.2812318860209958,0.04021976025908454,0.016790963761963103
toy_1,Triangle + branches,Constant bias,2.9000000000000004,1,A,0.12258543821541476,0.3321668606299024,0.36904776708594794,0.016154756421485998
toy_1,Triangle + branches,Constant bias,2.9000000000000004,1,B,0.08929380247594344,0.3321668606299024,0.26882212845258474,0.016154756421485998
toy_1,Triangle + branches,Constant bias,2.9000000000000004,1,C,0.08929380247594344,0.3321668606299024,0.26882212845258474,0.016154756421485998
toy_1,Triangle + branches,Constant bias,2.9000000000000004,1,D,0.015496908731300413,0.3321668606299024,0.046653988004441364,0.016154756421485998
toy_1,Triangle + branches,Constant bias,2.9000000000000004,1,E,0.015496908731300413,0.3321668606299024,0.046653988004441364,0.016154756421485998
toy_1,Triangle + branches,Constant bias,2.9000000000000004,2,A,0.09803890910540017,0.26904936488613723,0.3643900410130707,0.016154756421485998
toy_1,Triangle + branches,Constant bias,2.9000000000000004,2,B,0.07449963640505304,0.26904936488613723,0.2768995066633277,0.016154756421485998
toy_1,Triangle + branches,Constant bias,2.9000000000000004,2,C,0.07449963640505304,0.26904936488613723,0.2768995066633277,0.016154756421485998
toy_1,Triangle + branches,Constant bias,2.9000000000000004,2,D,0.011005591485315484,0.26904936488613723,0.04090547283013693,0.016154756421485998
toy_1,Triangle + branches,Constant bias,2.9000000000000004,2,E,0.011005591485315484,0.26904936488613723,0.04090547283013693,0.016154756421485998
toy_1,Triangle + branches,Constant bias,3.0,1,A,0.11752812348133591,0.3181008542923506,0.3694681164651061,0.015530765564355488
toy_1,Triangle + branches,Constant bias,3.0,1,B,0.08531230431698489,0.3181008542923506,0.26819262873962174,0.015530765564355488
toy_1,Triangle + branches,Constant bias,3.0,1,C,0.08531230431698489,0.3181008542923506,0.26819262873962174,0.015530765564355488
toy_1,Triangle + branches,Constant bias,3.0,1,D,0.01497406108852247,0.3181008542923506,0.04707331302782532,0.015530765564355488
toy_1,Triangle + branches,Constant bias,3.0,1,E,0.01497406108852247,0.3181008542923506,0.04707331302782532,0.015530765564355488
toy_1,Triangle + branches,Constant bias,3.0,2,A,0.09394117374195127,0.2573948580298652,0.36496911578183655,0.015530765564355488
toy_1,Triangle + branches,Constant bias,3.0,2,B,0.07103017319785747,0.2573948580298652,0.2759580115217994,0.015530765564355488
toy_1,Triangle + branches,Constant bias,3.0,2,C,0.07103017319785747,0.2573948580298652,0.2759580115217994,0.015530765564355488
toy_1,Triangle + branches,Constant bias,3.0,2,D,0.01069666894609949,0.2573948580298652,0.041557430587282236,0.015530765564355488
toy_1,Triangle + branches,Constant bias,3.0,2,E,0.01069666894609949,0.2573948580298652,0.041557430587282236,0.015530765564355488
toy_1,Triangle + branches,Constant bias,3.1,1,A,0.11266017595142881,0.30459704037428303,0.3698662856769525,0.014920396052012883
toy_1,Triangle + branches,Constant bias,3.1,1,B,0.08151039342561459,0.30459704037428303,0.2676007400645002,0.014920396052012883
toy_1,Triangle + branches,Constant bias,3.1,1,C,0.08151039342561459,0.30459704037428303,0.2676007400645002,0.014920396052012883
toy_1,Triangle + branches,Constant bias,3.1,1,D,0.014458038785812546,0.30459704037428303,0.04746611709702361,0.014920396052012883
toy_1,Triangle + branches,Constant bias,3.1,1,E,0.014458038785812546,0.30459704037428303,0.04746611709702361,0.014920396052012883
toy_1,Triangle + branches,Constant bias,3.1,2,A,0.09000837781670595,0.24624496724774741,0.36552372551089907,0.014920396052012883
toy_1,Triangle + branches,Constant bias,3.1,2,B,0.06773237169123147,0.24624496724774741,0.2750609380905066,0.014920396052012883
toy_1,Triangle + branches,Constant bias,3.1,2,C,0.06773237169123147,0.24624496724774741,0.2750609380905066,0.014920396052012883
toy_1,Triangle + branches,Constant bias,3.1,2,D,0.010385923024289244,0.24624496724774741,0.04217719915404384,0.014920396052012883
toy_1,Triangle + branches,Constant bias,3.1,2,E,0.010385923024289244,0.24624496724774741,0.04217719915404384,0.014920396052012883
toy_1,Triangle + branches,Constant bias,3.2,1,A,0.10797674334739116,0.2916370628890446,0.3702435564181761,0.01432475989404744
toy_1,Triangle + branches,Constant bias,3.2,1,B,0.07787991211975506,0.2916370628890446,0.26704394615777977,0.01432475989404744
toy_1,Triangle + branches,Constant bias,3.2,1,C,0.07787991211975506,0.2916370628890446,0.26704394615777977,0.01432475989404744
toy_1,Triangle + branches,Constant bias,3.2,1,D,0.013950247651071666,0.2916370628890446,0.04783427563313219,0.01432475989404744
toy_1,Triangle + branches,Constant bias,3.2,1,E,0.013950247651071666,0.2916370628890446,0.04783427563313219,0.01432475989404744
toy_1,Triangle + branches,Constant bias,3.2,2,A,0.0862342478799995,0.2355774405620893,0.3660547787353663,0.01432475989404744
toy_1,Triangle + branches,Constant bias,3.2,2,B,0.06459682448970322,0.2355774405620893,0.2742063261048035,0.01432475989404744
toy_1,Triangle + branches,Constant bias,3.2,2,C,0.06459682448970322,0.2355774405620893,0.2742063261048035,0.01432475989404744
toy_1,Triangle + branches,Constant bias,3.2,2,D,0.010074771851341681,0.2355774405620893,0.042766284527513375,0.01432475989404744
toy_1,Triangle + branches,Constant bias,3.2,2,E,0.010074771851341681,0.2355774405620893,0.042766284527513375,0.01432475989404744
toy_1,Triangle + branches,Constant bias,3.3000000000000003,1,A,0.10347280575045337,0.2792026235316132,0.37060112273170487,0.013744717354568024
toy_1,Triangle + branches,Constant bias,3.3000000000000003,1,B,0.07441306259636961,0.2792026235316132,0.2665199261207661,0.013744717354568024
toy_1,Triangle + branches,Constant bias,3.3000000000000003,1,C,0.07441306259636961,0.2792026235316132,0.2665199261207661,0.013744717354568024
toy_1,Triangle + branches,Constant bias,3.3000000000000003,1,D,0.01345184629421029,0.2792026235316132,0.048179512513381456,0.013744717354568024
toy_1,Triangle + branches,Constant bias,3.3000000000000003,1,E,0.01345184629421029,0.2792026235316132,0.048179512513381456,0.013744717354568024
toy_1,Triangle + branches,Constant bias,3.3000000000000003,2,A,0.08261274286939804,0.2253710986792487,0.3665631633937839,0.013744717354568024
toy_1,Triangle + branches,Constant bias,3.3000000000000003,2,B,0.061614719595366615,0.2253710986792487,0.2733922847980501,0.013744717354568024
toy_1,Triangle + branches,Constant bias,3.3000000000000003,2,C,0.061614719595366615,0.2253710986792487,0.2733922847980501,0.013744717354568024
toy_1,Triangle + branches,Constant bias,3.3000000000000003,2,D,0.009764458309558716,0.2253710986792487,0.043326133505057936,0.013744717354568024
toy_1,Triangle + branches,Constant bias,3.3000000000000003,2,E,0.009764458309558716,0.2253710986792487,0.043326133505057936,0.013744717354568024
toy_1,Triangle + branches,Constant bias,3.4000000000000004,1,A,0.09914322604041029,0.2672755693390804,0.3709400985865332,0.013180912621194099
toy_1,Triangle + branches,Constant bias,3.4000000000000004,1,B,0.07110239399356316,0.2672755693390804,0.2660265364671575,0.013180912621194099
toy_1,Triangle + branches,Constant bias,3.4000000000000004,1,C,0.07110239399356316,0.2672755693390804,0.2660265364671575,0.013180912621194099
toy_1,Triangle + branches,Constant bias,3.4000000000000004,1,D,0.0129637776557719,0.2672755693390804,0.04850341423957587,0.013180912621194099
toy_1,Triangle + branches,Constant bias,3.4000000000000004,1,E,0.0129637776557719,0.2672755693390804,0.04850341423957587,0.013180912621194099
toy_1,Triangle + branches,Constant bias,3.4000000000000004,2,A,0.079138042425882,0.21560576836259754,0.36704974559303377,0.013180912621194099
toy_1,Triangle + branches,Constant bias,3.4000000000000004,2,B,0.05877779619654848,0.21560576836259754,0.2726169927777546,0.013180912621194099
toy_1,Triangle + branches,Constant bias,3.4000000000000004,2,C,0.05877779619654848,0.21560576836259754,0.2726169927777546,0.013180912621194099
toy_1,Triangle + branches,Constant bias,3.4000000000000004,2,D,0.009456066771809296,0.21560576836259754,0.04385813442572856,0.013180912621194099
toy_1,Triangle + branches,Constant bias,3.4000000000000004,2,E,0.009456066771809296,0.21560576836259754,0.04385813442572856,0.013180912621194099
toy_1,Triangle + branches,Constant bias,3.5,1,A,0.09498279313158606,0.2558379655025778,0.37126152463336803,0.012633804771603606
toy_1,Triangle + branches,Constant bias,3.5,1,B,0.06794078937666045,0.2558379655025778,0.2655617951119764,0.012633804771603606
toy_1,Triangle + branches,Constant bias,3.5,1,C,0.06794078937666045,0.2558379655025778,0.2655617951119764,0.012633804771603606
toy_1,Triangle + branches,Constant bias,3.5,1,D,0.012486796808835436,0.2558379655025778,0.04880744257133963,0.012633804771603606
toy_1,Triangle + branches,Constant bias,3.5,1,E,0.012486796808835436,0.2558379655025778,0.04880744257133963,0.012633804771603606
toy_1,Triangle + branches,Constant bias,3.5,2,A,0.07580453651734315,0.20626222188141252,0.3675153686695272,0.012633804771603606
toy_1,Triangle + branches,Constant bias,3.5,2,B,0.05607830422811617,0.20626222188141252,0.2718786974977782,0.012633804771603606
toy_1,Triangle + branches,Constant bias,3.5,2,C,0.05607830422811617,0.20626222188141252,0.2718786974977782,0.012633804771603606
toy_1,Triangle + branches,Constant bias,3.5,2,D,0.009150538453918531,0.20626222188141252,0.04436361816745822,0.012633804771603606
toy_1,Triangle + branches,Constant bias,3.5,2,E,0.009150538453918531,0.20626222188141252,0.04436361816745822,0.012633804771603606
toy_1,Triangle + branches,Constant bias,3.6,1,A,0.0909862589105292,0.24487215533460394,0.3715663742421086,0.012103694668068855
toy_1,Triangle + branches,Constant bias,3.6,1,B,0.06492145275850983,0.24487215533460394,0.2651238670636044,0.012103694668068855
toy_1,Triangle + branches,Constant bias,3.6,1,C,0.06492145275850983,0.24487215533460394,0.2651238670636044,0.012103694668068855
toy_1,Triangle + branches,Constant bias,3.6,1,D,0.012021495453527556,0.24487215533460394,0.04909294581534133,0.012103694668068855
toy_1,Triangle + branches,Constant bias,3.6,1,E,0.012021495453527556,0.24487215533460394,0.04909294581534133,0.012103694668068855
toy_1,Triangle + branches,Constant bias,3.6,2,A,0.07260681615842236,0.19732212180717984,0.36796085250579574,0.012103694668068855
toy_1,Triangle + branches,Constant bias,3.6,2,B,0.0535089673475199,0.19732212180717984,0.2711757143976388,0.012103694668068855
toy_1,Triangle + branches,Constant bias,3.6,2,C,0.0535089673475199,0.19732212180717984,0.2711757143976388,0.012103694668068855
toy_1,Triangle + branches,Constant bias,3.6,2,D,0.008848685476858839,0.19732212180717984,0.044843859349463305,0.012103694668068855
toy_1,Triangle + branches,Constant bias,3.6,2,E,0.008848685476858839,0.19732212180717984,0.044843859349463305,0.012103694668068855
toy_1,Triangle + branches,Constant bias,3.7,1,A,0.08714836967002809,0.23436080914062485,0.3718555589118826,0.011590748321725727
toy_1,Triangle + branches,Constant bias,3.7,1,B,0.06203789624362761,0.23436080914062485,0.2647110516093271,0.011590748321725727
toy_1,Triangle + branches,Constant bias,3.7,1,C,0.06203789624362761,0.23436080914062485,0.2647110516093271,0.011590748321725727
toy_1,Triangle + branches,Constant bias,3.7,1,D,0.011568323491670767,0.23436080914062485,0.049361168934731574,0.011590748321725727
toy_1,Triangle + branches,Constant bias,3.7,1,E,0.011568323491670767,0.23436080914062485,0.049361168934731574,0.011590748321725727
toy_1,Triangle + branches,Constant bias,3.7,2,A,0.06953966504901404,0.18876797052509847,0.36838699306653877,0.011590748321725727
toy_1,Triangle + branches,Constant bias,3.7,2,B,0.051062949006636965,0.18876797052509847,0.27050642577019,0.011590748321725727
toy_1,Triangle + branches,Constant bias,3.7,2,C,0.051062949006636965,0.18876797052509847,0.27050642577019,0.011590748321725727
toy_1,Triangle + branches,Constant bias,3.7,2,D,0.008551203731405258,0.18876797052509847,0.04530007769654066,0.011590748321725727
toy_1,Triangle + branches,Constant bias,3.7,2,E,0.008551203731405258,0.18876797052509847,0.04530007769654066,0.011590748321725727
toy_1,Triangle + branches,Constant bias,3.8000000000000003,1,A,0.08346389273721161,0.22428696352067257,0.3721299331314846,0.011095017192901985
toy_1,Triangle + branches,Constant bias,3.8000000000000003,1,B,0.05928392736826747,0.22428696352067257,0.26432177081394775,0.011095017192901985
toy_1,Triangle + branches,Constant bias,3.8000000000000003,1,C,0.05928392736826747,0.22428696352067257,0.26432177081394775,0.011095017192901985
toy_1,Triangle + branches,Constant bias,3.8000000000000003,1,D,0.011127608023463005,0.22428696352067257,0.04961326262030995,0.011095017192901985
toy_1,Triangle + branches,Constant bias,3.8000000000000003,1,E,0.011127608023463005,0.22428696352067257,0.04961326262030995,0.011095017192901985
toy_1,Triangle + branches,Constant bias,3.8000000000000003,2,A,0.06659805198216825,0.18058306391195686,0.36879456212260353,0.011095017192901985
toy_1,Triangle + branches,Constant bias,3.8000000000000003,2,B,0.04873382133164178,0.18058306391195686,0.26986927941039873,0.011095017192901985
toy_1,Triangle + branches,Constant bias,3.8000000000000003,2,C,0.04873382133164178,0.18058306391195686,0.26986927941039873,0.011095017192901985
toy_1,Triangle + branches,Constant bias,3.8000000000000003,2,D,0.00825868463325252,0.18058306391195686,0.04573343952829949,0.011095017192901985
toy_1,Triangle + branches,Constant bias,3.8000000000000003,2,E,0.00825868463325252,0.18058306391195686,0.04573343952829949,0.011095017192901985
toy_1,Triangle + branches,Constant bias,3.9000000000000004,1,A,0.07992763890841939,0.21463405243146932,0.3723902987571814,0.010616455829545762
toy_1,Triangle + branches,Constant bias,3.9000000000000004,1,B,0.056653636693641526,0.21463405243146932,0.26395455917569516,0.010616455829545762
toy_1,Triangle + branches,Constant bias,3.9000000000000004,1,C,0.056653636693641526,0.21463405243146932,0.26395455917569516,0.010616455829545762
toy_1,Triangle + branches,Constant bias,3.9000000000000004,1,D,0.010699570067883444,0.21463405243146932,0.04985029144571418,0.010616455829545762
toy_1,Triangle + branches,Constant bias,3.9000000000000004,1,E,0.010699570067883444,0.21463405243146932,0.04985029144571418,0.010616455829545762
toy_1,Triangle + branches,Constant bias,3.9000000000000004,2,A,0.06377712389630817,0.1727514487037447,0.36918430713528183,0.010616455829545762
toy_1,Triangle + branches,Constant bias,3.9000000000000004,2,B,0.046515536551886325,0.1727514487037447,0.2692627870904681,0.010616455829545762
toy_1,Triangle + branches,Constant bias,3.9000000000000004,2,C,0.046515536551886325,0.1727514487037447,0.2692627870904681,0.010616455829545762
toy_1,Triangle + branches,Constant bias,3.9000000000000004,2,D,0.007971625851831959,0.1727514487037447,0.046145059341891115,0.010616455829545762
toy_1,Triangle + branches,Constant bias,3.9000000000000004,2,E,0.007971625851831959,0.1727514487037447,0.046145059341891115,0.010616455829545762
toy_1,Triangle + branches,Constant bias,4.0,1,A,0.07653448122876087,0.20538593116887102,0.3726374089656278,0.010154937190883971
toy_1,Triangle + branches,Constant bias,4.0,1,B,0.05414138569696008,0.20538593116887102,0.26360805430457807,0.010154937190883971
toy_1,Triangle + branches,Constant bias,4.0,1,C,0.05414138569696008,0.20538593116887102,0.26360805430457807,0.010154937190883971
toy_1,Triangle + branches,Constant bias,4.0,1,D,0.01028433927309499,0.20538593116887102,0.05007324121260803,0.010154937190883971
toy_1,Triangle + branches,Constant bias,4.0,1,E,0.01028433927309499,0.20538593116887102,0.05007324121260803,0.010154937190883971
toy_1,Triangle + branches,Constant bias,4.0,2,A,0.06107219946724346,0.1652578831388437,0.36955695127676785,0.010154937190883971
toy_1,Triangle + branches,Constant bias,4.0,2,B,0.04440240074451063,0.1652578831388437,0.26868552290002007,0.010154937190883971
toy_1,Triangle + branches,Constant bias,4.0,2,C,0.04440240074451063,0.1652578831388437,0.26868552290002007,0.010154937190883971
toy_1,Triangle + branches,Constant bias,4.0,2,D,0.007690441091289498,0.1652578831388437,0.04653600146159604,0.010154937190883971
toy_1,Triangle + branches,Constant bias,4.0,2,E,0.007690441091289498,0.1652578831388437,0.04653600146159604,0.010154937190883971
toy_1,Triangle + branches,Constant bias,4.1000000000000005,1,A,0.07327937058857883,0.19652689428110964,0.3728719718318091,0.00971026595646405
toy_1,Triangle + branches,Constant bias,4.1000000000000005,1,B,0.05174179499437244,0.19652689428110964,0.2632809885061411,0.00971026595646405
toy_1,Triangle + branches,Constant bias,4.1000000000000005,1,C,0.05174179499437244,0.19652689428110964,0.2632809885061411,0.00971026595646405
toy_1,Triangle + branches,Constant bias,4.1000000000000005,1,D,0.009881966851892958,0.19652689428110964,0.050283025577954304,0.00971026595646405
toy_1,Triangle + branches,Constant bias,4.1000000000000005,1,E,0.009881966851892958,0.19652689428110964,0.050283025577954304,0.00971026595646405
toy_1,Triangle + branches,Constant bias,4.1000000000000005,2,A,0.0584787631529097,0.15808780051670698,0.3699131935656829,0.00971026595646405
toy_1,Triangle + branches,Constant bias,4.1000000000000005,2,B,0.04238904968454509,0.15808780051670698,0.26813612148437316,0.00971026595646405
toy_1,Triangle + branches,Constant bias,4.1000000000000005,2,C,0.04238904968454509,0.15808780051670698,0.26813612148437316,0.00971026595646405
toy_1,Triangle + branches,Constant bias,4.1000000000000005,2,D,0.0074154689973535476,0.15808780051670698,0.046907281732785376,0.00971026595646405
toy_1,Triangle + branches,Constant bias,4.1000000000000005,2,E,0.0074154689973535476,0.15808780051670698,0.046907281732785376,0.00971026595646405
toy_1,Triangle + branches,Constant bias,4.2,1,A,0.07015734855128496,0.1880416882927396,0.37309465357525073,0.009282190080442933
toy_1,Triangle + branches,Constant bias,4.2,1,B,0.04944973292100084,0.1880416882927396,0.26297218116877613,0.009282190080442933
toy_1,Triangle + branches,Constant bias,4.2,1,C,0.04944973292100084,0.1880416882927396,0.26297218116877613,0.009282190080442933
toy_1,Triangle + branches,Constant bias,4.2,1,D,0.009492436949726483,0.1880416882927396,0.05048049204359857,0.009282190080442933
toy_1,Triangle + branches,Constant bias,4.2,1,E,0.009492436949726483,0.1880416882927396,0.05048049204359857,0.009282190080442933
toy_1,Triangle + branches,Constant bias,4.2,2,A,0.0559924596185442,0.15122727535872543,0.3702537090992665,0.009282190080442933
toy_1,Triangle + branches,Constant bias,4.2,2,B,0.04047042661090872,0.15122727535872543,0.2676132762089976,0.009282190080442933
toy_1,Triangle + branches,Constant bias,4.2,2,C,0.04047042661090872,0.15122727535872543,0.2676132762089976,0.009282190080442933
toy_1,Triangle + branches,Constant bias,4.2,2,D,0.007146981259181902,0.15122727535872543,0.04725986924136922,0.009282190080442933
toy_1,Triangle + branches,Constant bias,4.2,2,E,0.007146981259181902,0.15122727535872543,0.04725986924136922,0.009282190080442933
toy_1,Triangle + branches,Constant bias,4.3,1,A,0.06716355777627768,0.17991552000502276,0.37330608151204886,0.008870410816403863
toy_1,Triangle + branches,Constant bias,4.3,1,B,0.04726030448582101,0.17991552000502276,0.2626805318657425,0.008870410816403863
toy_1,Triangle + branches,Constant bias,4.3,1,C,0.04726030448582101,0.17991552000502276,0.2626805318657425,0.008870410816403863
toy_1,Triangle + branches,Constant bias,4.3,1,D,0.009115676628551532,0.17991552000502276,0.05066642737823311,0.008870410816403863
toy_1,Triangle + branches,Constant bias,4.3,1,E,0.009115676628551532,0.17991552000502276,0.05066642737823311,0.008870410816403863
toy_1,Triangle + branches,Constant bias,4.3,2,A,0.05360908848249643,0.1446629918984433,0.3705791493662126,0.008870410816403863
toy_1,Triangle + branches,Constant bias,4.3,2,B,0.03864176173720733,0.1446629918984433,0.2671157372739444,0.008870410816403863
toy_1,Triangle + branches,Constant bias,4.3,2,C,0.03864176173720733,0.1446629918984433,0.2671157372739444,0.008870410816403863
toy_1,Triangle + branches,Constant bias,4.3,2,D,0.006885189970766109,0.1446629918984433,0.047594688042949286,0.008870410816403863
toy_1,Triangle + branches,Constant bias,4.3,2,E,0.006885189970766109,0.1446629918984433,0.047594688042949286,0.008870410816403863
toy_1,Triangle + branches,Constant bias,4.4,1,A,0.06429325035603933,0.17213406103868548,0.3735068467453983,0.008474591408227504
toy_1,Triangle + branches,Constant bias,4.4,1,B,0.04516884071294976,0.17213406103868548,0.26240501409420935,0.008474591408227504
toy_1,Triangle + branches,Constant bias,4.4,1,C,0.04516884071294976,0.17213406103868548,0.26240501409420935,0.008474591408227504
toy_1,Triangle + branches,Constant bias,4.4,1,D,0.008751564628373308,0.17213406103868548,0.050841562533091446,0.008474591408227504
toy_1,Triangle + branches,Constant bias,4.4,1,E,0.008751564628373308,0.17213406103868548,0.050841562533091446,0.008474591408227504
toy_1,Triangle + branches,Constant bias,4.4,2,A,0.05132459933340362,0.1383822146633012,0.37089014262621744,0.008474591408227504
toy_1,Triangle + branches,Constant bias,4.4,2,B,0.036898553352830016,0.1383822146633012,0.26664230979832315,0.008474591408227504
toy_1,Triangle + branches,Constant bias,4.4,2,C,0.036898553352830016,0.1383822146633012,0.26664230979832315,0.008474591408227504
toy_1,Triangle + branches,Constant bias,4.4,2,D,0.00663025431211878,0.1383822146633012,0.04791261888856817,0.008474591408227504
toy_1,Triangle + branches,Constant bias,4.4,2,E,0.00663025431211878,0.1383822146633012,0.04791261888856817,0.008474591408227504
toy_1,Triangle + branches,Constant bias,4.5,1,A,0.06154179434728922,0.16468344919773656,0.3736975066231189,0.008094364616912236
toy_1,Triangle + branches,Constant bias,4.5,1,B,0.043170888375766624,0.16468344919773656,0.2621446695832259,0.008094364616912236
toy_1,Triangle + branches,Constant bias,4.5,1,C,0.043170888375766624,0.16468344919773656,0.2621446695832259,0.008094364616912236
toy_1,Triangle + branches,Constant bias,4.5,1,D,0.008399939049457057,0.16468344919773656,0.051006577105214695,0.008094364616912236
toy_1,Triangle + branches,Constant bias,4.5,1,E,0.008399939049457057,0.16468344919773656,0.051006577105214695,0.008094364616912236
toy_1,Triangle + branches,Constant bias,4.5,2,A,0.0491350869783163,0.13237276094036077,0.37118729434414094,0.008094364616912236
toy_1,Triangle + branches,Constant bias,4.5,2,B,0.03523655037472954,0.13237276094036077,0.266191851891682,0.008094364616912236
toy_1,Triangle + branches,Constant bias,4.5,2,C,0.03523655037472954,0.13237276094036077,0.266191851891682,0.008094364616912236
toy_1,Triangle + branches,Constant bias,4.5,2,D,0.006382286606292693,0.13237276094036077,0.04821450093624752,0.008094364616912236
toy_1,Triangle + branches,Constant bias,4.5,2,E,0.006382286606292693,0.13237276094036077,0.04821450093624752,0.008094364616912236
toy_1,Triangle + branches,Constant bias,4.6000000000000005,1,A,0.05890467874159295,0.1575502871567958,0.3738785869870891,0.0077293392311277645
toy_1,Triangle + branches,Constant bias,4.6000000000000005,1,B,0.041262200126070805,0.1575502871567958,0.2618986031108036,0.0077293392311277645
toy_1,Triangle + branches,Constant bias,4.6000000000000005,1,C,0.041262200126070805,0.1575502871567958,0.2618986031108036,0.0077293392311277645
toy_1,Triangle + branches,Constant bias,4.6000000000000005,1,D,0.008060604081530608,0.1575502871567958,0.05116210339565173,0.0077293392311277645
toy_1,Triangle + branches,Constant bias,4.6000000000000005,1,E,0.008060604081530608,0.1575502871567958,0.05116210339565173,0.0077293392311277645
toy_1,Triangle + branches,Constant bias,4.6000000000000005,2,A,0.04703678688878374,0.1266229749446533,0.3714711876682999,0.0077293392311277645
toy_1,Triangle + branches,Constant bias,4.6000000000000005,2,B,0.03365173622363989,0.1266229749446533,0.2657632727263675,0.0077293392311277645
toy_1,Triangle + branches,Constant bias,4.6000000000000005,2,C,0.03365173622363989,0.1266229749446533,0.2657632727263675,0.0077293392311277645
toy_1,Triangle + branches,Constant bias,4.6000000000000005,2,D,0.006141357804294876,0.1266229749446533,0.04850113343948248,0.0077293392311277645
toy_1,Triangle + branches,Constant bias,4.6000000000000005,2,E,0.006141357804294876,0.1266229749446533,0.04850113343948248,0.0077293392311277645
toy_1,Triangle + branches,Constant bias,4.7,1,A,0.05637751709052245,0.15072163890777707,0.3740505842364048,0.007379105690182519
toy_1,Triangle + branches,Constant bias,4.7,1,B,0.03943872501702343,0.15072163890777707,0.2616659777774513,0.007379105690182519
toy_1,Triangle + branches,Constant bias,4.7,1,C,0.03943872501702343,0.15072163890777707,0.2616659777774513,0.007379105690182519
toy_1,Triangle + branches,Constant bias,4.7,1,D,0.0077333358916038715,0.15072163890777707,0.051308730104346285,0.007379105690182519
toy_1,Triangle + branches,Constant bias,4.7,1,E,0.0077333358916038715,0.15072163890777707,0.051308730104346285,0.007379105690182519
toy_1,Triangle + branches,Constant bias,4.7,2,A,0.045026070818117776,0.12112170353145081,0.3717423839438171,0.007379105690182519
toy_1,Triangle + branches,Constant bias,4.7,2,B,0.03214031391049442,0.12112170353145081,0.2653555306225426,0.007379105690182519
toy_1,Triangle + branches,Constant bias,4.7,2,C,0.03214031391049442,0.12112170353145081,0.2653555306225426,0.007379105690182519
toy_1,Triangle + branches,Constant bias,4.7,2,D,0.0059075024461721,0.12112170353145081,0.04877327740554888,0.007379105690182519
toy_1,Triangle + branches,Constant bias,4.7,2,E,0.0059075024461721,0.12112170353145081,0.04877327740554888,0.007379105690182519
toy_1,Triangle + branches,Constant bias,4.800000000000001,1,A,0.053956049973813286,0.14418502434357586,0.3742139672234087,0.007043240931560425
toy_1,Triangle + branches,Constant bias,4.800000000000001,1,B,0.03769659941582474,0.14418502434357586,0.2614460106896969,0.007043240931560425
toy_1,Triangle + branches,Constant bias,4.800000000000001,1,C,0.03769659941582474,0.14418502434357586,0.2614460106896969,0.007043240931560425
toy_1,Triangle + branches,Constant bias,4.800000000000001,1,D,0.007417887769056543,0.14418502434357586,0.051447005698598725,0.007043240931560425
toy_1,Triangle + branches,Constant bias,4.800000000000001,1,E,0.007417887769056543,0.14418502434357586,0.051447005698598725,0.007043240931560425
toy_1,Triangle + branches,Constant bias,4.800000000000001,2,A,0.043099442568220334,0.11585827331334056,0.37200142325319485,0.007043240931560425
toy_1,Triangle + branches,Constant bias,4.800000000000001,2,B,0.03069869222959968,0.11585827331334056,0.2649676311554771,0.007043240931560425
toy_1,Triangle + branches,Constant bias,4.800000000000001,2,C,0.03069869222959968,0.11585827331334056,0.2649676311554771,0.007043240931560425
toy_1,Triangle + branches,Constant bias,4.800000000000001,2,D,0.005680723142960431,0.11585827331334056,0.04903165721792543,0.007043240931560425
toy_1,Triangle + branches,Constant bias,4.800000000000001,2,E,0.005680723142960431,0.11585827331334056,0.04903165721792543,0.007043240931560425
toy_1,Triangle + branches,Constant bias,4.9,1,A,0.05163614647554508,0.13792841230560587,0.3743691789994339,0.006721312560868477
toy_1,Triangle + branches,Constant bias,4.9,1,B,0.03603213829983831,0.13792841230560587,0.2612379690125226,0.006721312560868477
toy_1,Triangle + branches,Constant bias,4.9,1,C,0.03603213829983831,0.13792841230560587,0.2612379690125226,0.006721312560868477
toy_1,Triangle + branches,Constant bias,4.9,1,D,0.007113994615192085,0.13792841230560587,0.051577441487760445,0.006721312560868477
toy_1,Triangle + branches,Constant bias,4.9,1,E,0.007113994615192085,0.13792841230560587,0.051577441487760445,0.006721312560868477
toy_1,Triangle + branches,Constant bias,4.9,2,A,0.04125353388865241,0.1108224690599394,0.3722488249773612,0.006721312560868477
toy_1,Triangle + branches,Constant bias,4.9,2,B,0.02932347296483121,0.1108224690599394,0.26459862529295686,0.006721312560868477
toy_1,Triangle + branches,Constant bias,4.9,2,C,0.02932347296483121,0.1108224690599394,0.26459862529295686,0.006721312560868477
toy_1,Triangle + branches,Constant bias,4.9,2,D,0.005460994620812286,0.1108224690599394,0.04927696221836255,0.006721312560868477
toy_1,Triangle + branches,Constant bias,4.9,2,E,0.005460994620812286,0.1108224690599394,0.04927696221836255,0.006721312560868477
toy_1,Triangle + branches,Constant bias,5.0,1,A,0.04941380481277661,0.13194021237766448,0.3745166384250995,0.0064128824296204034
toy_1,Triangle + branches,Constant bias,5.0,1,B,0.03444182692810226,0.13194021237766448,0.26104116635432023,0.0064128824296204034
toy_1,Triangle + branches,Constant bias,5.0,1,C,0.03444182692810226,0.13194021237766448,0.26104116635432023,0.0064128824296204034
toy_1,Triangle + branches,Constant bias,5.0,1,D,0.006821376854341684,0.13194021237766448,0.05170051443313003,0.0064128824296204034
toy_1,Triangle + branches,Constant bias,5.0,1,E,0.006821376854341684,0.13194021237766448,0.05170051443313003,0.0064128824296204034
toy_1,Triangle + branches,Constant bias,5.0,2,A,0.03948510049416095,0.10600451327273681,0.3724850883713843,0.0064128824296204034
toy_1,Triangle + branches,Constant bias,5.0,2,B,0.028011439023850834,0.10600451327273681,0.2642476075691304,0.0064128824296204034
toy_1,Triangle + branches,Constant bias,5.0,2,C,0.028011439023850834,0.10600451327273681,0.2642476075691304,0.0064128824296204034
toy_1,Triangle + branches,Constant bias,5.0,2,D,0.0052482673654370956,0.10600451327273681,0.04950984824517742,0.0064128824296204034
toy_1,Triangle + branches,Constant bias,5.0,2,E,0.0052482673654370956,0.10600451327273681,0.04950984824517742,0.0064128824296204034
toy_1,Triangle + branches,Constant bias,5.1000000000000005,1,A,0.04728515224296657,0.12620926566989804,0.3746567416582669,0.006117509695506666
toy_1,Triangle + branches,Constant bias,5.1000000000000005,1,B,0.0329223128787964,0.12620926566989804,0.26085495945206694,0.006117509695506666
toy_1,Triangle + branches,Constant bias,5.1000000000000005,1,C,0.0329223128787964,0.12620926566989804,0.26085495945206694,0.006117509695506666
toy_1,Triangle + branches,Constant bias,5.1000000000000005,1,D,0.006539743834669328,0.12620926566989804,0.05181666971879951,0.006117509695506666
toy_1,Triangle + branches,Constant bias,5.1000000000000005,1,E,0.006539743834669328,0.12620926566989804,0.05181666971879951,0.006117509695506666
toy_1,Triangle + branches,Constant bias,5.1000000000000005,2,A,0.0377910181897943,0.10139504684025022,0.3727106931498809,0.006117509695506666
toy_1,Triangle + branches,Constant bias,5.1000000000000005,2,B,0.026759543423214696,0.10139504684025022,0.2639137142998203,0.006117509695506666
toy_1,Triangle + branches,Constant bias,5.1000000000000005,2,C,0.026759543423214696,0.10139504684025022,0.2639137142998203,0.006117509695506666
toy_1,Triangle + branches,Constant bias,5.1000000000000005,2,D,0.00504247090201326,0.10139504684025022,0.049730939125239196,0.006117509695506666
toy_1,Triangle + branches,Constant bias,5.1000000000000005,2,E,0.00504247090201326,0.10139504684025022,0.049730939125239196,0.006117509695506666
toy_1,Triangle + branches,Constant bias,5.2,1,A,0.04524644436059731,0.12072483480286102,0.37478986353125276,0.005834753430429586
toy_1,Triangle + branches,Constant bias,5.2,1,B,0.03147039844219433,0.12072483480286102,0.2606787451279952,0.005834753430429586
toy_1,Triangle + branches,Constant bias,5.2,1,C,0.03147039844219433,0.12072483480286102,0.2606787451279952,0.005834753430429586
toy_1,Triangle + branches,Constant bias,5.2,1,D,0.006268796778937525,0.12072483480286102,0.051926323106378465,0.005834753430429586
toy_1,Triangle + branches,Constant bias,5.2,1,E,0.006268796778937525,0.12072483480286102,0.051926323106378465,0.005834753430429586
toy_1,Triangle + branches,Constant bias,5.2,2,A,0.03616827909511229,0.09698511068965325,0.3729261000778634,0.005834753430429586
toy_1,Triangle + branches,Constant bias,5.2,2,B,0.02556489905432705,0.09698511068965325,0.26359612184321,0.005834753430429586
toy_1,Triangle + branches,Constant bias,5.2,2,C,0.02556489905432705,0.09698511068965325,0.26359612184321,0.005834753430429586
toy_1,Triangle + branches,Constant bias,5.2,2,D,0.00484351674294344,0.09698511068965325,0.049940828117858355,0.005834753430429586
toy_1,Triangle + branches,Constant bias,5.2,2,E,0.00484351674294344,0.09698511068965325,0.049940828117858355,0.005834753430429586
toy_1,Triangle + branches,Constant bias,5.300000000000001,1,A,0.04329406387943236,0.11547659327221496,0.3749163588275809,0.005564174833427429
toy_1,Triangle + branches,Constant bias,5.300000000000001,1,B,0.030083033357870846,0.11547659327221496,0.26051195749216116,0.005564174833427429
toy_1,Triangle + branches,Constant bias,5.300000000000001,1,C,0.030083033357870846,0.11547659327221496,0.26051195749216116,0.005564174833427429
toy_1,Triangle + branches,Constant bias,5.300000000000001,1,D,0.006008231338520446,0.11547659327221496,0.05202986309404833,0.005564174833427429
toy_1,Triangle + branches,Constant bias,5.300000000000001,1,E,0.006008231338520446,0.11547659327221496,0.05202986309404833,0.005564174833427429
toy_1,Triangle + branches,Constant bias,5.300000000000001,2,A,0.03461398796092825,0.09276612836055204,0.37313175156340295,0.005564174833427429
toy_1,Triangle + branches,Constant bias,5.300000000000001,2,B,0.02442476916658564,0.09276612836055204,0.26329404490887487,0.005564174833427429
toy_1,Triangle + branches,Constant bias,5.300000000000001,2,C,0.02442476916658564,0.09276612836055204,0.26329404490887487,0.005564174833427429
toy_1,Triangle + branches,Constant bias,5.300000000000001,2,D,0.004651301033226247,0.09276612836055204,0.05014007930942358,0.005564174833427429
toy_1,Triangle + branches,Constant bias,5.300000000000001,2,E,0.004651301033226247,0.09276612836055204,0.05014007930942358,0.005564174833427429
toy_1,Triangle + branches,Constant bias,5.4,1,A,0.04142451898454675,0.11045461434894464,0.3750365634674143,0.005305339098514883
toy_1,Triangle + branches,Constant bias,5.4,1,B,0.028757307884409902,0.11045461434894464,0.26035406536806827,0.005305339098514883
toy_1,Triangle + branches,Constant bias,5.4,1,C,0.028757307884409902,0.11045461434894464,0.26035406536806827,0.005305339098514883
toy_1,Triangle + branches,Constant bias,5.4,1,D,0.005757739797789037,0.11045461434894464,0.052127652898224526,0.005305339098514883
toy_1,Triangle + branches,Constant bias,5.4,1,E,0.005757739797789037,0.11045461434894464,0.052127652898224526,0.005305339098514883
toy_1,Triangle + branches,Constant bias,5.4,2,A,0.03312535857357336,0.08872988943482497,0.3733280722490366,0.005305339098514883
toy_1,Triangle + branches,Constant bias,5.4,2,B,0.02333655850982863,0.08872988943482497,0.26300673491732574,0.005305339098514883
toy_1,Triangle + branches,Constant bias,5.4,2,C,0.02333655850982863,0.08872988943482497,0.26300673491732574,0.005305339098514883
toy_1,Triangle + branches,Constant bias,5.4,2,D,0.004465706920797172,0.08872988943482497,0.05032922895815598,0.005305339098514883
toy_1,Triangle + branches,Constant bias,5.4,2,E,0.004465706920797172,0.08872988943482497,0.05032922895815598,0.005305339098514883
toy_1,Triangle + branches,Constant bias,5.5,1,A,0.039634441327463854,0.10564935964760366,0.3751507956097947,0.005057816981264819
toy_1,Triangle + branches,Constant bias,5.5,1,B,0.027490446189525012,0.10564935964760366,0.2602045699209172,0.005057816981264819
toy_1,Triangle + branches,Constant bias,5.5,1,C,0.027490446189525012,0.10564935964760366,0.2602045699209172,0.005057816981264819
toy_1,Triangle + branches,Constant bias,5.5,1,D,0.005517012970544894,0.10564935964760366,0.0522200322741855,0.005057816981264819
toy_1,Triangle + branches,Constant bias,5.5,1,E,0.005517012970544894,0.10564935964760366,0.0522200322741855,0.005057816981264819
toy_1,Triangle + branches,Constant bias,5.5,2,A,0.03169971024291182,0.08486853376358691,0.37351546959931897,0.005057816981264819
toy_1,Triangle + branches,Constant bias,5.5,2,B,0.02229780508339523,0.08486853376358691,0.2627334784115496,0.005057816981264819
toy_1,Triangle + branches,Constant bias,5.5,2,C,0.02229780508339523,0.08486853376358691,0.2627334784115496,0.005057816981264819
toy_1,Triangle + branches,Constant bias,5.5,2,D,0.004286606676942318,0.08486853376358691,0.05050878678879096,0.005057816981264819
toy_1,Triangle + branches,Constant bias,5.5,2,E,0.004286606676942318,0.08486853376358691,0.05050878678879096,0.005057816981264819
toy_1,Triangle + branches,Constant bias,5.6000000000000005,1,A,0.0379205837282436,0.10105166747563864,0.37525935667895266,0.0048211861025615615
toy_1,Triangle + branches,Constant bias,5.6000000000000005,1,B,0.026279800048333468,0.10105166747563864,0.26006300247018643,0.0048211861025615615
toy_1,Triangle + branches,Constant bias,5.6000000000000005,1,C,0.026279800048333468,0.10105166747563864,0.26006300247018643,0.0048211861025615615
toy_1,Triangle + branches,Constant bias,5.6000000000000005,1,D,0.005285741825364046,0.10105166747563864,0.052307319190337195,0.0048211861025615615
toy_1,Triangle + branches,Constant bias,5.6000000000000005,1,E,0.005285741825364046,0.10105166747563864,0.052307319190337195,0.0048211861025615615
toy_1,Triangle + branches,Constant bias,5.6000000000000005,2,A,0.03033446437131345,0.08117453643854125,0.37369433448234396,0.0048211861025615615
toy_1,Triangle + branches,Constant bias,5.6000000000000005,2,B,0.021306172443812284,0.08117453643854125,0.26247359552146726,0.0048211861025615615
toy_1,Triangle + branches,Constant bias,5.6000000000000005,2,C,0.021306172443812284,0.08117453643854125,0.26247359552146726,0.0048211861025615615
toy_1,Triangle + branches,Constant bias,5.6000000000000005,2,D,0.004113863589801622,0.08117453643854125,0.050679237237360814,0.0048211861025615615
toy_1,Triangle + branches,Constant bias,5.6000000000000005,2,E,0.004113863589801622,0.08117453643854125,0.050679237237360814,0.0048211861025615615
toy_1,Triangle + branches,Constant bias,5.7,1,A,0.03627981764002586,0.09665274105989816,0.37536253232117167,0.004595032023221854
toy_1,Triangle + branches,Constant bias,5.7,1,B,0.02512284283748388,0.09665274105989816,0.25992892247013066,0.004595032023221854
toy_1,Triangle + branches,Constant bias,5.7,1,C,0.02512284283748388,0.09665274105989816,0.25992892247013066,0.004595032023221854
toy_1,Triangle + branches,Constant bias,5.7,1,D,0.005063618872452274,0.09665274105989816,0.05238981136928358,0.004595032023221854
toy_1,Triangle + branches,Constant bias,5.7,1,E,0.005063618872452274,0.09665274105989816,0.05238981136928358,0.004595032023221854
toy_1,Triangle + branches,Constant bias,5.7,2,A,0.02902714110154826,0.07764069346036818,0.3738650417434152,0.004595032023221854
toy_1,Triangle + branches,Constant bias,5.7,2,B,0.020359442527364994,0.07764069346036818,0.2622264384817416,0.004595032023221854
toy_1,Triangle + branches,Constant bias,5.7,2,C,0.020359442527364994,0.07764069346036818,0.2622264384817416,0.004595032023221854
toy_1,Triangle + branches,Constant bias,5.7,2,D,0.003947333652044976,0.07764069346036818,0.05084104064655088,0.004595032023221854
toy_1,Triangle + branches,Constant bias,5.7,2,E,0.003947333652044976,0.07764069346036818,0.05084104064655088,0.004595032023221854
toy_1,Triangle + branches,Constant bias,5.800000000000001,1,A,0.03470913042421001,0.09244413673170782,0.3754605932980169,0.004378949119058555
toy_1,Triangle + branches,Constant bias,5.800000000000001,1,B,0.02401716381290214,0.09244413673170782,0.2598019156434438,0.004378949119058555
toy_1,Triangle + branches,Constant bias,5.800000000000001,1,C,0.02401716381290214,0.09244413673170782,0.2598019156434438,0.004378949119058555
toy_1,Triangle + branches,Constant bias,5.800000000000001,1,D,0.004850339340846765,0.09244413673170782,0.05246778770754778,0.004378949119058555
toy_1,Triangle + branches,Constant bias,5.800000000000001,1,E,0.004850339340846765,0.09244413673170782,0.05246778770754778,0.004378949119058555
toy_1,Triangle + branches,Constant bias,5.800000000000001,2,A,0.027775356042147648,0.07426010806148206,0.3740279507693638,0.004378949119058555
toy_1,Triangle + branches,Constant bias,5.800000000000001,2,B,0.019455508947650687,0.07426010806148206,0.261991390202973,0.004378949119058555
toy_1,Triangle + branches,Constant bias,5.800000000000001,2,C,0.019455508947650687,0.07426010806148206,0.261991390202973,0.004378949119058555
toy_1,Triangle + branches,Constant bias,5.800000000000001,2,D,0.0037868670620165115,0.07426010806148206,0.050994634412345,0.004378949119058555
toy_1,Triangle + branches,Constant bias,5.800000000000001,2,E,0.0037868670620165115,0.07426010806148206,0.050994634412345,0.004378949119058555
toy_1,Triangle + branches,Constant bias,5.9,1,A,0.03320562247802156,0.08841775213910119,0.3755537963211457,0.004172541282343817
toy_1,Triangle + branches,Constant bias,5.9,1,B,0.02296046265907328,0.08841775213910119,0.25968159225481396,0.004172541282343817
toy_1,Triangle + branches,Constant bias,5.9,1,C,0.02296046265907328,0.08841775213910119,0.25968159225481396,0.004172541282343817
toy_1,Triangle + branches,Constant bias,5.9,1,D,0.004645602171466529,0.08841775213910119,0.05254150958461308,0.004172541282343817
toy_1,Triangle + branches,Constant bias,5.9,1,E,0.004645602171466529,0.08841775213910119,0.05254150958461308,0.004172541282343817
toy_1,Triangle + branches,Constant bias,5.9,2,A,0.026576817069209783,0.07102617764457099,0.37418340604228234,0.004172541282343817
toy_1,Triangle + branches,Constant bias,5.9,2,B,0.01859237073169,0.07102617764457099,0.26176786289598597,0.004172541282343817
toy_1,Triangle + branches,Constant bias,5.9,2,C,0.01859237073169,0.07102617764457099,0.26176786289598597,0.004172541282343817
toy_1,Triangle + branches,Constant bias,5.9,2,D,0.0036323095559906075,0.07102617764457099,0.05114043408287296,0.004172541282343817
toy_1,Triangle + branches,Constant bias,5.9,2,E,0.0036323095559906075,0.07102617764457099,0.05114043408287296,0.004172541282343817
toy_1,Triangle + branches,Constant bias,6.0,1,A,0.03176650425057036,0.0845658145436917,0.37564238483338797,0.003975422472458884
toy_1,Triangle + branches,Constant bias,6.0,1,B,0.02195054429799574,0.0845658145436917,0.2595675855124034,0.003975422472458884
toy_1,Triangle + branches,Constant bias,6.0,1,C,0.02195054429799574,0.0845658145436917,0.2595675855124034,0.003975422472458884
toy_1,Triangle + branches,Constant bias,6.0,1,D,0.004449110848564934,0.0845658145436917,0.05261122207090265,0.003975422472458884
toy_1,Triangle + branches,Constant bias,6.0,1,E,0.004449110848564934,0.0845658145436917,0.05261122207090265,0.003975422472458884
toy_1,Triangle + branches,Constant bias,6.0,2,A,0.025429321203937136,0.06793258130188665,0.3743317376816786,0.003975422472458884
toy_1,Triangle + branches,Constant bias,6.0,2,B,0.017768126461315585,0.06793258130188665,0.2615552967486328,0.003975422472458884
toy_1,Triangle + branches,Constant bias,6.0,2,C,0.017768126461315585,0.06793258130188665,0.2615552967486328,0.003975422472458884
toy_1,Triangle + branches,Constant bias,6.0,2,D,0.0034835035876591676,0.06793258130188665,0.05127883441052788,0.003975422472458884
toy_1,Triangle + branches,Constant bias,6.0,2,E,0.0034835035876591676,0.06793258130188665,0.05127883441052788,0.003975422472458884
toy_1,Triangle + branches,Constant bias,6.1000000000000005,1,A,0.03038909317855349,0.0808808692500479,0.37572658974032347,0.0037872171357517456
toy_1,Triangle + branches,Constant bias,6.1000000000000005,1,B,0.020985313946218352,0.0808808692500479,0.2594595500864492,0.0037872171357517456
toy_1,Triangle + branches,Constant bias,6.1000000000000005,1,C,0.020985313946218352,0.0808808692500479,0.2594595500864492,0.0037872171357517456
toy_1,Triangle + branches,Constant bias,6.1000000000000005,1,D,0.004260574089528849,0.0808808692500479,0.05267715504338903,0.0037872171357517456
toy_1,Triangle + branches,Constant bias,6.1000000000000005,1,E,0.004260574089528849,0.0808808692500479,0.05267715504338903,0.0037872171357517456
toy_1,Triangle + branches,Constant bias,6.1000000000000005,2,A,0.024330751565410244,0.06497326788336229,0.37447326197426223,0.0037872171357517456
toy_1,Triangle + branches,Constant bias,6.1000000000000005,2,B,0.01698096878941035,0.06497326788336229,0.26135315865432507,0.0037872171357517456
toy_1,Triangle + branches,Constant bias,6.1000000000000005,2,C,0.01698096878941035,0.06497326788336229,0.26135315865432507,0.0037872171357517456
toy_1,Triangle + branches,Constant bias,6.1000000000000005,2,D,0.0033402893695656704,0.06497326788336229,0.051410210358543755,0.0037872171357517456
toy_1,Triangle + branches,Constant bias,6.1000000000000005,2,E,0.0033402893695656704,0.06497326788336229,0.051410210358543755,0.0037872171357517456
toy_1,Triangle + branches,Constant bias,6.2,1,A,0.02907081056840983,0.07735576820709666,0.375806630096175,0.0036075605121769078
toy_1,Triangle + branches,Constant bias,6.2,1,B,0.020062772408684697,0.07735576820709666,0.25935716073522397,0.0036075605121769078
toy_1,Triangle + branches,Constant bias,6.2,1,C,0.020062772408684697,0.07735576820709666,0.25935716073522397,0.0036075605121769078
toy_1,Triangle + branches,Constant bias,6.2,1,D,0.004079706410658721,0.07735576820709666,0.05273952421668856,0.0036075605121769078
toy_1,Triangle + branches,Constant bias,6.2,1,E,0.004079706410658721,0.07735576820709666,0.05273952421668856,0.0036075605121769078
toy_1,Triangle + branches,Constant bias,6.2,2,A,0.02327907439823687,0.06214244458435725,0.3746082818907445,0.0036075605121769078
toy_1,Triangle + branches,Constant bias,6.2,2,B,0.016229179303151226,0.06214244458435725,0.26116094099131243,0.0036075605121769078
toy_1,Triangle + branches,Constant bias,6.2,2,C,0.016229179303151226,0.06214244458435725,0.26116094099131243,0.0036075605121769078
toy_1,Triangle + branches,Constant bias,6.2,2,D,0.003202505789908965,0.06214244458435725,0.051534918063315345,0.0036075605121769078
toy_1,Triangle + branches,Constant bias,6.2,2,E,0.003202505789908965,0.06214244458435725,0.051534918063315345,0.0036075605121769078
toy_1,Triangle + branches,Constant bias,6.300000000000001,1,A,0.027809178447925034,0.0739836588138722,0.3758827137474676,0.003436098844163099
toy_1,Triangle + branches,Constant bias,6.300000000000001,1,B,0.01918101159845389,0.0739836588138722,0.25926011102950997,0.003436098844163099
toy_1,Triangle + branches,Constant bias,6.300000000000001,1,C,0.01918101159845389,0.0739836588138722,0.25926011102950997,0.003436098844163099
toy_1,Triangle + branches,Constant bias,6.300000000000001,1,D,0.00390622858451969,0.0739836588138722,0.05279853209675618,0.003436098844163099
toy_1,Triangle + branches,Constant bias,6.300000000000001,1,E,0.00390622858451969,0.0739836588138722,0.05279853209675618,0.003436098844163099
toy_1,Triangle + branches,Constant bias,6.300000000000001,2,A,0.022272336174790276,0.05943456602621174,0.37473708758919455,0.003436098844163099
toy_1,Triangle + branches,Constant bias,6.300000000000001,2,B,0.015511123708759402,0.05943456602621174,0.26097816045159156,0.003436098844163099
toy_1,Triangle + branches,Constant bias,6.300000000000001,2,C,0.015511123708759402,0.05943456602621174,0.26097816045159156,0.003436098844163099
toy_1,Triangle + branches,Constant bias,6.300000000000001,2,D,0.003069991216951335,0.05943456602621174,0.05165329575381121,0.003436098844163099
toy_1,Triangle + branches,Constant bias,6.300000000000001,2,E,0.003069991216951335,0.05943456602621174,0.05165329575381121,0.003436098844163099
toy_1,Triangle + branches,Constant bias,6.4,1,A,0.026601816406948926,0.0707579729557053,0.37595503793758683,0.0032724895012715416
toy_1,Triangle + branches,Constant bias,6.4,1,B,0.01833821027173476,0.0707579729557053,0.2591681121675791,0.0032724895012715416
toy_1,Triangle + branches,Constant bias,6.4,1,C,0.01833821027173476,0.0707579729557053,0.2591681121675791,0.0032724895012715416
toy_1,Triangle + branches,Constant bias,6.4,1,D,0.0037398680026434266,0.0707579729557053,0.0528543688636275,0.0032724895012715416
toy_1,Triangle + branches,Constant bias,6.4,1,E,0.0037398680026434266,0.0707579729557053,0.0528543688636275,0.0032724895012715416
toy_1,Triangle + branches,Constant bias,6.4,2,A,0.021308660771776504,0.05684432380489909,0.37485995690461593,0.0032724895012715416
toy_1,Triangle + branches,Constant bias,6.4,2,B,0.01482524731438748,0.05684432380489909,0.26080435691821485,0.0032724895012715416
toy_1,Triangle + branches,Constant bias,6.4,2,C,0.01482524731438748,0.05684432380489909,0.26080435691821485,0.0032724895012715416
toy_1,Triangle + branches,Constant bias,6.4,2,D,0.00294258420217381,0.05684432380489909,0.05176566462947714,0.0032724895012715416
toy_1,Triangle + branches,Constant bias,6.4,2,E,0.00294258420217381,0.05684432380489909,0.05176566462947714,0.0032724895012715416
toy_1,Triangle + branches,Constant bias,6.5,1,A,0.025446438443963305,0.06767241629157855,0.3760237898750775,0.0031164010325583774
toy_1,Triangle + branches,Constant bias,6.5,1,B,0.017532629968050106,0.06767241629157855,0.259080891873399,0.0031164010325583774
toy_1,Triangle + branches,Constant bias,6.5,1,C,0.017532629968050106,0.06767241629157855,0.259080891873399,0.0031164010325583774
toy_1,Triangle + branches,Constant bias,6.5,1,D,0.0035803589557575166,0.06767241629157855,0.05290721318906226,0.0031164010325583774
toy_1,Triangle + branches,Constant bias,6.5,1,E,0.0035803589557575166,0.06767241629157855,0.05290721318906226,0.0031164010325583774
toy_1,Triangle + branches,Constant bias,6.5,2,A,0.02038624672085765,0.054366636484910164,0.37497715582452845,0.0031164010325583774
toy_1,Triangle + branches,Constant bias,6.5,2,B,0.014170070789706547,0.054366636484910164,0.26063909238967814,0.0031164010325583774
toy_1,Triangle + branches,Constant bias,6.5,2,C,0.014170070789706547,0.054366636484910164,0.26063909238967814,0.0031164010325583774
toy_1,Triangle + branches,Constant bias,6.5,2,D,0.0028201240923197046,0.054366636484910164,0.05187232969805755,0.0031164010325583774
toy_1,Triangle + branches,Constant bias,6.5,2,E,0.0028201240923197046,0.054366636484910164,0.05187232969805755,0.0031164010325583774
toy_1,Triangle + branches,Constant bias,6.6000000000000005,1,A,0.024340849832682566,0.06472095780876018,0.3760891472682742,0.002967513157101191
toy_1,Triangle + branches,Constant bias,6.6000000000000005,1,B,0.016762611145739202,0.06472095780876018,0.25899819337145735,0.002967513157101191
toy_1,Triangle + branches,Constant bias,6.6000000000000005,1,C,0.016762611145739202,0.06472095780876018,0.25899819337145735,0.002967513157101191
toy_1,Triangle + branches,Constant bias,6.6000000000000005,1,D,0.003427442842299605,0.06472095780876018,0.05295723299440556,0.002967513157101191
toy_1,Triangle + branches,Constant bias,6.6000000000000005,1,E,0.003427442842299605,0.06472095780876018,0.05295723299440556,0.002967513157101191
toy_1,Triangle + branches,Constant bias,6.6000000000000005,2,A,0.019503364533019422,0.05199664001714783,0.3750889389504295,0.002967513157101191
toy_1,Triangle + branches,Constant bias,6.6000000000000005,2,B,0.013544186182515282,0.05199664001714783,0.26048194995000795,0.002967513157101191
toy_1,Triangle + branches,Constant bias,6.6000000000000005,2,C,0.013544186182515282,0.05199664001714783,0.26048194995000795,0.002967513157101191
toy_1,Triangle + branches,Constant bias,6.6000000000000005,2,D,0.002702451559548923,0.05199664001714783,0.051973580574777314,0.002967513157101191
toy_1,Triangle + branches,Constant bias,6.6000000000000005,2,E,0.002702451559548923,0.05199664001714783,0.051973580574777314,0.002967513157101191
toy_1,Triangle + branches,Constant bias,6.7,1,A,0.02328294402063246,0.06189781965686356,0.376151278828619,0.002825516701872685
toy_1,Triangle + branches,Constant bias,6.7,1,B,0.01602656950339927,0.06189781965686356,0.25891977443218644,0.002825516701872685
toy_1,Triangle + branches,Constant bias,6.7,1,C,0.01602656950339927,0.06189781965686356,0.25891977443218644,0.002825516701872685
toy_1,Triangle + branches,Constant bias,6.7,1,D,0.003280868314716283,0.06189781965686356,0.053004586153504084,0.002825516701872685
toy_1,Triangle + branches,Constant bias,6.7,1,E,0.003280868314716283,0.06189781965686356,0.053004586153504084,0.002825516701872685
toy_1,Triangle + branches,Constant bias,6.7,2,A,0.01865835409630992,0.049729678561060586,0.37519554994509485,0.002825516701872685
toy_1,Triangle + branches,Constant bias,6.7,2,B,0.012946253174291461,0.049729678561060586,0.26033253278312274,0.002825516701872685
toy_1,Triangle + branches,Constant bias,6.7,2,C,0.012946253174291461,0.049729678561060586,0.26033253278312274,0.002825516701872685
toy_1,Triangle + branches,Constant bias,6.7,2,D,0.0025894090580838684,0.049729678561060586,0.05206969224432976,0.002825516701872685
toy_1,Triangle + branches,Constant bias,6.7,2,E,0.0025894090580838684,0.049729678561060586,0.05206969224432976,0.002825516701872685
toy_1,Triangle + branches,Constant bias,6.800000000000001,1,A,0.022270699569699553,0.05919746727008578,0.3762103447448265,0.0026901134950182842
toy_1,Triangle + branches,Constant bias,6.800000000000001,1,B,0.015322992478260206,0.05919746727008578,0.25884540648250615,0.0026901134950182842
toy_1,Triangle + branches,Constant bias,6.800000000000001,1,C,0.015322992478260206,0.05919746727008578,0.25884540648250615,0.0026901134950182842
toy_1,Triangle + branches,Constant bias,6.800000000000001,1,D,0.003140391371932905,0.05919746727008578,0.05304942114508059,0.0026901134950182842
toy_1,Triangle + branches,Constant bias,6.800000000000001,1,E,0.003140391371932905,0.05919746727008578,0.05304942114508059,0.0026901134950182842
toy_1,Triangle + branches,Constant bias,6.800000000000001,2,A,0.01784962214650232,0.04756129569254125,0.37529722196574994,0.0026901134950182842
toy_1,Triangle + branches,Constant bias,6.800000000000001,2,B,0.012374995558062039,0.04756129569254125,0.2601904632300153,0.0026901134950182842
toy_1,Triangle + branches,Constant bias,6.800000000000001,2,C,0.012374995558062039,0.04756129569254125,0.2601904632300153,0.0026901134950182842
toy_1,Triangle + branches,Constant bias,6.800000000000001,2,D,0.002480841214957428,0.04756129569254125,0.05216092578710977,0.0026901134950182842
toy_1,Triangle + branches,Constant bias,6.800000000000001,2,E,0.002480841214957428,0.04756129569254125,0.05216092578710977,0.0026901134950182842
toy_1,Triangle + branches,Constant bias,6.9,1,A,0.02130217714694007,0.056614599783482024,0.3762664971298663,0.002561016221601514
toy_1,Triangle + branches,Constant bias,6.9,1,B,0.01465043591287682,0.056614599783482024,0.2587748737764858,0.002561016221601514
toy_1,Triangle + branches,Constant bias,6.9,1,C,0.01465043591287682,0.056614599783482024,0.2587748737764858,0.002561016221601514
toy_1,Triangle + branches,Constant bias,6.9,1,D,0.003005775405394157,0.056614599783482024,0.05309187765858105,0.002561016221601514
toy_1,Triangle + branches,Constant bias,6.9,1,E,0.003005775405394157,0.056614599783482024,0.05309187765858105,0.002561016221601514
toy_1,Triangle + branches,Constant bias,6.9,2,A,0.01707563981015054,0.0454872259802765,0.37539417808319697,0.002561016221601514
toy_1,Triangle + branches,Constant bias,6.9,2,B,0.011829197923294107,0.0454872259802765,0.26005538188728655,0.002561016221601514
toy_1,Triangle + branches,Constant bias,6.9,2,C,0.011829197923294107,0.0454872259802765,0.26005538188728655,0.002561016221601514
toy_1,Triangle + branches,Constant bias,6.9,2,D,0.002376595161768873,0.0454872259802765,0.05224752907111498,0.002561016221601514
toy_1,Triangle + branches,Constant bias,6.9,2,E,0.002376595161768873,0.0454872259802765,0.05224752907111498,0.002561016221601514
toy_1,Triangle + branches,Constant bias,7.0,1,A,0.02037551657245033,0.054144140746663696,0.37631988044257303,0.0024379482480108364
toy_1,Triangle + branches,Constant bias,7.0,1,B,0.014007520881905645,0.054144140746663696,0.2587079726215578,0.0024379482480108364
toy_1,Triangle + branches,Constant bias,7.0,1,C,0.014007520881905645,0.054144140746663696,0.2587079726215578,0.0024379482480108364
toy_1,Triangle + branches,Constant bias,7.0,1,D,0.0028767912052010403,0.054144140746663696,0.05313208715715569,0.0024379482480108364
toy_1,Triangle + branches,Constant bias,7.0,1,E,0.0028767912052010403,0.054144140746663696,0.05313208715715569,0.0024379482480108364
toy_1,Triangle + branches,Constant bias,7.0,2,A,0.016334940219417237,0.043503386914270026,0.37548663168703844,0.0024379482480108364
toy_1,Triangle + branches,Constant bias,7.0,2,B,0.011307702533717098,0.043503386914270026,0.2599269467455632,0.0024379482480108364
toy_1,Triangle + branches,Constant bias,7.0,2,C,0.011307702533717098,0.043503386914270026,0.2599269467455632,0.0024379482480108364
toy_1,Triangle + branches,Constant bias,7.0,2,D,0.002276520813709297,0.043503386914270026,0.05232973741091755,0.0024379482480108364
toy_1,Triangle + branches,Constant bias,7.0,2,E,0.002276520813709297,0.043503386914270026,0.05232973741091755,0.0024379482480108364
toy_1,Triangle + branches,Constant bias,7.1000000000000005,1,A,0.0194889339298093,0.05178122913621998,0.37637063188554487,0.0023206434204455506
toy_1,Triangle + branches,Constant bias,7.1000000000000005,1,B,0.013392930671109476,0.05178122913621998,0.2586445106561091,0.0023206434204455506
toy_1,Triangle + branches,Constant bias,7.1000000000000005,1,C,0.013392930671109476,0.05178122913621998,0.2586445106561091,0.0023206434204455506
toy_1,Triangle + branches,Constant bias,7.1000000000000005,1,D,0.0027532169320958638,0.05178122913621998,0.05317017340111846,0.0023206434204455506
toy_1,Triangle + branches,Constant bias,7.1000000000000005,1,E,0.0027532169320958638,0.05178122913621998,0.05317017340111846,0.0023206434204455506
toy_1,Triangle + branches,Constant bias,7.1000000000000005,2,A,0.015626116197963825,0.041605871171203124,0.37557478687717527,0.0023206434204455506
toy_1,Triangle + branches,Constant bias,7.1000000000000005,2,B,0.010809406385089626,0.041605871171203124,0.25980483236633184,0.0023206434204455506
toy_1,Triangle + branches,Constant bias,7.1000000000000005,2,C,0.010809406385089626,0.041605871171203124,0.25980483236633184,0.0023206434204455506
toy_1,Triangle + branches,Constant bias,7.1000000000000005,2,D,0.0021804711015300203,0.041605871171203124,0.05240777419508044,0.0023206434204455506
toy_1,Triangle + branches,Constant bias,7.1000000000000005,2,E,0.0021804711015300203,0.041605871171203124,0.05240777419508044,0.0023206434204455506
toy_1,Triangle + branches,Constant bias,7.2,1,A,0.018640718743479376,0.049521210666396406,0.37641888178086086,0.002208845842225006
toy_1,Triangle + branches,Constant bias,7.2,1,B,0.012805407901097712,0.049521210666396406,0.2585843061746282,0.002208845842225006
toy_1,Triangle + branches,Constant bias,7.2,1,C,0.012805407901097712,0.049521210666396406,0.2585843061746282,0.002208845842225006
toy_1,Triangle + branches,Constant bias,7.2,1,D,0.0026348380603608006,0.049521210666396406,0.05320625293494131,0.002208845842225006
toy_1,Triangle + branches,Constant bias,7.2,1,E,0.0026348380603608006,0.049521210666396406,0.05320625293494131,0.002208845842225006
toy_1,Triangle + branches,Constant bias,7.2,2,A,0.014947818017101221,0.0397909392021422,0.3756588388417955,0.002208845842225006
toy_1,Triangle + branches,Constant bias,7.2,2,B,0.010333258430930196,0.0397909392021422,0.2596887290957407,0.002208845842225006
toy_1,Triangle + branches,Constant bias,7.2,2,C,0.010333258430930196,0.0397909392021422,0.2596887290957407,0.002208845842225006
toy_1,Triangle + branches,Constant bias,7.2,2,D,0.0020883021615902934,0.0397909392021422,0.052481851483361486,0.002208845842225006
toy_1,Triangle + branches,Constant bias,7.2,2,E,0.0020883021615902934,0.0397909392021422,0.052481851483361486,0.002208845842225006
toy_1,Triangle + branches,Constant bias,7.300000000000001,1,A,0.017829231226576793,0.0473596293960832,0.37646475392502393,0.002102309634060183
toy_1,Triangle + branches,Constant bias,7.300000000000001,1,B,0.012243751788665299,0.0473596293960832,0.25852718749690845,0.002102309634060183
toy_1,Triangle + branches,Constant bias,7.300000000000001,1,C,0.012243751788665299,0.0473596293960832,0.25852718749690845,0.002102309634060183
toy_1,Triangle + branches,Constant bias,7.300000000000001,1,D,0.0025214472960879046,0.0473596293960832,0.05324043554057956,0.002102309634060183
toy_1,Triangle + branches,Constant bias,7.300000000000001,1,E,0.0025214472960879046,0.0473596293960832,0.05324043554057956,0.002102309634060183
toy_1,Triangle + branches,Constant bias,7.300000000000001,2,A,0.014298751221313237,0.0380550121288759,0.37573897422209557,0.002102309634060183
toy_1,Triangle + branches,Constant bias,7.300000000000001,2,B,0.009878256965150434,0.0380550121288759,0.25957834231393856,0.002102309634060183
toy_1,Triangle + branches,Constant bias,7.300000000000001,2,C,0.009878256965150434,0.0380550121288759,0.25957834231393856,0.002102309634060183
toy_1,Triangle + branches,Constant bias,7.300000000000001,2,D,0.0019998734886309006,0.0380550121288759,0.05255217057501367,0.002102309634060183
toy_1,Triangle + branches,Constant bias,7.300000000000001,2,E,0.0019998734886309006,0.0380550121288759,0.05255217057501367,0.002102309634060183
toy_1,Triangle + branches,Constant bias,7.4,1,A,0.017052899601579775,0.04529221962893246,0.37650836592443043,0.0020007986809014583
toy_1,Triangle + branches,Constant bias,7.4,1,B,0.011706815538936122,0.04529221962893246,0.25847299237809623,0.0020007986809014583
toy_1,Triangle + branches,Constant bias,7.4,1,C,0.011706815538936122,0.04529221962893246,0.25847299237809623,0.0020007986809014583
toy_1,Triangle + branches,Constant bias,7.4,1,D,0.0024128444747402254,0.04529221962893246,0.0532728246596886,0.0020007986809014583
toy_1,Triangle + branches,Constant bias,7.4,1,E,0.0024128444747402254,0.04529221962893246,0.0532728246596886,0.0020007986809014583
toy_1,Triangle + branches,Constant bias,7.4,2,A,0.013677674522181334,0.03639466493586862,0.37581537146400146,0.0020007986809014583
toy_1,Triangle + branches,Constant bias,7.4,2,B,0.009443447151369903,0.03639466493586862,0.25947339171854694,0.0020007986809014583
toy_1,Triangle + branches,Constant bias,7.4,2,C,0.009443447151369903,0.03639466493586862,0.25947339171854694,0.0020007986809014583
toy_1,Triangle + branches,Constant bias,7.4,2,D,0.0019150480554737395,0.03639466493586862,0.052618922549452336,0.0020007986809014583
toy_1,Triangle + branches,Constant bias,7.4,2,E,0.0019150480554737395,0.03639466493586862,0.052618922549452336,0.0020007986809014583
toy_1,Triangle + branches,Constant bias,7.5,1,A,0.016310217495812764,0.04331489810239922,0.37654982951256993,0.0019040863685097498
toy_1,Triangle + branches,Constant bias,7.5,1,B,0.011193503861846508,0.04331489810239922,0.25842156745663675,0.0019040863685097498
toy_1,Triangle + branches,Constant bias,7.5,1,C,0.011193503861846508,0.04331489810239922,0.25842156745663675,0.0019040863685097498
toy_1,Triangle + branches,Constant bias,7.5,1,D,0.0023088364414467206,0.04331489810239922,0.05330351778707829,0.0019040863685097498
toy_1,Triangle + branches,Constant bias,7.5,1,E,0.0023088364414467206,0.04331489810239922,0.05330351778707829,0.0019040863685097498
toy_1,Triangle + branches,Constant bias,7.5,2,A,0.013083397759661683,0.034806619945463406,0.37588820115717486,0.0019040863685097498
toy_1,Triangle + branches,Constant bias,7.5,2,B,0.009027918689460117,0.034806619945463406,0.2593736106408916,0.0019040863685097498
toy_1,Triangle + branches,Constant bias,7.5,2,C,0.009027918689460117,0.034806619945463406,0.2593736106408916,0.0019040863685097498
toy_1,Triangle + branches,Constant bias,7.5,2,D,0.0018336924034407427,0.034806619945463406,0.052682288780520926,0.0019040863685097498
toy_1,Triangle + branches,Constant bias,7.5,2,E,0.0018336924034407427,0.034806619945463406,0.052682288780520926,0.0019040863685097498
toy_1,Triangle + branches,Constant bias,7.6000000000000005,1,A,0.015599741412917773,0.04142375646066579,0.3765892508500675,0.001811955312481954
toy_1,Triangle + branches,Constant bias,7.6000000000000005,1,B,0.010702770606822613,0.04142375646066579,0.25837276773740936,0.001811955312481954
toy_1,Triangle + branches,Constant bias,7.6000000000000005,1,C,0.010702770606822613,0.04142375646066579,0.25837276773740936,0.001811955312481954
toy_1,Triangle + branches,Constant bias,7.6000000000000005,1,D,0.0022092369170513986,0.04142375646066579,0.05333260683755696,0.001811955312481954
toy_1,Triangle + branches,Constant bias,7.6000000000000005,1,E,0.0022092369170513986,0.04142375646066579,0.05333260683755696,0.001811955312481954
toy_1,Triangle + branches,Constant bias,7.6000000000000005,2,A,0.012514779929593675,0.03328774056456219,0.3759576263616038,0.001811955312481954
toy_1,Triangle + branches,Constant bias,7.6000000000000005,2,B,0.008630803610569004,0.03328774056456219,0.25927874539365026,0.001811955312481954
toy_1,Triangle + branches,Constant bias,7.6000000000000005,2,C,0.008630803610569004,0.03328774056456219,0.25927874539365026,0.001811955312481954
toy_1,Triangle + branches,Constant bias,7.6000000000000005,2,D,0.0017556767069152514,0.03328774056456219,0.05274244142554776,0.001811955312481954
toy_1,Triangle + branches,Constant bias,7.6000000000000005,2,E,0.0017556767069152514,0.03328774056456219,0.05274244142554776,0.001811955312481954
toy_1,Triangle + branches,Constant bias,7.7,1,A,0.014920088280984048,0.0396150540057295,0.3766267308086004,0.0017241970821058675
toy_1,Triangle + branches,Constant bias,7.7,1,B,0.010233616509809697,0.0396150540057295,0.25832645610755994,0.0017241970821058675
toy_1,Triangle + branches,Constant bias,7.7,1,C,0.010233616509809697,0.0396150540057295,0.25832645610755994,0.0017241970821058675
toy_1,Triangle + branches,Constant bias,7.7,1,D,0.0021138663525630246,0.0396150540057295,0.05336017848813983,0.0017241970821058675
toy_1,Triangle + branches,Constant bias,7.7,1,E,0.0021138663525630246,0.0396150540057295,0.05336017848813983,0.0017241970821058675
toy_1,Triangle + branches,Constant bias,7.7,2,A,0.011970727276254207,0.03183502529156252,0.3760238029220885,0.0017241970821058675
toy_1,Triangle + branches,Constant bias,7.7,2,B,0.008251274192522126,0.03183502529156252,0.2591885546486129,0.0017241970821058675
toy_1,Triangle + branches,Constant bias,7.7,2,C,0.008251274192522126,0.03183502529156252,0.2591885546486129,0.0017241970821058675
toy_1,Triangle + branches,Constant bias,7.7,2,D,0.0016808748151320304,0.03183502529156252,0.052799543890342866,0.0017241970821058675
toy_1,Triangle + branches,Constant bias,7.7,2,E,0.0016808748151320304,0.03183502529156252,0.052799543890342866,0.0017241970821058675
toy_1,Triangle + branches,Constant bias,7.800000000000001,1,A,0.014269933077545715,0.03788521072039295,0.376662365239649,0.0016406119210894965
toy_1,Triangle + branches,Constant bias,7.800000000000001,1,B,0.009785087047103075,0.03788521072039295,0.25828250288273924,0.0016406119210894965
toy_1,Triangle + branches,Constant bias,7.800000000000001,1,C,0.009785087047103075,0.03788521072039295,0.25828250288273924,0.0016406119210894965
toy_1,Triangle + branches,Constant bias,7.800000000000001,1,D,0.0020225517743205444,0.03788521072039295,0.05338631449743633,0.0016406119210894965
toy_1,Triangle + branches,Constant bias,7.800000000000001,1,E,0.0020225517743205444,0.03788521072039295,0.05338631449743633,0.0016406119210894965
toy_1,Triangle + branches,Constant bias,7.800000000000001,2,A,0.011450191448713419,0.0304456019728399,0.3760868797709428,0.0016406119210894965
toy_1,Triangle + branches,Constant bias,7.800000000000001,2,B,0.007888540988087446,0.0304456019728399,0.25910280884328396,0.0016406119210894965
toy_1,Triangle + branches,Constant bias,7.800000000000001,2,C,0.007888540988087446,0.0304456019728399,0.25910280884328396,0.0016406119210894965
toy_1,Triangle + branches,Constant bias,7.800000000000001,2,D,0.0016091642739757962,0.0304456019728399,0.05285375127124467,0.0016406119210894965
toy_1,Triangle + branches,Constant bias,7.800000000000001,2,E,0.0016091642739757962,0.0304456019728399,0.05285375127124467,0.0016406119210894965
toy_1,Triangle + branches,Constant bias,7.9,1,A,0.013648006531264047,0.03623080055647548,0.3766962452289716,0.0015610084669366447
toy_1,Triangle + branches,Constant bias,7.9,1,B,0.009356270390709442,0.03623080055647548,0.2582407853816305,0.0015610084669366447
toy_1,Triangle + branches,Constant bias,7.9,1,C,0.009356270390709442,0.03623080055647548,0.2582407853816305,0.0015610084669366447
toy_1,Triangle + branches,Constant bias,7.9,1,D,0.0019351266218962735,0.03623080055647548,0.05341109200388373,0.0015610084669366447
toy_1,Triangle + branches,Constant bias,7.9,1,E,0.0019351266218962735,0.03623080055647548,0.05341109200388373,0.0015610084669366447
toy_1,Triangle + branches,Constant bias,7.9,2,A,0.010952167719696867,0.029116722298543302,0.37614699921923556,0.0015610084669366447
toy_1,Triangle + branches,Constant bias,7.9,2,B,0.00754185095913339,0.029116722298543302,0.2590212896150988,0.0015610084669366447
toy_1,Triangle + branches,Constant bias,7.9,2,C,0.00754185095913339,0.029116722298543302,0.2590212896150988,0.0015610084669366447
toy_1,Triangle + branches,Constant bias,7.9,2,D,0.0015404263302898282,0.029116722298543302,0.05290521077528342,0.0015610084669366447
toy_1,Triangle + branches,Constant bias,7.9,2,E,0.0015404263302898282,0.029116722298543302,0.05290521077528342,0.0015610084669366447
toy_1,Triangle + branches,Constant bias,8.0,1,A,0.013053092899776577,0.03464854498124098,0.3767284573376352,0.001485203470482921
toy_1,Triangle + branches,Constant bias,8.0,1,B,0.008946295460232897,0.03464854498124098,0.25820118752682103,0.001485203470482921
toy_1,Triangle + branches,Constant bias,8.0,1,C,0.008946295460232897,0.03464854498124098,0.25820118752682103,0.001485203470482921
toy_1,Triangle + branches,Constant bias,8.0,1,D,0.001851430580499303,0.03464854498124098,0.053434583804361294,0.001485203470482921
toy_1,Triangle + branches,Constant bias,8.0,1,E,0.001851430580499303,0.03464854498124098,0.053434583804361294,0.001485203470482921
toy_1,Triangle + branches,Constant bias,8.0,2,A,0.010475693265614382,0.027845756527915756,0.3762042972369005,0.001485203470482921
toy_1,Triangle + branches,Constant bias,8.0,2,B,0.007210485710207319,0.027845756527915756,0.2589437892620625,0.001485203470482921
toy_1,Triangle + branches,Constant bias,8.0,2,C,0.007210485710207319,0.027845756527915756,0.2589437892620625,0.001485203470482921
toy_1,Triangle + branches,Constant bias,8.0,2,D,0.0014745459209433674,0.027845756527915756,0.05295406211948721,0.001485203470482921
toy_1,Triangle + branches,Constant bias,8.0,2,E,0.0014745459209433674,0.027845756527915756,0.05295406211948721,0.001485203470482921
toy_1,Triangle + branches,Constant bias,8.1,1,A,0.012484027822914611,0.03313530677480687,0.3767590838303737,0.001413021516892772
toy_1,Triangle + branches,Constant bias,8.1,1,B,0.008554330066533961,0.03313530677480687,0.2581635994702156,0.001413021516892772
toy_1,Triangle + branches,Constant bias,8.1,1,C,0.008554330066533961,0.03313530677480687,0.2581635994702156,0.001413021516892772
toy_1,Triangle + branches,Constant bias,8.1,1,D,0.0017713094094121663,0.03313530677480687,0.05345685861459753,0.001413021516892772
toy_1,Triangle + branches,Constant bias,8.1,1,E,0.0017713094094121663,0.03313530677480687,0.05345685861459753,0.001413021516892772
toy_1,Triangle + branches,Constant bias,8.1,2,A,0.010019845506378704,0.02663018843477185,0.37625890372204374,0.001413021516892772
toy_1,Triangle + branches,Constant bias,8.1,2,B,0.006893759815519429,0.02663018843477185,0.258870110228662,0.001413021516892772
toy_1,Triangle + branches,Constant bias,8.1,2,C,0.006893759815519429,0.02663018843477185,0.258870110228662,0.001413021516892772
toy_1,Triangle + branches,Constant bias,8.1,2,D,0.0014114116486771448,0.02663018843477185,0.05300043791031615,0.001413021516892772
toy_1,Triangle + branches,Constant bias,8.1,2,E,0.0014114116486771448,0.02663018843477185,0.05300043791031615,0.001413021516892772
toy_1,Triangle + branches,Constant bias,8.200000000000001,1,A,0.011939696250254575,0.031688084071137976,0.37678820289199644,0.0013442947492180723
toy_1,Triangle + branches,Constant bias,8.200000000000001,1,B,0.008179579142651059,0.031688084071137976,0.2581279172413315,0.0013442947492180723
toy_1,Triangle + branches,Constant bias,8.200000000000001,1,C,0.008179579142651059,0.031688084071137976,0.2581279172413315,0.0013442947492180723
toy_1,Triangle + branches,Constant bias,8.200000000000001,1,D,0.0016946147677906417,0.031688084071137976,0.053477981312670286,0.0013442947492180723
toy_1,Triangle + branches,Constant bias,8.200000000000001,1,E,0.0016946147677906417,0.031688084071137976,0.053477981312670286,0.0013442947492180723
toy_1,Triangle + branches,Constant bias,8.200000000000001,2,A,0.009583740503606136,0.025467610464157936,0.376310942759781,0.0013442947492180723
toy_1,Triangle + branches,Constant bias,8.200000000000001,2,B,0.006591019233737677,0.025467610464157936,0.2588000646159405,0.0013442947492180723
toy_1,Triangle + branches,Constant bias,8.200000000000001,2,C,0.006591019233737677,0.025467610464157936,0.2588000646159405,0.0013442947492180723
toy_1,Triangle + branches,Constant bias,8.200000000000001,2,D,0.0013509157465382224,0.025467610464157936,0.053044464004168956,0.0013442947492180723
toy_1,Triangle + branches,Constant bias,8.200000000000001,2,E,0.0013509157465382224,0.025467610464157936,0.053044464004168956,0.0013442947492180723
toy_1,Triangle + branches,Constant bias,8.3,1,A,0.011419030441773403,0.03030400463513542,0.37681588883252143,0.001278862595455621
toy_1,Triangle + branches,Constant bias,8.3,1,B,0.007821283057703752,0.03030400463513542,0.25809404241693884,0.001278862595455621
toy_1,Triangle + branches,Constant bias,8.3,1,C,0.007821283057703752,0.03030400463513542,0.25809404241693884,0.001278862595455621
toy_1,Triangle + branches,Constant bias,8.3,1,D,0.0016212040389772557,0.03030400463513542,0.053498013166800425,0.001278862595455621
toy_1,Triangle + branches,Constant bias,8.3,1,E,0.0016212040389772557,0.03030400463513542,0.053498013166800425,0.001278862595455621
toy_1,Triangle + branches,Constant bias,8.3,2,A,0.009166531415766923,0.024355719091593744,0.37636053287093074,0.001278862595455621
toy_1,Triangle + branches,Constant bias,8.3,2,B,0.006301639805386675,0.024355719091593744,0.25873347371466665,0.001278862595455621
toy_1,Triangle + branches,Constant bias,8.3,2,C,0.006301639805386675,0.024355719091593744,0.25873347371466665,0.001278862595455621
toy_1,Triangle + branches,Constant bias,8.3,2,D,0.0012929540325267355,0.024355719091593744,0.05308625984986796,0.001278862595455621
toy_1,Triangle + branches,Constant bias,8.3,2,E,0.0012929540325267355,0.024355719091593744,0.05308625984986796,0.001278862595455621
toy_1,Triangle + branches,Constant bias,8.4,1,A,0.01092100804021682,0.028980320368287394,0.3768422122816651,0.0012165714998827737
toy_1,Triangle + branches,Constant bias,8.4,1,B,0.0074787160097149925,0.028980320368287394,0.25806188181062373,0.0012165714998827737
toy_1,Triangle + branches,Constant bias,8.4,1,C,0.0074787160097149925,0.028980320368287394,0.25806188181062373,0.0012165714998827737
toy_1,Triangle + branches,Constant bias,8.4,1,D,0.0015509401543202948,0.028980320368287394,0.05351701204854377,0.0012165714998827737
toy_1,Triangle + branches,Constant bias,8.4,1,E,0.0015509401543202948,0.028980320368287394,0.05351701204854377,0.0012165714998827737
toy_1,Triangle + branches,Constant bias,8.4,2,A,0.008767407008834468,0.02329231037664648,0.3764077872508909,0.0012165714998827737
toy_1,Triangle + branches,Constant bias,8.4,2,B,0.006025025827999835,0.02329231037664648,0.2586701675605651,0.0012165714998827737
toy_1,Triangle + branches,Constant bias,8.4,2,C,0.006025025827999835,0.02329231037664648,0.2586701675605651,0.0012165714998827737
toy_1,Triangle + branches,Constant bias,8.4,2,D,0.0012374258559061727,0.02329231037664648,0.05312593881398946,0.0012165714998827737
toy_1,Triangle + branches,Constant bias,8.4,2,E,0.0012374258559061727,0.02329231037664648,0.05312593881398946,0.0012165714998827737
toy_1,Triangle + branches,Constant bias,8.5,1,A,0.010444650213659881,0.027714402035355336,0.37686724037327646,0.0011572746593253441
toy_1,Triangle + branches,Constant bias,8.5,1,B,0.007151184493497444,0.027714402035355336,0.2580313471809588,0.0011572746593253441
toy_1,Triangle + branches,Constant bias,8.5,1,C,0.007151184493497444,0.027714402035355336,0.2580313471809588,0.0011572746593253441
toy_1,Triangle + branches,Constant bias,8.5,1,D,0.0014836914173502848,0.027714402035355336,0.05353503263240303,0.0011572746593253441
toy_1,Triangle + branches,Constant bias,8.5,1,E,0.0014836914173502848,0.027714402035355336,0.05353503263240303,0.0011572746593253441
toy_1,Triangle + branches,Constant bias,8.5,2,A,0.008385590220970011,0.02227527570292475,0.3764528139990196,0.0011572746593253441
toy_1,Triangle + branches,Constant bias,8.5,2,B,0.005760608704503192,0.02227527570292475,0.25860998451062145,0.0011572746593253441
toy_1,Triangle + branches,Constant bias,8.5,2,C,0.005760608704503192,0.02227527570292475,0.25860998451062145,0.0011572746593253441
toy_1,Triangle + branches,Constant bias,8.5,2,D,0.0011842340364741771,0.02227527570292475,0.053163608489868744,0.0011572746593253441
toy_1,Triangle + branches,Constant bias,8.5,2,E,0.0011842340364741771,0.02227527570292475,0.053163608489868744,0.0011572746593253441
toy_1,Triangle + branches,Constant bias,8.6,1,A,0.009989019866634544,0.026503734204609407,0.3768910369202729,0.0011008317648919033
toy_1,Triangle + branches,Constant bias,8.6,1,B,0.0068380258399452325,0.026503734204609407,0.2580023549570609,0.0011008317648919033
toy_1,Triangle + branches,Constant bias,8.6,1,C,0.0068380258399452325,0.026503734204609407,0.2580023549570609,0.0011008317648919033
toy_1,Triangle + branches,Constant bias,8.6,1,D,0.0014193313290421989,0.026503734204609407,0.05355212658280264,0.0011008317648919033
toy_1,Triangle + branches,Constant bias,8.6,1,E,0.0014193313290421989,0.026503734204609407,0.05355212658280264,0.0011008317648919033
toy_1,Triangle + branches,Constant bias,8.6,2,A,0.00802033677977152,0.02130259769689742,0.37649571633884005,0.0011008317648919033
toy_1,Triangle + branches,Constant bias,8.6,2,B,0.005507845660612126,0.02130259769689742,0.25855277083950684,0.0011008317648919033
toy_1,Triangle + branches,Constant bias,8.6,2,C,0.005507845660612126,0.02130259769689742,0.25855277083950684,0.0011008317648919033
toy_1,Triangle + branches,Constant bias,8.6,2,D,0.0011332847979508252,0.02130259769689742,0.053199370991073094,0.0011008317648919033
toy_1,Triangle + branches,Constant bias,8.6,2,E,0.0011332847979508252,0.02130259769689742,0.053199370991073094,0.0011008317648919033
toy_1,Triangle + branches,Constant bias,8.700000000000001,1,A,0.009553219918118559,0.025345910394202864,0.3769136625805944,0.0010471087496072215
toy_1,Triangle + branches,Constant bias,8.700000000000001,1,B,0.00653860682325944,0.025345910394202864,0.2579748259804057,0.0010471087496072215
toy_1,Triangle + branches,Constant bias,8.700000000000001,1,C,0.00653860682325944,0.025345910394202864,0.2579748259804057,0.0010471087496072215
toy_1,Triangle + branches,Constant bias,8.700000000000001,1,D,0.001357738414782713,0.025345910394202864,0.05356834272929711,0.0010471087496072215
toy_1,Triangle + branches,Constant bias,8.700000000000001,1,E,0.001357738414782713,0.025345910394202864,0.05356834272929711,0.0010471087496072215
toy_1,Triangle + branches,Constant bias,8.700000000000001,2,A,0.007670933870612891,0.02037234631824699,0.37653659282938023,0.0010471087496072215
toy_1,Triangle + branches,Constant bias,8.700000000000001,2,B,0.005266218527302259,0.02037234631824699,0.25849838035520933,0.0010471087496072215
toy_1,Triangle + branches,Constant bias,8.700000000000001,2,C,0.005266218527302259,0.02037234631824699,0.25849838035520933,0.0010471087496072215
toy_1,Triangle + branches,Constant bias,8.700000000000001,2,D,0.0010844876965147915,0.02037234631824699,0.05323332323010058,0.0010471087496072215
toy_1,Triangle + branches,Constant bias,8.700000000000001,2,E,0.0010844876965147915,0.02037234631824699,0.05323332323010058,0.0010471087496072215
toy_1,Triangle + branches,Constant bias,8.8,1,A,0.009136391644619015,0.024238628417375997,0.3769351750146634,0.0009959775422911446
toy_1,Triangle + branches,Constant bias,8.8,1,B,0.006252322332812629,0.024238628417375997,0.25794868526184894,0.0009959775422911446
toy_1,Triangle + branches,Constant bias,8.8,1,C,0.006252322332812629,0.024238628417375997,0.25794868526184894,0.0009959775422911446
toy_1,Triangle + branches,Constant bias,8.8,1,D,0.001298796053565862,0.024238628417375997,0.053583727230819354,0.0009959775422911446
toy_1,Triangle + branches,Constant bias,8.8,1,E,0.001298796053565862,0.024238628417375997,0.053583727230819354,0.0009959775422911446
toy_1,Triangle + branches,Constant bias,8.8,2,A,0.007336698854601686,0.019482675114757653,0.3765755375679552,0.0009959775422911446
toy_1,Triangle + branches,Constant bias,8.8,2,B,0.005035232584674506,0.019482675114757653,0.25844667403299454,0.0009959775422911446
toy_1,Triangle + branches,Constant bias,8.8,2,C,0.005035232584674506,0.019482675114757653,0.25844667403299454,0.0009959775422911446
toy_1,Triangle + branches,Constant bias,8.8,2,D,0.0010377555454034785,0.019482675114757653,0.0532655571830279,0.0009959775422911446
toy_1,Triangle + branches,Constant bias,8.8,2,E,0.0010377555454034785,0.019482675114757653,0.0532655571830279,0.0009959775422911446
toy_1,Triangle + branches,Constant bias,8.9,1,A,0.00873771308654003,0.023179685919302532,0.37695562903481067,0.0009473158279494631
toy_1,Triangle + branches,Constant bias,8.9,1,B,0.005978594106525369,0.023179685919302532,0.2579238617528801,0.0009473158279494631
toy_1,Triangle + branches,Constant bias,8.9,1,C,0.005978594106525369,0.023179685919302532,0.2579238617528801,0.0009473158279494631
toy_1,Triangle + branches,Constant bias,8.9,1,D,0.0012423923098558837,0.023179685919302532,0.05359832372971458,0.0009473158279494631
toy_1,Triangle + branches,Constant bias,8.9,1,E,0.0012423923098558837,0.023179685919302532,0.05359832372971458,0.0009473158279494631
toy_1,Triangle + branches,Constant bias,8.9,2,A,0.007016978034689002,0.01863181763501481,0.37661264038469233,0.0009473158279494631
toy_1,Triangle + branches,Constant bias,8.9,2,B,0.004814415463772993,0.01863181763501481,0.25839751966685487,0.0009473158279494631
toy_1,Triangle + branches,Constant bias,8.9,2,C,0.004814415463772993,0.01863181763501481,0.25839751966685487,0.0009473158279494631
toy_1,Triangle + branches,Constant bias,8.9,2,D,0.0009930043363899127,0.01863181763501481,0.05329616014079903,0.0009473158279494631
toy_1,Triangle + branches,Constant bias,8.9,2,E,0.0009930043363899127,0.01863181763501481,0.05329616014079903,0.0009473158279494631
toy_1,Triangle + branches,Constant bias,9.0,1,A,0.008356397515995626,0.022166976098533363,0.3769750767470946,0.0009010068148725681
toy_1,Triangle + branches,Constant bias,9.0,1,B,0.005716869522787094,0.022166976098533363,0.25790028813020377,0.0009010068148725681
toy_1,Triangle + branches,Constant bias,9.0,1,C,0.005716869522787094,0.022166976098533363,0.25790028813020377,0.0009010068148725681
toy_1,Triangle + branches,Constant bias,9.0,1,D,0.0011884197684817728,0.022166976098533363,0.05361217349624888,0.0009010068148725681
toy_1,Triangle + branches,Constant bias,9.0,1,E,0.0011884197684817728,0.022166976098533363,0.05361217349624888,0.0009010068148725681
toy_1,Triangle + branches,Constant bias,9.0,2,A,0.006711145468475451,0.017818083992460144,0.37664798702909486,0.0009010068148725681
toy_1,Triangle + branches,Constant bias,9.0,2,B,0.004603316103136233,0.017818083992460144,0.2583507915376401,0.0009010068148725681
toy_1,Triangle + branches,Constant bias,9.0,2,C,0.004603316103136233,0.017818083992460144,0.2583507915376401,0.0009010068148725681
toy_1,Triangle + branches,Constant bias,9.0,2,D,0.0009501531588561147,0.017818083992460144,0.053325214947812526,0.0009010068148725681
toy_1,Triangle + branches,Constant bias,9.0,2,E,0.0009501531588561147,0.017818083992460144,0.053325214947812526,0.0009010068148725681
toy_1,Triangle + branches,Constant bias,9.1,1,A,0.007991691964212587,0.021198483606146176,0.3769935676859225,0.0008569390085869238
toy_1,Triangle + branches,Constant bias,9.1,1,B,0.005466620448103978,0.021198483606146176,0.25787790059280535,0.0008569390085869238
toy_1,Triangle + branches,Constant bias,9.1,1,C,0.005466620448103978,0.021198483606146176,0.25787790059280535,0.0008569390085869238
toy_1,Triangle + branches,Constant bias,9.1,1,D,0.0011367753728628157,0.021198483606146176,0.05362531556423333,0.0008569390085869238
toy_1,Triangle + branches,Constant bias,9.1,1,E,0.0011367753728628157,0.021198483606146176,0.05362531556423333,0.0008569390085869238
toy_1,Triangle + branches,Constant bias,9.1,2,A,0.006418601826269646,0.017039857574599714,0.37668165934892955,0.0008569390085869238
toy_1,Triangle + branches,Constant bias,9.1,2,B,0.004401503757066407,0.017039857574599714,0.2583063700970989,0.0008569390085869238
toy_1,Triangle + branches,Constant bias,9.1,2,C,0.004401503757066407,0.017039857574599714,0.2583063700970989,0.0008569390085869238
toy_1,Triangle + branches,Constant bias,9.1,2,D,0.0009091241170986278,0.017039857574599714,0.05335280022843643,0.0008569390085869238
toy_1,Triangle + branches,Constant bias,9.1,2,E,0.0009091241170986278,0.017039857574599714,0.05335280022843643,0.0008569390085869238
toy_1,Triangle + branches,Constant bias,9.200000000000001,1,A,0.007642875806663143,0.02027228061587624,0.37701114894185234,0.0008150059927425207
toy_1,Triangle + branches,Constant bias,9.200000000000001,1,B,0.005227342137799431,0.02027228061587624,0.2578566386707195,0.0008150059927425207
toy_1,Triangle + branches,Constant bias,9.200000000000001,1,C,0.005227342137799431,0.02027228061587624,0.2578566386707195,0.0008150059927425207
toy_1,Triangle + branches,Constant bias,9.200000000000001,1,D,0.0010873602668071164,0.02027228061587624,0.05363778685835426,0.0008150059927425207
toy_1,Triangle + branches,Constant bias,9.200000000000001,1,E,0.0010873602668071164,0.02027228061587624,0.05363778685835426,0.0008150059927425207
toy_1,Triangle + branches,Constant bias,9.200000000000001,2,A,0.0061387732929719385,0.016295591891407824,0.3767137354617189,0.0008150059927425207
toy_1,Triangle + branches,Constant bias,9.200000000000001,2,B,0.004208567052791647,0.016295591891407824,0.25826414166709083,0.0008150059927425207
toy_1,Triangle + branches,Constant bias,9.200000000000001,2,C,0.004208567052791647,0.016295591891407824,0.25826414166709083,0.0008150059927425207
toy_1,Triangle + branches,Constant bias,9.200000000000001,2,D,0.000869842246426297,0.016295591891407824,0.05337899060204979,0.0008150059927425207
toy_1,Triangle + branches,Constant bias,9.200000000000001,2,E,0.000869842246426297,0.016295591891407824,0.05337899060204979,0.0008150059927425207
toy_1,Triangle + branches,Constant bias,9.3,1,A,0.007309259404071884,0.019386523058678246,0.3770278652829365,0.0007751062169835607
toy_1,Triangle + branches,Constant bias,9.3,1,B,0.0049985521872280714,0.019386523058678246,0.2578364450447706,0.0007751062169835607
toy_1,Triangle + branches,Constant bias,9.3,1,C,0.0049985521872280714,0.019386523058678246,0.2578364450447706,0.0007751062169835607
toy_1,Triangle + branches,Constant bias,9.3,1,D,0.0010400796400751088,0.019386523058678246,0.053649622313761115,0.0007751062169835607
toy_1,Triangle + branches,Constant bias,9.3,1,E,0.0010400796400751088,0.019386523058678246,0.053649622313761115,0.0007751062169835607
toy_1,Triangle + branches,Constant bias,9.3,2,A,0.005871110512374976,0.015583807557204166,0.3767442899191121,0.0007751062169835607
toy_1,Triangle + branches,Constant bias,9.3,2,B,0.004024113093872285,0.015583807557204166,0.2582239981532624,0.0007751062169835607
toy_1,Triangle + branches,Constant bias,9.3,2,C,0.004024113093872285,0.015583807557204166,0.2582239981532624,0.0007751062169835607
toy_1,Triangle + branches,Constant bias,9.3,2,D,0.0008322354285423102,0.015583807557204166,0.05340385688718159,0.0007751062169835607
toy_1,Triangle + branches,Constant bias,9.3,2,E,0.0008322354285423102,0.015583807557204166,0.05340385688718159,0.0007751062169835607
toy_1,Triangle + branches,Constant bias,9.4,1,A,0.006990182797453348,0.01853944701534949,0.3770437592699458,0.0007371427918065401
toy_1,Triangle + branches,Constant bias,9.4,1,B,0.004779789531091905,0.01853944701534949,0.2578172653766071,0.0007371427918065401
toy_1,Triangle + branches,Constant bias,9.4,1,C,0.004779789531091905,0.01853944701534949,0.2578172653766071,0.0007371427918065401
toy_1,Triangle + branches,Constant bias,9.4,1,D,0.0009948425778561634,0.01853944701534949,0.053660854988419916,0.0007371427918065401
toy_1,Triangle + branches,Constant bias,9.4,1,E,0.0009948425778561634,0.01853944701534949,0.053660854988419916,0.0007371427918065401
toy_1,Triangle + branches,Constant bias,9.4,2,A,0.005615087572493353,0.014903089400506421,0.3767733938643988,0.0007371427918065401
toy_1,Triangle + branches,Constant bias,9.4,2,B,0.0038477666073652803,0.014903089400506421,0.2581858367725104,0.0007371427918065401
toy_1,Triangle + branches,Constant bias,9.4,2,C,0.0038477666073652803,0.014903089400506421,0.2581858367725104,0.0007371427918065401
toy_1,Triangle + branches,Constant bias,9.4,2,D,0.0007962343066412532,0.014903089400506421,0.05342746629529019,0.0007371427918065401
toy_1,Triangle + branches,Constant bias,9.4,2,E,0.0007962343066412532,0.014903089400506421,0.05342746629529019,0.0007371427918065401
toy_1,Triangle + branches,Constant bias,9.5,1,A,0.006685014455356117,0.017729365261030618,0.3770588713657938,0.0007010232903784525
toy_1,Triangle + branches,Constant bias,9.5,1,B,0.004570613488568936,0.017729365261030618,0.2577990481483962,0.0007010232903784525
toy_1,Triangle + branches,Constant bias,9.5,1,C,0.004570613488568936,0.017729365261030618,0.2577990481483962,0.0007010232903784525
toy_1,Triangle + branches,Constant bias,9.5,1,D,0.0009515619142683135,0.017729365261030618,0.0536715161687068,0.0007010232903784525
toy_1,Triangle + branches,Constant bias,9.5,1,E,0.0009515619142683135,0.017729365261030618,0.0536715161687068,0.0007010232903784525
toy_1,Triangle + branches,Constant bias,9.5,2,A,0.0053702010305584115,0.014252083696578825,0.376801115183425,0.0007010232903784525
toy_1,Triangle + branches,Constant bias,9.5,2,B,0.00367916913241316,0.014252083696578825,0.25814955979358545,0.0007010232903784525
toy_1,Triangle + branches,Constant bias,9.5,2,C,0.00367916913241316,0.014252083696578825,0.25814955979358545,0.0007010232903784525
toy_1,Triangle + branches,Constant bias,9.5,2,D,0.000761772200597046,0.014252083696578825,0.053449882614701974,0.0007010232903784525
toy_1,Triangle + branches,Constant bias,9.5,2,E,0.000761772200597046,0.014252083696578825,0.053449882614701974,0.0007010232903784525
toy_1,Triangle + branches,Constant bias,9.600000000000001,1,A,0.006393150071513769,0.016954663955587805,0.3770732400394617,0.0006666595572596898
toy_1,Triangle + branches,Constant bias,9.600000000000001,1,B,0.004370602852079179,0.016954663955587805,0.2577817445115888,0.0006666595572596898
toy_1,Triangle + branches,Constant bias,9.600000000000001,1,C,0.004370602852079179,0.016954663955587805,0.2577817445115888,0.0006666595572596898
toy_1,Triangle + branches,Constant bias,9.600000000000001,1,D,0.0009101540899578385,0.016954663955587805,0.05368163546868034,0.0006666595572596898
toy_1,Triangle + branches,Constant bias,9.600000000000001,1,E,0.0009101540899578385,0.016954663955587805,0.05368163546868034,0.0006666595572596898
toy_1,Triangle + branches,Constant bias,9.600000000000001,2,A,0.005135968976338634,0.013629495517604178,0.37682751864916025,0.0006666595572596898
toy_1,Triangle + branches,Constant bias,9.600000000000001,2,B,0.0035179782480646046,0.013629495517604178,0.2581150742902186,0.0006666595572596898
toy_1,Triangle + branches,Constant bias,9.600000000000001,2,C,0.0035179782480646046,0.013629495517604178,0.2581150742902186,0.0006666595572596898
toy_1,Triangle + branches,Constant bias,9.600000000000001,2,D,0.0007287850225681669,0.013629495517604178,0.05347116638520119,0.0006666595572596898
toy_1,Triangle + branches,Constant bias,9.600000000000001,2,E,0.0007287850225681669,0.013629495517604178,0.05347116638520119,0.0006666595572596898
toy_1,Triangle + branches,Constant bias,9.700000000000001,1,A,0.0061140114111325125,0.016213799474069406,0.37708690186471094,0.0006339675239521309
toy_1,Triangle + branches,Constant bias,9.700000000000001,1,B,0.004179355017621818,0.016213799474069406,0.25776530814420306,0.0006339675239521309
toy_1,Triangle + branches,Constant bias,9.700000000000001,1,C,0.004179355017621818,0.016213799474069406,0.25776530814420306,0.0006339675239521309
toy_1,Triangle + branches,Constant bias,9.700000000000001,1,D,0.0008705390138466283,0.016213799474069406,0.05369124092344142,0.0006339675239521309
toy_1,Triangle + branches,Constant bias,9.700000000000001,1,E,0.0008705390138466283,0.016213799474069406,0.05369124092344142,0.0006339675239521309
toy_1,Triangle + branches,Constant bias,9.700000000000001,2,A,0.004911930132472976,0.013034086195608433,0.37685266606016077,0.0006339675239521309
toy_1,Triangle + branches,Constant bias,9.700000000000001,2,B,0.0033638668382653157,0.013034086195608433,0.25808229190617915,0.0006339675239521309
toy_1,Triangle + branches,Constant bias,9.700000000000001,2,C,0.0033638668382653157,0.013034086195608433,0.25808229190617915,0.0006339675239521309
toy_1,Triangle + branches,Constant bias,9.700000000000001,2,D,0.0006972111933024127,0.013034086195608433,0.053491375063740465,0.0006339675239521309
toy_1,Triangle + branches,Constant bias,9.700000000000001,2,E,0.0006972111933024127,0.013034086195608433,0.053491375063740465,0.0006339675239521309
toy_1,Triangle + branches,Constant bias,9.8,1,A,0.005847045204078517,0.015505295371619609,0.37709989161385205,0.0006028670311727519
toy_1,Triangle + branches,Constant bias,9.8,1,B,0.003996485154720238,0.015505295371619609,0.25774969511611334,0.0006028670311727519
toy_1,Triangle + branches,Constant bias,9.8,1,C,0.003996485154720238,0.015505295371619609,0.25774969511611334,0.0006028670311727519
toy_1,Triangle + branches,Constant bias,9.8,1,D,0.0008326399290503081,0.015505295371619609,0.05370035907696059,0.0006028670311727519
toy_1,Triangle + branches,Constant bias,9.8,1,E,0.0008326399290503081,0.015505295371619609,0.05370035907696059,0.0006028670311727519
toy_1,Triangle + branches,Constant bias,9.8,2,A,0.004697642990531988,0.012464670893459266,0.3768766163731638,0.0006028670311727519
toy_1,Triangle + branches,Constant bias,9.8,2,B,0.00321652239207986,0.012464670893459266,0.2580511286316997,0.0006028670311727519
toy_1,Triangle + branches,Constant bias,9.8,2,C,0.00321652239207986,0.012464670893459266,0.2580511286316997,0.0006028670311727519
toy_1,Triangle + branches,Constant bias,9.8,2,D,0.0006669915593837776,0.012464670893459266,0.05351056318171834,0.0006028670311727519
toy_1,Triangle + branches,Constant bias,9.8,2,E,0.0006669915593837776,0.012464670893459266,0.05351056318171834,0.0006028670311727519
toy_1,Triangle + branches,Constant bias,9.9,1,A,0.005591722083264613,0.014827739477420698,0.3771122423468219,0.0005732816577354791
toy_1,Triangle + branches,Constant bias,9.9,1,B,0.0038216254141094277,0.014827739477420698,0.25773486376186344,0.0005732816577354791
toy_1,Triangle + branches,Constant bias,9.9,1,C,0.0038216254141094277,0.014827739477420698,0.25773486376186344,0.0005732816577354791
toy_1,Triangle + branches,Constant bias,9.9,1,D,0.0007963832829686143,0.014827739477420698,0.053709015064725564,0.0005732816577354791
toy_1,Triangle + branches,Constant bias,9.9,1,E,0.0007963832829686143,0.014827739477420698,0.053709015064725564,0.0005732816577354791
toy_1,Triangle + branches,Constant bias,9.9,2,A,0.004492684981550726,0.011920116279446544,0.37689942583004094,0.0005732816577354791
toy_1,Triangle + branches,Constant bias,9.9,2,B,0.003075646337319266,0.011920116279446544,0.2580215045907312,0.0005732816577354791
toy_1,Triangle + branches,Constant bias,9.9,2,C,0.003075646337319266,0.011920116279446544,0.2580215045907312,0.0005732816577354791
toy_1,Triangle + branches,Constant bias,9.9,2,D,0.0006380693116286426,0.011920116279446544,0.05352878249424832,0.0005732816577354791
toy_1,Triangle + branches,Constant bias,9.9,2,E,0.0006380693116286426,0.011920116279446544,0.05352878249424832,0.0005732816577354791
toy_1,Triangle + branches,Constant bias,10.0,1,A,0.005347535566574747,0.014179781112421748,0.37712398549581333,0.0005451385559123931
toy_1,Triangle + branches,Constant bias,10.0,1,B,0.0036544241713924635,0.014179781112421748,0.25772077456055514,0.0005451385559123931
toy_1,Triangle + branches,Constant bias,10.0,1,C,0.0036544241713924635,0.014179781112421748,0.25772077456055514,0.0005451385559123931
toy_1,Triangle + branches,Constant bias,10.0,1,D,0.0007616986015310374,0.014179781112421748,0.0537172326915382,0.0005451385559123931
toy_1,Triangle + branches,Constant bias,10.0,1,E,0.0007616986015310374,0.014179781112421748,0.0537172326915382,0.0005451385559123931
toy_1,Triangle + branches,Constant bias,10.0,2,A,0.004296651679806914,0.011399338301130801,0.3769211480793312,0.0005451385559123931
toy_1,Triangle + branches,Constant bias,10.0,2,B,0.0029409534058551503,0.011399338301130801,0.2579933438385113,0.0005451385559123931
toy_1,Triangle + branches,Constant bias,10.0,2,C,0.0029409534058551503,0.011399338301130801,0.2579933438385113,0.0005451385559123931
toy_1,Triangle + branches,Constant bias,10.0,2,D,0.0006103899048067926,0.011399338301130801,0.05354608212182303,0.0005451385559123931
toy_1,Triangle + branches,Constant bias,10.0,2,E,0.0006103899048067926,0.011399338301130801,0.05354608212182303,0.0005451385559123931
toy_1,Triangle + branches,Full DMWA,0.0,1,A,0.3333333333333333,1.0,0.3333333333333333,0.0
toy_1,Triangle + branches,Full DMWA,0.0,1,B,0.3333333333333333,1.0,0.3333333333333333,0.0
toy_1,Triangle + branches,Full DMWA,0.0,1,C,0.3333333333333333,1.0,0.3333333333333333,0.0
toy_1,Triangle + branches,Full DMWA,0.0,1,D,0.0,1.0,0.0,0.0
toy_1,Triangle + branches,Full DMWA,0.0,1,E,0.0,1.0,0.0,0.0
toy_1,Triangle + branches,Full DMWA,0.0,2,A,0.3333333333333333,1.0,0.3333333333333333,0.0
toy_1,Triangle + branches,Full DMWA,0.0,2,B,0.3333333333333333,1.0,0.3333333333333333,0.0
toy_1,Triangle + branches,Full DMWA,0.0,2,C,0.3333333333333333,1.0,0.3333333333333333,0.0
toy_1,Triangle + branches,Full DMWA,0.0,2,D,0.0,1.0,0.0,0.0
toy_1,Triangle + branches,Full DMWA,0.0,2,E,0.0,1.0,0.0,0.0
toy_1,Triangle + branches,Full DMWA,0.1,1,A,0.32768824309634104,0.9743304525674508,0.3363214628392782,0.005757057242881964
toy_1,Triangle + branches,Full DMWA,0.1,1,B,0.31900984780400793,0.9743304525674508,0.32741442799348774,0.005757057242881964
toy_1,Triangle + branches,Full DMWA,0.1,1,C,0.31900984780400793,0.9743304525674508,0.32741442799348774,0.005757057242881964
toy_1,Triangle + branches,Full DMWA,0.1,1,D,0.004311256931546879,0.9743304525674508,0.004424840586873087,0.005757057242881964
toy_1,Triangle + branches,Full DMWA,0.1,1,E,0.004311256931546879,0.9743304525674508,0.004424840586873087,0.005757057242881964
toy_1,Triangle + branches,Full DMWA,0.1,2,A,0.31918500956035556,0.9519932562377097,0.3352807464432879,0.005757057242881964
toy_1,Triangle + branches,Full DMWA,0.1,2,B,0.31443666728022657,0.9519932562377097,0.33029295661492875,0.005757057242881964
toy_1,Triangle + branches,Full DMWA,0.1,2,C,0.31443666728022657,0.9519932562377097,0.33029295661492875,0.005757057242881964
toy_1,Triangle + branches,Full DMWA,0.1,2,D,0.001967456058450446,0.9519932562377097,0.0020666701634272696,0.005757057242881964
toy_1,Triangle + branches,Full DMWA,0.1,2,E,0.001967456058450446,0.9519932562377097,0.0020666701634272696,0.005757057242881964
toy_1,Triangle + branches,Full DMWA,0.2,1,A,0.32128058774860413,0.9475635811535663,0.33905966221018785,0.010444917343820016
toy_1,Triangle + branches,Full DMWA,0.2,1,B,0.30520611058587904,0.9475635811535663,0.32209565316379124,0.010444917343820016
toy_1,Triangle + branches,Full DMWA,0.2,1,C,0.30520611058587904,0.9475635811535663,0.32209565316379124,0.010444917343820016
toy_1,Triangle + branches,Full DMWA,0.2,1,D,0.007935386116602041,0.9475635811535663,0.008374515731114826,0.010444917343820016
toy_1,Triangle + branches,Full DMWA,0.2,1,E,0.007935386116602041,0.9475635811535663,0.008374515731114826,0.010444917343820016
toy_1,Triangle + branches,Full DMWA,0.2,2,A,0.3057376111199421,0.9067702892235232,0.33717206524460386,0.010444917343820016
toy_1,Triangle + branches,Full DMWA,0.2,2,B,0.29680233893735636,0.9067702892235232,0.32731811183570125,0.010444917343820016
toy_1,Triangle + branches,Full DMWA,0.2,2,C,0.29680233893735636,0.9067702892235232,0.32731811183570125,0.010444917343820016
toy_1,Triangle + branches,Full DMWA,0.2,2,D,0.003714000114434227,0.9067702892235232,0.0040958555419968205,0.010444917343820016
toy_1,Triangle + branches,Full DMWA,0.2,2,E,0.003714000114434227,0.9067702892235232,0.0040958555419968205,0.010444917343820016
toy_1,Triangle + branches,Full DMWA,0.30000000000000004,1,A,0.3142599934916446,0.9200216769710368,0.34157890119097467,0.014237224838006525
toy_1,Triangle + branches,Full DMWA,0.30000000000000004,1,B,0.29191953126049697,0.9200216769710368,0.3172963622135252,0.014237224838006525
toy_1,Triangle + branches,Full DMWA,0.30000000000000004,1,C,0.29191953126049697,0.9200216769710368,0.3172963622135252,0.014237224838006525
toy_1,Triangle + branches,Full DMWA,0.30000000000000004,1,D,0.010961310479199174,0.9200216769710368,0.011914187190987508,0.014237224838006525
toy_1,Triangle + branches,Full DMWA,0.30000000000000004,1,E,0.010961310479199174,0.9200216769710368,0.011914187190987508,0.014237224838006525
toy_1,Triangle + branches,Full DMWA,0.30000000000000004,2,A,0.2929380458601598,0.8641091932883653,0.3390058202544806,0.014237224838006525
toy_1,Triangle + branches,Full DMWA,0.30000000000000004,2,B,0.2803299620203797,0.8641091932883653,0.3244149746325285,0.014237224838006525
toy_1,Triangle + branches,Full DMWA,0.30000000000000004,2,C,0.2803299620203797,0.8641091932883653,0.3244149746325285,0.014237224838006525
toy_1,Triangle + branches,Full DMWA,0.30000000000000004,2,D,0.00525561169372315,0.8641091932883653,0.006082115240231311,0.014237224838006525
toy_1,Triangle + branches,Full DMWA,0.30000000000000004,2,E,0.00525561169372315,0.8641091932883653,0.006082115240231311,0.014237224838006525
toy_1,Triangle + branches,Full DMWA,0.4,1,A,0.3067559185749853,0.8919788904981083,0.3439049083366574,0.01727763075092139
toy_1,Triangle + branches,Full DMWA,0.4,1,B,0.27914449183246226,0.8919788904981083,0.31294966148423026,0.01727763075092139
toy_1,Triangle + branches,Full DMWA,0.4,1,C,0.27914449183246226,0.8919788904981083,0.31294966148423026,0.01727763075092139
toy_1,Triangle + branches,Full DMWA,0.4,1,D,0.013466994129099246,0.8919788904981083,0.015097884347441075,0.01727763075092139
toy_1,Triangle + branches,Full DMWA,0.4,1,E,0.013466994129099246,0.8919788904981083,0.015097884347441075,0.01727763075092139
toy_1,Triangle + branches,Full DMWA,0.4,2,A,0.2807394309774317,0.8238117111162284,0.34078106342654707,0.01727763075092139
toy_1,Triangle + branches,Full DMWA,0.4,2,B,0.2649283533970436,0.8238117111162284,0.32158847685969094,0.01727763075092139
toy_1,Triangle + branches,Full DMWA,0.4,2,C,0.2649283533970436,0.8238117111162284,0.32158847685969094,0.01727763075092139
toy_1,Triangle + branches,Full DMWA,0.4,2,D,0.0066077866723547336,0.8238117111162284,0.008020991427035523,0.01727763075092139
toy_1,Triangle + branches,Full DMWA,0.4,2,E,0.0066077866723547336,0.8238117111162284,0.008020991427035523,0.01727763075092139
toy_1,Triangle + branches,Full DMWA,0.5,1,A,0.29888015497623566,0.8636675769171187,0.34605925122614334,0.019685688699347018
toy_1,Triangle + branches,Full DMWA,0.5,1,B,0.2668729291520121,0.8636675769171187,0.3089995923021924,0.019685688699347018
toy_1,Triangle + branches,Full DMWA,0.5,1,C,0.2668729291520121,0.8636675769171187,0.3089995923021924,0.019685688699347018
toy_1,Triangle + branches,Full DMWA,0.5,1,D,0.01552078181842942,0.8636675769171187,0.0179707820847359,0.019685688699347018
toy_1,Triangle + branches,Full DMWA,0.5,1,E,0.01552078181842942,0.8636675769171187,0.0179707820847359,0.019685688699347018
toy_1,Triangle + branches,Full DMWA,0.5,2,A,0.2691002396975445,0.7857003174757332,0.34249730299473347,0.019685688699347018
toy_1,Triangle + branches,Full DMWA,0.5,2,B,0.25051460370210743,0.7857003174757332,0.31884243665186596,0.019685688699347018
toy_1,Triangle + branches,Full DMWA,0.5,2,C,0.25051460370210743,0.7857003174757332,0.31884243665186596,0.019685688699347018
toy_1,Triangle + branches,Full DMWA,0.5,2,D,0.007785435186986963,0.7857003174757332,0.00990891185076735,0.019685688699347018
toy_1,Triangle + branches,Full DMWA,0.5,2,E,0.007785435186986963,0.7857003174757332,0.00990891185076735,0.019685688699347018
toy_1,Triangle + branches,Full DMWA,0.6000000000000001,1,A,0.2907290258266452,0.8352838346892946,0.34806016081322755,0.02156140769657615
toy_1,Triangle + branches,Full DMWA,0.6000000000000001,1,B,0.2550948302998286,0.8352838346892946,0.30539897901258645,0.02156140769657615
toy_1,Triangle + branches,Full DMWA,0.6000000000000001,1,C,0.2550948302998286,0.8352838346892946,0.30539897901258645,0.02156140769657615
toy_1,Triangle + branches,Full DMWA,0.6000000000000001,1,D,0.017182574131496074,0.8352838346892946,0.02057094058079979,0.02156140769657615
toy_1,Triangle + branches,Full DMWA,0.6000000000000001,1,E,0.017182574131496074,0.8352838346892946,0.02057094058079979,0.02156140769657615
toy_1,Triangle + branches,Full DMWA,0.6000000000000001,2,A,0.2579835664362575,0.749615679429273,0.3441544427574884,0.02156140769657615
toy_1,Triangle + branches,Full DMWA,0.6000000000000001,2,B,0.23701324778948651,0.749615679429273,0.3161796828608745,0.02156140769657615
toy_1,Triangle + branches,Full DMWA,0.6000000000000001,2,C,0.23701324778948651,0.749615679429273,0.3161796828608745,0.02156140769657615
toy_1,Triangle + branches,Full DMWA,0.6000000000000001,2,D,0.008802808707021215,0.749615679429273,0.011743095760381262,0.02156140769657615
toy_1,Triangle + branches,Full DMWA,0.6000000000000001,2,E,0.008802808707021215,0.749615679429273,0.011743095760381262,0.02156140769657615
toy_1,Triangle + branches,Full DMWA,0.7000000000000001,1,A,0.28238531555214486,0.8069923387540064,0.3499231677814276,0.022988812133661128
toy_1,Triangle + branches,Full DMWA,0.7000000000000001,1,B,0.24379865293112,0.8069923387540064,0.30210776636063774,0.022988812133661128
toy_1,Triangle + branches,Full DMWA,0.7000000000000001,1,C,0.24379865293112,0.8069923387540064,0.30210776636063774,0.022988812133661128
toy_1,Triangle + branches,Full DMWA,0.7000000000000001,1,D,0.018504858669810734,0.8069923387540064,0.02293064974864839,0.022988812133661128
toy_1,Triangle + branches,Full DMWA,0.7000000000000001,1,E,0.018504858669810734,0.8069923387540064,0.02293064974864839,0.022988812133661128
toy_1,Triangle + branches,Full DMWA,0.7000000000000001,2,A,0.24735649437312346,0.7154144440799677,0.34575272615753117,0.022988812133661128
toy_1,Triangle + branches,Full DMWA,0.7000000000000001,2,B,0.22435552384946741,0.7154144440799677,0.3136021724274683,0.022988812133661128
toy_1,Triangle + branches,Full DMWA,0.7000000000000001,2,C,0.22435552384946741,0.7154144440799677,0.3136021724274683,0.022988812133661128
toy_1,Triangle + branches,Full DMWA,0.7000000000000001,2,D,0.009673451003954657,0.7154144440799677,0.013521464493766046,0.022988812133661128
toy_1,Triangle + branches,Full DMWA,0.7000000000000001,2,E,0.009673451003954657,0.7154144440799677,0.013521464493766046,0.022988812133661128
toy_1,Triangle + branches,Full DMWA,0.8,1,A,0.27391996518762995,0.7789305571134145,0.3516615989527118,0.024038757231263988
toy_1,Triangle + branches,Full DMWA,0.8,1,B,0.23297168098114818,0.7789305571134145,0.2990917211471354,0.024038757231263988
toy_1,Triangle + branches,Full DMWA,0.8,1,C,0.23297168098114818,0.7789305571134145,0.2990917211471354,0.024038757231263988
toy_1,Triangle + branches,Full DMWA,0.8,1,D,0.01953361498174406,0.7789305571134145,0.025077479376508668,0.024038757231263988
toy_1,Triangle + branches,Full DMWA,0.8,1,E,0.01953361498174406,0.7789305571134145,0.025077479376508668,0.024038757231263988
toy_1,Triangle + branches,Full DMWA,0.8,2,A,0.23718955149988646,0.682967311252392,0.3472926853042789,0.024038757231263988
toy_1,Triangle + branches,Full DMWA,0.8,2,B,0.21247871130575197,0.682967311252392,0.31111109976276746,0.024038757231263988
toy_1,Triangle + branches,Full DMWA,0.8,2,C,0.21247871130575197,0.682967311252392,0.31111109976276746,0.024038757231263988
toy_1,Triangle + branches,Full DMWA,0.8,2,D,0.010410168570500852,0.682967311252392,0.015242557585093195,0.024038757231263988
toy_1,Triangle + branches,Full DMWA,0.8,2,E,0.010410168570500852,0.682967311252392,0.015242557585093195,0.024038757231263988
toy_1,Triangle + branches,Full DMWA,0.9,1,A,0.2653935613636485,0.7512124284314161,0.3532869682651667,0.024771178599852367
toy_1,Triangle + branches,Full DMWA,0.9,1,B,0.22260032474740837,0.7512124284314161,0.2963214083294833,0.024771178599852367
toy_1,Triangle + branches,Full DMWA,0.9,1,C,0.22260032474740837,0.7512124284314161,0.2963214083294833,0.024771178599852367
toy_1,Triangle + branches,Full DMWA,0.9,1,D,0.02030910878647539,0.7512124284314161,0.027035107537933346,0.024771178599852367
toy_1,Triangle + branches,Full DMWA,0.9,1,E,0.02030910878647539,0.7512124284314161,0.027035107537933346,0.024771178599852367
toy_1,Triangle + branches,Full DMWA,0.9,2,A,0.22745624305578035,0.6521573540234671,0.34877509492532016,0.024771178599852367
toy_1,Triangle + branches,Full DMWA,0.9,2,B,0.2013255387425244,0.6521573540234671,0.30870699762940945,0.024771178599852367
toy_1,Triangle + branches,Full DMWA,0.9,2,C,0.2013255387425244,0.6521573540234671,0.30870699762940945,0.024771178599852367
toy_1,Triangle + branches,Full DMWA,0.9,2,D,0.011025016741318937,0.6521573540234671,0.01690545490793042,0.024771178599852367
toy_1,Triangle + branches,Full DMWA,0.9,2,E,0.011025016741318937,0.6521573540234671,0.01690545490793042,0.024771178599852367
toy_1,Triangle + branches,Full DMWA,1.0,1,A,0.25685764399145616,0.72393156853903,0.35480928744386975,0.02523690629829839
toy_1,Triangle + branches,Full DMWA,1.0,1,B,0.2126703731578285,0.72393156853903,0.2937713761910116,0.02523690629829839
toy_1,Triangle + branches,Full DMWA,1.0,1,C,0.2126703731578285,0.72393156853903,0.2937713761910116,0.02523690629829839
toy_1,Triangle + branches,Full DMWA,1.0,1,D,0.020866589115958376,0.72393156853903,0.02882398008705346,0.02523690629829839
toy_1,Triangle + branches,Full DMWA,1.0,1,E,0.020866589115958376,0.72393156853903,0.02882398008705346,0.02523690629829839
toy_1,Triangle + branches,Full DMWA,1.0,2,A,0.2181326498717713,0.6228785548293889,0.35020093111332024,0.02523690629829839
toy_1,Triangle + branches,Full DMWA,1.0,2,B,0.19084365411382248,0.6228785548293889,0.30638982934016085,0.02523690629829839
toy_1,Triangle + branches,Full DMWA,1.0,2,C,0.19084365411382248,0.6228785548293889,0.30638982934016085,0.02523690629829839
toy_1,Triangle + branches,Full DMWA,1.0,2,D,0.011529298364986333,0.6228785548293889,0.018509705103179053,0.02523690629829839
toy_1,Triangle + branches,Full DMWA,1.0,2,E,0.011529298364986333,0.6228785548293889,0.018509705103179053,0.02523690629829839
toy_1,Triangle + branches,Full DMWA,1.1,1,A,0.24835585462479293,0.6971640652219335,0.35623731487900473,0.025479139862571026
toy_1,Triangle + branches,Full DMWA,1.1,1,B,0.2031672049862812,0.6971640652219335,0.2914195024116819,0.025479139862571026
toy_1,Triangle + branches,Full DMWA,1.1,1,C,0.2031672049862812,0.6971640652219335,0.2914195024116819,0.025479139862571026
toy_1,Triangle + branches,Full DMWA,1.1,1,D,0.021236900312289055,0.6971640652219335,0.03046184014881569,0.025479139862571026
toy_1,Triangle + branches,Full DMWA,1.1,1,E,0.021236900312289055,0.6971640652219335,0.03046184014881569,0.025479139862571026
toy_1,Triangle + branches,Full DMWA,1.1,2,A,0.20919708354531685,0.5950345290640885,0.351571334649027,0.025479139862571026
toy_1,Triangle + branches,Full DMWA,1.1,2,B,0.18098515037216767,0.5950345290640885,0.30415907234296746,0.025479139862571026
toy_1,Triangle + branches,Full DMWA,1.1,2,C,0.18098515037216767,0.5950345290640885,0.30415907234296746,0.025479139862571026
toy_1,Triangle + branches,Full DMWA,1.1,2,D,0.011933572387218185,0.5950345290640885,0.020055260332519077,0.025479139862571026
toy_1,Triangle + branches,Full DMWA,1.1,2,E,0.011933572387218185,0.5950345290640885,0.020055260332519077,0.025479139862571026
toy_1,Triangle + branches,Full DMWA,1.2000000000000002,1,A,0.2399249448023152,0.670970913216859,0.3575787565097789,0.02553465659656739
toy_1,Triangle + branches,Full DMWA,1.2000000000000002,1,B,0.1940759648660374,0.670970913216859,0.28924646514939417,0.02553465659656739
toy_1,Triangle + branches,Full DMWA,1.2000000000000002,1,C,0.1940759648660374,0.670970913216859,0.28924646514939417,0.02553465659656739
toy_1,Triangle + branches,Full DMWA,1.2000000000000002,1,D,0.021447019341234493,0.670970913216859,0.03196415659571636,0.02553465659656739
toy_1,Triangle + branches,Full DMWA,1.2000000000000002,1,E,0.021447019341234493,0.670970913216859,0.03196415659571636,0.02553465659656739
toy_1,Triangle + branches,Full DMWA,1.2000000000000002,2,A,0.20062979058359195,0.5685374117338312,0.35288757862344444,0.02553465659656739
toy_1,Triangle + branches,Full DMWA,1.2000000000000002,2,B,0.1717061404346587,0.5685374117338312,0.3020137934476779,0.02553465659656739
toy_1,Triangle + branches,Full DMWA,1.2000000000000002,2,C,0.1717061404346587,0.5685374117338312,0.3020137934476779,0.02553465659656739
toy_1,Triangle + branches,Full DMWA,1.2000000000000002,2,D,0.012247670140460954,0.5685374117338312,0.021542417240599944,0.02553465659656739
toy_1,Triangle + branches,Full DMWA,1.2000000000000002,2,E,0.012247670140460954,0.5685374117338312,0.021542417240599944,0.02553465659656739
toy_1,Triangle + branches,Full DMWA,1.3,1,A,0.23159566132743653,0.6454001348281106,0.35884042910700253,0.0254348079513759
toy_1,Triangle + branches,Full DMWA,1.3,1,B,0.1853817091607477,0.6454001348281106,0.2872353121062182,0.0254348079513759
toy_1,Triangle + branches,Full DMWA,1.3,1,C,0.1853817091607477,0.6454001348281106,0.2872353121062182,0.0254348079513759
toy_1,Triangle + branches,Full DMWA,1.3,1,D,0.021520527589589358,0.6454001348281106,0.03334447334028047,0.0254348079513759
toy_1,Triangle + branches,Full DMWA,1.3,1,E,0.021520527589589358,0.6454001348281106,0.03334447334028047,0.0254348079513759
toy_1,Triangle + branches,Full DMWA,1.3,2,A,0.19241269871000813,0.5433068859105674,0.3541510400471544,0.0254348079513759
toy_1,Triangle + branches,Full DMWA,1.3,2,B,0.16296637609487705,0.5433068859105674,0.2999527160819062,0.0254348079513759
toy_1,Triangle + branches,Full DMWA,1.3,2,C,0.16296637609487705,0.5433068859105674,0.2999527160819062,0.0254348079513759
toy_1,Triangle + branches,Full DMWA,1.3,2,D,0.012480717505402633,0.5433068859105674,0.02297176389451662,0.0254348079513759
toy_1,Triangle + branches,Full DMWA,1.3,2,E,0.012480717505402633,0.5433068859105674,0.02297176389451662,0.0254348079513759
toy_1,Triangle + branches,Full DMWA,1.4000000000000001,1,A,0.2233935233821529,0.6204886258766295,0.3600283938590194,0.02520634604451144
toy_1,Triangle + branches,Full DMWA,1.4000000000000001,1,B,0.17706952606565657,0.6204886258766295,0.28537110702954765,0.02520634604451144
toy_1,Triangle + branches,Full DMWA,1.4000000000000001,1,C,0.17706952606565657,0.6204886258766295,0.28537110702954765,0.02520634604451144
toy_1,Triangle + branches,Full DMWA,1.4000000000000001,1,D,0.021478025181581706,0.6204886258766295,0.034614696040942645,0.02520634604451144
toy_1,Triangle + branches,Full DMWA,1.4000000000000001,1,E,0.021478025181581706,0.6204886258766295,0.034614696040942645,0.02520634604451144
toy_1,Triangle + branches,Full DMWA,1.4000000000000001,2,A,0.1845291994468109,0.51926933449394,0.35536317511729437,0.02520634604451144
toy_1,Triangle + branches,Full DMWA,1.4000000000000001,2,B,0.15472890609881085,0.51926933449394,0.29797428005180343,0.02520634604451144
toy_1,Triangle + branches,Full DMWA,1.4000000000000001,2,C,0.15472890609881085,0.51926933449394,0.29797428005180343,0.02520634604451144
toy_1,Triangle + branches,Full DMWA,1.4000000000000001,2,D,0.01264116142475374,0.51926933449394,0.024344132389549505,0.02520634604451144
toy_1,Triangle + branches,Full DMWA,1.4000000000000001,2,E,0.01264116142475374,0.51926933449394,0.024344132389549505,0.02520634604451144
toy_1,Triangle + branches,Full DMWA,1.5,1,A,0.2153395045629658,0.5962637617094206,0.3611480663282502,0.024872112915193083
toy_1,Triangle + branches,Full DMWA,1.5,1,B,0.16912463371551165,0.5962637617094206,0.28364063787920046,0.024872112915193083
toy_1,Triangle + branches,Full DMWA,1.5,1,C,0.16912463371551165,0.5962637617094206,0.28364063787920046,0.024872112915193083
toy_1,Triangle + branches,Full DMWA,1.5,1,D,0.021337494857715796,0.5962637617094206,0.0357853289566745,0.024872112915193083
toy_1,Triangle + branches,Full DMWA,1.5,1,E,0.021337494857715796,0.5962637617094206,0.0357853289566745,0.024872112915193083
toy_1,Triangle + branches,Full DMWA,1.5,2,A,0.17696396188355995,0.49635709920120785,0.3565254978086336,0.024872112915193083
toy_1,Triangle + branches,Full DMWA,1.5,2,B,0.14695976914209521,0.49635709920120785,0.29607669433679695,0.024872112915193083
toy_1,Triangle + branches,Full DMWA,1.5,2,C,0.14695976914209521,0.49635709920120785,0.29607669433679695,0.024872112915193083
toy_1,Triangle + branches,Full DMWA,1.5,2,D,0.012736799516728712,0.49635709920120785,0.02566055675888622,0.024872112915193083
toy_1,Triangle + branches,Full DMWA,1.5,2,E,0.012736799516728712,0.49635709920120785,0.02566055675888622,0.024872112915193083
toy_1,Triangle + branches,Full DMWA,1.6,1,A,0.20745063133934089,0.5727447936372645,0.3622043074750763,0.024451618033361204
toy_1,Triangle + branches,Full DMWA,1.6,1,B,0.16153245955827014,0.5727447936372645,0.2820321744566974,0.024451618033361204
toy_1,Triangle + branches,Full DMWA,1.6,1,C,0.16153245955827014,0.5727447936372645,0.2820321744566974,0.024451618033361204
toy_1,Triangle + branches,Full DMWA,1.6,1,D,0.02111462159069169,0.5727447936372645,0.036865671805764465,0.024451618033361204
toy_1,Triangle + branches,Full DMWA,1.6,1,E,0.02111462159069169,0.5727447936372645,0.036865671805764465,0.024451618033361204
toy_1,Triangle + branches,Full DMWA,1.6,2,A,0.16970277323303823,0.47450783280173875,0.3576395614610313,0.024451618033361204
toy_1,Triangle + branches,Full DMWA,1.6,2,B,0.13962771802256246,0.47450783280173875,0.294257983473378,0.024451618033361204
toy_1,Triangle + branches,Full DMWA,1.6,2,C,0.13962771802256246,0.47450783280173875,0.294257983473378,0.024451618033361204
toy_1,Triangle + branches,Full DMWA,1.6,2,D,0.012774811761787812,0.47450783280173875,0.026922235796106336,0.024451618033361204
toy_1,Triangle + branches,Full DMWA,1.6,2,E,0.012774811761787812,0.47450783280173875,0.026922235796106336,0.024451618033361204
toy_1,Triangle + branches,Full DMWA,1.7000000000000002,1,A,0.19974050804115873,0.5499440623551806,0.36320149941387425,0.02396152422372791
toy_1,Triangle + branches,Full DMWA,1.7000000000000002,1,B,0.15427870380496692,0.5499440623551806,0.28053526597642625,0.02396152422372791
toy_1,Triangle + branches,Full DMWA,1.7000000000000002,1,C,0.15427870380496692,0.5499440623551806,0.28053526597642625,0.02396152422372791
toy_1,Triangle + branches,Full DMWA,1.7000000000000002,1,D,0.020823073352044037,0.5499440623551806,0.037863984316636706,0.02396152422372791
toy_1,Triangle + branches,Full DMWA,1.7000000000000002,1,E,0.020823073352044037,0.5499440623551806,0.037863984316636706,0.02396152422372791
toy_1,Triangle + branches,Full DMWA,1.7000000000000002,2,A,0.16273240237628264,0.4536639324383306,0.3587069430484291,0.02396152422372791
toy_1,Triangle + branches,Full DMWA,1.7000000000000002,2,B,0.13270397160377487,0.4536639324383306,0.29251602808829014,0.02396152422372791
toy_1,Triangle + branches,Full DMWA,1.7000000000000002,2,C,0.13270397160377487,0.4536639324383306,0.29251602808829014,0.02396152422372791
toy_1,Triangle + branches,Full DMWA,1.7000000000000002,2,D,0.012761793427249082,0.4536639324383306,0.02813050038749526,0.02396152422372791
toy_1,Triangle + branches,Full DMWA,1.7000000000000002,2,E,0.012761793427249082,0.4536639324383306,0.02813050038749526,0.02396152422372791
toy_1,Triangle + branches,Full DMWA,1.8,1,A,0.1922197772575452,0.5278680515646029,0.36414360878216634,0.023416058070960283
toy_1,Triangle + branches,Full DMWA,1.8,1,B,0.14734938937705594,0.5278680515646029,0.2791405710959619,0.023416058070960283
toy_1,Triangle + branches,Full DMWA,1.8,1,C,0.14734938937705594,0.5278680515646029,0.2791405710959619,0.023416058070960283
toy_1,Triangle + branches,Full DMWA,1.8,1,D,0.02047474777647292,0.5278680515646029,0.03878762451295487,0.023416058070960283
toy_1,Triangle + branches,Full DMWA,1.8,1,E,0.02047474777647292,0.5278680515646029,0.03878762451295487,0.023416058070960283
toy_1,Triangle + branches,Full DMWA,1.8,2,A,0.1560404831188592,0.4337720434663428,0.35972922983213573,0.023416058070960283
toy_1,Triangle + branches,Full DMWA,1.8,2,B,0.12616199161834085,0.4337720434663428,0.2908486001314421,0.023416058070960283
toy_1,Triangle + branches,Full DMWA,1.8,2,C,0.12616199161834085,0.4337720434663428,0.2908486001314421,0.023416058070960283
toy_1,Triangle + branches,Full DMWA,1.8,2,D,0.01270378855540096,0.4337720434663428,0.02928678495249008,0.023416058070960283
toy_1,Triangle + branches,Full DMWA,1.8,2,E,0.01270378855540096,0.4337720434663428,0.02928678495249008,0.023416058070960283
toy_1,Triangle + branches,Full DMWA,1.9000000000000001,1,A,0.1848965234544908,0.5065183020987704,0.3650342400035058,0.022827357710433586
toy_1,Triangle + branches,Full DMWA,1.9000000000000001,1,B,0.14073090043538267,0.5065183020987704,0.2778397144826967,0.022827357710433586
toy_1,Triangle + branches,Full DMWA,1.9000000000000001,1,C,0.14073090043538267,0.5065183020987704,0.2778397144826967,0.022827357710433586
toy_1,Triangle + branches,Full DMWA,1.9000000000000001,1,D,0.020079988886757105,0.5065183020987704,0.03964316551555039,0.022827357710433586
toy_1,Triangle + branches,Full DMWA,1.9000000000000001,1,E,0.020079988886757105,0.5065183020987704,0.03964316551555039,0.022827357710433586
toy_1,Triangle + branches,Full DMWA,1.9000000000000001,2,A,0.14961541433163905,0.41478262462407656,0.36070800812169423,0.022827357710433586
toy_1,Triangle + branches,Full DMWA,1.9000000000000001,2,B,0.11997728167012014,0.41478262462407656,0.2892533933379135,0.022827357710433586
toy_1,Triangle + branches,Full DMWA,1.9000000000000001,2,C,0.11997728167012014,0.41478262462407656,0.2892533933379135,0.022827357710433586
toy_1,Triangle + branches,Full DMWA,1.9000000000000001,2,D,0.012606323476098621,0.41478262462407656,0.030392602601239417,0.022827357710433586
toy_1,Triangle + branches,Full DMWA,1.9000000000000001,2,E,0.012606323476098621,0.41478262462407656,0.030392602601239417,0.022827357710433586
toy_1,Triangle + branches,Full DMWA,2.0,1,A,0.17777662667451796,0.4858922043010705,0.3658766802612937,0.022205768445421332
toy_1,Triangle + branches,Full DMWA,2.0,1,B,0.13441001128290975,0.4858922043010705,0.27662516519739444,0.022205768445421332
toy_1,Triangle + branches,Full DMWA,2.0,1,C,0.13441001128290975,0.4858922043010705,0.27662516519739444,0.022205768445421332
toy_1,Triangle + branches,Full DMWA,2.0,1,D,0.019647777530366485,0.4858922043010705,0.04043649467195866,0.022205768445421332
toy_1,Triangle + branches,Full DMWA,2.0,1,E,0.019647777530366485,0.4858922043010705,0.04043649467195866,0.022205768445421332
toy_1,Triangle + branches,Full DMWA,2.0,2,A,0.14344627454018113,0.3966495665505372,0.3616448538886897,0.022205768445421332
toy_1,Triangle + branches,Full DMWA,2.0,2,B,0.11412720608691623,0.3966495665505372,0.2877280494201051,0.022205768445421332
toy_1,Triangle + branches,Full DMWA,2.0,2,C,0.11412720608691623,0.3966495665505372,0.2877280494201051,0.022205768445421332
toy_1,Triangle + branches,Full DMWA,2.0,2,D,0.012474439918261776,0.3966495665505372,0.03144952363554999,0.022205768445421332
toy_1,Triangle + branches,Full DMWA,2.0,2,E,0.012474439918261776,0.3966495665505372,0.03144952363554999,0.022205768445421332
toy_1,Triangle + branches,Full DMWA,2.1,1,A,0.1708640723522935,0.4659836841741264,0.36667393764037004,0.021560094695127673
toy_1,Triangle + branches,Full DMWA,2.1,1,B,0.12837390718048652,0.4659836841741264,0.27549013311057563,0.021560094695127673
toy_1,Triangle + branches,Full DMWA,2.1,1,C,0.12837390718048652,0.4659836841741264,0.27549013311057563,0.021560094695127673
toy_1,Triangle + branches,Full DMWA,2.1,1,D,0.019185898730429914,0.4659836841741264,0.04117289806923932,0.021560094695127673
toy_1,Triangle + branches,Full DMWA,2.1,1,E,0.019185898730429914,0.4659836841741264,0.04117289806923932,0.021560094695127673
toy_1,Triangle + branches,Full DMWA,2.1,2,A,0.1375227488653017,0.37932985671291397,0.3625413250014281,0.021560094695127673
toy_1,Triangle + branches,Full DMWA,2.1,2,B,0.10859082653436607,0.37932985671291397,0.28627018045813946,0.021560094695127673
toy_1,Triangle + branches,Full DMWA,2.1,2,C,0.10859082653436607,0.37932985671291397,0.28627018045813946,0.021560094695127673
toy_1,Triangle + branches,Full DMWA,2.1,2,D,0.012312727389440052,0.37932985671291397,0.03245915704114644,0.021560094695127673
toy_1,Triangle + branches,Full DMWA,2.1,2,E,0.012312727389440052,0.37932985671291397,0.03245915704114644,0.021560094695127673
toy_1,Triangle + branches,Full DMWA,2.2,1,A,0.16416122255150173,0.44678379686528885,0.36742877361105036,0.02089781524335986
toy_1,Triangle + branches,Full DMWA,2.2,1,B,0.12261019839619329,0.44678379686528885,0.2744284802995259,0.02089781524335986
toy_1,Triangle + branches,Full DMWA,2.2,1,C,0.12261019839619329,0.44678379686528885,0.2744284802995259,0.02089781524335986
toy_1,Triangle + branches,Full DMWA,2.2,1,D,0.018701088760700275,0.44678379686528885,0.04185713289494896,0.02089781524335986
toy_1,Triangle + branches,Full DMWA,2.2,1,E,0.018701088760700275,0.44678379686528885,0.04185713289494896,0.02089781524335986
toy_1,Triangle + branches,Full DMWA,2.2,2,A,0.131835066510357,0.362783284715995,0.3633989548707133,0.02089781524335986
toy_1,Triangle + branches,Full DMWA,2.2,2,B,0.10334875453136776,0.362783284715995,0.28487738792120576,0.02089781524335986
toy_1,Triangle + branches,Full DMWA,2.2,2,C,0.10334875453136776,0.362783284715995,0.28487738792120576,0.02089781524335986
toy_1,Triangle + branches,Full DMWA,2.2,2,D,0.012125354571451231,0.362783284715995,0.033423134643437526,0.02089781524335986
toy_1,Triangle + branches,Full DMWA,2.2,2,E,0.012125354571451231,0.362783284715995,0.033423134643437526,0.02089781524335986
toy_1,Triangle + branches,Full DMWA,2.3000000000000003,1,A,0.15766905328813183,0.42828123934673984,0.368143730807881,0.020225267532082362
toy_1,Triangle + branches,Full DMWA,2.3000000000000003,1,B,0.11710692861960909,0.42828123934673984,0.27343464495020386,0.020225267532082362
toy_1,Triangle + branches,Full DMWA,2.3000000000000003,1,C,0.11710692861960909,0.42828123934673984,0.27343464495020386,0.020225267532082362
toy_1,Triangle + branches,Full DMWA,2.3000000000000003,1,D,0.01819916440969491,0.42828123934673984,0.04249348964585564,0.020225267532082362
toy_1,Triangle + branches,Full DMWA,2.3000000000000003,1,E,0.01819916440969491,0.42828123934673984,0.04249348964585564,0.020225267532082362
toy_1,Triangle + branches,Full DMWA,2.3000000000000003,2,A,0.1263739472441801,0.34697218275694497,0.3642192473184671,0.020225267532082362
toy_1,Triangle + branches,Full DMWA,2.3000000000000003,2,B,0.09838301821096737,0.34697218275694497,0.283547278716245,0.020225267532082362
toy_1,Triangle + branches,Full DMWA,2.3000000000000003,2,C,0.09838301821096737,0.34697218275694497,0.283547278716245,0.020225267532082362
toy_1,Triangle + branches,Full DMWA,2.3000000000000003,2,D,0.011916099545415032,0.34697218275694497,0.034343097624521375,0.020225267532082362
toy_1,Triangle + branches,Full DMWA,2.3000000000000003,2,E,0.011916099545415032,0.34697218275694497,0.034343097624521375,0.020225267532082362
toy_1,Triangle + branches,Full DMWA,2.4000000000000004,1,A,0.15138736204282466,0.4104627926550565,0.36882115687900396,0.019547805758366635
toy_1,Triangle + branches,Full DMWA,2.4000000000000004,1,B,0.11185257870886375,0.4104627926550565,0.2725035757452006,0.019547805758366635
toy_1,Triangle + branches,Full DMWA,2.4000000000000004,1,C,0.11185257870886375,0.4104627926550565,0.2725035757452006,0.019547805758366635
toy_1,Triangle + branches,Full DMWA,2.4000000000000004,1,D,0.01768513659725212,0.4104627926550565,0.04308584581529733,0.019547805758366635
toy_1,Triangle + branches,Full DMWA,2.4000000000000004,1,E,0.01768513659725212,0.4104627926550565,0.04308584581529733,0.019547805758366635
toy_1,Triangle + branches,Full DMWA,2.4000000000000004,2,A,0.1211305555476878,0.33186119667676234,0.3650036725012799,0.019547805758366635
toy_1,Triangle + branches,Full DMWA,2.4000000000000004,2,B,0.09367694185118729,0.33186119667676234,0.282277478624384,0.019547805758366635
toy_1,Triangle + branches,Full DMWA,2.4000000000000004,2,C,0.09367694185118729,0.33186119667676234,0.282277478624384,0.019547805758366635
toy_1,Triangle + branches,Full DMWA,2.4000000000000004,2,D,0.011688378713350015,0.33186119667676234,0.035220685124976114,0.019547805758366635
toy_1,Triangle + branches,Full DMWA,2.4000000000000004,2,E,0.011688378713350015,0.33186119667676234,0.035220685124976114,0.019547805758366635
toy_1,Triangle + branches,Full DMWA,2.5,1,A,0.14531494907056963,0.39331370274894883,0.3694632250413198,0.018869936735117547
toy_1,Triangle + branches,Full DMWA,2.5,1,B,0.10683606659713858,0.39331370274894883,0.27163067508312005,0.018869936735117547
toy_1,Triangle + branches,Full DMWA,2.5,1,C,0.10683606659713858,0.39331370274894883,0.27163067508312005,0.018869936735117547
toy_1,Triangle + branches,Full DMWA,2.5,1,D,0.017163310242051043,0.39331370274894883,0.04363771239622013,0.018869936735117547
toy_1,Triangle + branches,Full DMWA,2.5,1,E,0.017163310242051043,0.39331370274894883,0.04363771239622013,0.018869936735117547
toy_1,Triangle + branches,Full DMWA,2.5,2,A,0.11609646128145425,0.3174170836576924,0.3657536637399596,0.018869936735117547
toy_1,Triangle + branches,Full DMWA,2.5,2,B,0.08921503686048723,0.3174170836576924,0.28106564345067875,0.018869936735117547
toy_1,Triangle + branches,Full DMWA,2.5,2,C,0.08921503686048723,0.3174170836576924,0.28106564345067875,0.018869936735117547
toy_1,Triangle + branches,Full DMWA,2.5,2,D,0.011445274327631807,0.3174170836576924,0.03605752467934137,0.018869936735117547
toy_1,Triangle + branches,Full DMWA,2.5,2,E,0.011445274327631807,0.3174170836576924,0.03605752467934137,0.018869936735117547
toy_1,Triangle + branches,Full DMWA,2.6,1,A,0.13944977568153424,0.3768180079015311,0.3700719518637624,0.01819543682573447
toy_1,Triangle + branches,Full DMWA,2.6,1,B,0.1020467440634251,0.3768180079015311,0.2708117497667246,0.01819543682573447
toy_1,Triangle + branches,Full DMWA,2.6,1,C,0.1020467440634251,0.3768180079015311,0.2708117497667246,0.01819543682573447
toy_1,Triangle + branches,Full DMWA,2.6,1,D,0.016637372046573333,0.3768180079015311,0.04415227430139421,0.01819543682573447
toy_1,Triangle + branches,Full DMWA,2.6,1,E,0.016637372046573333,0.3768180079015311,0.04415227430139421,0.01819543682573447
toy_1,Triangle + branches,Full DMWA,2.6,2,A,0.11126360589496967,0.30360853313555214,0.3664706151236329,0.01819543682573447
toy_1,Triangle + branches,Full DMWA,2.6,2,B,0.08498290304475839,0.30360853313555214,0.27990946817959184,0.01819543682573447
toy_1,Triangle + branches,Full DMWA,2.6,2,C,0.08498290304475839,0.30360853313555214,0.27990946817959184,0.01819543682573447
toy_1,Triangle + branches,Full DMWA,2.6,2,D,0.01118956057553285,0.30360853313555214,0.03685522425859172,0.01819543682573447
toy_1,Triangle + branches,Full DMWA,2.6,2,E,0.01118956057553285,0.30360853313555214,0.03685522425859172,0.01819543682573447
toy_1,Triangle + branches,Full DMWA,2.7,1,A,0.13378910228486493,0.36095881954441233,0.3706492127099932,0.01752745273014642
toy_1,Triangle + branches,Full DMWA,2.7,1,B,0.09747439096727618,0.36095881954441233,0.27004296803248756,0.01752745273014642
toy_1,Triangle + branches,Full DMWA,2.7,1,C,0.09747439096727618,0.36095881954441233,0.27004296803248756,0.01752745273014642
toy_1,Triangle + branches,Full DMWA,2.7,1,D,0.016110467662497522,0.36095881954441233,0.04463242561251587,0.01752745273014642
toy_1,Triangle + branches,Full DMWA,2.7,1,E,0.016110467662497522,0.36095881954441233,0.04463242561251587,0.01752745273014642
toy_1,Triangle + branches,Full DMWA,2.7,2,A,0.10662427333930509,0.2904060079475203,0.3671558797728913,0.01752745273014642
toy_1,Triangle + branches,Full DMWA,2.7,2,B,0.08096713910903991,0.2904060079475203,0.2788066943975608,0.01752745273014642
toy_1,Triangle + branches,Full DMWA,2.7,2,C,0.08096713910903991,0.2904060079475203,0.2788066943975608,0.01752745273014642
toy_1,Triangle + branches,Full DMWA,2.7,2,D,0.01092372819506772,0.2904060079475203,0.037615365715993596,0.01752745273014642
toy_1,Triangle + branches,Full DMWA,2.7,2,E,0.01092372819506772,0.2904060079475203,0.037615365715993596,0.01752745273014642
toy_1,Triangle + branches,Full DMWA,2.8000000000000003,1,A,0.12832960865149756,0.3457185626071183,0.3711967551980539,0.016868588460899378
toy_1,Triangle + branches,Full DMWA,2.8000000000000003,1,B,0.09310920745674435,0.3457185626071183,0.269320821984776,0.016868588460899378
toy_1,Triangle + branches,Full DMWA,2.8000000000000003,1,C,0.09310920745674435,0.3457185626071183,0.269320821984776,0.016868588460899378
toy_1,Triangle + branches,Full DMWA,2.8000000000000003,1,D,0.01558526952106606,0.3457185626071183,0.04508080041619715,0.016868588460899378
toy_1,Triangle + branches,Full DMWA,2.8000000000000003,1,E,0.01558526952106606,0.3457185626071183,0.04508080041619715,0.016868588460899378
toy_1,Triangle + branches,Full DMWA,2.8000000000000003,2,A,0.10217106496646504,0.2777816031282534,0.36781076866091833,0.016868588460899378
toy_1,Triangle + branches,Full DMWA,2.8000000000000003,2,B,0.07715526145933971,0.2777816031282534,0.27775511621522564,0.016868588460899378
toy_1,Triangle + branches,Full DMWA,2.8000000000000003,2,C,0.07715526145933971,0.2777816031282534,0.27775511621522564,0.016868588460899378
toy_1,Triangle + branches,Full DMWA,2.8000000000000003,2,D,0.010650007621554464,0.2777816031282534,0.03833949945431517,0.016868588460899378
toy_1,Triangle + branches,Full DMWA,2.8000000000000003,2,E,0.010650007621554464,0.2777816031282534,0.03833949945431517,0.016868588460899378
toy_1,Triangle + branches,Full DMWA,2.9000000000000004,1,A,0.1230674985567711,0.3310791806312172,0.37171621097447877,0.01622098048489303
toy_1,Triangle + branches,Full DMWA,2.9000000000000004,1,B,0.0889418045807689,0.3310791806312172,0.26864209465299926,0.01622098048489303
toy_1,Triangle + branches,Full DMWA,2.9000000000000004,1,C,0.0889418045807689,0.3310791806312172,0.26864209465299926,0.01622098048489303
toy_1,Triangle + branches,Full DMWA,2.9000000000000004,1,D,0.01506403645645415,0.3310791806312172,0.04549979985976132,0.01622098048489303
toy_1,Triangle + branches,Full DMWA,2.9000000000000004,1,E,0.01506403645645415,0.3310791806312172,0.04549979985976132,0.01622098048489303
toy_1,Triangle + branches,Full DMWA,2.9000000000000004,2,A,0.09789687780343385,0.2657089201079891,0.3684365499044847,0.01622098048489303
toy_1,Triangle + branches,Full DMWA,2.9000000000000004,2,B,0.07353563046966348,0.2657089201079891,0.27675258489544585,0.01622098048489303
toy_1,Triangle + branches,Full DMWA,2.9000000000000004,2,C,0.07353563046966348,0.2657089201079891,0.27675258489544585,0.01622098048489303
toy_1,Triangle + branches,Full DMWA,2.9000000000000004,2,D,0.010370390682614153,0.2657089201079891,0.0390291401523119,0.01622098048489303
toy_1,Triangle + branches,Full DMWA,2.9000000000000004,2,E,0.010370390682614153,0.2657089201079891,0.0390291401523119,0.01622098048489303
toy_1,Triangle + branches,Full DMWA,3.0,1,A,0.11799859070399603,0.31702231027025585,0.37220910605125657,0.015586362704556989
toy_1,Triangle + branches,Full DMWA,3.0,1,B,0.084963193670249,0.31702231027025585,0.26800383101687514,0.015586362704556989
toy_1,Triangle + branches,Full DMWA,3.0,1,C,0.084963193670249,0.31702231027025585,0.26800383101687514,0.015586362704556989
toy_1,Triangle + branches,Full DMWA,3.0,1,D,0.014548666112880916,0.31702231027025585,0.04589161595749661,0.015586362704556989
toy_1,Triangle + branches,Full DMWA,3.0,1,E,0.014548666112880916,0.31702231027025585,0.04589161595749661,0.015586362704556989
toy_1,Triangle + branches,Full DMWA,3.0,2,A,0.09379488567905708,0.2541629543622466,0.36903444844828015,0.015586362704556989
toy_1,Triangle + branches,Full DMWA,3.0,2,B,0.07009738346802516,0.2541629543622466,0.2757970123691536,0.015586362704556989
toy_1,Triangle + branches,Full DMWA,3.0,2,C,0.07009738346802516,0.2541629543622466,0.2757970123691536,0.015586362704556989
toy_1,Triangle + branches,Full DMWA,3.0,2,D,0.01008665087356961,0.2541629543622466,0.0396857634067063,0.015586362704556989
toy_1,Triangle + branches,Full DMWA,3.0,2,E,0.01008665087356961,0.2541629543622466,0.0396857634067063,0.015586362704556989
toy_1,Triangle + branches,Full DMWA,3.1,1,A,0.11311839760178286,0.30352942920223425,0.3726768699137072,0.01496612270038937
toy_1,Triangle + branches,Full DMWA,3.1,1,B,0.08116477479446439,0.30352942920223425,0.2674033124491078,0.01496612270038937
toy_1,Triangle + branches,Full DMWA,3.1,1,C,0.08116477479446439,0.30352942920223425,0.2674033124491078,0.01496612270038937
toy_1,Triangle + branches,Full DMWA,3.1,1,D,0.014040741005761326,0.30352942920223425,0.04625825259403866,0.01496612270038937
toy_1,Triangle + branches,Full DMWA,3.1,1,E,0.014040741005761326,0.30352942920223425,0.04625825259403866,0.01496612270038937
toy_1,Triangle + branches,Full DMWA,3.1,2,A,0.08985852275941325,0.2431199948197098,0.3696056460763317,0.01496612270038937
toy_1,Triangle + branches,Full DMWA,3.1,2,B,0.06683037377409523,0.2431199948197098,0.2748863737993025,0.01496612270038937
toy_1,Triangle + branches,Full DMWA,3.1,2,C,0.06683037377409523,0.2431199948197098,0.2748863737993025,0.01496612270038937
toy_1,Triangle + branches,Full DMWA,3.1,2,D,0.00980036225605305,0.2431199948197098,0.04031080316253171,0.01496612270038937
toy_1,Triangle + branches,Full DMWA,3.1,2,E,0.00980036225605305,0.2431199948197098,0.04031080316253171,0.01496612270038937
toy_1,Triangle + branches,Full DMWA,3.2,1,A,0.10842219386708364,0.2905819809703304,0.3731208435741031,0.01436135044579636
toy_1,Triangle + branches,Full DMWA,3.2,1,B,0.07753832455010233,0.2905819809703304,0.26683803411065365,0.01436135044579636
toy_1,Triangle + branches,Full DMWA,3.2,1,C,0.07753832455010233,0.2905819809703304,0.26683803411065365,0.01436135044579636
toy_1,Triangle + branches,Full DMWA,3.2,1,D,0.013541569001521047,0.2905819809703304,0.04660154410229483,0.01436135044579636
toy_1,Triangle + branches,Full DMWA,3.2,1,E,0.013541569001521047,0.2905819809703304,0.04660154410229483,0.01436135044579636
toy_1,Triangle + branches,Full DMWA,3.2,2,A,0.08608146911392425,0.23255753355796818,0.3701512816933417,0.01436135044579636
toy_1,Triangle + branches,Full DMWA,3.2,2,B,0.0637251151913486,0.23255753355796818,0.2740187093335518,0.01436135044579636
toy_1,Triangle + branches,Full DMWA,3.2,2,C,0.0637251151913486,0.23255753355796818,0.2740187093335518,0.01436135044579636
toy_1,Triangle + branches,Full DMWA,3.2,2,D,0.009512917030673359,0.23255753355796818,0.04090564981977732,0.01436135044579636
toy_1,Triangle + branches,Full DMWA,3.2,2,E,0.009512917030673359,0.23255753355796818,0.04090564981977732,0.01436135044579636
toy_1,Triangle + branches,Full DMWA,3.3000000000000003,1,A,0.1039050752492031,0.2781614798207437,0.3735422867183584,0.013772880527848877
toy_1,Triangle + branches,Full DMWA,3.3000000000000003,1,B,0.0740759833978107,0.2781614798207437,0.2663056849048534,0.013772880527848877
toy_1,Triangle + branches,Full DMWA,3.3000000000000003,1,C,0.0740759833978107,0.2781614798207437,0.2663056849048534,0.013772880527848877
toy_1,Triangle + branches,Full DMWA,3.3000000000000003,1,D,0.013052218887959583,0.2781614798207437,0.04692317173596739,0.013772880527848877
toy_1,Triangle + branches,Full DMWA,3.3000000000000003,1,E,0.013052218887959583,0.2781614798207437,0.04692317173596739,0.013772880527848877
toy_1,Triangle + branches,Full DMWA,3.3000000000000003,2,A,0.08245763799160524,0.22245418451041746,0.37067245182678854,0.013772880527848877
toy_1,Triangle + branches,Full DMWA,3.3000000000000003,2,B,0.060772731419088365,0.22245418451041746,0.27319212516877783,0.013772880527848877
toy_1,Triangle + branches,Full DMWA,3.3000000000000003,2,C,0.060772731419088365,0.22245418451041746,0.27319212516877783,0.013772880527848877
toy_1,Triangle + branches,Full DMWA,3.3000000000000003,2,D,0.009225541840317734,0.22245418451041746,0.04147164891782786,0.013772880527848877
toy_1,Triangle + branches,Full DMWA,3.3000000000000003,2,E,0.009225541840317734,0.22245418451041746,0.04147164891782786,0.013772880527848877
toy_1,Triangle + branches,Full DMWA,3.4000000000000004,1,A,0.09956200951458241,0.26624959821583655,0.3739423840702737,0.013201328758057962
toy_1,Triangle + branches,Full DMWA,3.4000000000000004,1,B,0.07077024272496965,0.26624959821583655,0.2658041296558104,0.013201328758057962
toy_1,Triangle + branches,Full DMWA,3.4000000000000004,1,C,0.07077024272496965,0.26624959821583655,0.2658041296558104,0.013201328758057962
toy_1,Triangle + branches,Full DMWA,3.4000000000000004,1,D,0.012573551625657424,0.26624959821583655,0.04722467830905274,0.013201328758057962
toy_1,Triangle + branches,Full DMWA,3.4000000000000004,1,E,0.012573551625657424,0.26624959821583655,0.04722467830905274,0.013201328758057962
toy_1,Triangle + branches,Full DMWA,3.4000000000000004,2,A,0.07898116453585083,0.21278961007565284,0.3711702113076421,0.013201328758057962
toy_1,Triangle + branches,Full DMWA,3.4000000000000004,2,B,0.05796490990541199,0.21278961007565284,0.27240479403483936,0.013201328758057962
toy_1,Triangle + branches,Full DMWA,3.4000000000000004,2,C,0.05796490990541199,0.21278961007565284,0.27240479403483936,0.013201328758057962
toy_1,Triangle + branches,Full DMWA,3.4000000000000004,2,D,0.008939312864488999,0.21278961007565284,0.042010100311339525,0.013201328758057962
toy_1,Triangle + branches,Full DMWA,3.4000000000000004,2,E,0.008939312864488999,0.21278961007565284,0.042010100311339525,0.013201328758057962
toy_1,Triangle + branches,Full DMWA,3.5,1,A,0.09538788019536598,0.25482823935914956,0.3743222510788073,0.012647123930861814
toy_1,Triangle + branches,Full DMWA,3.5,1,B,0.06761393178241362,0.25482823935914956,0.2653313932256934,0.012647123930861814
toy_1,Triangle + branches,Full DMWA,3.5,1,C,0.06761393178241362,0.25482823935914956,0.2653313932256934,0.012647123930861814
toy_1,Triangle + branches,Full DMWA,3.5,1,D,0.012106247799478173,0.25482823935914956,0.047507481234903025,0.012647123930861814
toy_1,Triangle + branches,Full DMWA,3.5,1,E,0.012106247799478173,0.25482823935914956,0.047507481234903025,0.012647123930861814
toy_1,Triangle + branches,Full DMWA,3.5,2,A,0.07564639570810801,0.20354445466647197,0.37164557409368987,0.012647123930861814
toy_1,Triangle + branches,Full DMWA,3.5,2,B,0.05529385971182227,0.20354445466647197,0.27165495519112426,0.012647123930861814
toy_1,Triangle + branches,Full DMWA,3.5,2,C,0.05529385971182227,0.20354445466647197,0.27165495519112426,0.012647123930861814
toy_1,Triangle + branches,Full DMWA,3.5,2,D,0.008655169767359715,0.20354445466647197,0.0425222577620308,0.012647123930861814
toy_1,Triangle + branches,Full DMWA,3.5,2,E,0.008655169767359715,0.20354445466647197,0.0425222577620308,0.012647123930861814
toy_1,Triangle + branches,Full DMWA,3.6,1,A,0.0913775240843834,0.24387959677023305,0.37468293901794975,0.012110535380346281
toy_1,Triangle + branches,Full DMWA,3.6,1,B,0.06460020461643143,0.24387959677023305,0.2648856463269184,0.012110535380346281
toy_1,Triangle + branches,Full DMWA,3.6,1,C,0.06460020461643143,0.24387959677023305,0.2648856463269184,0.012110535380346281
toy_1,Triangle + branches,Full DMWA,3.6,1,D,0.011650831726493387,0.24387959677023305,0.04777288416410667,0.012110535380346281
toy_1,Triangle + branches,Full DMWA,3.6,1,E,0.011650831726493387,0.24387959677023305,0.04777288416410667,0.012110535380346281
toy_1,Triangle + branches,Full DMWA,3.6,2,A,0.07244788122666569,0.1947002843620747,0.3720995142048066,0.012110535380346281
toy_1,Triangle + branches,Full DMWA,3.6,2,B,0.052752273004448166,0.1947002843620747,0.2709409140170916,0.012110535380346281
toy_1,Triangle + branches,Full DMWA,3.6,2,C,0.052752273004448166,0.1947002843620747,0.2709409140170916,0.012110535380346281
toy_1,Triangle + branches,Full DMWA,3.6,2,D,0.008373928563256344,0.1947002843620747,0.04300932888050514,0.012110535380346281
toy_1,Triangle + branches,Full DMWA,3.6,2,E,0.008373928563256344,0.1947002843620747,0.04300932888050514,0.012110535380346281
toy_1,Triangle + branches,Full DMWA,3.7,1,A,0.08752576325322876,0.23338620268616694,0.37502543957546686,0.01159169689464968
toy_1,Triangle + branches,Full DMWA,3.7,1,B,0.0617225270948862,0.23338620268616694,0.2644651928198349,0.01159169689464968
toy_1,Triangle + branches,Full DMWA,3.7,1,C,0.0617225270948862,0.23338620268616694,0.2644651928198349,0.01159169689464968
toy_1,Triangle + branches,Full DMWA,3.7,1,D,0.0112076926215829,0.23338620268616694,0.04802208739243175,0.01159169689464968
toy_1,Triangle + branches,Full DMWA,3.7,1,E,0.0112076926215829,0.23338620268616694,0.04802208739243175,0.01159169689464968
toy_1,Triangle + branches,Full DMWA,3.7,2,A,0.06938036535742921,0.1862395319367227,0.37253296674415015,0.01159169689464968
toy_1,Triangle + branches,Full DMWA,3.7,2,B,0.050333289826327114,0.1862395319367227,0.27026104126715966,0.01159169689464968
toy_1,Triangle + branches,Full DMWA,3.7,2,C,0.050333289826327114,0.1862395319367227,0.27026104126715966,0.01159169689464968
toy_1,Triangle + branches,Full DMWA,3.7,2,D,0.008096293463319623,0.1862395319367227,0.043472475360765206,0.01159169689464968
toy_1,Triangle + branches,Full DMWA,3.7,2,E,0.008096293463319623,0.1862395319367227,0.043472475360765206,0.01159169689464968
toy_1,Triangle + branches,Full DMWA,3.8000000000000003,1,A,0.08382743227685881,0.2233309668384395,0.37535068899558677,0.011090627469930565
toy_1,Triangle + branches,Full DMWA,3.8000000000000003,1,B,0.058974664107194874,0.2233309668384395,0.26406845831576015,0.011090627469930565
toy_1,Triangle + branches,Full DMWA,3.8000000000000003,1,C,0.058974664107194874,0.2233309668384395,0.26406845831576015,0.011090627469930565
toy_1,Triangle + branches,Full DMWA,3.8000000000000003,1,D,0.010777103173595492,0.2233309668384395,0.048256197186446546,0.011090627469930565
toy_1,Triangle + branches,Full DMWA,3.8000000000000003,1,E,0.010777103173595492,0.2233309668384395,0.048256197186446546,0.011090627469930565
toy_1,Triangle + branches,Full DMWA,3.8000000000000003,2,A,0.0664387794196793,0.17814544663324156,0.3729468289832897,0.011090627469930565
toy_1,Triangle + branches,Full DMWA,3.8000000000000003,2,B,0.04803046584044946,0.17814544663324156,0.26961377205072545,0.011090627469930565
toy_1,Triangle + branches,Full DMWA,3.8000000000000003,2,C,0.04803046584044946,0.17814544663324156,0.26961377205072545,0.011090627469930565
toy_1,Triangle + branches,Full DMWA,3.8000000000000003,2,D,0.007822867766331686,0.17814544663324156,0.04391281345762983,0.011090627469930565
toy_1,Triangle + branches,Full DMWA,3.8000000000000003,2,E,0.007822867766331686,0.17814544663324156,0.04391281345762983,0.011090627469930565
toy_1,Triangle + branches,Full DMWA,3.9000000000000004,1,A,0.08027740126603186,0.21369720695439862,0.37565957183128956,0.010607249319567705
toy_1,Triangle + branches,Full DMWA,3.9000000000000004,1,B,0.05635066700171268,0.21369720695439862,0.2636939799299178,0.010607249319567705
toy_1,Triangle + branches,Full DMWA,3.9000000000000004,1,C,0.05635066700171268,0.21369720695439862,0.2636939799299178,0.010607249319567705
toy_1,Triangle + branches,Full DMWA,3.9000000000000004,1,D,0.010359235842470711,0.21369720695439862,0.04847623415443747,0.010607249319567705
toy_1,Triangle + branches,Full DMWA,3.9000000000000004,1,E,0.010359235842470711,0.21369720695439862,0.04847623415443747,0.010607249319567705
toy_1,Triangle + branches,Full DMWA,3.9000000000000004,2,A,0.06361823489205973,0.17040204813220786,0.3733419614927456,0.010607249319567705
toy_1,Triangle + branches,Full DMWA,3.9000000000000004,2,B,0.04583774276474294,0.17040204813220786,0.26899760458970157,0.010607249319567705
toy_1,Triangle + branches,Full DMWA,3.9000000000000004,2,C,0.04583774276474294,0.17040204813220786,0.26899760458970157,0.010607249319567705
toy_1,Triangle + branches,Full DMWA,3.9000000000000004,2,D,0.007554163855331103,0.17040204813220786,0.044331414663925525,0.010607249319567705
toy_1,Triangle + branches,Full DMWA,3.9000000000000004,2,E,0.007554163855331103,0.17040204813220786,0.044331414663925525,0.010607249319567705
toy_1,Triangle + branches,Full DMWA,4.0,1,A,0.07687059523662695,0.20446867215817882,0.37595292435390376,0.010141403497650553
toy_1,Triangle + branches,Full DMWA,4.0,1,B,0.05384486131037576,0.20446867215817882,0.2633403970497783,0.010141403497650553
toy_1,Triangle + branches,Full DMWA,4.0,1,C,0.05384486131037576,0.20446867215817882,0.2633403970497783,0.010141403497650553
toy_1,Triangle + branches,Full DMWA,4.0,1,D,0.009954177150400166,0.20446867215817882,0.048683140773269774,0.010141403497650553
toy_1,Triangle + branches,Full DMWA,4.0,1,E,0.009954177150400166,0.20446867215817882,0.048683140773269774,0.010141403497650553
toy_1,Triangle + branches,Full DMWA,4.0,2,A,0.060914017022946444,0.1629940842391484,0.3737191893024295,0.010141403497650553
toy_1,Triangle + branches,Full DMWA,4.0,2,B,0.04374942124830198,0.1629940842391484,0.2684110987986036,0.010141403497650553
toy_1,Triangle + branches,Full DMWA,4.0,2,C,0.04374942124830198,0.1629940842391484,0.2684110987986036,0.010141403497650553
toy_1,Triangle + branches,Full DMWA,4.0,2,D,0.0072906123597990015,0.1629940842391484,0.044729306550181654,0.010141403497650553
toy_1,Triangle + branches,Full DMWA,4.0,2,E,0.0072906123597990015,0.1629940842391484,0.044729306550181654,0.010141403497650553
toy_1,Triangle + branches,Full DMWA,4.1000000000000005,1,A,0.07360201028123663,0.19562956029368908,0.376231537660983,0.00969286344730353
toy_1,Triangle + branches,Full DMWA,4.1000000000000005,1,B,0.05145183479891355,0.19562956029368908,0.2630064430021282,0.00969286344730353
toy_1,Triangle + branches,Full DMWA,4.1000000000000005,1,C,0.05145183479891355,0.19562956029368908,0.2630064430021282,0.00969286344730353
toy_1,Triangle + branches,Full DMWA,4.1000000000000005,1,D,0.009561940207312682,0.19562956029368908,0.048877788167380275,0.00969286344730353
toy_1,Triangle + branches,Full DMWA,4.1000000000000005,1,E,0.009561940207312682,0.19562956029368908,0.048877788167380275,0.00969286344730353
toy_1,Triangle + branches,Full DMWA,4.1000000000000005,2,A,0.05832157886539066,0.1559069918740428,0.3740793030790347,0.00969286344730353
toy_1,Triangle + branches,Full DMWA,4.1000000000000005,2,B,0.041760135963311185,0.1559069918740428,0.26785287472577995,0.00969286344730353
toy_1,Triangle + branches,Full DMWA,4.1000000000000005,2,C,0.041760135963311185,0.1559069918740428,0.26785287472577995,0.00969286344730353
toy_1,Triangle + branches,Full DMWA,4.1000000000000005,2,D,0.0070325705410148815,0.1559069918740428,0.04510747373470263,0.00969286344730353
toy_1,Triangle + branches,Full DMWA,4.1000000000000005,2,E,0.0070325705410148815,0.1559069918740428,0.04510747373470263,0.00969286344730353
toy_1,Triangle + branches,Full DMWA,4.2,1,A,0.07046672695238101,0.1871645300591639,0.37649616051773294,0.009261346742766477
toy_1,Triangle + branches,Full DMWA,4.2,1,B,0.0491664258712433,0.1871645300591639,0.26269093751738903,0.009261346742766477
toy_1,Triangle + branches,Full DMWA,4.2,1,C,0.0491664258712433,0.1871645300591639,0.26269093751738903,0.009261346742766477
toy_1,Triangle + branches,Full DMWA,4.2,1,D,0.009182475682148144,0.1871645300591639,0.04906098222374456,0.009261346742766477
toy_1,Triangle + branches,Full DMWA,4.2,1,E,0.009182475682148144,0.1871645300591639,0.04906098222374456,0.009261346742766477
toy_1,Triangle + branches,Full DMWA,4.2,2,A,0.055836535670409304,0.14912686100111164,0.37442306030965866,0.009261346742766477
toy_1,Triangle + branches,Full DMWA,4.2,2,B,0.039864832709603185,0.14912686100111164,0.2673216108887722,0.009261346742766477
toy_1,Triangle + branches,Full DMWA,4.2,2,C,0.039864832709603185,0.14912686100111164,0.2673216108887722,0.009261346742766477
toy_1,Triangle + branches,Full DMWA,4.2,2,D,0.006780329955747971,0.14912686100111164,0.0454668589563984,0.009261346742766477
toy_1,Triangle + branches,Full DMWA,4.2,2,E,0.006780329955747971,0.14912686100111164,0.0454668589563984,0.009261346742766477
toy_1,Triangle + branches,Full DMWA,4.3,1,A,0.06745992121733199,0.17905870872652035,0.3767475019624137,0.008846525258373893
toy_1,Triangle + branches,Full DMWA,4.3,1,B,0.04698371234854133,0.17905870872652035,0.2623927799027101,0.008846525258373893
toy_1,Triangle + branches,Full DMWA,4.3,1,C,0.04698371234854133,0.17905870872652035,0.2623927799027101,0.008846525258373893
toy_1,Triangle + branches,Full DMWA,4.3,1,D,0.008815681406052859,0.17905870872652035,0.049233469116083096,0.008846525258373893
toy_1,Triangle + branches,Full DMWA,4.3,1,E,0.008815681406052859,0.17905870872652035,0.049233469116083096,0.008846525258373893
toy_1,Triangle + branches,Full DMWA,4.3,2,A,0.053454659583866734,0.14264040118340737,0.37475118648281563,0.008846525258373893
toy_1,Triangle + branches,Full DMWA,4.3,2,B,0.038058747348918884,0.14264040118340737,0.26681604253189706,0.008846525258373893
toy_1,Triangle + branches,Full DMWA,4.3,2,C,0.038058747348918884,0.14264040118340737,0.26681604253189706,0.008846525258373893
toy_1,Triangle + branches,Full DMWA,4.3,2,D,0.006534123450851449,0.14264040118340737,0.045808364226695195,0.008846525258373893
toy_1,Triangle + branches,Full DMWA,4.3,2,E,0.006534123450851449,0.14264040118340737,0.045808364226695195,0.008846525258373893
toy_1,Triangle + branches,Full DMWA,4.4,1,A,0.06457687330106551,0.1712976961172268,0.3769862337020144,0.008448033966771296
toy_1,Triangle + branches,Full DMWA,4.4,1,B,0.04489900063672116,0.1712976961172268,0.2621109428465094,0.008448033966771296
toy_1,Triangle + branches,Full DMWA,4.4,1,C,0.04489900063672116,0.1712976961172268,0.2621109428465094,0.008448033966771296
toy_1,Triangle + branches,Full DMWA,4.4,1,D,0.008461410771359488,0.1712976961172268,0.049395940302483454,0.008448033966771296
toy_1,Triangle + branches,Full DMWA,4.4,1,E,0.008461410771359488,0.1712976961172268,0.049395940302483454,0.008448033966771296
toy_1,Triangle + branches,Full DMWA,4.4,2,A,0.05117187460185931,0.13643491048704012,0.3750643762596238,0.008448033966771296
toy_1,Triangle + branches,Full DMWA,4.4,2,B,0.036337386403961155,0.13643491048704012,0.266334959829895,0.008448033966771296
toy_1,Triangle + branches,Full DMWA,4.4,2,C,0.036337386403961155,0.13643491048704012,0.266334959829895,0.008448033966771296
toy_1,Triangle + branches,Full DMWA,4.4,2,D,0.006294131538629256,0.13643491048704012,0.046132852040293104,0.008448033966771296
toy_1,Triangle + branches,Full DMWA,4.4,2,E,0.006294131538629256,0.13643491048704012,0.046132852040293104,0.008448033966771296
toy_1,Triangle + branches,Full DMWA,4.5,1,A,0.06181297469556844,0.1638675654177093,0.37721299232098227,0.008065478542160692
toy_1,Triangle + branches,Full DMWA,4.5,1,B,0.04290781529043828,0.1638675654177093,0.2618444667867214,0.008065478542160692
toy_1,Triangle + branches,Full DMWA,4.5,1,C,0.04290781529043828,0.1638675654177093,0.2618444667867214,0.008065478542160692
toy_1,Triangle + branches,Full DMWA,4.5,1,D,0.008119480070632153,0.1638675654177093,0.04954903705278747,0.008065478542160692
toy_1,Triangle + branches,Full DMWA,4.5,1,E,0.008119480070632153,0.1638675654177093,0.04954903705278747,0.008065478542160692
toy_1,Triangle + branches,Full DMWA,4.5,2,A,0.04898425174763853,0.13049824649480182,0.3753632946293246,0.008065478542160692
toy_1,Triangle + branches,Full DMWA,4.5,2,B,0.03469650917348023,0.13049824649480182,0.26587720605780174,0.008065478542160692
toy_1,Triangle + branches,Full DMWA,4.5,2,C,0.03469650917348023,0.13049824649480182,0.26587720605780174,0.008065478542160692
toy_1,Triangle + branches,Full DMWA,4.5,2,D,0.00606048820010142,0.13049824649480182,0.04644114662753594,0.008065478542160692
toy_1,Triangle + branches,Full DMWA,4.5,2,E,0.00606048820010142,0.13049824649480182,0.04644114662753594,0.008065478542160692
toy_1,Triangle + branches,Full DMWA,4.6000000000000005,1,A,0.059163733579997685,0.1567548613399037,0.3774283813227864,0.007698441921442124
toy_1,Triangle + branches,Full DMWA,4.6000000000000005,1,B,0.041005888977117565,0.1567548613399037,0.26159245478327664,0.007698441921442124
toy_1,Triangle + branches,Full DMWA,4.6000000000000005,1,C,0.041005888977117565,0.1567548613399037,0.26159245478327664,0.007698441921442124
toy_1,Triangle + branches,Full DMWA,4.6000000000000005,1,D,0.007789674902835452,0.1567548613399037,0.049693354555330166,0.007698441921442124
toy_1,Triangle + branches,Full DMWA,4.6000000000000005,1,E,0.007789674902835452,0.1567548613399037,0.049693354555330166,0.007698441921442124
toy_1,Triangle + branches,Full DMWA,4.6000000000000005,2,A,0.046888004439915316,0.12481879921921557,0.3756485780444603,0.007698441921442124
toy_1,Triangle + branches,Full DMWA,4.6000000000000005,2,B,0.033132111229102174,0.12481879921921557,0.2654416757439977,0.007698441921442124
toy_1,Triangle + branches,Full DMWA,4.6000000000000005,2,C,0.033132111229102174,0.12481879921921557,0.2654416757439977,0.007698441921442124
toy_1,Triangle + branches,Full DMWA,4.6000000000000005,2,D,0.005833286160547951,0.12481879921921557,0.04673403523377214,0.007698441921442124
toy_1,Triangle + branches,Full DMWA,4.6000000000000005,2,E,0.005833286160547951,0.12481879921921557,0.04673403523377214,0.007698441921442124
toy_1,Triangle + branches,Full DMWA,4.7,1,A,0.05662477886647998,0.14994659606499078,0.3776329730215237,0.007346489956311569
toy_1,Triangle + branches,Full DMWA,4.7,1,B,0.03918915284071807,0.14994659606499078,0.26135406784247683,0.007346489956311569
toy_1,Triangle + branches,Full DMWA,4.7,1,C,0.03918915284071807,0.14994659606499078,0.26135406784247683,0.007346489956311569
toy_1,Triangle + branches,Full DMWA,4.7,1,D,0.007471755758537331,0.14994659606499078,0.04982944564676131,0.007346489956311569
toy_1,Triangle + branches,Full DMWA,4.7,1,E,0.007471755758537331,0.14994659606499078,0.04982944564676131,0.007346489956311569
toy_1,Triangle + branches,Full DMWA,4.7,2,A,0.04487948402807526,0.11938546573125988,0.37592083553202593,0.007346489956311569
toy_1,Triangle + branches,Full DMWA,4.7,2,B,0.03164040917259552,0.11938546573125988,0.2650273128206326,0.007346489956311569
toy_1,Triangle + branches,Full DMWA,4.7,2,C,0.03164040917259552,0.11938546573125988,0.2650273128206326,0.007346489956311569
toy_1,Triangle + branches,Full DMWA,4.7,2,D,0.005612581678996776,0.11938546573125988,0.047012269413354374,0.007346489956311569
toy_1,Triangle + branches,Full DMWA,4.7,2,E,0.005612581678996776,0.11938546573125988,0.047012269413354374,0.007346489956311569
toy_1,Triangle + branches,Full DMWA,4.800000000000001,1,A,0.05419186306016279,0.14343024334936957,0.37782731029857786,0.007009176272231132
toy_1,Triangle + branches,Full DMWA,4.800000000000001,1,B,0.03745372726187651,0.14343024334936957,0.2611285206471145,0.007009176272231132
toy_1,Triangle + branches,Full DMWA,4.800000000000001,1,C,0.03745372726187651,0.14343024334936957,0.2611285206471145,0.007009176272231132
toy_1,Triangle + branches,Full DMWA,4.800000000000001,1,D,0.007165462882726888,0.14343024334936957,0.04995782420359662,0.007009176272231132
toy_1,Triangle + branches,Full DMWA,4.800000000000001,1,E,0.007165462882726888,0.14343024334936957,0.04995782420359662,0.007009176272231132
toy_1,Triangle + branches,Full DMWA,4.800000000000001,2,A,0.042955175474563824,0.11418762634373139,0.37618064977775023,0.007009176272231132
toy_1,Triangle + branches,Full DMWA,4.800000000000001,2,B,0.030217826543919496,0.11418762634373139,0.26463310878323004,0.007009176272231132
toy_1,Triangle + branches,Full DMWA,4.800000000000001,2,C,0.030217826543919496,0.11418762634373139,0.26463310878323004,0.007009176272231132
toy_1,Triangle + branches,Full DMWA,4.800000000000001,2,D,0.005398398890664288,0.11418762634373139,0.047276566327894835,0.007009176272231132
toy_1,Triangle + branches,Full DMWA,4.800000000000001,2,E,0.005398398890664288,0.11418762634373139,0.047276566327894835,0.007009176272231132
toy_1,Triangle + branches,Full DMWA,4.9,1,A,0.051860864099072874,0.13719373112049232,0.37801190823744957,0.006686046435334228
toy_1,Triangle + branches,Full DMWA,4.9,1,B,0.03579591300860978,0.13719373112049232,0.26091507765155475,0.006686046435334228
toy_1,Triangle + branches,Full DMWA,4.9,1,C,0.03579591300860978,0.13719373112049232,0.26091507765155475,0.006686046435334228
toy_1,Triangle + branches,Full DMWA,4.9,1,D,0.006870520502099947,0.13719373112049232,0.050078968229720466,0.006686046435334228
toy_1,Triangle + branches,Full DMWA,4.9,1,E,0.006870520502099947,0.13719373112049232,0.050078968229720466,0.006686046435334228
toy_1,Triangle + branches,Full DMWA,4.9,2,A,0.04111169316862367,0.10921512220790161,0.37642857818135805,0.006686046435334228
toy_1,Triangle + branches,Full DMWA,4.9,2,B,0.02886098078086006,0.10921512220790161,0.26425810086922186,0.006686046435334228
toy_1,Triangle + branches,Full DMWA,4.9,2,C,0.02886098078086006,0.10921512220790161,0.26425810086922186,0.006686046435334228
toy_1,Triangle + branches,Full DMWA,4.9,2,D,0.005190733738778915,0.10921512220790161,0.0475276100400991,0.006686046435334228
toy_1,Triangle + branches,Full DMWA,4.9,2,E,0.005190733738778915,0.10921512220790161,0.0475276100400991,0.006686046435334228
toy_1,Triangle + branches,Full DMWA,5.0,1,A,0.04962778631902086,0.13122543284530622,0.3781872556482559,0.006376641515444308
toy_1,Triangle + branches,Full DMWA,5.0,1,B,0.03421218276980123,0.13122543284530622,0.26071304950566954,0.006376641515444308
toy_1,Triangle + branches,Full DMWA,5.0,1,C,0.03421218276980123,0.13122543284530622,0.26071304950566954,0.006376641515444308
toy_1,Triangle + branches,Full DMWA,5.0,1,D,0.006586640493341445,0.13122543284530622,0.05019332267020251,0.006376641515444308
toy_1,Triangle + branches,Full DMWA,5.0,1,E,0.006586640493341445,0.13122543284530622,0.05019332267020251,0.006376641515444308
toy_1,Triangle + branches,Full DMWA,5.0,2,A,0.03934577685879795,0.10445823419917658,0.3766651538812639,0.006376641515444308
toy_1,Triangle + branches,Full DMWA,5.0,2,B,0.027566671140456977,0.10445823419917658,0.26390137026339167,0.006376641515444308
toy_1,Triangle + branches,Full DMWA,5.0,2,C,0.027566671140456977,0.10445823419917658,0.26390137026339167,0.006376641515444308
toy_1,Triangle + branches,Full DMWA,5.0,2,D,0.004989557529732327,0.10445823419917658,0.047766052795976316,0.006376641515444308
toy_1,Triangle + branches,Full DMWA,5.0,2,E,0.004989557529732327,0.10445823419917658,0.047766052795976316,0.006376641515444308
toy_1,Triangle + branches,Full DMWA,5.1000000000000005,1,A,0.047488760670898994,0.12551415791494547,0.37835381649199845,0.0060805011222048455
toy_1,Triangle + branches,Full DMWA,5.1000000000000005,1,B,0.03269917306217705,0.12551415791494547,0.26052178977558543,0.0060805011222048455
toy_1,Triangle + branches,Full DMWA,5.1000000000000005,1,C,0.03269917306217705,0.12551415791494547,0.26052178977558543,0.0060805011222048455
toy_1,Triangle + branches,Full DMWA,5.1000000000000005,1,D,0.006313525559846177,0.12551415791494547,0.0503013019784153,0.0060805011222048455
toy_1,Triangle + branches,Full DMWA,5.1000000000000005,1,E,0.006313525559846177,0.12551415791494547,0.0503013019784153,0.0060805011222048455
toy_1,Triangle + branches,Full DMWA,5.1000000000000005,2,A,0.03765428769426919,0.09990766298226461,0.37689088674763116,0.0060805011222048455
toy_1,Triangle + branches,Full DMWA,5.1000000000000005,2,B,0.026331867500875843,0.09990766298226461,0.26356204033668784,0.0060805011222048455
toy_1,Triangle + branches,Full DMWA,5.1000000000000005,2,C,0.026331867500875843,0.09990766298226461,0.26356204033668784,0.0060805011222048455
toy_1,Triangle + branches,Full DMWA,5.1000000000000005,2,D,0.004794820143121862,0.09990766298226461,0.04799251628949651,0.0060805011222048455
toy_1,Triangle + branches,Full DMWA,5.1000000000000005,2,E,0.004794820143121862,0.09990766298226461,0.04799251628949651,0.0060805011222048455
toy_1,Triangle + branches,Full DMWA,5.2,1,A,0.04544004430195123,0.12004914125522512,0.3785120312134966,0.005797165981588942
toy_1,Triangle + branches,Full DMWA,5.2,1,B,0.031253676500320016,0.12004914125522512,0.2603406919327689,0.005797165981588942
toy_1,Triangle + branches,Full DMWA,5.2,1,C,0.031253676500320016,0.12004914125522512,0.2603406919327689,0.005797165981588942
toy_1,Triangle + branches,Full DMWA,5.2,1,D,0.006050871976316935,0.12004914125522512,0.0504032924604829,0.005797165981588942
toy_1,Triangle + branches,Full DMWA,5.2,1,E,0.006050871976316935,0.12004914125522512,0.0504032924604829,0.005797165981588942
toy_1,Triangle + branches,Full DMWA,5.2,2,A,0.03603420436726627,0.09555451015917665,0.3771062643431457,0.005797165981588942
toy_1,Triangle + branches,Full DMWA,5.2,2,B,0.025153699969977926,0.09555451015917665,0.2632392749235633,0.005797165981588942
toy_1,Triangle + branches,Full DMWA,5.2,2,C,0.025153699969977926,0.09555451015917665,0.2632392749235633,0.005797165981588942
toy_1,Triangle + branches,Full DMWA,5.2,2,D,0.004606452925977262,0.09555451015917665,0.04820759290486382,0.005797165981588942
toy_1,Triangle + branches,Full DMWA,5.2,2,E,0.004606452925977262,0.09555451015917665,0.04820759290486382,0.005797165981588942
toy_1,Triangle + branches,Full DMWA,5.300000000000001,1,A,0.04347801959870909,0.11482003234280266,0.3786623179908419,0.005526180111603052
toy_1,Triangle + branches,Full DMWA,5.300000000000001,1,B,0.029872634418415124,0.11482003234280266,0.2601691865860866,0.005526180111603052
toy_1,Triangle + branches,Full DMWA,5.300000000000001,1,C,0.029872634418415124,0.11482003234280266,0.2601691865860866,0.005526180111603052
toy_1,Triangle + branches,Full DMWA,5.300000000000001,1,D,0.0057983719536316685,0.11482003234280266,0.050499654418492516,0.005526180111603052
toy_1,Triangle + branches,Full DMWA,5.300000000000001,1,E,0.0057983719536316685,0.11482003234280266,0.050499654418492516,0.005526180111603052
toy_1,Triangle + branches,Full DMWA,5.300000000000001,2,A,0.0344826193505242,0.09139026041450661,0.37731175285118984,0.005526180111603052
toy_1,Triangle + branches,Full DMWA,5.300000000000001,2,B,0.02402944923368125,0.09139026041450661,0.2629322766418881,0.005526180111603052
toy_1,Triangle + branches,Full DMWA,5.300000000000001,2,C,0.02402944923368125,0.09139026041450661,0.2629322766418881,0.005526180111603052
toy_1,Triangle + branches,Full DMWA,5.300000000000001,2,D,0.00442437129830996,0.09139026041450661,0.04841184693251698,0.005526180111603052
toy_1,Triangle + branches,Full DMWA,5.300000000000001,2,E,0.00442437129830996,0.09139026041450661,0.04841184693251698,0.005526180111603052
toy_1,Triangle + branches,Full DMWA,5.4,1,A,0.04159919277705547,0.10981688378102887,0.3788050739083331,0.005267092648631719
toy_1,Triangle + branches,Full DMWA,5.4,1,B,0.028553129831823083,0.10981688378102887,0.2600067389342157,0.005267092648631719
toy_1,Triangle + branches,Full DMWA,5.4,1,C,0.028553129831823083,0.10981688378102887,0.2600067389342157,0.005267092648631719
toy_1,Triangle + branches,Full DMWA,5.4,1,D,0.005555715670163616,0.10981688378102887,0.0505907241116177,0.005267092648631719
toy_1,Triangle + branches,Full DMWA,5.4,1,E,0.005555715670163616,0.10981688378102887,0.0505907241116177,0.005267092648631719
toy_1,Triangle + branches,Full DMWA,5.4,2,A,0.03299673522518982,0.08740676458209612,0.3775077979713789,0.005267092648631719
toy_1,Triangle + branches,Full DMWA,5.4,2,B,0.02295653758336704,0.08740676458209612,0.2626402852585316,0.005267092648631719
toy_1,Triangle + branches,Full DMWA,5.4,2,C,0.02295653758336704,0.08740676458209612,0.2626402852585316,0.005267092648631719
toy_1,Triangle + branches,Full DMWA,5.4,2,D,0.004248477095086112,0.08740676458209612,0.048605815755778985,0.005267092648631719
toy_1,Triangle + branches,Full DMWA,5.4,2,E,0.004248477095086112,0.08740676458209612,0.048605815755778985,0.005267092648631719
toy_1,Triangle + branches,Full DMWA,5.5,1,A,0.03980019209410328,0.10503013956701517,0.3789406760590707,0.005019459369445638
toy_1,Triangle + branches,Full DMWA,5.5,1,B,0.02729238072618773,0.10503013956701517,0.25985284641818124,0.005019459369445638
toy_1,Triangle + branches,Full DMWA,5.5,1,C,0.02729238072618773,0.10503013956701517,0.25985284641818124,0.005019459369445638
toy_1,Triangle + branches,Full DMWA,5.5,1,D,0.005322593010268218,0.10503013956701517,0.050676815552283476,0.005019459369445638
toy_1,Triangle + branches,Full DMWA,5.5,1,E,0.005322593010268218,0.10503013956701517,0.050676815552283476,0.005019459369445638
toy_1,Triangle + branches,Full DMWA,5.5,2,A,0.03157386109568391,0.08359622356556567,0.3776948257826514,0.005019459369445638
toy_1,Triangle + branches,Full DMWA,5.5,2,B,0.021932520567136106,0.08359622356556567,0.26236257610290403,0.005019459369445638
toy_1,Triangle + branches,Full DMWA,5.5,2,C,0.021932520567136106,0.08359622356556567,0.26236257610290403,0.005019459369445638
toy_1,Triangle + branches,Full DMWA,5.5,2,D,0.004078660667804783,0.08359622356556567,0.048790011005770295,0.005019459369445638
toy_1,Triangle + branches,Full DMWA,5.5,2,E,0.004078660667804783,0.08359622356556567,0.048790011005770295,0.005019459369445638
toy_1,Triangle + branches,Full DMWA,5.6000000000000005,1,A,0.038077765747090445,0.1004506231618941,0.3790694825827146,0.004782843948299559
toy_1,Triangle + branches,Full DMWA,5.6000000000000005,1,B,0.02608773366157053,0.1004506231618941,0.25970703655591554,0.004782843948299559
toy_1,Triangle + branches,Full DMWA,5.6000000000000005,1,C,0.02608773366157053,0.1004506231618941,0.25970703655591554,0.004782843948299559
toy_1,Triangle + branches,Full DMWA,5.6000000000000005,1,D,0.005098695045831303,0.1004506231618941,0.05075822215272718,0.004782843948299559
toy_1,Triangle + branches,Full DMWA,5.6000000000000005,1,E,0.005098695045831303,0.1004506231618941,0.05075822215272718,0.004782843948299559
toy_1,Triangle + branches,Full DMWA,5.6000000000000005,2,A,0.03021140908890996,0.07995117305248098,0.3778732435742851,0.004782843948299559
toy_1,Triangle + branches,Full DMWA,5.6000000000000005,2,B,0.020955079214725766,0.07995117305248098,0.26209845853006536,0.004782843948299559
toy_1,Triangle + branches,Full DMWA,5.6000000000000005,2,C,0.020955079214725766,0.07995117305248098,0.26209845853006536,0.004782843948299559
toy_1,Triangle + branches,Full DMWA,5.6000000000000005,2,D,0.003914802767059751,0.07995117305248098,0.0489649196827922,0.004782843948299559
toy_1,Triangle + branches,Full DMWA,5.6000000000000005,2,E,0.003914802767059751,0.07995117305248098,0.0489649196827922,0.004782843948299559
toy_1,Triangle + branches,Full DMWA,5.7,1,A,0.036428779516138585,0.09606952545925347,0.37919183364332676,0.004556818983647681
toy_1,Triangle + branches,Full DMWA,5.7,1,B,0.02493665767903329,0.09606952545925347,0.2595688649426068,0.004556818983647681
toy_1,Triangle + branches,Full DMWA,5.7,1,C,0.02493665767903329,0.09606952545925347,0.2595688649426068,0.004556818983647681
toy_1,Triangle + branches,Full DMWA,5.7,1,D,0.004883715292524158,0.09606952545925347,0.05083521823572988,0.004556818983647681
toy_1,Triangle + branches,Full DMWA,5.7,1,E,0.004883715292524158,0.09606952545925347,0.05083521823572988,0.004556818983647681
toy_1,Triangle + branches,Full DMWA,5.7,2,A,0.028906890935879476,0.07646446896825536,0.37804344064535816,0.004556818983647681
toy_1,Triangle + branches,Full DMWA,5.7,2,B,0.02002201279041376,0.07646446896825536,0.26184727443443057,0.004556818983647681
toy_1,Triangle + branches,Full DMWA,5.7,2,C,0.02002201279041376,0.07646446896825536,0.26184727443443057,0.004556818983647681
toy_1,Triangle + branches,Full DMWA,5.7,2,D,0.0037567762257741753,0.07646446896825536,0.04913100524289028,0.004556818983647681
toy_1,Triangle + branches,Full DMWA,5.7,2,E,0.0037567762257741753,0.07646446896825536,0.04913100524289028,0.004556818983647681
toy_1,Triangle + branches,Full DMWA,5.800000000000001,1,A,0.03485021420036878,0.0918783927319708,0.3793080523517038,0.004340966824736073
toy_1,Triangle + branches,Full DMWA,5.800000000000001,1,B,0.023836738497134927,0.0918783927319708,0.25943791340224964,0.004340966824736073
toy_1,Triangle + branches,Full DMWA,5.800000000000001,1,C,0.023836738497134927,0.0918783927319708,0.25943791340224964,0.004340966824736073
toy_1,Triangle + branches,Full DMWA,5.800000000000001,1,D,0.004677350768666084,0.0918783927319708,0.05090806042189844,0.004340966824736073
toy_1,Triangle + branches,Full DMWA,5.800000000000001,1,E,0.004677350768666084,0.0918783927319708,0.05090806042189844,0.004340966824736073
toy_1,Triangle + branches,Full DMWA,5.800000000000001,2,A,0.027657914634339274,0.07312927362140262,0.3782057890732923,0.004340966824736073
toy_1,Triangle + branches,Full DMWA,5.800000000000001,2,B,0.01913123203231265,0.07312927362140262,0.26160839681461767,0.004340966824736073
toy_1,Triangle + branches,Full DMWA,5.800000000000001,2,C,0.01913123203231265,0.07312927362140262,0.26160839681461767,0.004340966824736073
toy_1,Triangle + branches,Full DMWA,5.800000000000001,2,D,0.0036044474612190193,0.07312927362140262,0.04928870864873615,0.004340966824736073
toy_1,Triangle + branches,Full DMWA,5.800000000000001,2,E,0.0036044474612190193,0.07312927362140262,0.04928870864873615,0.004340966824736073
toy_1,Triangle + branches,Full DMWA,5.9,1,A,0.03333916289039685,0.08786911462487726,0.37941844563616395,0.0041348802245903885
toy_1,Triangle + branches,Full DMWA,5.9,1,B,0.02278567298594758,0.08786911462487726,0.25931378827728124,0.0041348802245903885
toy_1,Triangle + branches,Full DMWA,5.9,1,C,0.02278567298594758,0.08786911462487726,0.25931378827728124,0.0041348802245903885
toy_1,Triangle + branches,Full DMWA,5.9,1,D,0.004479302881292622,0.08786911462487726,0.05097698890463674,0.0041348802245903885
toy_1,Triangle + branches,Full DMWA,5.9,1,E,0.004479302881292622,0.08786911462487726,0.05097698890463674,0.0041348802245903885
toy_1,Triangle + branches,Full DMWA,5.9,2,A,0.026462181191368707,0.06993904249656185,0.3783606444521966,0.0041348802245903885
toy_1,Triangle + branches,Full DMWA,5.9,2,B,0.018280752840142127,0.06993904249656185,0.26138122838957645,0.0041348802245903885
toy_1,Triangle + branches,Full DMWA,5.9,2,C,0.018280752840142127,0.06993904249656185,0.26138122838957645,0.0041348802245903885
toy_1,Triangle + branches,Full DMWA,5.9,2,D,0.0034576778124544454,0.06993904249656185,0.04943844938432524,0.0041348802245903885
toy_1,Triangle + branches,Full DMWA,5.9,2,E,0.0034576778124544454,0.06993904249656185,0.04943844938432524,0.0041348802245903885
toy_1,Triangle + branches,Full DMWA,6.0,1,A,0.031892828114534685,0.08403391224958408,0.37952330506536114,0.003938162842642992
toy_1,Triangle + branches,Full DMWA,6.0,1,B,0.021781263906409706,0.08403391224958408,0.2591961188444789,0.003938162842642992
toy_1,Triangle + branches,Full DMWA,6.0,1,C,0.021781263906409706,0.08403391224958408,0.2591961188444789,0.003938162842642992
toy_1,Triangle + branches,Full DMWA,6.0,1,D,0.004289278161114988,0.08403391224958408,0.05104222862284051,0.003938162842642992
toy_1,Triangle + branches,Full DMWA,6.0,1,E,0.004289278161114988,0.08403391224958408,0.05104222862284051,0.003938162842642992
toy_1,Triangle + branches,Full DMWA,6.0,2,A,0.025317481445185617,0.06688751165590423,0.37850834660181015,0.003938162842642992
toy_1,Triangle + branches,Full DMWA,6.0,2,B,0.017468690376895288,0.06688751165590423,0.2611652002658004,0.003938162842642992
toy_1,Triangle + branches,Full DMWA,6.0,2,C,0.017468690376895288,0.06688751165590423,0.2611652002658004,0.003938162842642992
toy_1,Triangle + branches,Full DMWA,6.0,2,D,0.003316324728464021,0.06688751165590423,0.04958062643329453,0.003938162842642992
toy_1,Triangle + branches,Full DMWA,6.0,2,E,0.003316324728464021,0.06688751165590423,0.04958062643329453,0.003938162842642992
toy_1,Triangle + branches,Full DMWA,6.1000000000000005,1,A,0.030508518891017026,0.08036532642820576,0.37962290762636003,0.003750429617383276
toy_1,Triangle + branches,Full DMWA,6.1000000000000005,1,B,0.02082141490310692,0.08036532642820576,0.25908455584645323,0.003750429617383276
toy_1,Triangle + branches,Full DMWA,6.1000000000000005,1,C,0.02082141490310692,0.08036532642820576,0.25908455584645323,0.003750429617383276
toy_1,Triangle + branches,Full DMWA,6.1000000000000005,1,D,0.004106988865487456,0.08036532642820576,0.05110399034036685,0.003750429617383276
toy_1,Triangle + branches,Full DMWA,6.1000000000000005,1,E,0.004106988865487456,0.08036532642820576,0.05110399034036685,0.003750429617383276
toy_1,Triangle + branches,Full DMWA,6.1000000000000005,2,A,0.024221692965584796,0.06396868571320014,0.37864922024787784,0.003750429617383276
toy_1,Triangle + branches,Full DMWA,6.1000000000000005,2,B,0.016693253552827747,0.06396868571320014,0.2609597706551448,0.003750429617383276
toy_1,Triangle + branches,Full DMWA,6.1000000000000005,2,C,0.016693253552827747,0.06396868571320014,0.2609597706551448,0.003750429617383276
toy_1,Triangle + branches,Full DMWA,6.1000000000000005,2,D,0.0031802428209799227,0.06396868571320014,0.04971561922091624,0.003750429617383276
toy_1,Triangle + branches,Full DMWA,6.1000000000000005,2,E,0.0031802428209799227,0.06396868571320014,0.04971561922091624,0.003750429617383276
toy_1,Triangle + branches,Full DMWA,6.2,1,A,0.02918364771416782,0.07685620612440838,0.3797175164609059,0.003571307026900346
toy_1,Triangle + branches,Full DMWA,6.2,1,B,0.019904125738887474,0.07685620612440838,0.25897877012909465,0.003571307026900346
toy_1,Triangle + branches,Full DMWA,6.2,1,C,0.019904125738887474,0.07685620612440838,0.25897877012909465,0.003571307026900346
toy_1,Triangle + branches,Full DMWA,6.2,1,D,0.003932153466232807,0.07685620612440838,0.051162471640452394,0.003571307026900346
toy_1,Triangle + branches,Full DMWA,6.2,1,E,0.003932153466232807,0.07685620612440838,0.051162471640452394,0.003571307026900346
toy_1,Triangle + branches,Full DMWA,6.2,2,A,0.02317277703254504,0.061176826348029054,0.3787835756748373,0.003571307026900346
toy_1,Triangle + branches,Full DMWA,6.2,2,B,0.015952739862923847,0.061176826348029054,0.2607644236425448,0.003571307026900346
toy_1,Triangle + branches,Full DMWA,6.2,2,C,0.015952739862923847,0.061176826348029054,0.2607644236425448,0.003571307026900346
toy_1,Triangle + branches,Full DMWA,6.2,2,D,0.0030492847948181585,0.061176826348029054,0.04984378852003653,0.003571307026900346
toy_1,Triangle + branches,Full DMWA,6.2,2,E,0.0030492847948181585,0.061176826348029054,0.04984378852003653,0.003571307026900346
toy_1,Triangle + branches,Full DMWA,6.300000000000001,1,A,0.0279157274985501,0.07349969709304319,0.37980738156256083,0.0034004332529826292
toy_1,Triangle + branches,Full DMWA,6.300000000000001,1,B,0.0190274877600706,0.07349969709304319,0.2588784513762516,0.0034004332529826292
toy_1,Triangle + branches,Full DMWA,6.300000000000001,1,C,0.0190274877600706,0.07349969709304319,0.2588784513762516,0.0034004332529826292
toy_1,Triangle + branches,Full DMWA,6.300000000000001,1,D,0.003764497037175952,0.07349969709304319,0.0512178578424681,0.0034004332529826292
toy_1,Triangle + branches,Full DMWA,6.300000000000001,1,E,0.003764497037175952,0.07349969709304319,0.0512178578424681,0.0034004332529826292
toy_1,Triangle + branches,Full DMWA,6.300000000000001,2,A,0.02216877569259814,0.05850644133042829,0.3789117093517104,0.0034004332529826292
toy_1,Triangle + branches,Full DMWA,6.300000000000001,2,B,0.015245530551463628,0.05850644133042829,0.2605786680027429,0.0034004332529826292
toy_1,Triangle + branches,Full DMWA,6.300000000000001,2,C,0.015245530551463628,0.05850644133042829,0.2605786680027429,0.0034004332529826292
toy_1,Triangle + branches,Full DMWA,6.300000000000001,2,D,0.0029233022674514486,0.05850644133042829,0.049965477321401955,0.0034004332529826292
toy_1,Triangle + branches,Full DMWA,6.300000000000001,2,E,0.0029233022674514486,0.05850644133042829,0.049965477321401955,0.0034004332529826292
toy_1,Triangle + branches,Full DMWA,6.4,1,A,0.02670236850174453,0.07028923077344937,0.3798927404371442,0.0032374582625128295
toy_1,Triangle + branches,Full DMWA,6.4,1,B,0.01818967958138131,0.07028923077344937,0.25878330693372975,0.0032374582625128295
toy_1,Triangle + branches,Full DMWA,6.4,1,C,0.01818967958138131,0.07028923077344937,0.25878330693372975,0.0032374582625128295
toy_1,Triangle + branches,Full DMWA,6.4,1,D,0.003603751554471115,0.07028923077344937,0.05127032284769823,0.0032374582625128295
toy_1,Triangle + branches,Full DMWA,6.4,1,E,0.003603751554471115,0.07028923077344937,0.05127032284769823,0.0032374582625128295
toy_1,Triangle + branches,Full DMWA,6.4,2,A,0.021207808892567397,0.05595227402874952,0.3790339045321081,0.0032374582625128295
toy_1,Triangle + branches,Full DMWA,6.4,2,B,0.014570086079552418,0.05595227402874952,0.26040203606498613,0.0032374582625128295
toy_1,Triangle + branches,Full DMWA,6.4,2,C,0.014570086079552418,0.05595227402874952,0.26040203606498613,0.0032374582625128295
toy_1,Triangle + branches,Full DMWA,6.4,2,D,0.002802146488538643,0.05595227402874952,0.050081011668959834,0.0032374582625128295
toy_1,Triangle + branches,Full DMWA,6.4,2,E,0.002802146488538643,0.05595227402874952,0.050081011668959834,0.0032374582625128295
toy_1,Triangle + branches,Full DMWA,6.5,1,A,0.02554127524341466,0.06721851344618604,0.3799738187287131,0.0030820438181910076
toy_1,Triangle + branches,Full DMWA,6.5,1,B,0.017388962980136008,0.06721851344618604,0.25869306071544274,0.0030820438181910076
toy_1,Triangle + branches,Full DMWA,6.5,1,C,0.017388962980136008,0.06721851344618604,0.25869306071544274,0.0030820438181910076
toy_1,Triangle + branches,Full DMWA,6.5,1,D,0.00344965612124968,0.06721851344618604,0.05132002992020069,0.0030820438181910076
toy_1,Triangle + branches,Full DMWA,6.5,1,E,0.00344965612124968,0.06721851344618604,0.05132002992020069,0.0030820438181910076
toy_1,Triangle + branches,Full DMWA,6.5,2,A,0.02028807169026269,0.05350929337566755,0.3791504318292558,0.0030820438181910076
toy_1,Triangle + branches,Full DMWA,6.5,2,B,0.013924941873504125,0.05350929337566755,0.26023408262453823,0.0030820438181910076
toy_1,Triangle + branches,Full DMWA,6.5,2,C,0.013924941873504125,0.05350929337566755,0.26023408262453823,0.0030820438181910076
toy_1,Triangle + branches,Full DMWA,6.5,2,D,0.002685668969198304,0.05350929337566755,0.05019070146083384,0.0030820438181910076
toy_1,Triangle + branches,Full DMWA,6.5,2,E,0.002685668969198304,0.05350929337566755,0.05019070146083384,0.0030820438181910076
toy_1,Triangle + branches,Full DMWA,6.6000000000000005,1,A,0.024430243435700758,0.06428151566839421,0.38005083081313473,0.0029338634291380533
toy_1,Triangle + branches,Full DMWA,6.6000000000000005,1,B,0.016623678989605824,0.06428151566839421,0.2586074521851904,0.0029338634291380533
toy_1,Triangle + branches,Full DMWA,6.6000000000000005,1,C,0.016623678989605824,0.06428151566839421,0.2586074521851904,0.0029338634291380533
toy_1,Triangle + branches,Full DMWA,6.6000000000000005,1,D,0.003301957126740902,0.06428151566839421,0.051367132408242214,0.0029338634291380533
toy_1,Triangle + branches,Full DMWA,6.6000000000000005,1,E,0.003301957126740902,0.06428151566839421,0.051367132408242214,0.0029338634291380533
toy_1,Triangle + branches,Full DMWA,6.6000000000000005,2,A,0.019407831541675826,0.051172684269211684,0.3792615497669457,0.0029338634291380533
toy_1,Triangle + branches,Full DMWA,6.6000000000000005,2,B,0.013308704333812142,0.051172684269211684,0.26007438389975945,0.0029338634291380533
toy_1,Triangle + branches,Full DMWA,6.6000000000000005,2,C,0.013308704333812142,0.051172684269211684,0.26007438389975945,0.0029338634291380533
toy_1,Triangle + branches,Full DMWA,6.6000000000000005,2,D,0.0025737220299557905,0.051172684269211684,0.05029484121676775,0.0029338634291380533
toy_1,Triangle + branches,Full DMWA,6.6000000000000005,2,E,0.0025737220299557905,0.051172684269211684,0.05029484121676775,0.0029338634291380533
toy_1,Triangle + branches,Full DMWA,6.7,1,A,0.02336715693768616,0.061472461999072046,0.3801239803611396,0.0027926022506090525
toy_1,Triangle + branches,Full DMWA,6.7,1,B,0.01589224418188987,0.061472461999072046,0.25852623540813724,0.0027926022506090525
toy_1,Triangle + branches,Full DMWA,6.7,1,C,0.01589224418188987,0.061472461999072046,0.25852623540813724,0.0027926022506090525
toy_1,Triangle + branches,Full DMWA,6.7,1,D,0.0031604083488030754,0.061472461999072046,0.05141177441129303,0.0027926022506090525
toy_1,Triangle + branches,Full DMWA,6.7,1,E,0.0031604083488030754,0.061472461999072046,0.05141177441129303,0.0027926022506090525
toy_1,Triangle + branches,Full DMWA,6.7,2,A,0.018565425664156834,0.048937838387390964,0.3793675053073103,0.0027926022506090525
toy_1,Triangle + branches,Full DMWA,6.7,2,B,0.012720047086114298,0.048937838387390964,0.2599225365334418,0.0027926022506090525
toy_1,Triangle + branches,Full DMWA,6.7,2,C,0.012720047086114298,0.048937838387390964,0.2599225365334418,0.0027926022506090525
toy_1,Triangle + branches,Full DMWA,6.7,2,D,0.0024661592755027715,0.048937838387390964,0.05039371081290316,0.0027926022506090525
toy_1,Triangle + branches,Full DMWA,6.7,2,E,0.0024661592755027715,0.048937838387390964,0.05039371081290316,0.0027926022506090525
toy_1,Triangle + branches,Full DMWA,6.800000000000001,1,A,0.022349984744669912,0.05878582102220582,0.380193460872604,0.0026579569409085207
toy_1,Triangle + branches,Full DMWA,6.800000000000001,1,B,0.015193147131037102,0.05878582102220582,0.25844917816658586,0.0026579569409085207
toy_1,Triangle + branches,Full DMWA,6.800000000000001,1,C,0.015193147131037102,0.05878582102220582,0.25844917816658586,0.0026579569409085207
toy_1,Triangle + branches,Full DMWA,6.800000000000001,1,D,0.0030247710077308553,0.05878582102220582,0.05145409139711215,0.0026579569409085207
toy_1,Triangle + branches,Full DMWA,6.800000000000001,1,E,0.0030247710077308553,0.05878582102220582,0.05145409139711215,0.0026579569409085207
toy_1,Triangle + branches,Full DMWA,6.800000000000001,2,A,0.01775925847497782,0.04680034539649851,0.3794685343562983,0.0026579569409085207
toy_1,Triangle + branches,Full DMWA,6.800000000000001,2,B,0.01215770745707917,0.04680034539649851,0.2597781566370401,0.0026579569409085207
toy_1,Triangle + branches,Full DMWA,6.800000000000001,2,C,0.01215770745707917,0.04680034539649851,0.2597781566370401,0.0026579569409085207
toy_1,Triangle + branches,Full DMWA,6.800000000000001,2,D,0.002362836003681176,0.04680034539649851,0.05048757618481076,0.0026579569409085207
toy_1,Triangle + branches,Full DMWA,6.800000000000001,2,E,0.002362836003681176,0.04680034539649851,0.05048757618481076,0.0026579569409085207
toy_1,Triangle + branches,Full DMWA,6.9,1,A,0.021376778021219966,0.05621629567285288,0.3802594561836794,0.0025296354825727826
toy_1,Triangle + branches,Full DMWA,6.9,1,B,0.014524945047559029,0.05621629567285288,0.25837606113512024,0.0025296354825727826
toy_1,Triangle + branches,Full DMWA,6.9,1,C,0.014524945047559029,0.05621629567285288,0.25837606113512024,0.0025296354825727826
toy_1,Triangle + branches,Full DMWA,6.9,1,D,0.0028948137782574294,0.05621629567285288,0.051494210773040124,0.0025296354825727826
toy_1,Triangle + branches,Full DMWA,6.9,1,E,0.0028948137782574294,0.05621629567285288,0.051494210773040124,0.0025296354825727826
toy_1,Triangle + branches,Full DMWA,6.9,2,A,0.01698779910460967,0.044755984534529655,0.3795648622477163,0.0025296354825727826
toy_1,Triangle + branches,Full DMWA,6.9,2,B,0.011620483159524141,0.044755984534529655,0.2596408788764066,0.0025296354825727826
toy_1,Triangle + branches,Full DMWA,6.9,2,C,0.011620483159524141,0.044755984534529655,0.2596408788764066,0.0025296354825727826
toy_1,Triangle + branches,Full DMWA,6.9,2,D,0.0022636095554358507,0.044755984534529655,0.05057668999973523,0.0025296354825727826
toy_1,Triangle + branches,Full DMWA,6.9,2,E,0.0022636095554358507,0.044755984534529655,0.05057668999973523,0.0025296354825727826
toy_1,Triangle + branches,Full DMWA,7.0,1,A,0.02044566718544179,0.05375881386885338,0.3803221409482686,0.002407356974002857
toy_1,Triangle + branches,Full DMWA,7.0,1,B,0.013886260575871692,0.05375881386885338,0.2583066771106174,0.002407356974002857
toy_1,Triangle + branches,Full DMWA,7.0,1,C,0.013886260575871692,0.05375881386885338,0.2583066771106174,0.002407356974002857
toy_1,Triangle + branches,Full DMWA,7.0,1,D,0.002770312765834105,0.05375881386885338,0.05153225241524833,0.002407356974002857
toy_1,Triangle + branches,Full DMWA,7.0,1,E,0.002770312765834105,0.05375881386885338,0.05153225241524833,0.002407356974002857
toy_1,Triangle + branches,Full DMWA,7.0,2,A,0.016249578983950408,0.042800716552352555,0.37965670420667863,0.002407356974002857
toy_1,Triangle + branches,Full DMWA,7.0,2,B,0.011107229172333899,0.042800716552352555,0.25951035559761876,0.002407356974002857
toy_1,Triangle + branches,Full DMWA,7.0,2,C,0.011107229172333899,0.042800716552352555,0.25951035559761876,0.002407356974002857
toy_1,Triangle + branches,Full DMWA,7.0,2,D,0.0021683396118671707,0.042800716552352555,0.05066129229904183,0.002407356974002857
toy_1,Triangle + branches,Full DMWA,7.0,2,E,0.0021683396118671707,0.042800716552352555,0.05066129229904183,0.002407356974002857
toy_1,Triangle + branches,Full DMWA,7.1000000000000005,1,A,0.019554859050554874,0.05140851944880678,0.38038168109524795,0.002290851396941039
toy_1,Triangle + branches,Full DMWA,7.1000000000000005,1,B,0.013275778746594621,0.05140851944880678,0.25824083029301786,0.002290851396941039
toy_1,Triangle + branches,Full DMWA,7.1000000000000005,1,C,0.013275778746594621,0.05140851944880678,0.25824083029301786,0.002290851396941039
toy_1,Triangle + branches,Full DMWA,7.1000000000000005,1,D,0.0026510514525313364,0.05140851944880678,0.05156832915935821,0.002290851396941039
toy_1,Triangle + branches,Full DMWA,7.1000000000000005,1,E,0.0026510514525313364,0.05140851944880678,0.05156832915935821,0.002290851396941039
toy_1,Triangle + branches,Full DMWA,7.1000000000000005,2,A,0.015543189504658333,0.04093067599635409,0.3797442657932854,0.002290851396941039
toy_1,Triangle + branches,Full DMWA,7.1000000000000005,2,B,0.01061685480189497,0.04093067599635409,0.2593862559914884,0.002290851396941039
toy_1,Triangle + branches,Full DMWA,7.1000000000000005,2,C,0.01061685480189497,0.04093067599635409,0.2593862559914884,0.002290851396941039
toy_1,Triangle + branches,Full DMWA,7.1000000000000005,2,D,0.0020768884439529094,0.04093067599635409,0.05074161111186898,0.002290851396941039
toy_1,Triangle + branches,Full DMWA,7.1000000000000005,2,E,0.0020768884439529094,0.04093067599635409,0.05074161111186898,0.002290851396941039
toy_1,Triangle + branches,Full DMWA,7.2,1,A,0.018702634028698407,0.0491607634152302,0.38043823426273843,0.002179859364495537
toy_1,Triangle + branches,Full DMWA,7.2,1,B,0.012692244076012965,0.0491607634152302,0.2581783356130889,0.002179859364495537
toy_1,Triangle + branches,Full DMWA,7.2,1,C,0.012692244076012965,0.0491607634152302,0.2581783356130889,0.002179859364495537
toy_1,Triangle + branches,Full DMWA,7.2,1,D,0.0025368206172529297,0.0491607634152302,0.05160254725554186,0.002179859364495537
toy_1,Triangle + branches,Full DMWA,7.2,1,E,0.0025368206172529297,0.0491607634152302,0.05160254725554186,0.002179859364495537
toy_1,Triangle + branches,Full DMWA,7.2,2,A,0.014867279751657681,0.03914216381725817,0.37982774332732594,0.002179859364495537
toy_1,Triangle + branches,Full DMWA,7.2,2,B,0.01014832091280642,0.03914216381725817,0.2592682652953367,0.002179859364495537
toy_1,Triangle + branches,Full DMWA,7.2,2,C,0.01014832091280642,0.03914216381725817,0.2592682652953367,0.002179859364495537
toy_1,Triangle + branches,Full DMWA,7.2,2,D,0.001989121119993826,0.03914216381725817,0.05081786304100037,0.002179859364495537
toy_1,Triangle + branches,Full DMWA,7.2,2,E,0.001989121119993826,0.03914216381725817,0.05081786304100037,0.002179859364495537
toy_1,Triangle + branches,Full DMWA,7.300000000000001,1,A,0.017887343400867797,0.04701109548037779,0.3804919502106453,0.0020741318538085238
toy_1,Triangle + branches,Full DMWA,7.300000000000001,1,B,0.01213445780537602,0.04701109548037779,0.2581190181037344,0.0020741318538085238
toy_1,Triangle + branches,Full DMWA,7.300000000000001,1,C,0.01213445780537602,0.04701109548037779,0.2581190181037344,0.0020741318538085238
toy_1,Triangle + branches,Full DMWA,7.300000000000001,1,D,0.002427418234378972,0.04701109548037779,0.0516350067909429,0.0020741318538085238
toy_1,Triangle + branches,Full DMWA,7.300000000000001,1,E,0.002427418234378972,0.04701109548037779,0.0516350067909429,0.0020741318538085238
toy_1,Triangle + branches,Full DMWA,7.300000000000001,2,A,0.014220554306802628,0.03743164029069492,0.3799073242947811,0.0020741318538085238
toy_1,Triangle + branches,Full DMWA,7.300000000000001,2,B,0.009700637316579976,0.03743164029069492,0.2591560840306387,0.0020741318538085238
toy_1,Triangle + branches,Full DMWA,7.300000000000001,2,C,0.009700637316579976,0.03743164029069492,0.2591560840306387,0.0020741318538085238
toy_1,Triangle + branches,Full DMWA,7.300000000000001,2,D,0.0019049056753661741,0.03743164029069492,0.05089025382197082,0.0020741318538085238
toy_1,Triangle + branches,Full DMWA,7.300000000000001,2,E,0.0019049056753661741,0.03743164029069492,0.05089025382197082,0.0020741318538085238
toy_1,Triangle + branches,Full DMWA,7.4,1,A,0.017107406655998574,0.0449552559110095,0.38054297121260483,0.0019734299269287964
toy_1,Triangle + branches,Full DMWA,7.4,1,B,0.01160127527306119,0.0449552559110095,0.2580627123116887,0.0019734299269287964
toy_1,Triangle + branches,Full DMWA,7.4,1,C,0.01160127527306119,0.0449552559110095,0.2580627123116887,0.0019734299269287964
toy_1,Triangle + branches,Full DMWA,7.4,1,D,0.002322649354444277,0.0449552559110095,0.05166580208200888,0.0019734299269287964
toy_1,Triangle + branches,Full DMWA,7.4,1,E,0.002322649354444277,0.0449552559110095,0.05166580208200888,0.0019734299269287964
toy_1,Triangle + branches,Full DMWA,7.4,2,A,0.013601771122608792,0.035795718235902156,0.3799831877368667,0.0019734299269287964
toy_1,Triangle + branches,Full DMWA,7.4,2,B,0.009272860307913208,0.035795718235902156,0.2590494272751531,0.0019734299269287964
toy_1,Triangle + branches,Full DMWA,7.4,2,C,0.009272860307913208,0.035795718235902156,0.2590494272751531,0.0019734299269287964
toy_1,Triangle + branches,Full DMWA,7.4,2,D,0.001824113248733476,0.035795718235902156,0.05095897885641358,0.0019734299269287964
toy_1,Triangle + branches,Full DMWA,7.4,2,E,0.001824113248733476,0.035795718235902156,0.05095897885641358,0.0019734299269287964
toy_1,Triangle + branches,Full DMWA,7.5,1,A,0.01636130890144573,0.04298916766741273,0.38059143242841065,0.0018775244429750926
toy_1,Triangle + branches,Full DMWA,7.5,1,B,0.011091603412973945,0.04298916766741273,0.2580092617466926,0.0018775244429750926
toy_1,Triangle + branches,Full DMWA,7.5,1,C,0.011091603412973945,0.04298916766741273,0.2580092617466926,0.0018775244429750926
toy_1,Triangle + branches,Full DMWA,7.5,1,D,0.0022223259700095573,0.04298916766741273,0.05169502203910212,0.0018775244429750926
toy_1,Triangle + branches,Full DMWA,7.5,1,E,0.0022223259700095573,0.04298916766741273,0.05169502203910212,0.0018775244429750926
toy_1,Triangle + branches,Full DMWA,7.5,2,A,0.013009739464888703,0.03423115651966758,0.38005550462234405,0.0018775244429750926
toy_1,Triangle + branches,Full DMWA,7.5,2,B,0.008864090338913406,0.03423115651966758,0.2589480239681801,0.0018775244429750926
toy_1,Triangle + branches,Full DMWA,7.5,2,C,0.008864090338913406,0.03423115651966758,0.2589480239681801,0.0018775244429750926
toy_1,Triangle + branches,Full DMWA,7.5,2,D,0.001746618188476032,0.03423115651966758,0.051024223720647854,0.0018775244429750926
toy_1,Triangle + branches,Full DMWA,7.5,2,E,0.001746618188476032,0.03423115651966758,0.051024223720647854,0.0018775244429750926
toy_1,Triangle + branches,Full DMWA,7.6000000000000005,1,A,0.015647598346442627,0.04110892883118168,0.3806374622579246,0.0017861957642653983
toy_1,Triangle + branches,Full DMWA,7.6000000000000005,1,B,0.01060439837288373,0.04110892883118168,0.2579585183654834,0.0017861957642653983
toy_1,Triangle + branches,Full DMWA,7.6000000000000005,1,C,0.01060439837288373,0.04110892883118168,0.2579585183654834,0.0017861957642653983
toy_1,Triangle + branches,Full DMWA,7.6000000000000005,1,D,0.0021262668694858,0.04110892883118168,0.051722750505554346,0.0017861957642653983
toy_1,Triangle + branches,Full DMWA,7.6000000000000005,1,E,0.0021262668694858,0.04110892883118168,0.051722750505554346,0.0017861957642653983
toy_1,Triangle + branches,Full DMWA,7.6000000000000005,2,A,0.012443317923063144,0.03273485383329169,0.3801244382037888,0.0017861957642653983
toy_1,Triangle + branches,Full DMWA,7.6000000000000005,2,B,0.008473469822377025,0.03273485383329169,0.2588516162476161,0.0017861957642653983
toy_1,Triangle + branches,Full DMWA,7.6000000000000005,2,C,0.008473469822377025,0.03273485383329169,0.2588516162476161,0.0017861957642653983
toy_1,Triangle + branches,Full DMWA,7.6000000000000005,2,D,0.001672298132737249,0.03273485383329169,0.051086164650489575,0.0017861957642653983
toy_1,Triangle + branches,Full DMWA,7.6000000000000005,2,E,0.001672298132737249,0.03273485383329169,0.051086164650489575,0.0017861957642653983
toy_1,Triangle + branches,Full DMWA,7.7,1,A,0.01496488385955068,0.039310805315616676,0.38068118267741785,0.0016992334587164482
toy_1,Triangle + branches,Full DMWA,7.7,1,B,0.010138663246711253,0.039310805315616676,0.2579103420881472,0.0016992334587164482
toy_1,Triangle + branches,Full DMWA,7.7,1,C,0.010138663246711253,0.039310805315616676,0.2579103420881472,0.0016992334587164482
toy_1,Triangle + branches,Full DMWA,7.7,1,D,0.002034297481321745,0.039310805315616676,0.05174906657314386,0.0016992334587164482
toy_1,Triangle + branches,Full DMWA,7.7,1,E,0.002034297481321745,0.039310805315616676,0.05174906657314386,0.0016992334587164482
toy_1,Triangle + branches,Full DMWA,7.7,2,A,0.011901412486860422,0.03130384273096342,0.3801901443584891,0.0016992334587164482
toy_1,Triangle + branches,Full DMWA,7.7,2,B,0.008100181055893762,0.03130384273096342,0.25875995881750546,0.0016992334587164482
toy_1,Triangle + branches,Full DMWA,7.7,2,C,0.008100181055893762,0.03130384273096342,0.25875995881750546,0.0016992334587164482
toy_1,Triangle + branches,Full DMWA,7.7,2,D,0.0016010340661577382,0.03130384273096342,0.05114496900325004,0.0016992334587164482
toy_1,Triangle + branches,Full DMWA,7.7,2,E,0.0016010340661577382,0.03130384273096342,0.05114496900325004,0.0016992334587164482
toy_1,Triangle + branches,Full DMWA,7.800000000000001,1,A,0.014311832600617611,0.03759122385209564,0.38072270955923543,0.001616436000501327
toy_1,Triangle + branches,Full DMWA,7.800000000000001,1,B,0.009693445915084024,0.03759122385209564,0.2578646003445731,0.001616436000501327
toy_1,Triangle + branches,Full DMWA,7.800000000000001,1,C,0.009693445915084024,0.03759122385209564,0.2578646003445731,0.001616436000501327
toy_1,Triangle + branches,Full DMWA,7.800000000000001,1,D,0.00194624971065499,0.03759122385209564,0.051774044875809236,0.001616436000501327
toy_1,Triangle + branches,Full DMWA,7.800000000000001,1,E,0.00194624971065499,0.03759122385209564,0.051774044875809236,0.001616436000501327
toy_1,Triangle + branches,Full DMWA,7.800000000000001,2,A,0.011382974688063773,0.029935283918507985,0.3802527719146188,0.001616436000501327
toy_1,Triangle + branches,Full DMWA,7.800000000000001,2,B,0.007743444259152939,0.029935283918507985,0.25867281834482375,0.001616436000501327
toy_1,Triangle + branches,Full DMWA,7.800000000000001,2,C,0.007743444259152939,0.029935283918507985,0.25867281834482375,0.001616436000501327
toy_1,Triangle + branches,Full DMWA,7.800000000000001,2,D,0.001532710356069167,0.029935283918507985,0.051200795697866876,0.001616436000501327
toy_1,Triangle + branches,Full DMWA,7.800000000000001,2,E,0.001532710356069167,0.029935283918507985,0.051200795697866876,0.001616436000501327
toy_1,Triangle + branches,Full DMWA,7.9,1,A,0.013687167727340683,0.03594676524538126,0.3807621529756234,0.001537610470664287
toy_1,Triangle + branches,Full DMWA,7.9,1,B,0.009267836988766143,0.03594676524538126,0.2578211676489292,0.001537610470664287
toy_1,Triangle + branches,Full DMWA,7.9,1,C,0.009267836988766143,0.03594676524538126,0.2578211676489292,0.001537610470664287
toy_1,Triangle + branches,Full DMWA,7.9,1,D,0.0018619617702541448,0.03594676524538126,0.051797755863259076,0.001537610470664287
toy_1,Triangle + branches,Full DMWA,7.9,1,E,0.0018619617702541448,0.03594676524538126,0.051797755863259076,0.001537610470664287
toy_1,Triangle + branches,Full DMWA,7.9,2,A,0.010886999805921786,0.02862646078199211,0.3803124629633018,0.001537610470664287
toy_1,Triangle + branches,Full DMWA,7.9,2,B,0.007402515717387712,0.02862646078199211,0.2585899728842614,0.001537610470664287
toy_1,Triangle + branches,Full DMWA,7.9,2,C,0.007402515717387712,0.02862646078199211,0.2585899728842614,0.001537610470664287
toy_1,Triangle + branches,Full DMWA,7.9,2,D,0.0014672147706474518,0.02862646078199211,0.051253795634087766,0.001537610470664287
toy_1,Triangle + branches,Full DMWA,7.9,2,E,0.0014672147706474518,0.02862646078199211,0.051253795634087766,0.001537610470664287
toy_1,Triangle + branches,Full DMWA,8.0,1,A,0.013089666176170453,0.03437415789053301,0.38079961748751606,0.0014625722591463802
toy_1,Triangle + branches,Full DMWA,8.0,1,B,0.008860967849842867,0.03437415789053301,0.2577799252002408,0.0014625722591463802
toy_1,Triangle + branches,Full DMWA,8.0,1,C,0.008860967849842867,0.03437415789053301,0.2577799252002408,0.0014625722591463802
toy_1,Triangle + branches,Full DMWA,8.0,1,D,0.001781278007338409,0.03437415789053301,0.05182026605600107,0.0014625722591463802
toy_1,Triangle + branches,Full DMWA,8.0,1,E,0.001781278007338409,0.03437415789053301,0.05182026605600107,0.0014625722591463802
toy_1,Triangle + branches,Full DMWA,8.0,2,A,0.010412525134797825,0.02737477414615852,0.3803693531571659,0.0014625722591463802
toy_1,Triangle + branches,Full DMWA,8.0,2,B,0.007076686024403515,0.02737477414615852,0.25851121132981403,0.0014625722591463802
toy_1,Triangle + branches,Full DMWA,8.0,2,C,0.007076686024403515,0.02737477414615852,0.25851121132981403,0.0014625722591463802
toy_1,Triangle + branches,Full DMWA,8.0,2,D,0.0014044384812768327,0.02737477414615852,0.051304112091603,0.0014625722591463802
toy_1,Triangle + branches,Full DMWA,8.0,2,E,0.0014044384812768327,0.02737477414615852,0.051304112091603,0.0014625722591463802
toy_1,Triangle + branches,Full DMWA,8.1,1,A,0.012518156516985072,0.03287027154388782,0.3808352024190322,0.0013911447694552118
toy_1,Triangle + branches,Full DMWA,8.1,1,B,0.00847200878580304,0.03287027154388782,0.2577407605072979,0.0013911447694552118
toy_1,Triangle + branches,Full DMWA,8.1,1,C,0.00847200878580304,0.03287027154388782,0.2577407605072979,0.0013911447694552118
toy_1,Triangle + branches,Full DMWA,8.1,1,D,0.0017040487276483351,0.03287027154388782,0.051841638283186026,0.0013911447694552118
toy_1,Triangle + branches,Full DMWA,8.1,1,E,0.0017040487276483351,0.03287027154388782,0.051841638283186026,0.0013911447694552118
toy_1,Triangle + branches,Full DMWA,8.1,2,A,0.009958628312602823,0.026177737253118158,0.3804235719959563,0.0013911447694552118
toy_1,Triangle + branches,Full DMWA,8.1,2,B,0.006765278419106822,0.026177737253118158,0.2584363328920255,0.0013911447694552118
toy_1,Triangle + branches,Full DMWA,8.1,2,C,0.006765278419106822,0.026177737253118158,0.2584363328920255,0.0013911447694552118
toy_1,Triangle + branches,Full DMWA,8.1,2,D,0.001344276051150847,0.026177737253118158,0.05135188110999638,0.0013911447694552118
toy_1,Triangle + branches,Full DMWA,8.1,2,E,0.001344276051150847,0.026177737253118158,0.05135188110999638,0.0013911447694552118
toy_1,Triangle + branches,Full DMWA,8.200000000000001,1,A,0.011971516880707134,0.031432111340438815,0.3808690021183923,0.001323159127018067
toy_1,Triangle + branches,Full DMWA,8.200000000000001,1,B,0.008100167211911808,0.031432111340438815,0.2577035670362551,0.001323159127018067
toy_1,Triangle + branches,Full DMWA,8.200000000000001,1,C,0.008100167211911808,0.031432111340438815,0.2577035670362551,0.001323159127018067
toy_1,Triangle + branches,Full DMWA,8.200000000000001,1,D,0.0016301300179540354,0.031432111340438815,0.051861931904548846,0.001323159127018067
toy_1,Triangle + branches,Full DMWA,8.200000000000001,1,E,0.0016301300179540354,0.031432111340438815,0.051861931904548846,0.001323159127018067
toy_1,Triangle + branches,Full DMWA,8.200000000000001,2,A,0.009524425708529847,0.025032970952153753,0.3804752430997567,0.001323159127018067
toy_1,Triangle + branches,Full DMWA,8.200000000000001,2,B,0.00646764720988084,0.025032970952153753,0.25836514659976406,0.001323159127018067
toy_1,Triangle + branches,Full DMWA,8.200000000000001,2,C,0.00646764720988084,0.025032970952153753,0.25836514659976406,0.001323159127018067
toy_1,Triangle + branches,Full DMWA,8.200000000000001,2,D,0.0012866254119311125,0.025032970952153753,0.05139723185035756,0.001323159127018067
toy_1,Triangle + branches,Full DMWA,8.200000000000001,2,E,0.0012866254119311125,0.025032970952153753,0.05139723185035756,0.001323159127018067
toy_1,Triangle + branches,Full DMWA,8.3,1,A,0.011448672958818802,0.030056812049868854,0.380901106205931,0.0012584538920910396
toy_1,Triangle + branches,Full DMWA,8.3,1,B,0.007744685977503225,0.030056812049868854,0.25766824387941095,0.0012584538920910396
toy_1,Triangle + branches,Full DMWA,8.3,1,C,0.007744685977503225,0.030056812049868854,0.25766824387941095,0.0012584538920910396
toy_1,Triangle + branches,Full DMWA,8.3,1,D,0.0015593835680217994,0.030056812049868854,0.051881203017623535,0.0012584538920910396
toy_1,Triangle + branches,Full DMWA,8.3,1,E,0.0015593835680217994,0.030056812049868854,0.051881203017623535,0.0012584538920910396
toy_1,Triangle + branches,Full DMWA,8.3,2,A,0.009109070868589747,0.023938199091889475,0.380524484470346,0.0012584538920910396
toy_1,Triangle + branches,Full DMWA,8.3,2,B,0.0061831762815512895,0.023938199091889475,0.25829747082545645,0.0012584538920910396
toy_1,Triangle + branches,Full DMWA,8.3,2,C,0.0061831762815512895,0.023938199091889475,0.25829747082545645,0.0012584538920910396
toy_1,Triangle + branches,Full DMWA,8.3,2,D,0.001231387830098573,0.023938199091889475,0.0514402869393705,0.0012584538920910396
toy_1,Triangle + branches,Full DMWA,8.3,2,E,0.001231387830098573,0.023938199091889475,0.0514402869393705,0.0012584538920910396
toy_1,Triangle + branches,Full DMWA,8.4,1,A,0.010948596073551203,0.028741632563475047,0.3809315998098421,0.0011968747779477276
toy_1,Triangle + branches,Full DMWA,8.4,1,B,0.00740484175204748,0.028741632563475047,0.25763469544376455,0.0011968747779477276
toy_1,Triangle + branches,Full DMWA,8.4,1,C,0.00740484175204748,0.028741632563475047,0.25763469544376455,0.0011968747779477276
toy_1,Triangle + branches,Full DMWA,8.4,1,D,0.0014916764929144412,0.028741632563475047,0.05189950465131435,0.0011968747779477276
toy_1,Triangle + branches,Full DMWA,8.4,1,E,0.0014916764929144412,0.028741632563475047,0.05189950465131435,0.0011968747779477276
toy_1,Triangle + branches,Full DMWA,8.4,2,A,0.008711753017432804,0.02289124410645683,0.38057140874119283,0.0011968747779477276
toy_1,Triangle + branches,Full DMWA,8.4,2,B,0.005911277680049308,0.02289124410645683,0.25823313283273847,0.0011968747779477276
toy_1,Triangle + branches,Full DMWA,8.4,2,C,0.005911277680049308,0.02289124410645683,0.25823313283273847,0.0011968747779477276
toy_1,Triangle + branches,Full DMWA,8.4,2,D,0.0011784678644627062,0.02289124410645683,0.05148116279666517,0.0011968747779477276
toy_1,Triangle + branches,Full DMWA,8.4,2,E,0.0011784678644627062,0.02289124410645683,0.05148116279666517,0.0011968747779477276
toy_1,Triangle + branches,Full DMWA,8.5,1,A,0.010470301317377173,0.02748395060424583,0.3809605637902609,0.0011382743749372842
toy_1,Triangle + branches,Full DMWA,8.5,1,B,0.007079943487061795,0.02748395060424583,0.25760283115805255,0.0011382743749372842
toy_1,Triangle + branches,Full DMWA,8.5,1,C,0.007079943487061795,0.02748395060424583,0.25760283115805255,0.0011382743749372842
toy_1,Triangle + branches,Full DMWA,8.5,1,D,0.0014268811563725341,0.02748395060424583,0.05191688694681702,0.0011382743749372842
toy_1,Triangle + branches,Full DMWA,8.5,1,E,0.0014268811563725341,0.02748395060424583,0.05191688694681702,0.0011382743749372842
toy_1,Triangle + branches,Full DMWA,8.5,2,A,0.008331695614933783,0.021890022787644688,0.3806161234165738,0.0011382743749372842
toy_1,Triangle + branches,Full DMWA,8.5,2,B,0.005651390270214543,0.021890022787644688,0.25817196834552125,0.0011382743749372842
toy_1,Triangle + branches,Full DMWA,8.5,2,C,0.005651390270214543,0.021890022787644688,0.25817196834552125,0.0011382743749372842
toy_1,Triangle + branches,Full DMWA,8.5,2,D,0.001127773316140912,0.021890022787644688,0.051519969946191985,0.0011382743749372842
toy_1,Triangle + branches,Full DMWA,8.5,2,E,0.001127773316140912,0.021890022787644688,0.051519969946191985,0.0011382743749372842
toy_1,Triangle + branches,Full DMWA,8.6,1,A,0.01001284576031625,0.026281257652410576,0.3809880749522597,0.001082511880897065
toy_1,Triangle + branches,Full DMWA,8.6,1,B,0.006769330950136351,0.026281257652410576,0.2575725651970637,0.001082511880897065
toy_1,Triangle + branches,Full DMWA,8.6,1,C,0.006769330950136351,0.026281257652410576,0.2575725651970637,0.001082511880897065
toy_1,Triangle + branches,Full DMWA,8.6,1,D,0.0013648749959108096,0.026281257652410576,0.0519333973268064,0.001082511880897065
toy_1,Triangle + branches,Full DMWA,8.6,1,E,0.0013648749959108096,0.026281257652410576,0.0519333973268064,0.001082511880897065
toy_1,Triangle + branches,Full DMWA,8.6,2,A,0.00796815496601361,0.02093254223535606,0.38065873110027776,0.001082511880897065
toy_1,Triangle + branches,Full DMWA,8.6,2,B,0.005402978462490115,0.02093254223535606,0.25811382113751224,0.001082511880897065
toy_1,Triangle + branches,Full DMWA,8.6,2,C,0.005402978462490115,0.02093254223535606,0.25811382113751224,0.001082511880897065
toy_1,Triangle + branches,Full DMWA,8.6,2,D,0.0010792151721811106,0.02093254223535606,0.05155681331234889,0.001082511880897065
toy_1,Triangle + branches,Full DMWA,8.6,2,E,0.0010792151721811106,0.02093254223535606,0.05155681331234889,0.001082511880897065
toy_1,Triangle + branches,Full DMWA,8.700000000000001,1,A,0.009575326723466025,0.025131154078874215,0.38101420624830157,0.0010294528382924495
toy_1,Triangle + branches,Full DMWA,8.700000000000001,1,B,0.006472373327539286,0.025131154078874215,0.257543816222117,0.0010294528382924495
toy_1,Triangle + branches,Full DMWA,8.700000000000001,1,C,0.006472373327539286,0.025131154078874215,0.257543816222117,0.0010294528382924495
toy_1,Triangle + branches,Full DMWA,8.700000000000001,1,D,0.0013055403501648101,0.025131154078874215,0.0519490806537323,0.0010294528382924495
toy_1,Triangle + branches,Full DMWA,8.700000000000001,1,E,0.0013055403501648101,0.025131154078874215,0.0519490806537323,0.0010294528382924495
toy_1,Triangle + branches,Full DMWA,8.700000000000001,2,A,0.007620418882172674,0.02001689597901489,0.3806993297143419,0.0010294528382924495
toy_1,Triangle + branches,Full DMWA,8.700000000000001,2,B,0.005165531004546343,0.02001689597901489,0.25805854264126316,0.0010294528382924495
toy_1,Triangle + branches,Full DMWA,8.700000000000001,2,C,0.005165531004546343,0.02001689597901489,0.25805854264126316,0.0010294528382924495
toy_1,Triangle + branches,Full DMWA,8.700000000000001,2,D,0.0010327075438747643,0.02001689597901489,0.05159179250156587,0.0010294528382924495
toy_1,Triangle + branches,Full DMWA,8.700000000000001,2,E,0.0010327075438747643,0.02001689597901489,0.05159179250156587,0.0010294528382924495
toy_1,Triangle + branches,Full DMWA,8.8,1,A,0.009156880117100115,0.024031344479065665,0.381039026970668,0.0009789688783841191
toy_1,Triangle + branches,Full DMWA,8.8,1,B,0.006188467892046976,0.024031344479065665,0.2575165071366653,0.0009789688783841191
toy_1,Triangle + branches,Full DMWA,8.8,1,C,0.006188467892046976,0.024031344479065665,0.2575165071366653,0.0009789688783841191
toy_1,Triangle + branches,Full DMWA,8.8,1,D,0.0012487642889357985,0.024031344479065665,0.05196397937800067,0.0009789688783841191
toy_1,Triangle + branches,Full DMWA,8.8,1,E,0.0012487642889357985,0.024031344479065665,0.05196397937800067,0.0009789688783841191
toy_1,Triangle + branches,Full DMWA,8.8,2,A,0.007287805393216235,0.019141260262869587,0.38073801270824337,0.0009789688783841191
toy_1,Triangle + branches,Full DMWA,8.8,2,B,0.004938559834133225,0.019141260262869587,0.2580059915758574,0.0009789688783841191
toy_1,Triangle + branches,Full DMWA,8.8,2,C,0.004938559834133225,0.019141260262869587,0.2580059915758574,0.0009789688783841191
toy_1,Triangle + branches,Full DMWA,8.8,2,D,0.0009881676006934527,0.019141260262869587,0.05162500207002098,0.0009789688783841191
toy_1,Triangle + branches,Full DMWA,8.8,2,E,0.0009881676006934527,0.019141260262869587,0.05162500207002098,0.0009789688783841191
toy_1,Triangle + branches,Full DMWA,8.9,1,A,0.008756678841617283,0.02297963319986488,0.3810626029343572,0.0009309374726345146
toy_1,Triangle + branches,Full DMWA,8.9,1,B,0.005917038732818436,0.02297963319986488,0.25749056485606686,0.0009309374726345146
toy_1,Triangle + branches,Full DMWA,8.9,1,C,0.005917038732818436,0.02297963319986488,0.25749056485606686,0.0009309374726345146
toy_1,Triangle + branches,Full DMWA,8.9,1,D,0.0011944384463053628,0.02297963319986488,0.05197813367675451,0.0009309374726345146
toy_1,Triangle + branches,Full DMWA,8.9,1,E,0.0011944384463053628,0.02297963319986488,0.05197813367675451,0.0009309374726345146
toy_1,Triangle + branches,Full DMWA,8.9,2,A,0.00696966150766145,0.01830389048842807,0.3807748692589562,0.0009309374726345146
toy_1,Triangle + branches,Full DMWA,8.9,2,B,0.004721598989704272,0.01830389048842807,0.25795603359238417,0.0009309374726345146
toy_1,Triangle + branches,Full DMWA,8.9,2,C,0.004721598989704272,0.01830389048842807,0.25795603359238417,0.0009309374726345146
toy_1,Triangle + branches,Full DMWA,8.9,2,D,0.0009455155006790386,0.01830389048842807,0.05165653177813779,0.0009309374726345146
toy_1,Triangle + branches,Full DMWA,8.9,2,E,0.0009455155006790386,0.01830389048842807,0.05165653177813779,0.0009309374726345146
toy_1,Triangle + branches,Full DMWA,9.0,1,A,0.008373931249587158,0.02197392005242841,0.38108499665091516,0.0008852416915118011
toy_1,Triangle + branches,Full DMWA,9.0,1,B,0.0056575355442963484,0.02197392005242841,0.2574659200906265,0.0008852416915118011
toy_1,Triangle + branches,Full DMWA,9.0,1,C,0.0056575355442963484,0.02197392005242841,0.2574659200906265,0.0008852416915118011
toy_1,Triangle + branches,Full DMWA,9.0,1,D,0.0011424588571242779,0.02197392005242841,0.05199158158391593,0.0008852416915118011
toy_1,Triangle + branches,Full DMWA,9.0,1,E,0.0011424588571242779,0.02197392005242841,0.05199158158391593,0.0008852416915118011
toy_1,Triangle + branches,Full DMWA,9.0,2,A,0.006665362020329104,0.01750311780753642,0.3808099844622631,0.0008852416915118011
toy_1,Triangle + branches,Full DMWA,9.0,2,B,0.00451420357557933,0.01750311780753642,0.25790854093638244,0.0008852416915118011
toy_1,Triangle + branches,Full DMWA,9.0,2,C,0.00451420357557933,0.01750311780753642,0.25790854093638244,0.0008852416915118011
toy_1,Triangle + branches,Full DMWA,9.0,2,D,0.0009046743180243274,0.01750311780753642,0.051686466832486073,0.0008852416915118011
toy_1,Triangle + branches,Full DMWA,9.0,2,E,0.0009046743180243274,0.01750311780753642,0.051686466832486073,0.0008852416915118011
toy_1,Triangle + branches,Full DMWA,9.1,1,A,0.008007879667112049,0.021012196203898728,0.38110626749364823,0.0008417699707787135
toy_1,Triangle + branches,Full DMWA,9.1,1,B,0.005409432471271958,0.021012196203898728,0.2574425071410793,0.0008417699707787135
toy_1,Triangle + branches,Full DMWA,9.1,1,C,0.005409432471271958,0.021012196203898728,0.2574425071410793,0.0008417699707787135
toy_1,Triangle + branches,Full DMWA,9.1,1,D,0.0010927257971213836,0.021012196203898728,0.05200435911209665,0.0008417699707787135
toy_1,Triangle + branches,Full DMWA,9.1,1,E,0.0010927257971213836,0.021012196203898728,0.05200435911209665,0.0008417699707787135
toy_1,Triangle + branches,Full DMWA,9.1,2,A,0.006374308365638561,0.016737345859874856,0.38084343951569755,0.0008417699707787135
toy_1,Triangle + branches,Full DMWA,9.1,2,B,0.004315948778621237,0.016737345859874856,0.2578633921264687,0.0008417699707787135
toy_1,Triangle + branches,Full DMWA,9.1,2,C,0.004315948778621237,0.016737345859874856,0.2578633921264687,0.0008417699707787135
toy_1,Triangle + branches,Full DMWA,9.1,2,D,0.0008655699684969127,0.016737345859874856,0.05171488811568267,0.0008417699707787135
toy_1,Triangle + branches,Full DMWA,9.1,2,E,0.0008655699684969127,0.016737345859874856,0.05171488811568267,0.0008417699707787135
toy_1,Triangle + branches,Full DMWA,9.200000000000001,1,A,0.007657798972710697,0.02009254024116011,0.3811264718546383,0.0008004158853212595
toy_1,Triangle + branches,Full DMWA,9.200000000000001,1,B,0.005172227007397633,0.02009254024116011,0.25742026370574017,0.0008004158853212595
toy_1,Triangle + branches,Full DMWA,9.200000000000001,1,C,0.005172227007397633,0.02009254024116011,0.25742026370574017,0.0008004158853212595
toy_1,Triangle + branches,Full DMWA,9.200000000000001,1,D,0.001045143626827075,0.02009254024116011,0.05201650036694066,0.0008004158853212595
toy_1,Triangle + branches,Full DMWA,9.200000000000001,1,E,0.001045143626827075,0.02009254024116011,0.05201650036694066,0.0008004158853212595
toy_1,Triangle + branches,Full DMWA,9.200000000000001,2,A,0.006095927515143676,0.016005047648897368,0.3808753118934726,0.0008004158853212595
toy_1,Triangle + branches,Full DMWA,9.200000000000001,2,B,0.004126428933593847,0.016005047648897368,0.2578204716484008,0.0008004158853212595
toy_1,Triangle + branches,Full DMWA,9.200000000000001,2,C,0.004126428933593847,0.016005047648897368,0.2578204716484008,0.0008004158853212595
toy_1,Triangle + branches,Full DMWA,9.200000000000001,2,D,0.0008281311332829978,0.016005047648897368,0.05174187240486285,0.0008004158853212595
toy_1,Triangle + branches,Full DMWA,9.200000000000001,2,E,0.0008281311332829978,0.016005047648897368,0.05174187240486285,0.0008004158853212595
toy_1,Triangle + branches,Full DMWA,9.3,1,A,0.007322995231926404,0.019213114399988497,0.3811456632939628,0.0007610779305148099
toy_1,Triangle + branches,Full DMWA,9.3,1,B,0.004945438944569806,0.019213114399988497,0.2573991306986007,0.0007610779305148099
toy_1,Triangle + branches,Full DMWA,9.3,1,C,0.004945438944569806,0.019213114399988497,0.2573991306986007,0.0007610779305148099
toy_1,Triangle + branches,Full DMWA,9.3,1,D,0.0009996206394612388,0.019213114399988497,0.052028037654417825,0.0007610779305148099
toy_1,Triangle + branches,Full DMWA,9.3,1,E,0.0009996206394612388,0.019213114399988497,0.052028037654417825,0.0007610779305148099
toy_1,Triangle + branches,Full DMWA,9.3,2,A,0.005829670917868759,0.01530476255048194,0.38090567551374294,0.0007610779305148099
toy_1,Triangle + branches,Full DMWA,9.3,2,B,0.003945256634547022,0.01530476255048194,0.2577796696638582,0.0007610779305148099
toy_1,Triangle + branches,Full DMWA,9.3,2,C,0.003945256634547022,0.01530476255048194,0.2577796696638582,0.0007610779305148099
toy_1,Triangle + branches,Full DMWA,9.3,2,D,0.0007922891817595698,0.01530476255048194,0.05176749257927043,0.0007610779305148099
toy_1,Triangle + branches,Full DMWA,9.3,2,E,0.0007922891817595698,0.01530476255048194,0.05176749257927043,0.0007610779305148099
toy_1,Triangle + branches,Full DMWA,9.4,1,A,0.007002804385866885,0.018372160953131968,0.3811638926815025,0.0007236593110985443
toy_1,Triangle + branches,Full DMWA,9.4,1,B,0.0047286093707360425,0.018372160953131968,0.2573790520777002,0.0007236593110985443
toy_1,Triangle + branches,Full DMWA,9.4,1,C,0.0047286093707360425,0.018372160953131968,0.2573790520777002,0.0007236593110985443
toy_1,Triangle + branches,Full DMWA,9.4,1,D,0.000956068912896499,0.018372160953131968,0.05203900158154855,0.0007236593110985443
toy_1,Triangle + branches,Full DMWA,9.4,1,E,0.000956068912896499,0.018372160953131968,0.05203900158154855,0.0007236593110985443
toy_1,Triangle + branches,Full DMWA,9.4,2,A,0.00557501348202698,0.014635093448788829,0.3809346008985243,0.0007236593110985443
toy_1,Triangle + branches,Full DMWA,9.4,2,B,0.003772061889739336,0.014635093448788829,0.2577408817332495,0.0007236593110985443
toy_1,Triangle + branches,Full DMWA,9.4,2,C,0.003772061889739336,0.014635093448788829,0.2577408817332495,0.0007236593110985443
toy_1,Triangle + branches,Full DMWA,9.4,2,D,0.0007579780936415894,0.014635093448788829,0.05179181781748842,0.0007236593110985443
toy_1,Triangle + branches,Full DMWA,9.4,2,E,0.0007579780936415894,0.014635093448788829,0.05179181781748842,0.0007236593110985443
toy_1,Triangle + branches,Full DMWA,9.5,1,A,0.006696590991896272,0.017567998751053294,0.38118120833169894,0.0006880677374942537
toy_1,Triangle + branches,Full DMWA,9.5,1,B,0.004521299713804625,0.017567998751053294,0.25735997468314653,0.0006880677374942537
toy_1,Triangle + branches,Full DMWA,9.5,1,C,0.004521299713804625,0.017567998751053294,0.25735997468314653,0.0006880677374942537
toy_1,Triangle + branches,Full DMWA,9.5,1,D,0.0009144041657738837,0.017567998751053294,0.052049421151003916,0.0006880677374942537
toy_1,Triangle + branches,Full DMWA,9.5,1,E,0.0009144041657738837,0.017567998751053294,0.052049421151003916,0.0006880677374942537
toy_1,Triangle + branches,Full DMWA,9.5,2,A,0.005331452596729466,0.01399470399404614,0.3809621553265908,0.0006880677374942537
toy_1,Triangle + branches,Full DMWA,9.5,2,B,0.003606491317762887,0.01399470399404614,0.2577040085518937,0.0006880677374942537
toy_1,Triangle + branches,Full DMWA,9.5,2,C,0.003606491317762887,0.01399470399404614,0.2577040085518937,0.0006880677374942537
toy_1,Triangle + branches,Full DMWA,9.5,2,D,0.0007251343808954494,0.01399470399404614,0.051814913784810894,0.0006880677374942537
toy_1,Triangle + branches,Full DMWA,9.5,2,E,0.0007251343808954494,0.01399470399404614,0.051814913784810894,0.0006880677374942537
toy_1,Triangle + branches,Full DMWA,9.600000000000001,1,A,0.006403747014718217,0.016799019909260086,0.3811976561316112,0.0006542152294809339
toy_1,Triangle + branches,Full DMWA,9.600000000000001,1,B,0.0043230908294522915,0.016799019909260086,0.25734184808420185,0.0006542152294809339
toy_1,Triangle + branches,Full DMWA,9.600000000000001,1,C,0.0043230908294522915,0.016799019909260086,0.25734184808420185,0.0006542152294809339
toy_1,Triangle + branches,Full DMWA,9.600000000000001,1,D,0.0008745456178186441,0.016799019909260086,0.0520593238499926,0.0006542152294809339
toy_1,Triangle + branches,Full DMWA,9.600000000000001,1,E,0.0008745456178186441,0.016799019909260086,0.0520593238499926,0.0006542152294809339
toy_1,Triangle + branches,Full DMWA,9.600000000000001,2,A,0.005098507192319971,0.013382315977193502,0.38098840297964737,0.0006542152294809339
toy_1,Triangle + branches,Full DMWA,9.600000000000001,2,B,0.0034482073826767197,0.013382315977193502,0.25766895569894227,0.0006542152294809339
toy_1,Triangle + branches,Full DMWA,9.600000000000001,2,C,0.0034482073826767197,0.013382315977193502,0.25766895569894227,0.0006542152294809339
toy_1,Triangle + branches,Full DMWA,9.600000000000001,2,D,0.000693697009760045,0.013382315977193502,0.05183684281123401,0.0006542152294809339
toy_1,Triangle + branches,Full DMWA,9.600000000000001,2,E,0.000693697009760045,0.013382315977193502,0.05183684281123401,0.0006542152294809339
toy_1,Triangle + branches,Full DMWA,9.700000000000001,1,A,0.006123690666113679,0.016063686636345935,0.3812132796625979,0.0006220179271151094
toy_1,Triangle + branches,Full DMWA,9.700000000000001,1,B,0.004133582130737426,0.016063686636345935,0.25732462443488674,0.0006220179271151094
toy_1,Triangle + branches,Full DMWA,9.700000000000001,1,C,0.004133582130737426,0.016063686636345935,0.25732462443488674,0.0006220179271151094
toy_1,Triangle + branches,Full DMWA,9.700000000000001,1,D,0.0008364158543787023,0.016063686636345935,0.05206873573381439,0.0006220179271151094
toy_1,Triangle + branches,Full DMWA,9.700000000000001,1,E,0.0008364158543787023,0.016063686636345935,0.05206873573381439,0.0006220179271151094
toy_1,Triangle + branches,Full DMWA,9.700000000000001,2,A,0.0048757168379988235,0.012796706816519055,0.38101340508206705,0.0006220179271151094
toy_1,Triangle + branches,Full DMWA,9.700000000000001,2,B,0.0032968876660880763,0.012796706816519055,0.25763563339844425,0.0006220179271151094
toy_1,Triangle + branches,Full DMWA,9.700000000000001,2,C,0.0032968876660880763,0.012796706816519055,0.25763563339844425,0.0006220179271151094
toy_1,Triangle + branches,Full DMWA,9.700000000000001,2,D,0.0006636073231720398,0.012796706816519055,0.05185766406052221,0.0006220179271151094
toy_1,Triangle + branches,Full DMWA,9.700000000000001,2,E,0.0006636073231720398,0.012796706816519055,0.05185766406052221,0.0006220179271151094
toy_1,Triangle + branches,Full DMWA,9.8,1,A,0.005855865291625072,0.015360528197059738,0.38122812031593956,0.0005913959087644124
toy_1,Triangle + branches,Full DMWA,9.8,1,B,0.003952390757530985,0.015360528197059738,0.2573082583375967,0.0005913959087644124
toy_1,Triangle + branches,Full DMWA,9.8,1,C,0.003952390757530985,0.015360528197059738,0.2573082583375967,0.0005913959087644124
toy_1,Triangle + branches,Full DMWA,9.8,1,D,0.0007999406951863491,0.015360528197059738,0.05207768150443362,0.0005913959087644124
toy_1,Triangle + branches,Full DMWA,9.8,1,E,0.0007999406951863491,0.015360528197059738,0.05207768150443362,0.0005913959087644124
toy_1,Triangle + branches,Full DMWA,9.8,2,A,0.004662640875429087,0.012236707151619633,0.381037220034472,0.0005913959087644124
toy_1,Triangle + branches,Full DMWA,9.8,2,B,0.003152224174243569,0.012236707151619633,0.25760395629197885,0.0005913959087644124
toy_1,Triangle + branches,Full DMWA,9.8,2,C,0.003152224174243569,0.012236707151619633,0.25760395629197885,0.0005913959087644124
toy_1,Triangle + branches,Full DMWA,9.8,2,D,0.000634808963851704,0.012236707151619633,0.05187743369078516,0.0005913959087644124
toy_1,Triangle + branches,Full DMWA,9.8,2,E,0.000634808963851704,0.012236707151619633,0.05187743369078516,0.0005913959087644124
toy_1,Triangle + branches,Full DMWA,9.9,1,A,0.005599738302511448,0.0146881380049171,0.38124221740269887,0.00056227301611321
toy_1,Triangle + branches,Full DMWA,9.9,1,B,0.0037791507838775846,0.0146881380049171,0.25729270671425136,0.00056227301611321
toy_1,Triangle + branches,Full DMWA,9.9,1,C,0.0037791507838775846,0.0146881380049171,0.25729270671425136,0.00056227301611321
toy_1,Triangle + branches,Full DMWA,9.9,1,D,0.0007650490673252412,0.0146881380049171,0.0520861845843992,0.00056227301611321
toy_1,Triangle + branches,Full DMWA,9.9,1,E,0.0007650490673252412,0.0146881380049171,0.0520861845843992,0.00056227301611321
toy_1,Triangle + branches,Full DMWA,9.9,2,A,0.0044588575870487795,0.01170119854020306,0.3810599035414197,0.00056227301611321
toy_1,Triangle + branches,Full DMWA,9.9,2,B,0.0030139226783073617,0.01170119854020306,0.2575738432223079,0.00056227301611321
toy_1,Triangle + branches,Full DMWA,9.9,2,C,0.0030139226783073617,0.01170119854020306,0.2575738432223079,0.00056227301611321
toy_1,Triangle + branches,Full DMWA,9.9,2,D,0.000607247798269778,0.01170119854020306,0.051896205006982124,0.00056227301611321
toy_1,Triangle + branches,Full DMWA,9.9,2,E,0.000607247798269778,0.01170119854020306,0.051896205006982124,0.00056227301611321
toy_1,Triangle + branches,Full DMWA,10.0,1,A,0.0053548001513339626,0.014045170839057815,0.3812556082581033,0.000534576685983168
toy_1,Triangle + branches,Full DMWA,10.0,1,B,0.003613512461493214,0.014045170839057815,0.2572779286845341,0.000534576685983168
toy_1,Triangle + branches,Full DMWA,10.0,1,C,0.003613512461493214,0.014045170839057815,0.2572779286845341,0.000534576685983168
toy_1,Triangle + branches,Full DMWA,10.0,1,D,0.0007316728823687119,0.014045170839057815,0.05209426718641425,0.000534576685983168
toy_1,Triangle + branches,Full DMWA,10.0,1,E,0.0007316728823687119,0.014045170839057815,0.05209426718641425,0.000534576685983168
toy_1,Triangle + branches,Full DMWA,10.0,2,A,0.0042639633978439635,0.011189111253431113,0.381081508733451,0.000534576685983168
toy_1,Triangle + branches,Full DMWA,10.0,2,B,0.002881702086110046,0.011189111253431113,0.2575452170275257,0.000534576685983168
toy_1,Triangle + branches,Full DMWA,10.0,2,C,0.002881702086110046,0.011189111253431113,0.2575452170275257,0.000534576685983168
toy_1,Triangle + branches,Full DMWA,10.0,2,D,0.0005808718416835291,0.011189111253431113,0.05191402860574885,0.000534576685983168
toy_1,Triangle + branches,Full DMWA,10.0,2,E,0.0005808718416835291,0.011189111253431113,0.05191402860574885,0.000534576685983168
toy_2,Double triangle,Coverage,0.0,1,A,0.3333333333333333,1.0,0.3333333333333333,0.0
toy_2,Double triangle,Coverage,0.0,1,B,0.3333333333333333,1.0,0.3333333333333333,0.0
toy_2,Double triangle,Coverage,0.0,1,C,0.3333333333333333,1.0,0.3333333333333333,0.0
toy_2,Double triangle,Coverage,0.0,1,D,0.0,1.0,0.0,0.0
toy_2,Double triangle,Coverage,0.0,2,A,0.3333333333333333,1.0,0.3333333333333333,0.0
toy_2,Double triangle,Coverage,0.0,2,B,0.3333333333333333,1.0,0.3333333333333333,0.0
toy_2,Double triangle,Coverage,0.0,2,C,0.3333333333333333,1.0,0.3333333333333333,0.0
toy_2,Double triangle,Coverage,0.0,2,D,0.0,1.0,0.0,0.0
toy_2,Double triangle,Coverage,0.1,1,A,0.31114435235148175,0.9526045948984256,0.3266248704003558,0.0
toy_2,Double triangle,Coverage,0.1,1,B,0.31674239103369617,0.9526045948984256,0.33250143105542107,0.0
toy_2,Double triangle,Coverage,0.1,1,C,0.31674239103369617,0.9526045948984256,0.33250143105542107,0.0
toy_2,Double triangle,Coverage,0.1,1,D,0.007975460479551572,0.9526045948984256,0.008372267488802088,0.0
toy_2,Double triangle,Coverage,0.1,2,A,0.31114435235148175,0.9526045948984256,0.3266248704003558,0.0
toy_2,Double triangle,Coverage,0.1,2,B,0.31674239103369617,0.9526045948984256,0.33250143105542107,0.0
toy_2,Double triangle,Coverage,0.1,2,C,0.31674239103369617,0.9526045948984256,0.33250143105542107,0.0
toy_2,Double triangle,Coverage,0.1,2,D,0.007975460479551572,0.9526045948984256,0.008372267488802088,0.0
toy_2,Double triangle,Coverage,0.2,1,A,0.2905667265662273,0.9074102971463743,0.3202153727812017,0.0
toy_2,Double triangle,Coverage,0.2,1,B,0.30100548750524103,0.9074102971463743,0.3317192767724189,0.0
toy_2,Double triangle,Coverage,0.2,1,C,0.30100548750524103,0.9074102971463743,0.3317192767724189,0.0
toy_2,Double triangle,Coverage,0.2,1,D,0.014832595569664937,0.9074102971463743,0.016346073673960404,0.0
toy_2,Double triangle,Coverage,0.2,2,A,0.2905667265662273,0.9074102971463743,0.3202153727812017,0.0
toy_2,Double triangle,Coverage,0.2,2,B,0.30100548750524103,0.9074102971463743,0.3317192767724189,0.0
toy_2,Double triangle,Coverage,0.2,2,C,0.30100548750524103,0.9074102971463743,0.3317192767724189,0.0
toy_2,Double triangle,Coverage,0.2,2,D,0.014832595569664937,0.9074102971463743,0.016346073673960404,0.0
toy_2,Double triangle,Coverage,0.30000000000000004,1,A,0.27147501821409364,0.8643196505339833,0.3140909940510716,6.071532165918825e-17
toy_2,Double triangle,Coverage,0.30000000000000004,1,B,0.2860758234711442,0.8643196505339833,0.3309838244385678,6.071532165918825e-17
toy_2,Double triangle,Coverage,0.30000000000000004,1,C,0.2860758234711442,0.8643196505339833,0.3309838244385678,6.071532165918825e-17
toy_2,Double triangle,Coverage,0.30000000000000004,1,D,0.020692985377601354,0.8643196505339833,0.023941357071792905,6.071532165918825e-17
toy_2,Double triangle,Coverage,0.30000000000000004,2,A,0.27147501821409376,0.8643196505339837,0.3140909940510716,6.071532165918825e-17
toy_2,Double triangle,Coverage,0.30000000000000004,2,B,0.2860758234711443,0.8643196505339837,0.3309838244385677,6.071532165918825e-17
toy_2,Double triangle,Coverage,0.30000000000000004,2,C,0.2860758234711443,0.8643196505339837,0.3309838244385677,6.071532165918825e-17
toy_2,Double triangle,Coverage,0.30000000000000004,2,D,0.020692985377601354,0.8643196505339837,0.023941357071792894,6.071532165918825e-17
toy_2,Double triangle,Coverage,0.4,1,A,0.25375402760862276,0.8232390011051792,0.3082385883904478,5.204170427930421e-18
toy_2,Double triangle,Coverage,0.4,1,B,0.271909439438611,0.8232390011051792,0.33029222263957236,5.204170427930421e-18
toy_2,Double triangle,Coverage,0.4,1,C,0.271909439438611,0.8232390011051792,0.33029222263957236,5.204170427930421e-18
toy_2,Double triangle,Coverage,0.4,1,D,0.025666094619334494,0.8232390011051792,0.03117696633040752,5.204170427930421e-18
toy_2,Double triangle,Coverage,0.4,2,A,0.2537540276086227,0.823239001105179,0.3082385883904478,5.204170427930421e-18
toy_2,Double triangle,Coverage,0.4,2,B,0.27190943943861096,0.823239001105179,0.33029222263957236,5.204170427930421e-18
toy_2,Double triangle,Coverage,0.4,2,C,0.27190943943861096,0.823239001105179,0.33029222263957236,5.204170427930421e-18
toy_2,Double triangle,Coverage,0.4,2,D,0.025666094619334494,0.823239001105179,0.03117696633040753,5.204170427930421e-18
toy_2,Double triangle,Coverage,0.5,1,A,0.2372979338907349,0.784078406664574,0.30264566894551675,8.326672684688674e-17
toy_2,Double triangle,Coverage,0.5,1,B,0.2584650182821345,0.784078406664574,0.32964180123468817,8.326672684688674e-17
toy_2,Double triangle,Coverage,0.5,1,C,0.2584650182821345,0.784078406664574,0.32964180123468817,8.326672684688674e-17
toy_2,Double triangle,Coverage,0.5,1,D,0.02985043620957011,0.784078406664574,0.038070728585106954,8.326672684688674e-17
toy_2,Double triangle,Coverage,0.5,2,A,0.23729793389073492,0.7840784066645738,0.3026456689455168,8.326672684688674e-17
toy_2,Double triangle,Coverage,0.5,2,B,0.2584650182821344,0.7840784066645738,0.3296418012346881,8.326672684688674e-17
toy_2,Double triangle,Coverage,0.5,2,C,0.2584650182821344,0.7840784066645738,0.3296418012346881,8.326672684688674e-17
toy_2,Double triangle,Coverage,0.5,2,D,0.02985043620957011,0.7840784066645738,0.038070728585106954,8.326672684688674e-17
toy_2,Double triangle,Coverage,0.6000000000000001,1,A,0.22200950888832813,0.746751541030218,0.29730036925272885,3.469446951953614e-17
toy_2,Double triangle,Coverage,0.6000000000000001,1,B,0.2457037036171862,0.746751541030218,0.3290300590183095,3.469446951953614e-17
toy_2,Double triangle,Coverage,0.6000000000000001,1,C,0.2457037036171862,0.746751541030218,0.3290300590183095,3.469446951953614e-17
toy_2,Double triangle,Coverage,0.6000000000000001,1,D,0.03333462490751748,0.746751541030218,0.04463951271065213,3.469446951953614e-17
toy_2,Double triangle,Coverage,0.6000000000000001,2,A,0.22200950888832804,0.7467515410302177,0.2973003692527289,3.469446951953614e-17
toy_2,Double triangle,Coverage,0.6000000000000001,2,B,0.2457037036171861,0.7467515410302177,0.3290300590183095,3.469446951953614e-17
toy_2,Double triangle,Coverage,0.6000000000000001,2,C,0.2457037036171861,0.7467515410302177,0.3290300590183095,3.469446951953614e-17
toy_2,Double triangle,Coverage,0.6000000000000001,2,D,0.03333462490751748,0.7467515410302177,0.04463951271065214,3.469446951953614e-17
toy_2,Double triangle,Coverage,0.7000000000000001,1,A,0.20779939783901538,0.7111755942821264,0.29219140745229294,3.8163916471489756e-17
toy_2,Double triangle,Coverage,0.7000000000000001,1,B,0.2335889325528388,0.7111755942821264,0.32845465231217297,3.8163916471489756e-17
toy_2,Double triangle,Coverage,0.7000000000000001,1,C,0.2335889325528388,0.7111755942821264,0.32845465231217297,3.8163916471489756e-17
toy_2,Double triangle,Coverage,0.7000000000000001,1,D,0.036198331337433325,0.7111755942821264,0.05089928792336101,3.8163916471489756e-17
toy_2,Double triangle,Coverage,0.7000000000000001,2,A,0.20779939783901533,0.7111755942821262,0.292191407452293,3.8163916471489756e-17
toy_2,Double triangle,Coverage,0.7000000000000001,2,B,0.23358893255283875,0.7111755942821262,0.32845465231217297,3.8163916471489756e-17
toy_2,Double triangle,Coverage,0.7000000000000001,2,C,0.23358893255283875,0.7111755942821262,0.32845465231217297,3.8163916471489756e-17
toy_2,Double triangle,Coverage,0.7000000000000001,2,D,0.036198331337433325,0.7111755942821262,0.05089928792336103,3.8163916471489756e-17
toy_2,Double triangle,Coverage,0.8,1,A,0.19458546126219706,0.677271170092956,0.28730805304393814,5.551115123125783e-17
toy_2,Double triangle,Coverage,0.8,1,B,0.22208628154726995,0.677271170092956,0.3279133844081809,5.551115123125783e-17
toy_2,Double triangle,Coverage,0.8,1,C,0.22208628154726995,0.677271170092956,0.3279133844081809,5.551115123125783e-17
toy_2,Double triangle,Coverage,0.8,1,D,0.03851314573621898,0.677271170092956,0.05686517813969997,5.551115123125783e-17
toy_2,Double triangle,Coverage,0.8,2,A,0.1945854612621971,0.677271170092956,0.28730805304393825,5.551115123125783e-17
toy_2,Double triangle,Coverage,0.8,2,B,0.22208628154726995,0.677271170092956,0.3279133844081809,5.551115123125783e-17
toy_2,Double triangle,Coverage,0.8,2,C,0.22208628154726995,0.677271170092956,0.3279133844081809,5.551115123125783e-17
toy_2,Double triangle,Coverage,0.8,2,D,0.03851314573621898,0.677271170092956,0.05686517813969997,5.551115123125783e-17
toy_2,Double triangle,Coverage,0.9,1,A,0.18229217275394,0.6449621810822477,0.2826400959635392,2.7755575615628914e-17
toy_2,Double triangle,Coverage,0.9,1,B,0.21116332421202944,0.6449621810822477,0.32740419578973917,2.7755575615628914e-17
toy_2,Double triangle,Coverage,0.9,1,C,0.21116332421202944,0.6449621810822477,0.32740419578973917,2.7755575615628914e-17
toy_2,Double triangle,Coverage,0.9,1,D,0.0403433599042489,0.6449621810822477,0.06255151245698262,2.7755575615628914e-17
toy_2,Double triangle,Coverage,0.9,2,A,0.18229217275393997,0.6449621810822477,0.2826400959635391,2.7755575615628914e-17
toy_2,Double triangle,Coverage,0.9,2,B,0.21116332421202944,0.6449621810822477,0.32740419578973917,2.7755575615628914e-17
toy_2,Double triangle,Coverage,0.9,2,C,0.21116332421202944,0.6449621810822477,0.32740419578973917,2.7755575615628914e-17
toy_2,Double triangle,Coverage,0.9,2,D,0.0403433599042489,0.6449621810822477,0.06255151245698262,2.7755575615628914e-17
toy_2,Double triangle,Coverage,1.0,1,A,0.1708500679241584,0.6141757430072722,0.27817781778160433,9.020562075079397e-17
toy_2,Double triangle,Coverage,1.0,1,B,0.200789500020743,0.6141757430072722,0.32692515506651254,9.020562075079397e-17
toy_2,Double triangle,Coverage,1.0,1,C,0.200789500020743,0.6141757430072722,0.32692515506651254,9.020562075079397e-17
toy_2,Double triangle,Coverage,1.0,1,D,0.041746675041627754,0.6141757430072722,0.0679718720853706,9.020562075079397e-17
toy_2,Double triangle,Coverage,1.0,2,A,0.1708500679241584,0.6141757430072721,0.2781778177816044,9.020562075079397e-17
toy_2,Double triangle,Coverage,1.0,2,B,0.20078950002074294,0.6141757430072721,0.3269251550665125,9.020562075079397e-17
toy_2,Double triangle,Coverage,1.0,2,C,0.20078950002074294,0.6141757430072721,0.3269251550665125,9.020562075079397e-17
toy_2,Double triangle,Coverage,1.0,2,D,0.041746675041627754,0.6141757430072721,0.06797187208537062,9.020562075079397e-17
toy_2,Double triangle,Coverage,1.1,1,A,0.16019524010380834,0.58484206848993,0.273911964844517,9.71445146547012e-17
toy_2,Double triangle,Coverage,1.1,1,B,0.19093599297681155,0.58484206848993,0.32647445056374075,9.71445146547012e-17
toy_2,Double triangle,Coverage,1.1,1,C,0.19093599297681155,0.58484206848993,0.32647445056374075,9.71445146547012e-17
toy_2,Double triangle,Coverage,1.1,1,D,0.04277484243249857,0.58484206848993,0.07313913402800142,9.71445146547012e-17
toy_2,Double triangle,Coverage,1.1,2,A,0.1601952401038083,0.5848420684899298,0.2739119648445171,9.71445146547012e-17
toy_2,Double triangle,Coverage,1.1,2,B,0.19093599297681152,0.5848420684899298,0.3264744505637408,9.71445146547012e-17
toy_2,Double triangle,Coverage,1.1,2,C,0.19093599297681152,0.5848420684899298,0.3264744505637408,9.71445146547012e-17
toy_2,Double triangle,Coverage,1.1,2,D,0.04277484243249857,0.5848420684899298,0.07313913402800144,9.71445146547012e-17
toy_2,Double triangle,Coverage,1.2000000000000002,1,A,0.15026887882338844,0.5568943608787681,0.2698337231971018,3.469446951953614e-17
toy_2,Double triangle,Coverage,1.2000000000000002,1,B,0.18157561938375413,0.5568943608787681,0.32605038251281887,3.469446951953614e-17
toy_2,Double triangle,Coverage,1.2000000000000002,1,C,0.18157561938375413,0.5568943608787681,0.32605038251281887,3.469446951953614e-17
toy_2,Double triangle,Coverage,1.2000000000000002,1,D,0.04347424328787142,0.5568943608787681,0.07806551177726048,3.469446951953614e-17
toy_2,Double triangle,Coverage,1.2000000000000002,2,A,0.15026887882338844,0.5568943608787682,0.26983372319710175,3.469446951953614e-17
toy_2,Double triangle,Coverage,1.2000000000000002,2,B,0.18157561938375416,0.5568943608787682,0.32605038251281887,3.469446951953614e-17
toy_2,Double triangle,Coverage,1.2000000000000002,2,C,0.18157561938375416,0.5568943608787682,0.32605038251281887,3.469446951953614e-17
toy_2,Double triangle,Coverage,1.2000000000000002,2,D,0.04347424328787142,0.5568943608787682,0.07806551177726047,3.469446951953614e-17
toy_2,Double triangle,Coverage,1.3,1,A,0.1410168474058867,0.5302687087565087,0.2659346951408357,6.938893903907228e-18
toy_2,Double triangle,Coverage,1.3,1,B,0.1726827239421217,0.5302687087565087,0.32565135579481264,6.938893903907228e-18
toy_2,Double triangle,Coverage,1.3,1,C,0.1726827239421217,0.5302687087565087,0.32565135579481264,6.938893903907228e-18
toy_2,Double triangle,Coverage,1.3,1,D,0.04388641346637861,0.5302687087565087,0.0827625932695391,6.938893903907228e-18
toy_2,Double triangle,Coverage,1.3,2,A,0.14101684740588669,0.5302687087565086,0.2659346951408357,6.938893903907228e-18
toy_2,Double triangle,Coverage,1.3,2,B,0.17268272394212164,0.5302687087565086,0.32565135579481264,6.938893903907228e-18
toy_2,Double triangle,Coverage,1.3,2,C,0.17268272394212164,0.5302687087565086,0.32565135579481264,6.938893903907228e-18
toy_2,Double triangle,Coverage,1.3,2,D,0.04388641346637861,0.5302687087565086,0.08276259326953911,6.938893903907228e-18
toy_2,Double triangle,Coverage,1.4000000000000001,1,A,0.13238929633009924,0.504903981525322,0.262206877296054,1.3877787807814457e-17
toy_2,Double triangle,Coverage,1.4000000000000001,1,B,0.16423308346928234,0.504903981525322,0.32527587319302154,1.3877787807814457e-17
toy_2,Double triangle,Coverage,1.4000000000000001,1,C,0.16423308346928234,0.504903981525322,0.32527587319302154,1.3877787807814457e-17
toy_2,Double triangle,Coverage,1.4000000000000001,1,D,0.04404851825665809,0.504903981525322,0.08724137631790287,1.3877787807814457e-17
toy_2,Double triangle,Coverage,1.4000000000000001,2,A,0.13238929633009927,0.5049039815253221,0.262206877296054,1.3877787807814457e-17
toy_2,Double triangle,Coverage,1.4000000000000001,2,B,0.16423308346928236,0.5049039815253221,0.32527587319302154,1.3877787807814457e-17
toy_2,Double triangle,Coverage,1.4000000000000001,2,C,0.16423308346928236,0.5049039815253221,0.32527587319302154,1.3877787807814457e-17
toy_2,Double triangle,Coverage,1.4000000000000001,2,D,0.04404851825665809,0.5049039815253221,0.08724137631790284,1.3877787807814457e-17
toy_2,Double triangle,Coverage,1.5,1,A,0.12434030930641454,0.4807417264332172,0.25864264004902726,2.7755575615628914e-17
toy_2,Double triangle,Coverage,1.5,1,B,0.15620381760363797,0.4807417264332172,0.3249225291146788,2.7755575615628914e-17
toy_2,Double triangle,Coverage,1.5,1,C,0.15620381760363797,0.4807417264332172,0.3249225291146788,2.7755575615628914e-17
toy_2,Double triangle,Coverage,1.5,1,D,0.04399378191952673,0.4807417264332172,0.09151230172161512,2.7755575615628914e-17
toy_2,Double triangle,Coverage,1.5,2,A,0.12434030930641457,0.4807417264332172,0.2586426400490273,2.7755575615628914e-17
toy_2,Double triangle,Coverage,1.5,2,B,0.15620381760363797,0.4807417264332172,0.3249225291146788,2.7755575615628914e-17
toy_2,Double triangle,Coverage,1.5,2,C,0.15620381760363797,0.4807417264332172,0.3249225291146788,2.7755575615628914e-17
toy_2,Double triangle,Coverage,1.5,2,D,0.04399378191952673,0.4807417264332172,0.09151230172161512,2.7755575615628914e-17
toy_2,Double triangle,Coverage,1.6,1,A,0.11682757926894415,0.4577260673443461,0.2552347082759765,6.938893903907228e-17
toy_2,Double triangle,Coverage,1.6,1,B,0.1485733059136896,0.4577260673443461,0.32459000374544605,6.938893903907228e-17
toy_2,Double triangle,Coverage,1.6,1,C,0.1485733059136896,0.4577260673443461,0.32459000374544605,6.938893903907228e-17
toy_2,Double triangle,Coverage,1.6,1,D,0.04375187624802272,0.4577260673443461,0.0955852842331313,6.938893903907228e-17
toy_2,Double triangle,Coverage,1.6,2,A,0.11682757926894413,0.457726067344346,0.2552347082759765,6.938893903907228e-17
toy_2,Double triangle,Coverage,1.6,2,B,0.14857330591368959,0.457726067344346,0.3245900037454461,6.938893903907228e-17
toy_2,Double triangle,Coverage,1.6,2,C,0.14857330591368959,0.457726067344346,0.3245900037454461,6.938893903907228e-17
toy_2,Double triangle,Coverage,1.6,2,D,0.04375187624802272,0.457726067344346,0.09558528423313133,6.938893903907228e-17
toy_2,Double triangle,Coverage,1.7000000000000002,1,A,0.10981211172735883,0.43580360550285896,0.25197614324610823,2.7755575615628914e-17
toy_2,Double triangle,Coverage,1.7000000000000002,1,B,0.14132111088549312,0.43580360550285896,0.3242770576035678,2.7755575615628914e-17
toy_2,Double triangle,Coverage,1.7000000000000002,1,C,0.14132111088549312,0.43580360550285896,0.3242770576035678,2.7755575615628914e-17
toy_2,Double triangle,Coverage,1.7000000000000002,1,D,0.043349272004513835,0.43580360550285896,0.0994697415467561,2.7755575615628914e-17
toy_2,Double triangle,Coverage,1.7000000000000002,2,A,0.10981211172735886,0.43580360550285896,0.2519761432461083,2.7755575615628914e-17
toy_2,Double triangle,Coverage,1.7000000000000002,2,B,0.14132111088549312,0.43580360550285896,0.3242770576035678,2.7755575615628914e-17
toy_2,Double triangle,Coverage,1.7000000000000002,2,C,0.14132111088549312,0.43580360550285896,0.3242770576035678,2.7755575615628914e-17
toy_2,Double triangle,Coverage,1.7000000000000002,2,D,0.043349272004513835,0.43580360550285896,0.0994697415467561,2.7755575615628914e-17
toy_2,Double triangle,Coverage,1.8,1,A,0.10325795314082689,0.4149233224933132,0.24886032561471877,6.938893903907228e-17
toy_2,Double triangle,Coverage,1.8,1,B,0.1344279063099847,0.4149233224933132,0.3239825264634313,6.938893903907228e-17
toy_2,Double triangle,Coverage,1.8,1,C,0.1344279063099847,0.4149233224933132,0.3239825264634313,6.938893903907228e-17
toy_2,Double triangle,Coverage,1.8,1,D,0.04280955673251699,0.4149233224933132,0.10317462145841874,6.938893903907228e-17
toy_2,Double triangle,Coverage,1.8,2,A,0.10325795314082688,0.4149233224933132,0.24886032561471874,6.938893903907228e-17
toy_2,Double triangle,Coverage,1.8,2,B,0.13442790630998466,0.4149233224933132,0.32398252646343123,6.938893903907228e-17
toy_2,Double triangle,Coverage,1.8,2,C,0.13442790630998466,0.4149233224933132,0.32398252646343123,6.938893903907228e-17
toy_2,Double triangle,Coverage,1.8,2,D,0.04280955673251699,0.4149233224933132,0.10317462145841874,6.938893903907228e-17
toy_2,Double triangle,Coverage,1.9000000000000001,1,A,0.09713194217678969,0.39503648555986026,0.2458809394254577,2.7755575615628914e-17
toy_2,Double triangle,Coverage,1.9000000000000001,1,B,0.12787541063495417,0.39503648555986026,0.32370531662087976,2.7755575615628914e-17
toy_2,Double triangle,Coverage,1.9000000000000001,1,C,0.12787541063495417,0.39503648555986026,0.32370531662087976,2.7755575615628914e-17
toy_2,Double triangle,Coverage,1.9000000000000001,1,D,0.04215372211316226,0.39503648555986026,0.10670842733278282,2.7755575615628914e-17
toy_2,Double triangle,Coverage,1.9000000000000001,2,A,0.09713194217678973,0.3950364855598604,0.24588093942545772,2.7755575615628914e-17
toy_2,Double triangle,Coverage,1.9000000000000001,2,B,0.1278754106349542,0.3950364855598604,0.32370531662087976,2.7755575615628914e-17
toy_2,Double triangle,Coverage,1.9000000000000001,2,C,0.1278754106349542,0.3950364855598604,0.32370531662087976,2.7755575615628914e-17
toy_2,Double triangle,Coverage,1.9000000000000001,2,D,0.04215372211316226,0.3950364855598604,0.1067084273327828,2.7755575615628914e-17
toy_2,Double triangle,Coverage,2.0,1,A,0.09140348190052963,0.37609655541082837,0.243031957048065,3.469446951953614e-17
toy_2,Double triangle,Coverage,2.0,1,B,0.12164632488555611,0.37609655541082837,0.3234444004749684,3.469446951953614e-17
toy_2,Double triangle,Coverage,2.0,1,C,0.12164632488555611,0.37609655541082837,0.3234444004749684,3.469446951953614e-17
toy_2,Double triangle,Coverage,2.0,1,D,0.041400423739186495,0.37609655541082837,0.11007924200199819,3.469446951953614e-17
toy_2,Double triangle,Coverage,2.0,2,A,0.09140348190052967,0.3760965554108285,0.24303195704806502,3.469446951953614e-17
toy_2,Double triangle,Coverage,2.0,2,B,0.12164632488555616,0.3760965554108285,0.3234444004749684,3.469446951953614e-17
toy_2,Double triangle,Coverage,2.0,2,C,0.12164632488555616,0.3760965554108285,0.3234444004749684,3.469446951953614e-17
toy_2,Double triangle,Coverage,2.0,2,D,0.041400423739186495,0.3760965554108285,0.11007924200199815,3.469446951953614e-17
toy_2,Double triangle,Coverage,2.1,1,A,0.08604433110903288,0.35805909660430163,0.24030762498438132,2.7755575615628914e-17
toy_2,Double triangle,Coverage,2.1,1,B,0.11572427479259106,0.35805909660430163,0.3231988124029713,2.7755575615628914e-17
toy_2,Double triangle,Coverage,2.1,1,C,0.11572427479259106,0.35805909660430163,0.3231988124029713,2.7755575615628914e-17
toy_2,Double triangle,Coverage,2.1,1,D,0.040566215910086634,0.35805909660430163,0.1132947502096761,2.7755575615628914e-17
toy_2,Double triangle,Coverage,2.1,2,A,0.0860443311090329,0.35805909660430163,0.24030762498438138,2.7755575615628914e-17
toy_2,Double triangle,Coverage,2.1,2,B,0.11572427479259106,0.35805909660430163,0.3231988124029713,2.7755575615628914e-17
toy_2,Double triangle,Coverage,2.1,2,C,0.11572427479259106,0.35805909660430163,0.3231988124029713,2.7755575615628914e-17
toy_2,Double triangle,Coverage,2.1,2,D,0.040566215910086634,0.35805909660430163,0.1132947502096761,2.7755575615628914e-17
toy_2,Double triangle,Coverage,2.2,1,A,0.08102841317586609,0.3408816905833723,0.23770245048127128,0.0
toy_2,Double triangle,Coverage,2.2,1,B,0.11009375679975283,0.3408816905833723,0.32296764490736496,0.0
toy_2,Double triangle,Coverage,2.2,1,C,0.11009375679975283,0.3408816905833723,0.32296764490736496,0.0
toy_2,Double triangle,Coverage,2.2,1,D,0.03966576380800051,0.3408816905833723,0.11636225970399874,0.0
toy_2,Double triangle,Coverage,2.2,2,A,0.08102841317586609,0.3408816905833723,0.23770245048127128,0.0
toy_2,Double triangle,Coverage,2.2,2,B,0.11009375679975285,0.3408816905833723,0.32296764490736496,0.0
toy_2,Double triangle,Coverage,2.2,2,C,0.11009375679975285,0.3408816905833723,0.32296764490736496,0.0
toy_2,Double triangle,Coverage,2.2,2,D,0.03966576380800051,0.3408816905833723,0.11636225970399874,0.0
toy_2,Double triangle,Coverage,2.3000000000000003,1,A,0.07633164091387873,0.3245238514064107,0.23521118889436074,0.0
toy_2,Double triangle,Coverage,2.3000000000000003,1,B,0.10474008764994111,0.3245238514064107,0.32275004501524923,0.0
toy_2,Double triangle,Coverage,2.3000000000000003,1,C,0.10474008764994111,0.3245238514064107,0.32275004501524923,0.0
toy_2,Double triangle,Coverage,2.3000000000000003,1,D,0.038712035192649735,0.3245238514064107,0.1192887210751407,0.0
toy_2,Double triangle,Coverage,2.3000000000000003,2,A,0.07633164091387873,0.3245238514064107,0.23521118889436074,0.0
toy_2,Double triangle,Coverage,2.3000000000000003,2,B,0.10474008764994111,0.3245238514064107,0.32275004501524923,0.0
toy_2,Double triangle,Coverage,2.3000000000000003,2,C,0.10474008764994111,0.3245238514064107,0.32275004501524923,0.0
toy_2,Double triangle,Coverage,2.3000000000000003,2,D,0.038712035192649735,0.3245238514064107,0.1192887210751407,0.0
toy_2,Double triangle,Coverage,2.4000000000000004,1,A,0.07193175609063515,0.3089469441975809,0.23282883175122981,1.3877787807814457e-17
toy_2,Double triangle,Coverage,2.4000000000000004,1,B,0.09964935727690119,0.3089469441975809,0.32254521091224136,1.3877787807814457e-17
toy_2,Double triangle,Coverage,2.4000000000000004,1,C,0.09964935727690119,0.3089469441975809,0.32254521091224136,1.3877787807814457e-17
toy_2,Double triangle,Coverage,2.4000000000000004,1,D,0.03771647355314338,0.3089469441975809,0.12208074642428751,1.3877787807814457e-17
toy_2,Double triangle,Coverage,2.4000000000000004,2,A,0.07193175609063514,0.3089469441975809,0.2328288317512298,1.3877787807814457e-17
toy_2,Double triangle,Coverage,2.4000000000000004,2,B,0.09964935727690119,0.3089469441975809,0.32254521091224136,1.3877787807814457e-17
toy_2,Double triangle,Coverage,2.4000000000000004,2,C,0.09964935727690119,0.3089469441975809,0.32254521091224136,1.3877787807814457e-17
toy_2,Double triangle,Coverage,2.4000000000000004,2,D,0.03771647355314338,0.3089469441975809,0.12208074642428751,1.3877787807814457e-17
toy_2,Double triangle,Coverage,2.5,1,A,0.06780818234859168,0.2941141063255328,0.23055059546698484,6.938893903907228e-17
toy_2,Double triangle,Coverage,2.5,1,B,0.09480838475213929,0.2941141063255328,0.3223523887943104,6.938893903907228e-17
toy_2,Double triangle,Coverage,2.5,1,C,0.09480838475213929,0.2941141063255328,0.3223523887943104,6.938893903907228e-17
toy_2,Double triangle,Coverage,2.5,1,D,0.03668915447266253,0.2941141063255328,0.12474462694439437,6.938893903907228e-17
toy_2,Double triangle,Coverage,2.5,2,A,0.06780818234859169,0.2941141063255328,0.23055059546698486,6.938893903907228e-17
toy_2,Double triangle,Coverage,2.5,2,B,0.0948083847521393,0.2941141063255328,0.32235238879431044,6.938893903907228e-17
toy_2,Double triangle,Coverage,2.5,2,C,0.0948083847521393,0.2941141063255328,0.32235238879431044,6.938893903907228e-17
toy_2,Double triangle,Coverage,2.5,2,D,0.03668915447266253,0.2941141063255328,0.12474462694439437,6.938893903907228e-17
toy_2,Double triangle,Coverage,2.6,1,A,0.06394189038910117,0.2799901713034069,0.22837191066900542,8.326672684688674e-17
toy_2,Double triangle,Coverage,2.6,1,B,0.090204677058518,0.2799901713034069,0.32217086992232,8.326672684688674e-17
toy_2,Double triangle,Coverage,2.6,1,C,0.090204677058518,0.2799901713034069,0.32217086992232,8.326672684688674e-17
toy_2,Double triangle,Coverage,2.6,1,D,0.03563892679726974,0.2799901713034069,0.12728634948635456,8.326672684688674e-17
toy_2,Double triangle,Coverage,2.6,2,A,0.06394189038910117,0.279990171303407,0.22837191066900536,8.326672684688674e-17
toy_2,Double triangle,Coverage,2.6,2,B,0.09020467705851802,0.279990171303407,0.32217086992231997,8.326672684688674e-17
toy_2,Double triangle,Coverage,2.6,2,C,0.09020467705851802,0.279990171303407,0.32217086992231997,8.326672684688674e-17
toy_2,Double triangle,Coverage,2.6,2,D,0.035638926797269745,0.279990171303407,0.12728634948635456,8.326672684688674e-17
toy_2,Double triangle,Coverage,2.7,1,A,0.060315274377206296,0.266541595390704,0.22628841209115788,1.3877787807814457e-17
toy_2,Double triangle,Coverage,2.7,1,B,0.08582639048138642,0.266541595390704,0.3219999878652326,1.3877787807814457e-17
toy_2,Double triangle,Coverage,2.7,1,C,0.08582639048138642,0.266541595390704,0.3219999878652326,1.3877787807814457e-17
toy_2,Double triangle,Coverage,2.7,1,D,0.03457354005072491,0.266541595390704,0.12971161217837712,1.3877787807814457e-17
toy_2,Double triangle,Coverage,2.7,2,A,0.06031527437720628,0.266541595390704,0.22628841209115785,1.3877787807814457e-17
toy_2,Double triangle,Coverage,2.7,2,B,0.08582639048138642,0.266541595390704,0.3219999878652326,1.3877787807814457e-17
toy_2,Double triangle,Coverage,2.7,2,C,0.08582639048138642,0.266541595390704,0.3219999878652326,1.3877787807814457e-17
toy_2,Double triangle,Coverage,2.7,2,D,0.03457354005072491,0.266541595390704,0.12971161217837712,1.3877787807814457e-17
toy_2,Double triangle,Coverage,2.8000000000000003,1,A,0.056912038613659316,0.25373638686692396,0.22429592900094275,0.0
toy_2,Double triangle,Coverage,2.8000000000000003,1,B,0.08166229442573414,0.25373638686692396,0.32183911591900777,0.0
toy_2,Double triangle,Coverage,2.8000000000000003,1,C,0.08166229442573414,0.25373638686692396,0.32183911591900777,0.0
toy_2,Double triangle,Coverage,2.8000000000000003,1,D,0.033499759401796364,0.25373638686692396,0.13202583916104174,0.0
toy_2,Double triangle,Coverage,2.8000000000000003,2,A,0.056912038613659316,0.25373638686692396,0.22429592900094275,0.0
toy_2,Double triangle,Coverage,2.8000000000000003,2,B,0.08166229442573414,0.25373638686692396,0.32183911591900777,0.0
toy_2,Double triangle,Coverage,2.8000000000000003,2,C,0.08166229442573414,0.25373638686692396,0.32183911591900777,0.0
toy_2,Double triangle,Coverage,2.8000000000000003,2,D,0.033499759401796364,0.25373638686692396,0.13202583916104174,0.0
toy_2,Double triangle,Coverage,2.9000000000000004,1,A,0.05371709360239835,0.24154403793795565,0.2223904761259163,5.551115123125783e-17
toy_2,Double triangle,Coverage,2.9000000000000004,1,B,0.07770173748386454,0.24154403793795565,0.3216876646892168,5.551115123125783e-17
toy_2,Double triangle,Coverage,2.9000000000000004,1,C,0.07770173748386454,0.24154403793795565,0.3216876646892168,5.551115123125783e-17
toy_2,Double triangle,Coverage,2.9000000000000004,1,D,0.032423469367828195,0.24154403793795565,0.13423419449564997,5.551115123125783e-17
toy_2,Double triangle,Coverage,2.9000000000000004,2,A,0.05371709360239835,0.24154403793795565,0.2223904761259163,5.551115123125783e-17
toy_2,Double triangle,Coverage,2.9000000000000004,2,B,0.07770173748386455,0.24154403793795565,0.32168766468921683,5.551115123125783e-17
toy_2,Double triangle,Coverage,2.9000000000000004,2,C,0.07770173748386455,0.24154403793795565,0.32168766468921683,5.551115123125783e-17
toy_2,Double triangle,Coverage,2.9000000000000004,2,D,0.032423469367828195,0.24154403793795565,0.13423419449564997,5.551115123125783e-17
toy_2,Double triangle,Coverage,3.0,1,A,0.0507164607164737,0.22993545922877476,0.22056824504833442,4.163336342344337e-17
toy_2,Double triangle,Coverage,3.0,1,B,0.07393461559261155,0.22993545922877476,0.32154507982629227,4.163336342344337e-17
toy_2,Double triangle,Coverage,3.0,1,C,0.07393461559261155,0.22993545922877476,0.32154507982629227,4.163336342344337e-17
toy_2,Double triangle,Coverage,3.0,1,D,0.03134976732707794,0.22993545922877476,0.13634159529908096,4.163336342344337e-17
toy_2,Double triangle,Coverage,3.0,2,A,0.050716460716473684,0.22993545922877467,0.22056824504833444,4.163336342344337e-17
toy_2,Double triangle,Coverage,3.0,2,B,0.07393461559261152,0.22993545922877467,0.32154507982629227,4.163336342344337e-17
toy_2,Double triangle,Coverage,3.0,2,C,0.07393461559261152,0.22993545922877467,0.32154507982629227,4.163336342344337e-17
toy_2,Double triangle,Coverage,3.0,2,D,0.03134976732707794,0.22993545922877467,0.13634159529908102,4.163336342344337e-17
toy_2,Double triangle,Coverage,3.1,1,A,0.04789718473375683,0.2188829168099035,0.21882559603934193,8.326672684688674e-17
toy_2,Double triangle,Coverage,3.1,1,B,0.07035134213232475,0.2188829168099035,0.32141083990316077,8.326672684688674e-17
toy_2,Double triangle,Coverage,3.1,1,C,0.07035134213232475,0.2188829168099035,0.32141083990316077,8.326672684688674e-17
toy_2,Double triangle,Coverage,3.1,1,D,0.03028304781149719,0.2188829168099035,0.13835272415433664,8.326672684688674e-17
toy_2,Double triangle,Coverage,3.1,2,A,0.047897184733756835,0.21888291680990352,0.21882559603934196,8.326672684688674e-17
toy_2,Double triangle,Coverage,3.1,2,B,0.07035134213232475,0.21888291680990352,0.3214108399031607,8.326672684688674e-17
toy_2,Double triangle,Coverage,3.1,2,C,0.07035134213232475,0.21888291680990352,0.3214108399031607,8.326672684688674e-17
toy_2,Double triangle,Coverage,3.1,2,D,0.03028304781149719,0.21888291680990352,0.1383527241543366,8.326672684688674e-17
toy_2,Double triangle,Coverage,3.2,1,A,0.04524725357622843,0.2083599717001507,0.21715905030618557,4.163336342344337e-17
toy_2,Double triangle,Coverage,3.2,1,B,0.06694281983184977,0.2083599717001507,0.3212844544257603,4.163336342344337e-17
toy_2,Double triangle,Coverage,3.2,1,C,0.06694281983184977,0.2083599717001507,0.3212844544257603,4.163336342344337e-17
toy_2,Double triangle,Coverage,3.2,1,D,0.02922707846022271,0.2083599717001507,0.14027204084229378,4.163336342344337e-17
toy_2,Double triangle,Coverage,3.2,2,A,0.04524725357622844,0.2083599717001507,0.21715905030618565,4.163336342344337e-17
toy_2,Double triangle,Coverage,3.2,2,B,0.06694281983184977,0.2083599717001507,0.3212844544257603,4.163336342344337e-17
toy_2,Double triangle,Coverage,3.2,2,C,0.06694281983184977,0.2083599717001507,0.3212844544257603,4.163336342344337e-17
toy_2,Double triangle,Coverage,3.2,2,D,0.02922707846022271,0.2083599717001507,0.14027204084229378,4.163336342344337e-17
toy_2,Double triangle,Coverage,3.3000000000000003,1,A,0.04275552464373206,0.19834142178421243,0.21556528262789384,0.0
toy_2,Double triangle,Coverage,3.3000000000000003,1,B,0.06370041435464474,0.19834142178421243,0.32116546196763807,0.0
toy_2,Double triangle,Coverage,3.3000000000000003,1,C,0.06370041435464474,0.19834142178421243,0.32116546196763807,0.0
toy_2,Double triangle,Coverage,3.3000000000000003,1,D,0.028185068431190893,0.19834142178421243,0.14210379343682997,0.0
toy_2,Double triangle,Coverage,3.3000000000000003,2,A,0.04275552464373206,0.19834142178421243,0.21556528262789384,0.0
toy_2,Double triangle,Coverage,3.3000000000000003,2,B,0.06370041435464474,0.19834142178421243,0.32116546196763807,0.0
toy_2,Double triangle,Coverage,3.3000000000000003,2,C,0.06370041435464474,0.19834142178421243,0.32116546196763807,0.0
toy_2,Double triangle,Coverage,3.3000000000000003,2,D,0.028185068431190893,0.19834142178421243,0.14210379343682997,0.0
toy_2,Double triangle,Coverage,3.4000000000000004,1,A,0.0404116571852627,0.18880324608067786,0.21404111435665846,9.71445146547012e-17
toy_2,Double triangle,Coverage,3.4000000000000004,1,B,0.06061592945111311,0.18880324608067786,0.3210534284204584,9.71445146547012e-17
toy_2,Double triangle,Coverage,3.4000000000000004,1,C,0.06061592945111311,0.18880324608067786,0.3210534284204584,9.71445146547012e-17
toy_2,Double triangle,Coverage,3.4000000000000004,1,D,0.027159729993188934,0.18880324608067786,0.14385202880242462,9.71445146547012e-17
toy_2,Double triangle,Coverage,3.4000000000000004,2,A,0.040411657185262684,0.18880324608067783,0.2140411143566584,9.71445146547012e-17
toy_2,Double triangle,Coverage,3.4000000000000004,2,B,0.060615929451113104,0.18880324608067783,0.3210534284204585,9.71445146547012e-17
toy_2,Double triangle,Coverage,3.4000000000000004,2,C,0.060615929451113104,0.18880324608067783,0.3210534284204585,9.71445146547012e-17
toy_2,Double triangle,Coverage,3.4000000000000004,2,D,0.027159729993188934,0.18880324608067783,0.14385202880242465,9.71445146547012e-17
toy_2,Double triangle,Coverage,3.5,1,A,0.03820605019854961,0.17972255129370054,0.21258350676378793,4.163336342344337e-17
toy_2,Double triangle,Coverage,3.5,1,B,0.05768158357128342,0.17972255129370054,0.32094794535283905,4.163336342344337e-17
toy_2,Double triangle,Coverage,3.5,1,C,0.05768158357128342,0.17972255129370054,0.32094794535283905,4.163336342344337e-17
toy_2,Double triangle,Coverage,3.5,1,D,0.026153333952584092,0.17972255129370054,0.14552060253053392,4.163336342344337e-17
toy_2,Double triangle,Coverage,3.5,2,A,0.0382060501985496,0.17972255129370054,0.21258350676378784,4.163336342344337e-17
toy_2,Double triangle,Coverage,3.5,2,B,0.05768158357128342,0.17972255129370054,0.32094794535283905,4.163336342344337e-17
toy_2,Double triangle,Coverage,3.5,2,C,0.05768158357128342,0.17972255129370054,0.32094794535283905,4.163336342344337e-17
toy_2,Double triangle,Coverage,3.5,2,D,0.026153333952584092,0.17972255129370054,0.14552060253053392,4.163336342344337e-17
toy_2,Double triangle,Coverage,3.6,1,A,0.036129785392281746,0.17107752057999273,0.2111895547105975,8.326672684688674e-17
toy_2,Double triangle,Coverage,3.6,1,B,0.05488998784021888,0.17107752057999273,0.3208486284704677,8.326672684688674e-17
toy_2,Double triangle,Coverage,3.6,1,C,0.05488998784021888,0.17107752057999273,0.3208486284704677,8.326672684688674e-17
toy_2,Double triangle,Coverage,3.6,1,D,0.025167759507273218,0.17107752057999273,0.14711318834846704,8.326672684688674e-17
toy_2,Double triangle,Coverage,3.6,2,A,0.03612978539228173,0.1710775205799927,0.21118955471059747,8.326672684688674e-17
toy_2,Double triangle,Coverage,3.6,2,B,0.05488998784021888,0.1710775205799927,0.32084862847046774,8.326672684688674e-17
toy_2,Double triangle,Coverage,3.6,2,C,0.05488998784021888,0.1710775205799927,0.32084862847046774,8.326672684688674e-17
toy_2,Double triangle,Coverage,3.6,2,D,0.025167759507273218,0.1710775205799927,0.14711318834846707,8.326672684688674e-17
toy_2,Double triangle,Coverage,3.7,1,A,0.034174574785160464,0.16284736446176667,0.20985648062596662,0.0
toy_2,Double triangle,Coverage,3.7,1,B,0.05223412530606705,0.16284736446176667,0.3207551161709503,0.0
toy_2,Double triangle,Coverage,3.7,1,C,0.05223412530606705,0.16284736446176667,0.3207551161709503,0.0
toy_2,Double triangle,Coverage,3.7,1,D,0.024204539064472112,0.16284736446176667,0.14863328703213283,0.0
toy_2,Double triangle,Coverage,3.7,2,A,0.034174574785160464,0.16284736446176667,0.20985648062596662,0.0
toy_2,Double triangle,Coverage,3.7,2,B,0.05223412530606705,0.16284736446176667,0.3207551161709503,0.0
toy_2,Double triangle,Coverage,3.7,2,C,0.05223412530606705,0.16284736446176667,0.3207551161709503,0.0
toy_2,Double triangle,Coverage,3.7,2,D,0.024204539064472112,0.16284736446176667,0.14863328703213283,0.0
toy_2,Double triangle,Coverage,3.8000000000000003,1,A,0.03233271255237287,0.15501227381571464,0.20858162877354738,2.7755575615628914e-17
toy_2,Double triangle,Coverage,3.8000000000000003,1,B,0.04970733137753142,0.15501227381571464,0.32066706818729507,2.7755575615628914e-17
toy_2,Double triangle,Coverage,3.8000000000000003,1,C,0.04970733137753142,0.15501227381571464,0.32066706818729507,2.7755575615628914e-17
toy_2,Double triangle,Coverage,3.8000000000000003,1,D,0.02326489850827894,0.15501227381571464,0.15008423485186254,2.7755575615628914e-17
toy_2,Double triangle,Coverage,3.8000000000000003,2,A,0.03233271255237288,0.1550122738157147,0.20858162877354738,2.7755575615628914e-17
toy_2,Double triangle,Coverage,3.8000000000000003,2,B,0.04970733137753144,0.1550122738157147,0.32066706818729507,2.7755575615628914e-17
toy_2,Double triangle,Coverage,3.8000000000000003,2,C,0.04970733137753144,0.1550122738157147,0.32066706818729507,2.7755575615628914e-17
toy_2,Double triangle,Coverage,3.8000000000000003,2,D,0.02326489850827894,0.1550122738157147,0.15008423485186248,2.7755575615628914e-17
toy_2,Double triangle,Coverage,3.9000000000000004,1,A,0.030597030763354096,0.1475533748680142,0.20736245979275633,0.0
toy_2,Double triangle,Coverage,3.9000000000000004,1,B,0.04730327537382604,0.1475533748680142,0.3205841643143615,0.0
toy_2,Double triangle,Coverage,3.9000000000000004,1,C,0.04730327537382604,0.1475533748680142,0.3205841643143615,0.0
toy_2,Double triangle,Coverage,3.9000000000000004,1,D,0.022349793357008037,0.1475533748680142,0.1514692115785208,0.0
toy_2,Double triangle,Coverage,3.9000000000000004,2,A,0.030597030763354096,0.1475533748680142,0.20736245979275633,0.0
toy_2,Double triangle,Coverage,3.9000000000000004,2,B,0.04730327537382604,0.1475533748680142,0.3205841643143615,0.0
toy_2,Double triangle,Coverage,3.9000000000000004,2,C,0.04730327537382604,0.1475533748680142,0.3205841643143615,0.0
toy_2,Double triangle,Coverage,3.9000000000000004,2,D,0.022349793357008037,0.1475533748680142,0.1514692115785208,0.0
toy_2,Double triangle,Coverage,4.0,1,A,0.02896085868511792,0.14045268612560544,0.2061965454987348,6.938893903907228e-17
toy_2,Double triangle,Coverage,4.0,1,B,0.04501594311591481,0.14045268612560544,0.3205061032129887,6.938893903907228e-17
toy_2,Double triangle,Coverage,4.0,1,C,0.04501594311591481,0.14045268612560544,0.3205061032129887,6.938893903907228e-17
toy_2,Double triangle,Coverage,4.0,1,D,0.021459941208657914,0.14045268612560544,0.1527912480752878,6.938893903907228e-17
toy_2,Double triangle,Coverage,4.0,2,A,0.028960858685117927,0.14045268612560546,0.2061965454987348,6.938893903907228e-17
toy_2,Double triangle,Coverage,4.0,2,B,0.04501594311591481,0.14045268612560546,0.32050610321298867,6.938893903907228e-17
toy_2,Double triangle,Coverage,4.0,2,C,0.04501594311591481,0.14045268612560546,0.32050610321298867,6.938893903907228e-17
toy_2,Double triangle,Coverage,4.0,2,D,0.021459941208657914,0.14045268612560546,0.15279124807528777,6.938893903907228e-17
toy_2,Double triangle,Coverage,4.1000000000000005,1,A,0.02741798535322913,0.13369307717455675,0.20508156392743326,1.3877787807814457e-17
toy_2,Double triangle,Coverage,4.1000000000000005,1,B,0.042839620493091,0.13369307717455675,0.32043260128688134,1.3877787807814457e-17
toy_2,Double triangle,Coverage,4.1000000000000005,1,C,0.042839620493091,0.13369307717455675,0.32043260128688134,1.3877787807814457e-17
toy_2,Double triangle,Coverage,4.1000000000000005,1,D,0.02059585083514561,0.13369307717455675,0.15405323349880398,1.3877787807814457e-17
toy_2,Double triangle,Coverage,4.1000000000000005,2,A,0.027417985353229125,0.13369307717455672,0.20508156392743326,1.3877787807814457e-17
toy_2,Double triangle,Coverage,4.1000000000000005,2,B,0.042839620493090994,0.13369307717455672,0.32043260128688134,1.3877787807814457e-17
toy_2,Double triangle,Coverage,4.1000000000000005,2,C,0.042839620493090994,0.13369307717455672,0.32043260128688134,1.3877787807814457e-17
toy_2,Double triangle,Coverage,4.1000000000000005,2,D,0.02059585083514561,0.13369307717455672,0.154053233498804,1.3877787807814457e-17
toy_2,Double triangle,Coverage,4.2,1,A,0.0259626251378931,0.12725822927716793,0.20401529461286627,8.326672684688674e-17
toy_2,Double triangle,Coverage,4.2,1,B,0.0407688779437638,0.12725822927716793,0.32036339162765926,8.326672684688674e-17
toy_2,Double triangle,Coverage,4.2,1,C,0.0407688779437638,0.12725822927716793,0.32036339162765926,8.326672684688674e-17
toy_2,Double triangle,Coverage,4.2,1,D,0.01975784825174722,0.12725822927716793,0.15525792213181516,8.326672684688674e-17
toy_2,Double triangle,Coverage,4.2,2,A,0.02596262513789311,0.12725822927716796,0.2040152946128663,8.326672684688674e-17
toy_2,Double triangle,Coverage,4.2,2,B,0.040768877943763805,0.12725822927716796,0.3203633916276592,8.326672684688674e-17
toy_2,Double triangle,Coverage,4.2,2,C,0.040768877943763805,0.12725822927716796,0.3203633916276592,8.326672684688674e-17
toy_2,Double triangle,Coverage,4.2,2,D,0.01975784825174722,0.12725822927716796,0.15525792213181513,8.326672684688674e-17
toy_2,Double triangle,Coverage,4.3,1,A,0.024589386055854298,0.1211325977005106,0.2029956140844047,5.551115123125783e-17
toy_2,Double triangle,Coverage,4.3,1,B,0.03879855579372912,0.1211325977005106,0.3202982230237896,5.551115123125783e-17
toy_2,Double triangle,Coverage,4.3,1,C,0.03879855579372912,0.1211325977005106,0.3202982230237896,5.551115123125783e-17
toy_2,Double triangle,Coverage,4.3,1,D,0.018946100057198052,0.1211325977005106,0.15640793986801613,5.551115123125783e-17
toy_2,Double triangle,Coverage,4.3,2,A,0.024589386055854298,0.1211325977005106,0.2029956140844047,5.551115123125783e-17
toy_2,Double triangle,Coverage,4.3,2,B,0.03879855579372913,0.1211325977005106,0.32029822302378963,5.551115123125783e-17
toy_2,Double triangle,Coverage,4.3,2,C,0.03879855579372913,0.1211325977005106,0.32029822302378963,5.551115123125783e-17
toy_2,Double triangle,Coverage,4.3,2,D,0.018946100057198052,0.1211325977005106,0.15640793986801613,5.551115123125783e-17
toy_2,Double triangle,Coverage,4.4,1,A,0.02329324060001519,0.1153013757103398,0.20202049157273272,1.3877787807814457e-16
toy_2,Double triangle,Coverage,4.4,1,B,0.0369237503992482,0.1153013757103398,0.320236859029402,1.3877787807814457e-16
toy_2,Double triangle,Coverage,4.4,1,C,0.0369237503992482,0.1153013757103398,0.320236859029402,1.3877787807814457e-16
toy_2,Double triangle,Coverage,4.4,1,D,0.018160634311828218,0.1153013757103398,0.1575057903684634,1.3877787807814457e-16
toy_2,Double triangle,Coverage,4.4,2,A,0.023293240600015197,0.11530137571033983,0.20202049157273272,1.3877787807814457e-16
toy_2,Double triangle,Coverage,4.4,2,B,0.0369237503992482,0.11530137571033983,0.3202368590294019,1.3877787807814457e-16
toy_2,Double triangle,Coverage,4.4,2,C,0.0369237503992482,0.11530137571033983,0.3202368590294019,1.3877787807814457e-16
toy_2,Double triangle,Coverage,4.4,2,D,0.018160634311828218,0.11530137571033983,0.15750579036846335,1.3877787807814457e-16
toy_2,Double triangle,Coverage,4.5,1,A,0.02206949887808068,0.10975046016569234,0.2010879849137939,8.326672684688674e-17
toy_2,Double triangle,Coverage,4.5,1,B,0.03513980104597231,0.10975046016569234,0.32017907708925397,8.326672684688674e-17
toy_2,Double triangle,Coverage,4.5,1,C,0.03513980104597231,0.10975046016569234,0.32017907708925397,8.326672684688674e-17
toy_2,Double triangle,Coverage,4.5,1,D,0.01740135919566705,0.10975046016569234,0.15855386090769816,8.326672684688674e-17
toy_2,Double triangle,Coverage,4.5,2,A,0.022069498878080678,0.10975046016569232,0.20108798491379393,8.326672684688674e-17
toy_2,Double triangle,Coverage,4.5,2,B,0.0351398010459723,0.10975046016569232,0.320179077089254,8.326672684688674e-17
toy_2,Double triangle,Coverage,4.5,2,C,0.0351398010459723,0.10975046016569232,0.320179077089254,8.326672684688674e-17
toy_2,Double triangle,Coverage,4.5,2,D,0.01740135919566705,0.10975046016569232,0.15855386090769819,8.326672684688674e-17
toy_2,Double triangle,Coverage,4.6000000000000005,1,A,0.020913783869259628,0.10446641865098837,0.20019623664069927,8.326672684688674e-17
toy_2,Double triangle,Coverage,4.6000000000000005,1,B,0.03344227755816564,0.10446641865098837,0.3201246677163584,8.326672684688674e-17
toy_2,Double triangle,Coverage,4.6000000000000005,1,C,0.03344227755816564,0.10446641865098837,0.3201246677163584,8.326672684688674e-17
toy_2,Double triangle,Coverage,4.6000000000000005,1,D,0.016668079665397458,0.10446641865098837,0.15955442792658386,8.326672684688674e-17
toy_2,Double triangle,Coverage,4.6000000000000005,2,A,0.02091378386925963,0.10446641865098838,0.2001962366406993,8.326672684688674e-17
toy_2,Double triangle,Coverage,4.6000000000000005,2,B,0.033442277558165645,0.10446641865098838,0.32012466771635845,8.326672684688674e-17
toy_2,Double triangle,Coverage,4.6000000000000005,2,C,0.033442277558165645,0.10446641865098838,0.32012466771635845,8.326672684688674e-17
toy_2,Double triangle,Coverage,4.6000000000000005,2,D,0.016668079665397458,0.10446641865098838,0.15955442792658384,8.326672684688674e-17
toy_2,Double triangle,Coverage,4.7,1,A,0.019822008624258536,0.09943645808405448,0.199343470254168,0.0
toy_2,Double triangle,Coverage,4.7,1,B,0.03182696857582004,0.09943645808405448,0.32007343371901315,0.0
toy_2,Double triangle,Coverage,4.7,1,C,0.03182696857582004,0.09943645808405448,0.32007343371901315,0.0
toy_2,Double triangle,Coverage,4.7,1,D,0.015960512308155858,0.09943645808405448,0.16050966230780567,0.0
toy_2,Double triangle,Coverage,4.7,2,A,0.019822008624258536,0.09943645808405448,0.199343470254168,0.0
toy_2,Double triangle,Coverage,4.7,2,B,0.03182696857582004,0.09943645808405448,0.32007343371901315,0.0
toy_2,Double triangle,Coverage,4.7,2,C,0.03182696857582004,0.09943645808405448,0.32007343371901315,0.0
toy_2,Double triangle,Coverage,4.7,2,D,0.015960512308155858,0.09943645808405448,0.16050966230780567,0.0
toy_2,Double triangle,Coverage,4.800000000000001,1,A,0.01879035524861174,0.09464839474015035,0.19852798666262822,8.326672684688674e-17
toy_2,Double triangle,Coverage,4.800000000000001,1,B,0.030289870460144024,0.09464839474015035,0.3200251894741845,8.326672684688674e-17
toy_2,Double triangle,Coverage,4.800000000000001,1,C,0.030289870460144024,0.09464839474015035,0.3200251894741845,8.326672684688674e-17
toy_2,Double triangle,Coverage,4.800000000000001,1,D,0.015278298571250576,0.09464839474015035,0.1614216343890029,8.326672684688674e-17
toy_2,Double triangle,Coverage,4.800000000000001,2,A,0.018790355248611744,0.09464839474015038,0.1985279866626282,8.326672684688674e-17
toy_2,Double triangle,Coverage,4.800000000000001,2,B,0.030289870460144027,0.09464839474015038,0.32002518947418446,8.326672684688674e-17
toy_2,Double triangle,Coverage,4.800000000000001,2,C,0.030289870460144027,0.09464839474015038,0.32002518947418446,8.326672684688674e-17
toy_2,Double triangle,Coverage,4.800000000000001,2,D,0.015278298571250577,0.09464839474015038,0.16142163438900287,8.326672684688674e-17
toy_2,Double triangle,Coverage,4.9,1,A,0.017815255522932012,0.09009062563381279,0.1977481607836187,1.3877787807814457e-17
toy_2,Double triangle,Coverage,4.9,1,B,0.028827176790574883,0.09009062563381279,0.3199797602443941,1.3877787807814457e-17
toy_2,Double triangle,Coverage,4.9,1,C,0.028827176790574883,0.09009062563381279,0.3199797602443941,1.3877787807814457e-17
toy_2,Double triangle,Coverage,4.9,1,D,0.014621016529731013,0.09009062563381279,0.1622923187275931,1.3877787807814457e-17
toy_2,Double triangle,Coverage,4.9,2,A,0.01781525552293201,0.09009062563381277,0.1977481607836187,1.3877787807814457e-17
toy_2,Double triangle,Coverage,4.9,2,B,0.02882717679057488,0.09009062563381277,0.3199797602443941,1.3877787807814457e-17
toy_2,Double triangle,Coverage,4.9,2,C,0.02882717679057488,0.09009062563381277,0.3199797602443941,1.3877787807814457e-17
toy_2,Double triangle,Coverage,4.9,2,D,0.014621016529731013,0.09009062563381277,0.16229231872759312,1.3877787807814457e-17
toy_2,Double triangle,Coverage,5.0,1,A,0.016893373026040194,0.08575210120208596,0.1970024382986111,4.163336342344337e-17
toy_2,Double triangle,Coverage,5.0,1,B,0.027435268418917066,0.08575210120208596,0.31993698153544126,4.163336342344337e-17
toy_2,Double triangle,Coverage,5.0,1,C,0.027435268418917066,0.08575210120208596,0.31993698153544126,4.163336342344337e-17
toy_2,Double triangle,Coverage,5.0,1,D,0.013988191338211631,0.08575210120208596,0.16312359863050635,4.163336342344337e-17
toy_2,Double triangle,Coverage,5.0,2,A,0.0168933730260402,0.08575210120208597,0.19700243829861117,4.163336342344337e-17
toy_2,Double triangle,Coverage,5.0,2,B,0.02743526841891707,0.08575210120208597,0.31993698153544126,4.163336342344337e-17
toy_2,Double triangle,Coverage,5.0,2,C,0.02743526841891707,0.08575210120208597,0.31993698153544126,4.163336342344337e-17
toy_2,Double triangle,Coverage,5.0,2,D,0.013988191338211631,0.08575210120208597,0.16312359863050632,4.163336342344337e-17
toy_2,Double triangle,Coverage,5.1000000000000005,1,A,0.016021586638247605,0.08162229923449776,0.19628933255381836,0.0
toy_2,Double triangle,Coverage,5.1000000000000005,1,B,0.026110704048479694,0.08162229923449776,0.3198966984924626,0.0
toy_2,Double triangle,Coverage,5.1000000000000005,1,C,0.026110704048479694,0.08162229923449776,0.3198966984924626,0.0
toy_2,Double triangle,Coverage,5.1000000000000005,1,D,0.013379304499290777,0.08162229923449776,0.16391727046125648,0.0
toy_2,Double triangle,Coverage,5.1000000000000005,2,A,0.016021586638247605,0.08162229923449776,0.19628933255381836,0.0
toy_2,Double triangle,Coverage,5.1000000000000005,2,B,0.026110704048479694,0.08162229923449776,0.3198966984924626,0.0
toy_2,Double triangle,Coverage,5.1000000000000005,2,C,0.026110704048479694,0.08162229923449776,0.3198966984924626,0.0
toy_2,Double triangle,Coverage,5.1000000000000005,2,D,0.013379304499290777,0.08162229923449776,0.16391727046125648,0.0
toy_2,Double triangle,Coverage,5.2,1,A,0.015196975312407608,0.0776911999969341,0.19560742159996655,4.163336342344337e-17
toy_2,Double triangle,Coverage,5.2,1,B,0.024850211308180246,0.0776911999969341,0.3198587653319926,4.163336342344337e-17
toy_2,Double triangle,Coverage,5.2,1,C,0.024850211308180246,0.0776911999969341,0.3198587653319926,4.163336342344337e-17
toy_2,Double triangle,Coverage,5.2,1,D,0.012793802068165999,0.0776911999969341,0.16467504773604832,4.163336342344337e-17
toy_2,Double triangle,Coverage,5.2,2,A,0.015196975312407605,0.07769119999693411,0.1956074215999665,4.163336342344337e-17
toy_2,Double triangle,Coverage,5.2,2,B,0.02485021130818025,0.07769119999693411,0.3198587653319926,4.163336342344337e-17
toy_2,Double triangle,Coverage,5.2,2,C,0.02485021130818025,0.07769119999693411,0.3198587653319926,4.163336342344337e-17
toy_2,Double triangle,Coverage,5.2,2,D,0.012793802068165999,0.07769119999693411,0.1646750477360483,4.163336342344337e-17
toy_2,Double triangle,Coverage,5.300000000000001,1,A,0.014416804009810297,0.07394926249836009,0.19495534536439774,6.938893903907228e-17
toy_2,Double triangle,Coverage,5.300000000000001,1,B,0.02365067829351924,0.07394926249836009,0.31982304480783325,6.938893903907228e-17
toy_2,Double triangle,Coverage,5.300000000000001,1,C,0.02365067829351924,0.07394926249836009,0.31982304480783325,6.938893903907228e-17
toy_2,Double triangle,Coverage,5.300000000000001,1,D,0.012231101901511299,0.07394926249836009,0.16539856501993563,6.938893903907228e-17
toy_2,Double triangle,Coverage,5.300000000000001,2,A,0.014416804009810295,0.07394926249836008,0.19495534536439774,6.938893903907228e-17
toy_2,Double triangle,Coverage,5.300000000000001,2,B,0.02365067829351924,0.07394926249836008,0.3198230448078333,6.938893903907228e-17
toy_2,Double triangle,Coverage,5.300000000000001,2,C,0.02365067829351924,0.07394926249836008,0.3198230448078333,6.938893903907228e-17
toy_2,Double triangle,Coverage,5.300000000000001,2,D,0.012231101901511299,0.07394926249836008,0.16539856501993566,6.938893903907228e-17
toy_2,Double triangle,Coverage,5.4,1,A,0.013678510706641186,0.0703874018511265,0.1943318029492272,0.0
toy_2,Double triangle,Coverage,5.4,1,B,0.02250914554812479,0.0703874018511265,0.3197894077086828,0.0
toy_2,Double triangle,Coverage,5.4,1,C,0.02250914554812479,0.0703874018511265,0.3197894077086828,0.0
toy_2,Double triangle,Coverage,5.4,1,D,0.011690600048235737,0.0703874018511265,0.1660893816334071,0.0
toy_2,Double triangle,Coverage,5.4,2,A,0.013678510706641186,0.0703874018511265,0.1943318029492272,0.0
toy_2,Double triangle,Coverage,5.4,2,B,0.02250914554812479,0.0703874018511265,0.3197894077086828,0.0
toy_2,Double triangle,Coverage,5.4,2,C,0.02250914554812479,0.0703874018511265,0.3197894077086828,0.0
toy_2,Double triangle,Coverage,5.4,2,D,0.011690600048235737,0.0703874018511265,0.1660893816334071,0.0
toy_2,Double triangle,Coverage,5.5,1,A,0.012979694384631311,0.06699696767736783,0.19373555004961765,6.938893903907228e-17
toy_2,Double triangle,Coverage,5.5,1,B,0.02142279846122638,0.06699696767736783,0.31975773238559857,6.938893903907228e-17
toy_2,Double triangle,Coverage,5.5,1,C,0.02142279846122638,0.06699696767736783,0.31975773238559857,6.938893903907228e-17
toy_2,Double triangle,Coverage,5.5,1,D,0.01117167637028377,0.06699696767736783,0.16674898517918538,6.938893903907228e-17
toy_2,Double triangle,Coverage,5.5,2,A,0.012979694384631313,0.06699696767736783,0.19373555004961768,6.938893903907228e-17
toy_2,Double triangle,Coverage,5.5,2,B,0.021422798461226376,0.06699696767736783,0.3197577323855985,6.938893903907228e-17
toy_2,Double triangle,Coverage,5.5,2,C,0.021422798461226376,0.06699696767736783,0.3197577323855985,6.938893903907228e-17
toy_2,Double triangle,Coverage,5.5,2,D,0.01117167637028377,0.06699696767736783,0.16674898517918538,6.938893903907228e-17
toy_2,Double triangle,Coverage,5.6000000000000005,1,A,0.012318103926757177,0.0637697235157489,0.19316539648654793,6.938893903907228e-17
toy_2,Double triangle,Coverage,5.6000000000000005,1,B,0.020388960057958618,0.0637697235157489,0.3197279043074925,6.938893903907228e-17
toy_2,Double triangle,Coverage,5.6000000000000005,1,C,0.020388960057958618,0.0637697235157489,0.3197279043074925,6.938893903907228e-17
toy_2,Double triangle,Coverage,5.6000000000000005,1,D,0.010673699473074488,0.0637697235157489,0.16737879489846708,6.938893903907228e-17
toy_2,Double triangle,Coverage,5.6000000000000005,2,A,0.012318103926757173,0.06376972351574889,0.19316539648654793,6.938893903907228e-17
toy_2,Double triangle,Coverage,5.6000000000000005,2,B,0.02038896005795861,0.06376972351574889,0.3197279043074924,6.938893903907228e-17
toy_2,Double triangle,Coverage,5.6000000000000005,2,C,0.02038896005795861,0.06376972351574889,0.3197279043074924,6.938893903907228e-17
toy_2,Double triangle,Coverage,5.6000000000000005,2,D,0.010673699473074488,0.06376972351574889,0.1673787948984671,6.938893903907228e-17
toy_2,Double triangle,Coverage,5.7,1,A,0.011691627845461445,0.060697827184536424,0.19262020384874737,2.7755575615628914e-17
toy_2,Double triangle,Coverage,5.7,1,B,0.019405084160825144,0.060697827184536424,0.31969981564296995,2.7755575615628914e-17
toy_2,Double triangle,Coverage,5.7,1,C,0.019405084160825144,0.060697827184536424,0.31969981564296995,2.7755575615628914e-17
toy_2,Double triangle,Coverage,5.7,1,D,0.010196031017424698,0.060697827184536424,0.1679801648653129,2.7755575615628914e-17
toy_2,Double triangle,Coverage,5.7,2,A,0.011691627845461442,0.060697827184536424,0.1926202038487473,2.7755575615628914e-17
toy_2,Double triangle,Coverage,5.7,2,B,0.019405084160825144,0.060697827184536424,0.31969981564296995,2.7755575615628914e-17
toy_2,Double triangle,Coverage,5.7,2,C,0.019405084160825144,0.060697827184536424,0.31969981564296995,2.7755575615628914e-17
toy_2,Double triangle,Coverage,5.7,2,D,0.010196031017424698,0.060697827184536424,0.1679801648653129,2.7755575615628914e-17
toy_2,Double triangle,Coverage,5.800000000000001,1,A,0.011098284776913232,0.057773812058658384,0.19209888323874183,0.0
toy_2,Double triangle,Coverage,5.800000000000001,1,B,0.01846874890198057,0.057773812058658384,0.31967336486692355,0.0
toy_2,Double triangle,Coverage,5.800000000000001,1,C,0.01846874890198057,0.057773812058658384,0.31967336486692355,0.0
toy_2,Double triangle,Coverage,5.800000000000001,1,D,0.009738029477784009,0.057773812058658384,0.168554387027411,0.0
toy_2,Double triangle,Coverage,5.800000000000001,2,A,0.011098284776913232,0.057773812058658384,0.19209888323874183,0.0
toy_2,Double triangle,Coverage,5.800000000000001,2,B,0.01846874890198057,0.057773812058658384,0.31967336486692355,0.0
toy_2,Double triangle,Coverage,5.800000000000001,2,C,0.01846874890198057,0.057773812058658384,0.31967336486692355,0.0
toy_2,Double triangle,Coverage,5.800000000000001,2,D,0.009738029477784009,0.057773812058658384,0.168554387027411,0.0
toy_2,Double triangle,Coverage,5.9,1,A,0.010536214680359571,0.05499056922006672,0.1916003931182218,1.3877787807814457e-17
toy_2,Double triangle,Coverage,5.9,1,B,0.01757765056722368,0.05499056922006672,0.3196484563903984,1.3877787807814457e-17
toy_2,Double triangle,Coverage,5.9,1,C,0.01757765056722368,0.05499056922006672,0.3196484563903984,1.3877787807814457e-17
toy_2,Double triangle,Coverage,5.9,1,D,0.009299053405259789,0.05499056922006672,0.16910269410098147,1.3877787807814457e-17
toy_2,Double triangle,Coverage,5.9,2,A,0.01053621468035957,0.05499056922006672,0.19160039311822177,1.3877787807814457e-17
toy_2,Double triangle,Coverage,5.9,2,B,0.01757765056722368,0.05499056922006672,0.3196484563903984,1.3877787807814457e-17
toy_2,Double triangle,Coverage,5.9,2,C,0.01757765056722368,0.05499056922006672,0.3196484563903984,1.3877787807814457e-17
toy_2,Double triangle,Coverage,5.9,2,D,0.009299053405259789,0.05499056922006672,0.16910269410098147,1.3877787807814457e-17
toy_2,Double triangle,Coverage,6.0,1,A,0.01000367068667979,0.052341330442329255,0.19112373724817788,0.0
toy_2,Double triangle,Coverage,6.0,1,B,0.016729597753743136,0.052341330442329255,0.31962500021233026,0.0
toy_2,Double triangle,Coverage,6.0,1,C,0.016729597753743136,0.052341330442329255,0.31962500021233026,0.0
toy_2,Double triangle,Coverage,6.0,1,D,0.008878464248163194,0.052341330442329255,0.16962626232716166,0.0
toy_2,Double triangle,Coverage,6.0,2,A,0.01000367068667979,0.052341330442329255,0.19112373724817788,0.0
toy_2,Double triangle,Coverage,6.0,2,B,0.016729597753743136,0.052341330442329255,0.31962500021233026,0.0
toy_2,Double triangle,Coverage,6.0,2,C,0.016729597753743136,0.052341330442329255,0.31962500021233026,0.0
toy_2,Double triangle,Coverage,6.0,2,D,0.008878464248163194,0.052341330442329255,0.16962626232716166,0.0
toy_2,Double triangle,Coverage,6.1000000000000005,1,A,0.009499011544885212,0.04981965197194828,0.1906679627194862,5.551115123125783e-17
toy_2,Double triangle,Coverage,6.1000000000000005,1,B,0.01592250582472728,0.04981965197194828,0.31960291159184917,5.551115123125783e-17
toy_2,Double triangle,Coverage,6.1000000000000005,1,C,0.01592250582472728,0.04981965197194828,0.31960291159184917,5.551115123125783e-17
toy_2,Double triangle,Coverage,6.1000000000000005,1,D,0.0084756287776085,0.04981965197194828,0.17012621409681533,5.551115123125783e-17
toy_2,Double triangle,Coverage,6.1000000000000005,2,A,0.009499011544885212,0.04981965197194828,0.1906679627194862,5.551115123125783e-17
toy_2,Double triangle,Coverage,6.1000000000000005,2,B,0.015922505824727283,0.04981965197194828,0.3196029115918492,5.551115123125783e-17
toy_2,Double triangle,Coverage,6.1000000000000005,2,C,0.015922505824727283,0.04981965197194828,0.3196029115918492,5.551115123125783e-17
toy_2,Double triangle,Coverage,6.1000000000000005,2,D,0.0084756287776085,0.04981965197194828,0.17012621409681533,5.551115123125783e-17
toy_2,Double triangle,Coverage,6.2,1,A,0.009020694619542602,0.047419399070429906,0.19023215806983487,1.3877787807814457e-17
toy_2,Double triangle,Coverage,6.2,1,B,0.015154391644946516,0.047419399070429906,0.31958211073991843,1.3877787807814457e-17
toy_2,Double triangle,Coverage,6.2,1,C,0.015154391644946516,0.047419399070429906,0.31958211073991843,1.3877787807814457e-17
toy_2,Double triangle,Coverage,6.2,1,D,0.008089921160994272,0.047419399070429906,0.17060362045032826,1.3877787807814457e-17
toy_2,Double triangle,Coverage,6.2,2,A,0.009020694619542602,0.0474193990704299,0.1902321580698349,1.3877787807814457e-17
toy_2,Double triangle,Coverage,6.2,2,B,0.015154391644946513,0.0474193990704299,0.31958211073991843,1.3877787807814457e-17
toy_2,Double triangle,Coverage,6.2,2,C,0.015154391644946513,0.0474193990704299,0.31958211073991843,1.3877787807814457e-17
toy_2,Double triangle,Coverage,6.2,2,D,0.008089921160994272,0.0474193990704299,0.17060362045032826,1.3877787807814457e-17
toy_2,Double triangle,Coverage,6.300000000000001,1,A,0.008567269395976532,0.04513473128261021,0.18981545148308843,5.551115123125783e-17
toy_2,Double triangle,Coverage,6.300000000000001,1,B,0.014423368582346425,0.04513473128261021,0.31956252252915374,5.551115123125783e-17
toy_2,Double triangle,Coverage,6.300000000000001,1,C,0.014423368582346425,0.04513473128261021,0.31956252252915374,5.551115123125783e-17
toy_2,Double triangle,Coverage,6.300000000000001,1,D,0.007720724721940828,0.04513473128261021,0.1710595034586041,5.551115123125783e-17
toy_2,Double triangle,Coverage,6.300000000000001,2,A,0.008567269395976532,0.04513473128261021,0.18981545148308843,5.551115123125783e-17
toy_2,Double triangle,Coverage,6.300000000000001,2,B,0.014423368582346427,0.04513473128261021,0.3195625225291538,5.551115123125783e-17
toy_2,Double triangle,Coverage,6.300000000000001,2,C,0.014423368582346427,0.04513473128261021,0.3195625225291538,5.551115123125783e-17
toy_2,Double triangle,Coverage,6.300000000000001,2,D,0.007720724721940828,0.04513473128261021,0.1710595034586041,5.551115123125783e-17
toy_2,Double triangle,Coverage,6.4,1,A,0.008137371453653997,0.04296008839818311,0.18941700906737768,5.551115123125783e-17
toy_2,Double triangle,Coverage,6.4,1,B,0.013727641761558792,0.04296008839818311,0.31954407622074094,5.551115123125783e-17
toy_2,Double triangle,Coverage,6.4,1,C,0.013727641761558792,0.04296008839818311,0.31954407622074094,5.551115123125783e-17
toy_2,Double triangle,Coverage,6.4,1,D,0.007367433421411531,0.04296008839818311,0.1714948384911405,5.551115123125783e-17
toy_2,Double triangle,Coverage,6.4,2,A,0.008137371453653997,0.04296008839818311,0.18941700906737768,5.551115123125783e-17
toy_2,Double triangle,Coverage,6.4,2,B,0.013727641761558794,0.04296008839818311,0.319544076220741,5.551115123125783e-17
toy_2,Double triangle,Coverage,6.4,2,C,0.013727641761558794,0.04296008839818311,0.319544076220741,5.551115123125783e-17
toy_2,Double triangle,Coverage,6.4,2,D,0.007367433421411531,0.04296008839818311,0.1714948384911405,5.551115123125783e-17
toy_2,Double triangle,Coverage,6.5,1,A,0.007729716871401668,0.04089017707476399,0.18903603320838105,1.3877787807814457e-17
toy_2,Double triangle,Coverage,6.5,1,B,0.013065503556047832,0.04089017707476399,0.3195267052074326,1.3877787807814457e-17
toy_2,Double triangle,Coverage,6.5,1,C,0.013065503556047832,0.04089017707476399,0.3195267052074326,1.3877787807814457e-17
toy_2,Double triangle,Coverage,6.5,1,D,0.00702945309126666,0.04089017707476399,0.17191055637675376,1.3877787807814457e-17
toy_2,Double triangle,Coverage,6.5,2,A,0.00772971687140167,0.040890177074764,0.18903603320838105,1.3877787807814457e-17
toy_2,Double triangle,Coverage,6.5,2,B,0.013065503556047835,0.040890177074764,0.3195267052074326,1.3877787807814457e-17
toy_2,Double triangle,Coverage,6.5,2,C,0.013065503556047835,0.040890177074764,0.3195267052074326,1.3877787807814457e-17
toy_2,Double triangle,Coverage,6.5,2,D,0.00702945309126666,0.040890177074764,0.17191055637675373,1.3877787807814457e-17
toy_2,Double triangle,Coverage,6.6000000000000005,1,A,0.007343097031079387,0.03891995809217031,0.1886717609944351,8.326672684688674e-17
toy_2,Double triangle,Coverage,6.6000000000000005,1,B,0.01243532930636814,0.03891995809217031,0.31951034677166845,8.326672684688674e-17
toy_2,Double triangle,Coverage,6.6000000000000005,1,C,0.01243532930636814,0.03891995809217031,0.31951034677166845,8.326672684688674e-17
toy_2,Double triangle,Coverage,6.6000000000000005,1,D,0.006706202448354648,0.03891995809217031,0.1723075454622281,8.326672684688674e-17
toy_2,Double triangle,Coverage,6.6000000000000005,2,A,0.007343097031079385,0.03891995809217031,0.18867176099443506,8.326672684688674e-17
toy_2,Double triangle,Coverage,6.6000000000000005,2,B,0.012435329306368141,0.03891995809217031,0.3195103467716685,8.326672684688674e-17
toy_2,Double triangle,Coverage,6.6000000000000005,2,C,0.012435329306368141,0.03891995809217031,0.3195103467716685,8.326672684688674e-17
toy_2,Double triangle,Coverage,6.6000000000000005,2,D,0.006706202448354648,0.03891995809217031,0.1723075454622281,8.326672684688674e-17
toy_2,Double triangle,Coverage,6.7,1,A,0.00697637378905504,0.03704463420889803,0.18832346271027106,1.3877787807814457e-17
toy_2,Double triangle,Coverage,6.7,1,B,0.011835573252719818,0.03704463420889803,0.3194949418579207,1.3877787807814457e-17
toy_2,Double triangle,Coverage,6.7,1,C,0.011835573252719818,0.03704463420889803,0.3194949418579207,1.3877787807814457e-17
toy_2,Double triangle,Coverage,6.7,1,D,0.006397113914403358,0.03704463420889803,0.17268665357388754,1.3877787807814457e-17
toy_2,Double triangle,Coverage,6.7,2,A,0.006976373789055041,0.03704463420889804,0.18832346271027106,1.3877787807814457e-17
toy_2,Double triangle,Coverage,6.7,2,B,0.01183557325271982,0.03704463420889804,0.3194949418579207,1.3877787807814457e-17
toy_2,Double triangle,Coverage,6.7,2,C,0.01183557325271982,0.03704463420889804,0.3194949418579207,1.3877787807814457e-17
toy_2,Double triangle,Coverage,6.7,2,D,0.006397113914403358,0.03704463420889804,0.17268665357388752,1.3877787807814457e-17
toy_2,Double triangle,Coverage,6.800000000000001,1,A,0.006628474987318432,0.03525963859302666,0.18799044039632765,5.551115123125783e-17
toy_2,Double triangle,Coverage,6.800000000000001,1,B,0.011264764670650932,0.03525963859302666,0.3194804348584213,5.551115123125783e-17
toy_2,Double triangle,Coverage,6.800000000000001,1,C,0.011264764670650932,0.03525963859302666,0.3194804348584213,5.551115123125783e-17
toy_2,Double triangle,Coverage,6.800000000000001,1,D,0.006101634264406361,0.03525963859302666,0.17304868988682967,5.551115123125783e-17
toy_2,Double triangle,Coverage,6.800000000000001,2,A,0.006628474987318432,0.03525963859302666,0.18799044039632765,5.551115123125783e-17
toy_2,Double triangle,Coverage,6.800000000000001,2,B,0.011264764670650934,0.03525963859302666,0.31948043485842137,5.551115123125783e-17
toy_2,Double triangle,Coverage,6.800000000000001,2,C,0.011264764670650934,0.03525963859302666,0.31948043485842137,5.551115123125783e-17
toy_2,Double triangle,Coverage,6.800000000000001,2,D,0.006101634264406361,0.03525963859302666,0.17304868988682967,5.551115123125783e-17
toy_2,Double triangle,Coverage,6.9,1,A,0.0062983902783543735,0.033560623800993825,0.18767202647073147,1.5265566588595902e-16
toy_2,Double triangle,Coverage,6.9,1,B,0.010721504199379929,0.033560623800993825,0.3194667734114774,1.5265566588595902e-16
toy_2,Double triangle,Coverage,6.9,1,C,0.010721504199379929,0.033560623800993825,0.3194667734114774,1.5265566588595902e-16
toy_2,Double triangle,Coverage,6.9,1,D,0.005819225123879595,0.033560623800993825,0.17339442670631383,1.5265566588595902e-16
toy_2,Double triangle,Coverage,6.9,2,A,0.006298390278354377,0.03356062380099384,0.1876720264707315,1.5265566588595902e-16
toy_2,Double triangle,Coverage,6.9,2,B,0.01072150419937993,0.03356062380099384,0.3194667734114773,1.5265566588595902e-16
toy_2,Double triangle,Coverage,6.9,2,C,0.01072150419937993,0.03356062380099384,0.3194667734114773,1.5265566588595902e-16
toy_2,Double triangle,Coverage,6.9,2,D,0.005819225123879596,0.03356062380099384,0.17339442670631378,1.5265566588595902e-16
toy_2,Double triangle,Coverage,7.0,1,A,0.005985167239985954,0.031943451278842835,0.1873675824111755,1.249000902703301e-16
toy_2,Double triangle,Coverage,7.0,1,B,0.010204460352794107,0.031943451278842835,0.31945390821162917,1.249000902703301e-16
toy_2,Double triangle,Coverage,7.0,1,C,0.010204460352794107,0.031943451278842835,0.31945390821162917,1.249000902703301e-16
toy_2,Double triangle,Coverage,7.0,1,D,0.005549363333268671,0.031943451278842835,0.17372460116556632,1.249000902703301e-16
toy_2,Double triangle,Coverage,7.0,2,A,0.005985167239985955,0.03194345127884284,0.1873675824111755,1.249000902703301e-16
toy_2,Double triangle,Coverage,7.0,2,B,0.010204460352794107,0.03194345127884284,0.31945390821162906,1.249000902703301e-16
toy_2,Double triangle,Coverage,7.0,2,C,0.010204460352794107,0.03194345127884284,0.31945390821162906,1.249000902703301e-16
toy_2,Double triangle,Coverage,7.0,2,D,0.005549363333268671,0.03194345127884284,0.1737246011655663,1.249000902703301e-16
toy_2,Double triangle,Coverage,7.1000000000000005,1,A,0.005687907758314557,0.030404181361666775,0.187076497494052,1.3877787807814457e-17
toy_2,Double triangle,Coverage,7.1000000000000005,1,B,0.009712366203728236,0.030404181361666775,0.31944179283095153,1.3877787807814457e-17
toy_2,Double triangle,Coverage,7.1000000000000005,1,C,0.009712366203728236,0.030404181361666775,0.31944179283095153,1.3877787807814457e-17
toy_2,Double triangle,Coverage,7.1000000000000005,1,D,0.005291541195895746,0.030404181361666775,0.17403991684404493,1.3877787807814457e-17
toy_2,Double triangle,Coverage,7.1000000000000005,2,A,0.005687907758314556,0.030404181361666775,0.18707649749405197,1.3877787807814457e-17
toy_2,Double triangle,Coverage,7.1000000000000005,2,B,0.009712366203728236,0.030404181361666775,0.31944179283095153,1.3877787807814457e-17
toy_2,Double triangle,Coverage,7.1000000000000005,2,C,0.009712366203728236,0.030404181361666775,0.31944179283095153,1.3877787807814457e-17
toy_2,Double triangle,Coverage,7.1000000000000005,2,D,0.005291541195895746,0.030404181361666775,0.17403991684404493,1.3877787807814457e-17
toy_2,Double triangle,Coverage,7.2,1,A,0.005405764658638352,0.028939063748048645,0.18679818758832034,2.7755575615628914e-17
toy_2,Double triangle,Coverage,7.2,1,B,0.009244016232641367,0.028939063748048645,0.31943038355083925,2.7755575615628914e-17
toy_2,Double triangle,Coverage,7.2,1,C,0.009244016232641367,0.028939063748048645,0.31943038355083925,2.7755575615628914e-17
toy_2,Double triangle,Coverage,7.2,1,D,0.005045266624127562,0.028939063748048645,0.1743410453100012,2.7755575615628914e-17
toy_2,Double triangle,Coverage,7.2,2,A,0.005405764658638353,0.02893906374804865,0.18679818758832037,2.7755575615628914e-17
toy_2,Double triangle,Coverage,7.2,2,B,0.009244016232641367,0.02893906374804865,0.31943038355083925,2.7755575615628914e-17
toy_2,Double triangle,Coverage,7.2,2,C,0.009244016232641367,0.02893906374804865,0.31943038355083925,2.7755575615628914e-17
toy_2,Double triangle,Coverage,7.2,2,D,0.005045266624127562,0.02893906374804865,0.17434104531000116,2.7755575615628914e-17
toy_2,Double triangle,Coverage,7.300000000000001,1,A,0.005137938565839464,0.027544528427330545,0.18653209400170526,1.3877787807814457e-17
toy_2,Double triangle,Coverage,7.300000000000001,1,B,0.008798263332292777,0.027544528427330545,0.3194196392036563,1.3877787807814457e-17
toy_2,Double triangle,Coverage,7.300000000000001,1,C,0.008798263332292777,0.027544528427330545,0.3194196392036563,1.3877787807814457e-17
toy_2,Double triangle,Coverage,7.300000000000001,1,D,0.004810063196905528,0.027544528427330545,0.1746286275909822,1.3877787807814457e-17
toy_2,Double triangle,Coverage,7.300000000000001,2,A,0.0051379385658394654,0.02754452842733055,0.18653209400170526,1.3877787807814457e-17
toy_2,Double triangle,Coverage,7.300000000000001,2,B,0.008798263332292779,0.02754452842733055,0.3194196392036563,1.3877787807814457e-17
toy_2,Double triangle,Coverage,7.300000000000001,2,C,0.008798263332292779,0.02754452842733055,0.3194196392036563,1.3877787807814457e-17
toy_2,Double triangle,Coverage,7.300000000000001,2,D,0.004810063196905528,0.02754452842733055,0.17462862759098216,1.3877787807814457e-17
toy_2,Double triangle,Coverage,7.4,1,A,0.004883674977204728,0.026217177038539045,0.18627768237693035,0.0
toy_2,Double triangle,Coverage,7.4,1,B,0.008374015960472497,0.026217177038539045,0.3194095210236693,0.0
toy_2,Double triangle,Coverage,7.4,1,C,0.008374015960472497,0.026217177038539045,0.3194095210236693,0.0
toy_2,Double triangle,Coverage,7.4,1,D,0.004585470140389322,0.026217177038539045,0.17490327557573102,0.0
toy_2,Double triangle,Coverage,7.4,2,A,0.004883674977204728,0.026217177038539048,0.18627768237693035,0.0
toy_2,Double triangle,Coverage,7.4,2,B,0.008374015960472499,0.026217177038539048,0.3194095210236693,0.0
toy_2,Double triangle,Coverage,7.4,2,C,0.008374015960472499,0.026217177038539048,0.3194095210236693,0.0
toy_2,Double triangle,Coverage,7.4,2,D,0.004585470140389323,0.026217177038539048,0.17490327557573102,0.0
toy_2,Double triangle,Coverage,7.5,1,A,0.004642261531996627,0.024953774640745496,0.18603444163579813,2.7755575615628914e-17
toy_2,Double triangle,Coverage,7.5,1,B,0.007970235433268387,0.024953774640745496,0.31939999250671586,2.7755575615628914e-17
toy_2,Double triangle,Coverage,7.5,1,C,0.007970235433268387,0.024953774640745496,0.31939999250671586,2.7755575615628914e-17
toy_2,Double triangle,Coverage,7.5,1,D,0.004371042242212097,0.024953774640745496,0.1751655733507703,2.7755575615628914e-17
toy_2,Double triangle,Coverage,7.5,2,A,0.004642261531996626,0.024953774640745496,0.18603444163579808,2.7755575615628914e-17
toy_2,Double triangle,Coverage,7.5,2,B,0.007970235433268387,0.024953774640745496,0.31939999250671586,2.7755575615628914e-17
toy_2,Double triangle,Coverage,7.5,2,C,0.007970235433268387,0.024953774640745496,0.31939999250671586,2.7755575615628914e-17
toy_2,Double triangle,Coverage,7.5,2,D,0.004371042242212097,0.024953774640745496,0.1751655733507703,2.7755575615628914e-17
toy_2,Double triangle,Coverage,7.6000000000000005,1,A,0.004413025463330861,0.023751241875555044,0.185801882969024,4.163336342344337e-17
toy_2,Double triangle,Coverage,7.6000000000000005,1,B,0.007585933351754063,0.023751241875555044,0.3193910192780935,4.163336342344337e-17
toy_2,Double triangle,Coverage,7.6000000000000005,1,C,0.007585933351754063,0.023751241875555044,0.3193910192780935,4.163336342344337e-17
toy_2,Double triangle,Coverage,7.6000000000000005,1,D,0.0041663497087160595,0.023751241875555044,0.17541607847478904,4.163336342344337e-17
toy_2,Double triangle,Coverage,7.6000000000000005,2,A,0.0044130254633308625,0.02375124187555505,0.18580188296902403,4.163336342344337e-17
toy_2,Double triangle,Coverage,7.6000000000000005,2,B,0.007585933351754065,0.02375124187555505,0.3193910192780935,4.163336342344337e-17
toy_2,Double triangle,Coverage,7.6000000000000005,2,C,0.007585933351754065,0.02375124187555505,0.3193910192780935,4.163336342344337e-17
toy_2,Double triangle,Coverage,7.6000000000000005,2,D,0.0041663497087160595,0.02375124187555505,0.175416078474789,4.163336342344337e-17
toy_2,Double triangle,Coverage,7.7,1,A,0.0041953312190541004,0.02260664750329405,0.18557953886982986,4.163336342344337e-17
toy_2,Double triangle,Coverage,7.7,1,B,0.007220169155360286,0.02260664750329405,0.3193825689681862,4.163336342344337e-17
toy_2,Double triangle,Coverage,7.7,1,C,0.007220169155360286,0.02260664750329405,0.3193825689681862,4.163336342344337e-17
toy_2,Double triangle,Coverage,7.7,1,D,0.003970977973519377,0.02260664750329405,0.17565532319379773,4.163336342344337e-17
toy_2,Double triangle,Coverage,7.7,2,A,0.004195331219054102,0.022606647503294053,0.18557953886982992,4.163336342344337e-17
toy_2,Double triangle,Coverage,7.7,2,B,0.0072201691553602865,0.022606647503294053,0.3193825689681862,4.163336342344337e-17
toy_2,Double triangle,Coverage,7.7,2,C,0.0072201691553602865,0.022606647503294053,0.3193825689681862,4.163336342344337e-17
toy_2,Double triangle,Coverage,7.7,2,D,0.003970977973519377,0.022606647503294053,0.1756553231937977,4.163336342344337e-17
toy_2,Double triangle,Coverage,7.800000000000001,1,A,0.0039885782393585005,0.021517201295304496,0.1853669622093879,1.3877787807814457e-17
toy_2,Double triangle,Coverage,7.800000000000001,1,B,0.006872047795548697,0.021517201295304496,0.3193746110953715,1.3877787807814457e-17
toy_2,Double triangle,Coverage,7.800000000000001,1,C,0.006872047795548697,0.021517201295304496,0.3193746110953715,1.3877787807814457e-17
toy_2,Double triangle,Coverage,7.800000000000001,1,D,0.003784527464848601,0.021517201295304496,0.17588381559986913,1.3877787807814457e-17
toy_2,Double triangle,Coverage,7.800000000000001,2,A,0.003988578239358501,0.021517201295304496,0.18536696220938792,1.3877787807814457e-17
toy_2,Double triangle,Coverage,7.800000000000001,2,B,0.006872047795548697,0.021517201295304496,0.3193746110953715,1.3877787807814457e-17
toy_2,Double triangle,Coverage,7.800000000000001,2,C,0.006872047795548697,0.021517201295304496,0.3193746110953715,1.3877787807814457e-17
toy_2,Double triangle,Coverage,7.800000000000001,2,D,0.003784527464848601,0.021517201295304496,0.17588381559986913,1.3877787807814457e-17
toy_2,Double triangle,Coverage,7.9,1,A,0.0037921988798272016,0.020480247265559765,0.18516372535229514,6.938893903907228e-17
toy_2,Double triangle,Coverage,7.9,1,B,0.006540717523743344,0.020480247265559765,0.31936711695578124,6.938893903907228e-17
toy_2,Double triangle,Coverage,7.9,1,C,0.006540717523743344,0.020480247265559765,0.31936711695578124,6.938893903907228e-17
toy_2,Double triangle,Coverage,7.9,1,D,0.0036066133382458747,0.020480247265559765,0.17610204073614238,6.938893903907228e-17
toy_2,Double triangle,Coverage,7.9,2,A,0.0037921988798272025,0.020480247265559765,0.18516372535229517,6.938893903907228e-17
toy_2,Double triangle,Coverage,7.9,2,B,0.006540717523743345,0.020480247265559765,0.3193671169557813,6.938893903907228e-17
toy_2,Double triangle,Coverage,7.9,2,C,0.006540717523743345,0.020480247265559765,0.3193671169557813,6.938893903907228e-17
toy_2,Double triangle,Coverage,7.9,2,D,0.0036066133382458747,0.020480247265559765,0.17610204073614238,6.938893903907228e-17
toy_2,Double triangle,Coverage,8.0,1,A,0.003605656469483372,0.019493257225584336,0.18496941931033734,8.326672684688674e-17
toy_2,Double triangle,Coverage,8.0,1,B,0.00622536778779179,0.019493257225584336,0.31936005951951296,8.326672684688674e-17
toy_2,Double triangle,Coverage,8.0,1,C,0.00622536778779179,0.019493257225584336,0.31936005951951296,8.326672684688674e-17
toy_2,Double triangle,Coverage,8.0,1,D,0.003436865180517383,0.019493257225584336,0.17631046165063666,8.326672684688674e-17
toy_2,Double triangle,Coverage,8.0,2,A,0.003605656469483373,0.019493257225584336,0.18496941931033736,8.326672684688674e-17
toy_2,Double triangle,Coverage,8.0,2,B,0.006225367787791791,0.019493257225584336,0.319360059519513,8.326672684688674e-17
toy_2,Double triangle,Coverage,8.0,2,C,0.006225367787791791,0.019493257225584336,0.319360059519513,8.326672684688674e-17
toy_2,Double triangle,Coverage,8.0,2,D,0.0034368651805173835,0.019493257225584336,0.17631046165063669,8.326672684688674e-17
toy_2,Double triangle,Coverage,8.1,1,A,0.0034284434942223555,0.018553824647398232,0.18478365293288032,0.0
toy_2,Double triangle,Coverage,8.1,1,B,0.005925227231526942,0.018553824647398232,0.31935341333291223,0.0
toy_2,Double triangle,Coverage,8.1,1,C,0.005925227231526942,0.018553824647398232,0.31935341333291223,0.0
toy_2,Double triangle,Coverage,8.1,1,D,0.0032749266901219935,0.018553824647398232,0.17650952040129528,0.0
toy_2,Double triangle,Coverage,8.1,2,A,0.0034284434942223555,0.018553824647398232,0.18478365293288032,0.0
toy_2,Double triangle,Coverage,8.1,2,B,0.005925227231526942,0.018553824647398232,0.31935341333291223,0.0
toy_2,Double triangle,Coverage,8.1,2,C,0.005925227231526942,0.018553824647398232,0.31935341333291223,0.0
toy_2,Double triangle,Coverage,8.1,2,D,0.0032749266901219935,0.018553824647398232,0.17650952040129528,0.0
toy_2,Double triangle,Coverage,8.200000000000001,1,A,0.003260079896747159,0.017659658819911418,0.18460605213229775,2.7755575615628914e-17
toy_2,Double triangle,Coverage,8.200000000000001,1,B,0.005639561792282789,0.017659658819911418,0.3193471544265699,2.7755575615628914e-17
toy_2,Double triangle,Coverage,8.200000000000001,1,C,0.005639561792282789,0.017659658819911418,0.3193471544265699,2.7755575615628914e-17
toy_2,Double triangle,Coverage,8.200000000000001,1,D,0.0031204553385986798,0.017659658819911418,0.17669963901456234,2.7755575615628914e-17
toy_2,Double triangle,Coverage,8.200000000000001,2,A,0.00326007989674716,0.017659658819911418,0.1846060521322978,2.7755575615628914e-17
toy_2,Double triangle,Coverage,8.200000000000001,2,B,0.005639561792282789,0.017659658819911418,0.3193471544265699,2.7755575615628914e-17
toy_2,Double triangle,Coverage,8.200000000000001,2,C,0.005639561792282789,0.017659658819911418,0.3193471544265699,2.7755575615628914e-17
toy_2,Double triangle,Coverage,8.200000000000001,2,D,0.0031204553385986798,0.017659658819911418,0.17669963901456234,2.7755575615628914e-17
toy_2,Double triangle,Coverage,8.3,1,A,0.0031001114848081806,0.016808579284867845,0.18443625914291867,8.326672684688674e-17
toy_2,Double triangle,Coverage,8.3,1,B,0.005367672891483715,0.016808579284867845,0.3193412602286998,8.326672684688674e-17
toy_2,Double triangle,Coverage,8.3,1,C,0.005367672891483715,0.016808579284867845,0.3193412602286998,8.326672684688674e-17
toy_2,Double triangle,Coverage,8.3,1,D,0.002973122017092233,0.016808579284867845,0.17688122039968165,8.326672684688674e-17
toy_2,Double triangle,Coverage,8.3,2,A,0.0031001114848081815,0.016808579284867845,0.18443625914291872,8.326672684688674e-17
toy_2,Double triangle,Coverage,8.3,2,B,0.005367672891483716,0.016808579284867845,0.31934126022869985,8.326672684688674e-17
toy_2,Double triangle,Coverage,8.3,2,C,0.005367672891483716,0.016808579284867845,0.31934126022869985,8.326672684688674e-17
toy_2,Double triangle,Coverage,8.3,2,D,0.002973122017092233,0.016808579284867845,0.17688122039968165,8.326672684688674e-17
toy_2,Double triangle,Coverage,8.4,1,A,0.002948108440173237,0.015998510539083237,0.18427393181204058,0.0
toy_2,Double triangle,Coverage,8.4,1,B,0.0051088957136786566,0.015998510539083237,0.3193357094835787,0.0
toy_2,Double triangle,Coverage,8.4,1,C,0.0051088957136786566,0.015998510539083237,0.3193357094835787,0.0
toy_2,Double triangle,Coverage,8.4,1,D,0.0028326106715526873,0.015998510539083237,0.17705464922080205,0.0
toy_2,Double triangle,Coverage,8.4,2,A,0.002948108440173237,0.015998510539083237,0.18427393181204058,0.0
toy_2,Double triangle,Coverage,8.4,2,B,0.0051088957136786566,0.015998510539083237,0.3193357094835787,0.0
toy_2,Double triangle,Coverage,8.4,2,C,0.0051088957136786566,0.015998510539083237,0.3193357094835787,0.0
toy_2,Double triangle,Coverage,8.4,2,D,0.0028326106715526873,0.015998510539083237,0.17705464922080205,0.0
toy_2,Double triangle,Coverage,8.5,1,A,0.002803663921328905,0.01522747699033776,0.18411874292162153,0.0
toy_2,Double triangle,Coverage,8.5,1,B,0.004862597569629534,0.01522747699033776,0.31933048217475435,0.0
toy_2,Double triangle,Coverage,8.5,1,C,0.004862597569629534,0.01522747699033776,0.31933048217475435,0.0
toy_2,Double triangle,Coverage,8.5,1,D,0.002698617929749787,0.01522747699033776,0.1772202927288698,0.0
toy_2,Double triangle,Coverage,8.5,2,A,0.002803663921328905,0.01522747699033776,0.18411874292162153,0.0
toy_2,Double triangle,Coverage,8.5,2,B,0.004862597569629534,0.01522747699033776,0.31933048217475435,0.0
toy_2,Double triangle,Coverage,8.5,2,C,0.004862597569629534,0.01522747699033776,0.31933048217475435,0.0
toy_2,Double triangle,Coverage,8.5,2,D,0.002698617929749787,0.01522747699033776,0.1772202927288698,0.0
toy_2,Double triangle,Coverage,8.6,1,A,0.0026663927534423693,0.014493598154872757,0.18397037953932277,2.7755575615628914e-17
toy_2,Double triangle,Coverage,8.6,1,B,0.004628176339287954,0.014493598154872757,0.3193255594527407,2.7755575615628914e-17
toy_2,Double triangle,Coverage,8.6,1,C,0.004628176339287954,0.014493598154872757,0.3193255594527407,2.7755575615628914e-17
toy_2,Double triangle,Coverage,8.6,1,D,0.0025708527228544805,0.014493598154872757,0.1773785015551958,2.7755575615628914e-17
toy_2,Double triangle,Coverage,8.6,2,A,0.00266639275344237,0.01449359815487276,0.1839703795393228,2.7755575615628914e-17
toy_2,Double triangle,Coverage,8.6,2,B,0.004628176339287955,0.01449359815487276,0.3193255594527407,2.7755575615628914e-17
toy_2,Double triangle,Coverage,8.6,2,C,0.004628176339287955,0.01449359815487276,0.3193255594527407,2.7755575615628914e-17
toy_2,Double triangle,Coverage,8.6,2,D,0.0025708527228544805,0.01449359815487276,0.17737850155519577,2.7755575615628914e-17
toy_2,Double triangle,Coverage,8.700000000000001,1,A,0.0025359301995990444,0.013795084085003835,0.18382854239763335,1.3877787807814457e-17
toy_2,Double triangle,Coverage,8.700000000000001,1,B,0.004405058990706983,0.013795084085003835,0.31932092356693736,1.3877787807814457e-17
toy_2,Double triangle,Coverage,8.700000000000001,1,C,0.004405058990706983,0.013795084085003835,0.31932092356693736,1.3877787807814457e-17
toy_2,Double triangle,Coverage,8.700000000000001,1,D,0.0024490359039908236,0.013795084085003835,0.17752961046849197,1.3877787807814457e-17
toy_2,Double triangle,Coverage,8.700000000000001,2,A,0.002535930199599045,0.013795084085003835,0.18382854239763338,1.3877787807814457e-17
toy_2,Double triangle,Coverage,8.700000000000001,2,B,0.004405058990706983,0.013795084085003835,0.31932092356693736,1.3877787807814457e-17
toy_2,Double triangle,Coverage,8.700000000000001,2,C,0.004405058990706983,0.013795084085003835,0.31932092356693736,1.3877787807814457e-17
toy_2,Double triangle,Coverage,8.700000000000001,2,D,0.0024490359039908236,0.013795084085003835,0.17752961046849197,1.3877787807814457e-17
toy_2,Double triangle,Coverage,8.8,1,A,0.002411930807778286,0.013130231015900017,0.183692945299863,2.7755575615628914e-17
toy_2,Double triangle,Coverage,8.8,1,B,0.004192700171136026,0.013130231015900017,0.3193165578015259,2.7755575615628914e-17
toy_2,Double triangle,Coverage,8.8,1,C,0.004192700171136026,0.013130231015900017,0.3193165578015259,2.7755575615628914e-17
toy_2,Double triangle,Coverage,8.8,1,D,0.002332899865849677,0.013130231015900017,0.17767393909708507,2.7755575615628914e-17
toy_2,Double triangle,Coverage,8.8,2,A,0.002411930807778287,0.013130231015900017,0.18369294529986305,2.7755575615628914e-17
toy_2,Double triangle,Coverage,8.8,2,B,0.004192700171136026,0.013130231015900017,0.3193165578015259,2.7755575615628914e-17
toy_2,Double triangle,Coverage,8.8,2,C,0.004192700171136026,0.013130231015900017,0.3193165578015259,2.7755575615628914e-17
toy_2,Double triangle,Coverage,8.8,2,D,0.002332899865849677,0.013130231015900017,0.17767393909708507,2.7755575615628914e-17
toy_2,Double triangle,Coverage,8.9,1,A,0.002294067328440799,0.012497417221091389,0.18356331455184147,1.249000902703301e-16
toy_2,Double triangle,Coverage,8.9,1,B,0.0039905808667370325,0.012497417221091389,0.31931244641511125,1.249000902703301e-16
toy_2,Double triangle,Coverage,8.9,1,C,0.0039905808667370325,0.012497417221091389,0.31931244641511125,1.249000902703301e-16
toy_2,Double triangle,Coverage,8.9,1,D,0.002222188159176525,0.012497417221091389,0.1778117926179361,1.249000902703301e-16
toy_2,Double triangle,Coverage,8.9,2,A,0.0022940673284407996,0.012497417221091392,0.18356331455184147,1.249000902703301e-16
toy_2,Double triangle,Coverage,8.9,2,B,0.0039905808667370325,0.012497417221091392,0.31931244641511114,1.249000902703301e-16
toy_2,Double triangle,Coverage,8.9,2,C,0.0039905808667370325,0.012497417221091392,0.31931244641511114,1.249000902703301e-16
toy_2,Double triangle,Coverage,8.9,2,D,0.002222188159176525,0.012497417221091392,0.17781179261793606,1.249000902703301e-16
toy_2,Double triangle,Coverage,9.0,1,A,0.0021820296979802633,0.011895099066758483,0.18343938841821558,1.1102230246251565e-16
toy_2,Double triangle,Coverage,9.0,1,B,0.003798207127540765,0.011895099066758483,0.31930857458388606,1.1102230246251565e-16
toy_2,Double triangle,Coverage,9.0,1,C,0.003798207127540765,0.011895099066758483,0.31930857458388606,1.1102230246251565e-16
toy_2,Double triangle,Coverage,9.0,1,D,0.0021166551136966886,0.011895099066758483,0.1779434624140121,1.1102230246251565e-16
toy_2,Double triangle,Coverage,9.0,2,A,0.0021820296979802633,0.01189509906675848,0.18343938841821564,1.1102230246251565e-16
toy_2,Double triangle,Coverage,9.0,2,B,0.0037982071275407645,0.01189509906675848,0.3193085745838861,1.1102230246251565e-16
toy_2,Double triangle,Coverage,9.0,2,C,0.0037982071275407645,0.01189509906675848,0.3193085745838861,1.1102230246251565e-16
toy_2,Double triangle,Coverage,9.0,2,D,0.0021166551136966886,0.01189509906675848,0.17794346241401215,1.1102230246251565e-16
toy_2,Double triangle,Coverage,9.1,1,A,0.00207552408364023,0.011321807255323339,0.18332091660228103,6.938893903907228e-17
toy_2,Double triangle,Coverage,9.1,1,B,0.0036151088544321983,0.011321807255323339,0.31930492834811597,6.938893903907228e-17
toy_2,Double triangle,Coverage,9.1,1,C,0.0036151088544321983,0.011321807255323339,0.31930492834811597,6.938893903907228e-17
toy_2,Double triangle,Coverage,9.1,1,D,0.002016065462818712,0.011321807255323339,0.178069226701487,6.938893903907228e-17
toy_2,Double triangle,Coverage,9.1,2,A,0.00207552408364023,0.011321807255323339,0.18332091660228103,6.938893903907228e-17
toy_2,Double triangle,Coverage,9.1,2,B,0.0036151088544321987,0.011321807255323339,0.319304928348116,6.938893903907228e-17
toy_2,Double triangle,Coverage,9.1,2,C,0.0036151088544321987,0.011321807255323339,0.319304928348116,6.938893903907228e-17
toy_2,Double triangle,Coverage,9.1,2,D,0.0020160654628187122,0.011321807255323339,0.17806922670148703,6.938893903907228e-17
toy_2,Double triangle,Coverage,9.200000000000001,1,A,0.0019742719858187757,0.010776143249309455,0.1832076597483324,4.163336342344337e-17
toy_2,Double triangle,Coverage,9.200000000000001,1,B,0.0034408386451159913,0.010776143249309455,0.31930149456174717,4.163336342344337e-17
toy_2,Double triangle,Coverage,9.200000000000001,1,C,0.0034408386451159913,0.010776143249309455,0.31930149456174717,4.163336342344337e-17
toy_2,Double triangle,Coverage,9.200000000000001,1,D,0.0019201939732586962,0.010776143249309455,0.17818935112817325,4.163336342344337e-17
toy_2,Double triangle,Coverage,9.200000000000001,2,A,0.0019742719858187752,0.010776143249309455,0.18320765974833234,4.163336342344337e-17
toy_2,Double triangle,Coverage,9.200000000000001,2,B,0.0034408386451159918,0.010776143249309455,0.31930149456174717,4.163336342344337e-17
toy_2,Double triangle,Coverage,9.200000000000001,2,C,0.0034408386451159918,0.010776143249309455,0.31930149456174717,4.163336342344337e-17
toy_2,Double triangle,Coverage,9.200000000000001,2,D,0.0019201939732586965,0.010776143249309455,0.17818935112817327,4.163336342344337e-17
toy_2,Double triangle,Coverage,9.3,1,A,0.0018780093939793695,0.010256775866863205,0.1830993889655614,5.551115123125783e-17
toy_2,Double triangle,Coverage,9.3,1,B,0.0032749706961659472,0.010256775866863205,0.31929826084495694,5.551115123125783e-17
toy_2,Double triangle,Coverage,9.3,1,C,0.0032749706961659472,0.010256775866863205,0.31929826084495694,5.551115123125783e-17
toy_2,Double triangle,Coverage,9.3,1,D,0.0018288250805519428,0.010256775866863205,0.1783040893445248,5.551115123125783e-17
toy_2,Double triangle,Coverage,9.3,2,A,0.0018780093939793695,0.010256775866863209,0.18309938896556135,5.551115123125783e-17
toy_2,Double triangle,Coverage,9.3,2,B,0.003274970696165948,0.010256775866863209,0.31929826084495694,5.551115123125783e-17
toy_2,Double triangle,Coverage,9.3,2,C,0.003274970696165948,0.010256775866863209,0.31929826084495694,5.551115123125783e-17
toy_2,Double triangle,Coverage,9.3,2,D,0.0018288250805519428,0.010256775866863209,0.17830408934452474,5.551115123125783e-17
toy_2,Double triangle,Coverage,9.4,1,A,0.0017864859926593319,0.00976243804073585,0.18299588537257178,2.7755575615628914e-17
toy_2,Double triangle,Coverage,9.4,1,B,0.0031170997584075055,0.00976243804073585,0.31929521553947315,2.7755575615628914e-17
toy_2,Double triangle,Coverage,9.4,1,C,0.0031170997584075055,0.00976243804073585,0.31929521553947315,2.7755575615628914e-17
toy_2,Double triangle,Coverage,9.4,1,D,0.001741752531261508,0.00976243804073585,0.17841368354848192,2.7755575615628914e-17
toy_2,Double triangle,Coverage,9.4,2,A,0.001786485992659332,0.00976243804073585,0.1829958853725718,2.7755575615628914e-17
toy_2,Double triangle,Coverage,9.4,2,B,0.0031170997584075055,0.00976243804073585,0.31929521553947315,2.7755575615628914e-17
toy_2,Double triangle,Coverage,9.4,2,C,0.0031170997584075055,0.00976243804073585,0.31929521553947315,2.7755575615628914e-17
toy_2,Double triangle,Coverage,9.4,2,D,0.0017417525312615081,0.00976243804073585,0.17841368354848194,2.7755575615628914e-17
toy_2,Double triangle,Coverage,9.5,1,A,0.0016994644143190345,0.009291923732913265,0.18289693966162238,1.3877787807814457e-17
toy_2,Double triangle,Coverage,9.5,1,B,0.0029668401430199593,0.009291923732913265,0.31929234766650155,1.3877787807814457e-17
toy_2,Double triangle,Coverage,9.5,1,C,0.0029668401430199593,0.009291923732913265,0.31929234766650155,1.3877787807814457e-17
toy_2,Double triangle,Coverage,9.5,1,D,0.001658779032554313,0.009291923732913265,0.17851836500537457,1.3877787807814457e-17
toy_2,Double triangle,Coverage,9.5,2,A,0.0016994644143190343,0.009291923732913265,0.18289693966162235,1.3877787807814457e-17
toy_2,Double triangle,Coverage,9.5,2,B,0.0029668401430199593,0.009291923732913265,0.31929234766650155,1.3877787807814457e-17
toy_2,Double triangle,Coverage,9.5,2,C,0.0029668401430199593,0.009291923732913265,0.31929234766650155,1.3877787807814457e-17
toy_2,Double triangle,Coverage,9.5,2,D,0.001658779032554313,0.009291923732913265,0.17851836500537457,1.3877787807814457e-17
toy_2,Double triangle,Coverage,9.600000000000001,1,A,0.0016167195360070855,0.008844084997449854,0.1828023516817464,1.3877787807814457e-17
toy_2,Double triangle,Coverage,9.600000000000001,1,B,0.002823824775875336,0.008844084997449854,0.3192896468871083,1.3877787807814457e-17
toy_2,Double triangle,Coverage,9.600000000000001,1,C,0.002823824775875336,0.008844084997449854,0.3192896468871083,1.3877787807814457e-17
toy_2,Double triangle,Coverage,9.600000000000001,1,D,0.0015797159096920949,0.008844084997449854,0.1786183545440368,1.3877787807814457e-17
toy_2,Double triangle,Coverage,9.600000000000001,2,A,0.0016167195360070857,0.008844084997449854,0.18280235168174644,1.3877787807814457e-17
toy_2,Double triangle,Coverage,9.600000000000001,2,B,0.002823824775875336,0.008844084997449854,0.3192896468871083,1.3877787807814457e-17
toy_2,Double triangle,Coverage,9.600000000000001,2,C,0.002823824775875336,0.008844084997449854,0.3192896468871083,1.3877787807814457e-17
toy_2,Double triangle,Coverage,9.600000000000001,2,D,0.0015797159096920949,0.008844084997449854,0.1786183545440368,1.3877787807814457e-17
toy_2,Double triangle,Coverage,9.700000000000001,1,A,0.001538037817031147,0.008417829184416087,0.18271193003993405,1.3877787807814457e-17
toy_2,Double triangle,Coverage,9.700000000000001,1,B,0.0026877042977546343,0.008417829184416087,0.3192871034649143,1.3877787807814457e-17
toy_2,Double triangle,Coverage,9.700000000000001,1,C,0.0026877042977546343,0.008417829184416087,0.3192871034649143,1.3877787807814457e-17
toy_2,Double triangle,Coverage,9.700000000000001,1,D,0.0015043827718756707,0.008417829184416087,0.1787138630302373,1.3877787807814457e-17
toy_2,Double triangle,Coverage,9.700000000000001,2,A,0.0015380378170311469,0.008417829184416087,0.18271193003993402,1.3877787807814457e-17
toy_2,Double triangle,Coverage,9.700000000000001,2,B,0.0026877042977546343,0.008417829184416087,0.3192871034649143,1.3877787807814457e-17
toy_2,Double triangle,Coverage,9.700000000000001,2,C,0.0026877042977546343,0.008417829184416087,0.3192871034649143,1.3877787807814457e-17
toy_2,Double triangle,Coverage,9.700000000000001,2,D,0.0015043827718756709,0.008417829184416087,0.1787138630302373,1.3877787807814457e-17
toy_2,Double triangle,Coverage,9.8,1,A,0.0014632166750218104,0.008012116278205191,0.182625491719597,1.3877787807814457e-17
toy_2,Double triangle,Coverage,9.8,1,B,0.0025581462081993135,0.008012116278205191,0.3192847082309655,1.3877787807814457e-17
toy_2,Double triangle,Coverage,9.8,1,C,0.0025581462081993135,0.008012116278205191,0.3192847082309655,1.3877787807814457e-17
toy_2,Double triangle,Coverage,9.8,1,D,0.0014326071867847533,0.008012116278205191,0.17880509181847198,1.3877787807814457e-17
toy_2,Double triangle,Coverage,9.8,2,A,0.0014632166750218106,0.008012116278205191,0.18262549171959702,1.3877787807814457e-17
toy_2,Double triangle,Coverage,9.8,2,B,0.0025581462081993135,0.008012116278205191,0.3192847082309655,1.3877787807814457e-17
toy_2,Double triangle,Coverage,9.8,2,C,0.0025581462081993135,0.008012116278205191,0.3192847082309655,1.3877787807814457e-17
toy_2,Double triangle,Coverage,9.8,2,D,0.0014326071867847533,0.008012116278205191,0.17880509181847198,1.3877787807814457e-17
toy_2,Double triangle,Coverage,9.9,1,A,0.0013920638979598248,0.007625956363765465,0.18254286171557188,0.0
toy_2,Double triangle,Coverage,9.9,1,B,0.002434834050867301,0.007625956363765465,0.31928245255065346,0.0
toy_2,Double triangle,Coverage,9.9,1,C,0.002434834050867301,0.007625956363765465,0.31928245255065346,0.0
toy_2,Double triangle,Coverage,9.9,1,D,0.0013642243640710383,0.007625956363765465,0.17889223318312117,0.0
toy_2,Double triangle,Coverage,9.9,2,A,0.0013920638979598248,0.007625956363765465,0.18254286171557188,0.0
toy_2,Double triangle,Coverage,9.9,2,B,0.002434834050867301,0.007625956363765465,0.31928245255065346,0.0
toy_2,Double triangle,Coverage,9.9,2,C,0.002434834050867301,0.007625956363765465,0.31928245255065346,0.0
toy_2,Double triangle,Coverage,9.9,2,D,0.0013642243640710383,0.007625956363765465,0.17889223318312117,0.0
toy_2,Double triangle,Coverage,10.0,1,A,0.0013243970899057766,0.007258407214630148,0.18246387268494704,2.7755575615628914e-17
toy_2,Double triangle,Coverage,10.0,1,B,0.0023174666383682396,0.007258407214630148,0.3192803282925655,2.7755575615628914e-17
toy_2,Double triangle,Coverage,10.0,1,C,0.0023174666383682396,0.007258407214630148,0.3192803282925655,2.7755575615628914e-17
toy_2,Double triangle,Coverage,10.0,1,D,0.0012990768479878931,0.007258407214630148,0.17897547072992204,2.7755575615628914e-17
toy_2,Double triangle,Coverage,10.0,2,A,0.0013243970899057761,0.0072584072146301476,0.18246387268494701,2.7755575615628914e-17
toy_2,Double triangle,Coverage,10.0,2,B,0.002317466638368239,0.0072584072146301476,0.3192803282925655,2.7755575615628914e-17
toy_2,Double triangle,Coverage,10.0,2,C,0.002317466638368239,0.0072584072146301476,0.3192803282925655,2.7755575615628914e-17
toy_2,Double triangle,Coverage,10.0,2,D,0.0012990768479878931,0.0072584072146301476,0.17897547072992206,2.7755575615628914e-17
toy_2,Double triangle,Constant bias,0.0,1,A,0.3333333333333333,1.0,0.3333333333333333,0.0
toy_2,Double triangle,Constant bias,0.0,1,B,0.3333333333333333,1.0,0.3333333333333333,0.0
toy_2,Double triangle,Constant bias,0.0,1,C,0.3333333333333333,1.0,0.3333333333333333,0.0
toy_2,Double triangle,Constant bias,0.0,1,D,0.0,1.0,0.0,0.0
toy_2,Double triangle,Constant bias,0.0,2,A,0.3333333333333333,1.0,0.3333333333333333,0.0
toy_2,Double triangle,Constant bias,0.0,2,B,0.3333333333333333,1.0,0.3333333333333333,0.0
toy_2,Double triangle,Constant bias,0.0,2,C,0.3333333333333333,1.0,0.3333333333333333,0.0
toy_2,Double triangle,Constant bias,0.0,2,D,0.0,1.0,0.0,0.0
toy_2,Double triangle,Constant bias,0.1,1,A,0.3135757631847432,0.9589258011399211,0.3270073271696106,0.0009980812989976414
toy_2,Double triangle,Constant bias,0.1,1,B,0.3186514712323537,0.9589258011399211,0.33230044582548246,0.0009980812989976414
toy_2,Double triangle,Constant bias,0.1,1,C,0.3186514712323537,0.9589258011399211,0.33230044582548246,0.0009980812989976414
toy_2,Double triangle,Constant bias,0.1,1,D,0.008047095490470398,0.9589258011399211,0.008391781179424341,0.0009980812989976414
toy_2,Double triangle,Constant bias,0.1,2,A,0.31063725346156523,0.9500403063129964,0.3269727098917674,0.0009980812989976414
toy_2,Double triangle,Constant bias,0.1,2,B,0.31617292607149916,0.9500403063129964,0.3327994864749813,0.0009980812989976414
toy_2,Double triangle,Constant bias,0.1,2,C,0.31617292607149916,0.9500403063129964,0.3327994864749813,0.0009980812989976414
toy_2,Double triangle,Constant bias,0.1,2,D,0.007057200708432885,0.9500403063129964,0.007428317158269965,0.0009980812989976414
toy_2,Double triangle,Constant bias,0.2,1,A,0.2949990436247776,0.9190634491668204,0.3209778866651805,0.0018453473825448498
toy_2,Double triangle,Constant bias,0.2,1,B,0.3045372441823389,0.9190634491668204,0.331356060844785,0.0018453473825448498
toy_2,Double triangle,Constant bias,0.2,1,C,0.3045372441823389,0.9190634491668204,0.331356060844785,0.0018453473825448498
toy_2,Double triangle,Constant bias,0.2,1,D,0.014989917177365059,0.9190634491668204,0.016309991645249534,0.0018453473825448498
toy_2,Double triangle,Constant bias,0.2,2,A,0.2896678509488987,0.9028126650211603,0.320850451230776,0.0018453473825448498
toy_2,Double triangle,Constant bias,0.2,2,B,0.29998544985635667,0.9028126650211603,0.33227873453605744,0.0018453473825448498
toy_2,Double triangle,Constant bias,0.2,2,C,0.29998544985635667,0.9028126650211603,0.33227873453605744,0.0018453473825448498
toy_2,Double triangle,Constant bias,0.2,2,D,0.013173914359548306,0.9028126650211603,0.014592079697109182,0.0018453473825448498
toy_2,Double triangle,Constant bias,0.30000000000000004,1,A,0.2775378462098202,0.880443088133068,0.3152251973473086,0.0025602121049643264
toy_2,Double triangle,Constant bias,0.30000000000000004,1,B,0.2909790969936339,0.880443088133068,0.3304916591606612,0.0025602121049643264
toy_2,Double triangle,Constant bias,0.30000000000000004,1,C,0.2909790969936339,0.880443088133068,0.3304916591606612,0.0025602121049643264
toy_2,Double triangle,Constant bias,0.30000000000000004,1,D,0.020947047935980137,0.880443088133068,0.023791484331369128,0.0025602121049643264
toy_2,Double triangle,Constant bias,0.30000000000000004,2,A,0.2702806306068145,0.8581394816329692,0.31496118800231937,0.0025602121049643264
toy_2,Double triangle,Constant bias,0.30000000000000004,2,B,0.28470645062046196,0.8581394816329692,0.33177176521314333,0.0025602121049643264
toy_2,Double triangle,Constant bias,0.30000000000000004,2,C,0.28470645062046196,0.8581394816329692,0.33177176521314333,0.0025602121049643264
toy_2,Double triangle,Constant bias,0.30000000000000004,2,D,0.018445949785230724,0.8581394816329692,0.021495281571393954,0.0025602121049643264
toy_2,Double triangle,Constant bias,0.4,1,A,0.2611293493106119,0.8430828868575952,0.30973152626061917,0.0031588716957302657
toy_2,Double triangle,Constant bias,0.4,1,B,0.2779641559401284,0.8430828868575952,0.3296996775443732,0.0031588716957302657
toy_2,Double triangle,Constant bias,0.4,1,C,0.2779641559401284,0.8430828868575952,0.3296996775443732,0.0031588716957302657
toy_2,Double triangle,Constant bias,0.4,1,D,0.02602522566672659,0.8430828868575952,0.030869118650634523,0.0031588716957302657
toy_2,Double triangle,Constant bias,0.4,2,A,0.2523441223995983,0.815857745129019,0.3092991687658647,0.0031588716957302657
toy_2,Double triangle,Constant bias,0.4,2,B,0.27027663046053213,0.815857745129019,0.3312791133922383,0.0031588716957302657
toy_2,Double triangle,Constant bias,0.4,2,C,0.27027663046053213,0.815857745129019,0.3312791133922383,0.0031588716957302657
toy_2,Double triangle,Constant bias,0.4,2,D,0.022960361808356446,0.815857745129019,0.028142604449658704,0.0031588716957302657
toy_2,Double triangle,Constant bias,0.5,1,A,0.2457133357320631,0.8069908821548138,0.30448093177454916,0.003655591845391489
toy_2,Double triangle,Constant bias,0.5,1,B,0.26547851931275346,0.8069908821548138,0.3289733814635886,0.003655591845391489
toy_2,Double triangle,Constant bias,0.5,1,C,0.26547851931275346,0.8069908821548138,0.3289733814635886,0.003655591845391489
toy_2,Double triangle,Constant bias,0.5,1,D,0.030320507797243785,0.8069908821548138,0.03757230529827358,0.003655591845391489
toy_2,Double triangle,Constant bias,0.5,2,A,0.2357386388204175,0.7758175583244594,0.30385834438903975,0.003655591845391489
toy_2,Double triangle,Constant bias,0.5,2,B,0.2566413617306835,0.7758175583244594,0.3308011773862844,0.003655591845391489
toy_2,Double triangle,Constant bias,0.5,2,C,0.2566413617306835,0.7758175583244594,0.3308011773862844,0.003655591845391489
toy_2,Double triangle,Constant bias,0.5,2,D,0.026796196042674896,0.7758175583244594,0.03453930083839156,0.003655591845391489
toy_2,Double triangle,Constant bias,0.6000000000000001,1,A,0.2312322474457203,0.7721665800985444,0.2994590201199983,0.0040629527814000505
toy_2,Double triangle,Constant bias,0.6000000000000001,1,B,0.2535075063022732,0.7721665800985444,0.32830675768163964,0.0040629527814000505
toy_2,Double triangle,Constant bias,0.6000000000000001,1,C,0.2535075063022732,0.7721665800985444,0.32830675768163964,0.0040629527814000505
toy_2,Double triangle,Constant bias,0.6000000000000001,1,D,0.03391932004827769,0.7721665800985444,0.04392746451672239,0.0040629527814000505
toy_2,Double triangle,Constant bias,0.6000000000000001,2,A,0.22035515623323948,0.7378808352733085,0.29863244266483857,0.0040629527814000505
toy_2,Double triangle,Constant bias,0.6000000000000001,2,B,0.24375025208000767,0.7378808352733085,0.33033823407233964,0.0040629527814000505
toy_2,Double triangle,Constant bias,0.6000000000000001,2,C,0.24375025208000767,0.7378808352733085,0.33033823407233964,0.0040629527814000505
toy_2,Double triangle,Constant bias,0.6000000000000001,2,D,0.030025174880053584,0.7378808352733085,0.04069108919048204,0.0040629527814000505
toy_2,Double triangle,Constant bias,0.7000000000000001,1,A,0.21763120508553147,0.7386023455449815,0.29465274027115523,0.004392059436193356
toy_2,Double triangle,Constant bias,0.7000000000000001,1,B,0.24203586959837786,0.7386023455449815,0.3276944232011482,0.004392059436193356
toy_2,Double triangle,Constant bias,0.7000000000000001,1,C,0.24203586959837786,0.7386023455449815,0.3276944232011482,0.004392059436193356
toy_2,Double triangle,Constant bias,0.7000000000000001,1,D,0.03689940126269436,0.7386023455449815,0.04995841332654846,0.004392059436193356
toy_2,Double triangle,Constant bias,0.7000000000000001,2,A,0.20609430734887688,0.7019201456879218,0.2936150338681228,0.004392059436193356
toy_2,Double triangle,Constant bias,0.7000000000000001,2,B,0.23155675477413085,0.7019201456879218,0.32989045291924485,0.004392059436193356
toy_2,Double triangle,Constant bias,0.7000000000000001,2,C,0.23155675477413085,0.7019201456879218,0.32989045291924485,0.004392059436193356
toy_2,Double triangle,Constant bias,0.7000000000000001,2,D,0.03271232879078319,0.7019201456879218,0.046604060293387414,0.004392059436193356
toy_2,Double triangle,Constant bias,0.8,1,A,0.2048579987359786,0.7062846064295667,0.2900502104549376,0.004652722429123228
toy_2,Double triangle,Constant bias,0.8,1,B,0.23104797641980046,0.7062846064295667,0.32713154770256403,0.004652722429123228
toy_2,Double triangle,Constant bias,0.8,1,C,0.23104797641980046,0.7062846064295667,0.32713154770256403,0.004652722429123228
toy_2,Double triangle,Constant bias,0.8,1,D,0.03933065485398715,0.7062846064295667,0.055686694139934295,0.004652722429123228
toy_2,Double triangle,Constant bias,0.8,2,A,0.19286547337391047,0.6678176887951619,0.2887995879861571,0.004652722429123228
toy_2,Double triangle,Constant bias,0.8,2,B,0.22001781928832181,0.6678176887951619,0.3294579089171257,0.004652722429123228
toy_2,Double triangle,Constant bias,0.8,2,C,0.22001781928832181,0.6678176887951619,0.3294579089171257,0.004652722429123228
toy_2,Double triangle,Constant bias,0.8,2,D,0.034916576844607854,0.6678176887951619,0.05228459417959162,0.004652722429123228
toy_2,Double triangle,Constant bias,0.9,1,A,0.19286305557120167,0.6751948960957007,0.2856405708728368,0.004853614505209665
toy_2,Double triangle,Constant bias,0.9,1,B,0.22052796210066414,0.6751948960957007,0.3266137871833186,0.004853614505209665
toy_2,Double triangle,Constant bias,0.9,1,C,0.22052796210066414,0.6751948960957007,0.3266137871833186,0.004853614505209665
toy_2,Double triangle,Constant bias,0.9,1,D,0.04127591632317073,0.6751948960957007,0.061131854760525864,0.004853614505209665
toy_2,Double triangle,Constant bias,0.9,2,A,0.18058596559138168,0.635464381198103,0.28417952435179034,0.004853614505209665
toy_2,Double triangle,Constant bias,0.9,2,B,0.20909357773228007,0.635464381198103,0.3290405944359235,0.004853614505209665
toy_2,Double triangle,Constant bias,0.9,2,C,0.20909357773228007,0.635464381198103,0.3290405944359235,0.004853614505209665
toy_2,Double triangle,Constant bias,0.9,2,D,0.03669126014216113,0.635464381198103,0.0577392867763627,0.004853614505209665
toy_2,Double triangle,Constant bias,1.0,1,A,0.18159938906497763,0.6453107540535615,0.2814138582446507,0.005002406224630503
toy_2,Double triangle,Constant bias,1.0,1,B,0.21045985984140533,0.6453107540535615,0.32613722693971553,0.005002406224630503
toy_2,Double triangle,Constant bias,1.0,1,C,0.21045985984140533,0.6453107540535615,0.32613722693971553,0.005002406224630503
toy_2,Double triangle,Constant bias,1.0,1,D,0.04279164530577322,0.6453107540535615,0.06631168787591825,0.005002406224630503
toy_2,Double triangle,Constant bias,1.0,2,A,0.16918028721883144,0.6047590451954318,0.27974825438809225,0.005002406224630503
toy_2,Double triangle,Constant bias,1.0,2,B,0.19874706317279184,0.6047590451954318,0.3286384300520308,0.005002406224630503
toy_2,Double triangle,Constant bias,1.0,2,C,0.19874706317279184,0.6047590451954318,0.3286384300520308,0.005002406224630503
toy_2,Double triangle,Constant bias,1.0,2,D,0.03808463163101673,0.6047590451954318,0.06297488550784625,0.005002406224630503
toy_2,Double triangle,Constant bias,1.1,1,A,0.17102253376729062,0.6166065030565313,0.277360898595017,0.005105884023527997
toy_2,Double triangle,Constant bias,1.1,1,B,0.2008277097794999,0.6166065030565313,0.3256983323789041,0.005105884023527997
toy_2,Double triangle,Constant bias,1.1,1,C,0.2008277097794999,0.6166065030565313,0.3256983323789041,0.005105884023527997
toy_2,Double triangle,Constant bias,1.1,1,D,0.04392854973024085,0.6166065030565313,0.07124243664717468,0.005105884023527997
toy_2,Double triangle,Constant bias,1.1,2,A,0.15857946735742096,0.5756076856625556,0.27549921814349543,0.005105884023527997
toy_2,Double triangle,Constant bias,1.1,2,B,0.18894395636779698,0.5756076856625556,0.32825127439066815,0.005105884023527997
toy_2,Double triangle,Constant bias,1.1,2,C,0.18894395636779698,0.5756076856625556,0.32825127439066815,0.005105884023527997
toy_2,Double triangle,Constant bias,1.1,2,D,0.039140305569540686,0.5756076856625556,0.06799823307516834,0.005105884023527997
toy_2,Double triangle,Constant bias,1.2000000000000002,1,A,0.16109046901884994,0.5890539181784292,0.27347321535013425,0.0051700532289111825
toy_2,Double triangle,Constant bias,1.2000000000000002,1,B,0.1916156501380309,0.5890539181784292,0.3252939064229923,0.0051700532289111825
toy_2,Double triangle,Constant bias,1.2000000000000002,1,C,0.1916156501380309,0.5890539181784292,0.3252939064229923,0.0051700532289111825
toy_2,Double triangle,Constant bias,1.2000000000000002,1,D,0.04473214888351752,0.5890539181784292,0.07593897180388127,0.0051700532289111825
toy_2,Double triangle,Constant bias,1.2000000000000002,2,A,0.14872045970872974,0.5479228450472401,0.271425915259853,0.0051700532289111825
toy_2,Double triangle,Constant bias,1.2000000000000002,2,B,0.17965235782093195,0.5479228450472401,0.32787893303744786,0.0051700532289111825
toy_2,Double triangle,Constant bias,1.2000000000000002,2,C,0.17965235782093195,0.5479228450472401,0.32787893303744786,0.0051700532289111825
toy_2,Double triangle,Constant bias,1.2000000000000002,2,D,0.03989766969664646,0.5479228450472401,0.07281621866525134,0.0051700532289111825
toy_2,Double triangle,Constant bias,1.3,1,A,0.15176353443727517,0.562622801639627,0.2697429503301277,0.005200228177898995
toy_2,Double triangle,Constant bias,1.3,1,B,0.18280799286203195,0.562622801639627,0.32492105248717723,0.005200228177898995
toy_2,Double triangle,Constant bias,1.3,1,C,0.18280799286203195,0.562622801639627,0.32492105248717723,0.005200228177898995
toy_2,Double triangle,Constant bias,1.3,1,D,0.045243281478287975,0.562622801639627,0.08041494469551796,0.005200228177898995
toy_2,Double triangle,Constant bias,1.3,2,A,0.13954559950512288,0.5216230273034284,0.2675219309747787,0.005200228177898995
toy_2,Double triangle,Constant bias,1.3,2,B,0.17084258241538966,0.5216230273034284,0.32752116657612673,0.005200228177898995
toy_2,Double triangle,Constant bias,1.3,2,C,0.17084258241538966,0.5216230273034284,0.32752116657612673,0.005200228177898995
toy_2,Double triangle,Constant bias,1.3,2,D,0.040392262967526224,0.5216230273034284,0.07743573587296794,0.005200228177898995
toy_2,Double triangle,Constant bias,1.4000000000000001,1,A,0.1430043395463928,0.5372814754313924,0.26616279563998035,0.005201111241348616
toy_2,Double triangle,Constant bias,1.4000000000000001,1,B,0.17438928584748795,0.5372814754313924,0.32457714219063266,0.005201111241348616
toy_2,Double triangle,Constant bias,1.4000000000000001,1,C,0.17438928584748795,0.5372814754313924,0.32457714219063266,0.005201111241348616
toy_2,Double triangle,Constant bias,1.4000000000000001,1,D,0.045498564190023696,0.5372814754313924,0.08468291997875439,0.005201111241348616
toy_2,Double triangle,Constant bias,1.4000000000000001,2,A,0.13100211278569174,0.49663218270156134,0.263780957716174,0.005201111241348616
toy_2,Double triangle,Constant bias,1.4000000000000001,2,B,0.16248697419530123,0.49663218270156134,0.32717769781130696,0.005201111241348616
toy_2,Double triangle,Constant bias,1.4000000000000001,2,C,0.16248697419530123,0.49663218270156134,0.32717769781130696,0.005201111241348616
toy_2,Double triangle,Constant bias,1.4000000000000001,2,D,0.04065612152526715,0.49663218270156134,0.08186364666121211,0.005201111241348616
toy_2,Double triangle,Constant bias,1.5,1,A,0.13477766952326453,0.5129972022967306,0.26272593480013895,0.00517686226656687
toy_2,Double triangle,Constant bias,1.5,1,B,0.16634436360060245,0.5129972022967306,0.3242597871018888,0.00517686226656687
toy_2,Double triangle,Constant bias,1.5,1,C,0.16634436360060245,0.5129972022967306,0.3242597871018888,0.00517686226656687
toy_2,Double triangle,Constant bias,1.5,1,D,0.045530805572261246,0.5129972022967306,0.08875449099608358,0.00517686226656687
toy_2,Double triangle,Constant bias,1.5,2,A,0.12304167276193577,0.4728792464315276,0.2601968128025091,0.00517686226656687
toy_2,Double triangle,Constant bias,1.5,2,B,0.15455973913653573,0.4728792464315276,0.32684821823517224,0.00517686226656687
toy_2,Double triangle,Constant bias,1.5,2,C,0.15455973913653573,0.4728792464315276,0.32684821823517224,0.00517686226656687
toy_2,Double triangle,Constant bias,1.5,2,D,0.04071809539652046,0.4728792464315276,0.08610675072714656,0.00517686226656687
toy_2,Double triangle,Constant bias,1.6,1,A,0.12705038869751514,0.4897365443172482,0.2594259917332465,0.005131159719849503
toy_2,Double triangle,Constant bias,1.6,1,B,0.15865838793080092,0.4897365443172482,0.3239668139366439,0.005131159719849503
toy_2,Double triangle,Constant bias,1.6,1,C,0.15865838793080092,0.4897365443172482,0.3239668139366439,0.005131159719849503
toy_2,Double triangle,Constant bias,1.6,1,D,0.04536937975813128,0.4897365443172482,0.09264038039346577,0.005131159719849503
toy_2,Double triangle,Constant bias,1.6,2,A,0.11561999856371981,0.450297724772096,0.2567634527183925,0.005131159719849503
toy_2,Double triangle,Constant bias,1.6,2,B,0.14703679399098094,0.450297724772096,0.3265323937965686,0.005131159719849503
toy_2,Double triangle,Constant bias,1.6,2,C,0.14703679399098094,0.450297724772096,0.3265323937965686,0.005131159719849503
toy_2,Double triangle,Constant bias,1.6,2,D,0.04060413822641433,0.450297724772096,0.09017175968847019,0.005131159719849503
toy_2,Double triangle,Constant bias,1.7000000000000002,1,A,0.1197913431467046,0.4674656672069939,0.25625698644872025,0.005067254616679465
toy_2,Double triangle,Constant bias,1.7000000000000002,1,B,0.15131688007587404,0.4674656672069939,0.3236962427207962,0.005067254616679465
toy_2,Double triangle,Constant bias,1.7000000000000002,1,C,0.15131688007587404,0.4674656672069939,0.3236962427207962,0.005067254616679465
toy_2,Double triangle,Constant bias,1.7000000000000002,1,D,0.04504056390854115,0.4674656672069939,0.09635052810968721,0.005067254616679465
toy_2,Double triangle,Constant bias,1.7000000000000002,2,A,0.10869649214388565,0.4288253233531695,0.2534749843921088,0.005067254616679465
toy_2,Double triangle,Constant bias,1.7000000000000002,2,B,0.1398956295027067,0.4288253233531695,0.326229870029136,0.005067254616679465
toy_2,Double triangle,Constant bias,1.7000000000000002,2,C,0.1398956295027067,0.4288253233531695,0.326229870029136,0.005067254616679465
toy_2,Double triangle,Constant bias,1.7000000000000002,2,D,0.04033757220387048,0.4288253233531695,0.09406527554961928,0.005067254616679465
toy_2,Double triangle,Constant bias,1.8,1,A,0.11297126348328435,0.4461505974062799,0.2532132964520249,0.004988018167424765
toy_2,Double triangle,Constant bias,1.8,1,B,0.1443057454780876,0.4461505974062799,0.32344626750925964,0.004988018167424765
toy_2,Double triangle,Constant bias,1.8,1,C,0.1443057454780876,0.4461505974062799,0.32344626750925964,0.004988018167424765
toy_2,Double triangle,Constant bias,1.8,1,D,0.0445678429668203,0.4461505974062799,0.09989416852945579,0.004988018167424765
toy_2,Double triangle,Constant bias,1.8,2,A,0.10223390955563368,0.40840361269735825,0.25032567386075666,0.004988018167424765
toy_2,Double triangle,Constant bias,1.8,2,B,0.13311518648414597,0.40840361269735825,0.32594027659297203,0.004988018167424765
toy_2,Double triangle,Constant bias,1.8,2,C,0.13311518648414597,0.40840361269735825,0.32594027659297203,0.004988018167424765
toy_2,Double triangle,Constant bias,1.8,2,D,0.039939330173432624,0.40840361269735825,0.09779377295329927,0.004988018167424765
toy_2,Double triangle,Constant bias,1.9000000000000001,1,A,0.10656266871736547,0.42575743818406664,0.2502896230583187,0.004895983933018433
toy_2,Double triangle,Constant bias,1.9000000000000001,1,B,0.1376112922728746,0.42575743818406664,0.3232152393151649,0.004895983933018433
toy_2,Double triangle,Constant bias,1.9000000000000001,1,C,0.1376112922728746,0.42575743818406664,0.3232152393151649,0.004895983933018433
toy_2,Double triangle,Constant bias,1.9000000000000001,1,D,0.04397218492095197,0.42575743818406664,0.1032798983113516,0.004895983933018433
toy_2,Double triangle,Constant bias,1.9000000000000001,2,A,0.09619806320614584,0.38897772680659065,0.24730995266980388,0.004895983933018433
toy_2,Double triangle,Constant bias,1.9000000000000001,2,B,0.12667574340843457,0.38897772680659065,0.32566323128167407,0.004895983933018433
toy_2,Double triangle,Constant bias,1.9000000000000001,2,C,0.12667574340843457,0.38897772680659065,0.32566323128167407,0.004895983933018433
toy_2,Double triangle,Constant bias,1.9000000000000001,2,D,0.03942817678357567,0.38897772680659065,0.10136358476684794,0.004895983933018433
toy_2,Double triangle,Constant bias,2.0,1,A,0.10053977190008606,0.40625255018152134,0.24748096191682487,0.004793385173364334
toy_2,Double triangle,Constant bias,2.0,1,B,0.13122024441412125,0.40625255018152134,0.32300165095699596,0.004793385173364334
toy_2,Double triangle,Constant bias,2.0,1,C,0.13122024441412125,0.40625255018152134,0.32300165095699596,0.004793385173364334
toy_2,Double triangle,Constant bias,2.0,1,D,0.0432722894531928,0.40625255018152134,0.10651573616918324,0.004793385173364334
toy_2,Double triangle,Constant bias,2.0,2,A,0.09055755203796245,0.37049609106773673,0.24442242231755712,0.004793385173364334
toy_2,Double triangle,Constant bias,2.0,2,B,0.12055881432284925,0.37049609106773673,0.3253983435436781,0.004793385173364334
toy_2,Double triangle,Constant bias,2.0,2,C,0.12055881432284925,0.37049609106773673,0.3253983435436781,0.004793385173364334
toy_2,Double triangle,Constant bias,2.0,2,D,0.03882091038407575,0.37049609106773673,0.10478089059508656,0.004793385173364334
toy_2,Double triangle,Constant bias,2.1,1,A,0.09487838810044613,0.3876027011486307,0.24478257715769614,0.004682187977167601
toy_2,Double triangle,Constant bias,2.1,1,B,0.12511975023964744,0.3876027011486307,0.32280412357515753,0.004682187977167601
toy_2,Double triangle,Constant bias,2.1,1,C,0.12511975023964744,0.3876027011486307,0.32280412357515753,0.004682187977167601
toy_2,Double triangle,Constant bias,2.1,1,D,0.042484812568889675,0.3876027011486307,0.10960917569198876,0.004682187977167601
toy_2,Double triangle,Constant bias,2.1,2,A,0.08528351690085097,0.352910176197218,0.24165785702136197,0.004682187977167601
toy_2,Double triangle,Constant bias,2.1,2,B,0.11474705602010273,0.352910176197218,0.3251452175637413,0.004682187977167601
toy_2,Double triangle,Constant bias,2.1,2,C,0.11474705602010273,0.352910176197218,0.3251452175637413,0.004682187977167601
toy_2,Double triangle,Constant bias,2.1,2,D,0.03813254725616154,0.352910176197218,0.1080517078511553,0.004682187977167601
toy_2,Double triangle,Constant bias,2.2,1,A,0.08955584514029168,0.3697751890286523,0.24218997866120318,0.004564120682373697
toy_2,Double triangle,Constant bias,2.2,1,B,0.11929738717515057,0.3697751890286523,0.32262139460607975,0.004564120682373697
toy_2,Double triangle,Constant bias,2.2,1,C,0.11929738717515057,0.3697751890286523,0.32262139460607975,0.004564120682373697
toy_2,Double triangle,Constant bias,2.2,1,D,0.04162456953805953,0.3697751890286523,0.1125672321266374,0.004564120682373697
toy_2,Double triangle,Constant bias,2.2,2,A,0.0803494186553313,0.33617427533602656,0.2390112050513597,0.004564120682373697
toy_2,Double triangle,Constant bias,2.2,2,B,0.10922418352106869,0.33617427533602656,0.3249034549472666,0.004564120682373697
toy_2,Double triangle,Constant bias,2.2,2,C,0.10922418352106869,0.33617427533602656,0.3249034549472666,0.004564120682373697
toy_2,Double triangle,Constant bias,2.2,2,D,0.03737648963855787,0.33617427533602656,0.11118188505410714,0.004564120682373697
toy_2,Double triangle,Constant bias,2.3000000000000003,1,A,0.0845508974043695,0.3527379420215124,0.23969890202288757,0.004440700028899278
toy_2,Double triangle,Constant bias,2.3000000000000003,1,B,0.11374116318276319,0.3527379420215124,0.32245230703258587,0.004440700028899278
toy_2,Double triangle,Constant bias,2.3000000000000003,1,C,0.11374116318276319,0.3527379420215124,0.32245230703258587,0.004440700028899278
toy_2,Double triangle,Constant bias,2.3000000000000003,1,D,0.04070471825161652,0.3527379420215124,0.11539648391194068,0.004440700028899278
toy_2,Double triangle,Constant bias,2.3000000000000003,2,A,0.07573083679818735,0.32024530175015276,0.23647758884928347,0.004440700028899278
toy_2,Double triangle,Constant bias,2.3000000000000003,2,B,0.10397489302605176,0.32024530175015276,0.3246726570470355,0.004440700028899278
toy_2,Double triangle,Constant bias,2.3000000000000003,2,C,0.10397489302605176,0.32024530175015276,0.3246726570470355,0.004440700028899278
toy_2,Double triangle,Constant bias,2.3000000000000003,2,D,0.036564678899861924,0.32024530175015276,0.11417709705664553,0.004440700028899278
toy_2,Double triangle,Constant bias,2.4000000000000004,1,A,0.07984364295218574,0.33645959879805365,0.23730529085041405,0.004313254427810324
toy_2,Double triangle,Constant bias,2.4000000000000004,1,B,0.10843951547984305,0.33645959879805365,0.3222957997549344,0.004313254427810324
toy_2,Double triangle,Constant bias,2.4000000000000004,1,C,0.10843951547984305,0.33645959879805365,0.3222957997549344,0.004313254427810324
toy_2,Double triangle,Constant bias,2.4000000000000004,1,D,0.0397369248861818,0.33645959879805365,0.11810310963971724,0.004313254427810324
toy_2,Double triangle,Constant bias,2.4000000000000004,2,A,0.07140528662337772,0.30508260489304884,0.23405230412402533,0.004313254427810324
toy_2,Double triangle,Constant bias,2.4000000000000004,2,B,0.09898479158352524,0.30508260489304884,0.3244524269688395,0.004313254427810324
toy_2,Double triangle,Constant bias,2.4000000000000004,2,C,0.09898479158352524,0.30508260489304884,0.3244524269688395,0.004313254427810324
toy_2,Double triangle,Constant bias,2.4000000000000004,2,D,0.0357077351026206,0.30508260489304884,0.11704284193829557,0.004313254427810324
toy_2,Double triangle,Constant bias,2.5,1,A,0.0754154440832909,0.3209095716344423,0.23500528108023808,0.004182944681902702
toy_2,Double triangle,Constant bias,2.5,1,B,0.10338130698323805,0.3209095716344423,0.32215089894857607,0.004182944681902702
toy_2,Double triangle,Constant bias,2.5,1,C,0.10338130698323805,0.3209095716344423,0.32215089894857607,0.004182944681902702
toy_2,Double triangle,Constant bias,2.5,1,D,0.03873151358467526,0.3209095716344423,0.12069292102260973,0.004182944681902702
toy_2,Double triangle,Constant bias,2.5,2,A,0.06735205313155854,0.290647802851581,0.2317308180924106,0.004182944681902702
toy_2,Double triangle,Constant bias,2.5,2,B,0.09424033280668768,0.290647802851581,0.32424237128952743,0.004182944681902702
toy_2,Double triangle,Constant bias,2.5,2,C,0.09424033280668768,0.290647802851581,0.32424237128952743,0.004182944681902702
toy_2,Double triangle,Constant bias,2.5,2,D,0.03481508410664706,0.290647802851581,0.11978443932853451,0.004182944681902702
toy_2,Double triangle,Constant bias,2.6,1,A,0.07124885144542396,0.3060580948831172,0.2327951870465433,0.004050782450410954
toy_2,Double triangle,Constant bias,2.6,1,B,0.09855582087278568,0.3060580948831172,0.3220167102929393,0.004050782450410954
toy_2,Double triangle,Constant bias,2.6,1,C,0.09855582087278568,0.3060580948831172,0.3220167102929393,0.004050782450410954
toy_2,Double triangle,Constant bias,2.6,1,D,0.037697601692121906,0.3060580948831172,0.1231713923675782,0.004050782450410954
toy_2,Double triangle,Constant bias,2.6,2,A,0.0635520400804547,0.27690462942948024,0.22950876701264977,0.004050782450410954
toy_2,Double triangle,Constant bias,2.6,2,B,0.0897287580404319,0.27690462942948024,0.3240421015181448,0.004050782450410954
toy_2,Double triangle,Constant bias,2.6,2,C,0.0897287580404319,0.27690462942948024,0.3240421015181448,0.004050782450410954
toy_2,Double triangle,Constant bias,2.6,2,D,0.03389507326816176,0.27690462942948024,0.12240702995106073,0.004050782450410954
toy_2,Double triangle,Constant bias,2.7,1,A,0.06732753172381345,0.29187626088738367,0.23067148907252458,0.003917646714227979
toy_2,Double triangle,Constant bias,2.7,1,B,0.0939527536141272,0.29187626088738367,0.3218924119710357,0.003917646714227979
toy_2,Double triangle,Constant bias,2.7,1,C,0.0939527536141272,0.29187626088738367,0.3218924119710357,0.003917646714227979
toy_2,Double triangle,Constant bias,2.7,1,D,0.03664322193531583,0.29187626088738367,0.12554368698540405,0.003917646714227979
toy_2,Double triangle,Constant bias,2.7,2,A,0.059987632728788765,0.26381879432657,0.22738195313914078,0.003917646714227979
toy_2,Double triangle,Constant bias,2.7,2,B,0.08543804244544274,0.26381879432657,0.3238512353281497,0.003917646714227979
toy_2,Double triangle,Constant bias,2.7,2,C,0.08543804244544274,0.26381879432657,0.3238512353281497,0.003917646714227979
toy_2,Double triangle,Constant bias,2.7,2,D,0.03295507670689577,0.26381879432657,0.1249155762045599,0.003917646714227979
toy_2,Double triangle,Constant bias,2.8000000000000003,1,A,0.06363619890822379,0.2783360451757311,0.22863082238610616,0.0037842984666237867
toy_2,Double triangle,Constant bias,2.8000000000000003,1,B,0.08956220673405939,0.2783360451757311,0.32177724835284316,0.0037842984666237867
toy_2,Double triangle,Constant bias,2.8000000000000003,1,C,0.08956220673405939,0.2783360451757311,0.32177724835284316,0.0037842984666237867
toy_2,Double triangle,Constant bias,2.8000000000000003,1,D,0.0355754327993885,0.2783360451757311,0.1278146809082075,0.0037842984666237867
toy_2,Double triangle,Constant bias,2.8000000000000003,2,A,0.056642572970375026,0.25135785505149,0.22534634121051017,0.0037842984666237867
toy_2,Double triangle,Constant bias,2.8000000000000003,2,B,0.08135684552306384,0.25135785505149,0.32366939758615504,0.0037842984666237867
toy_2,Double triangle,Constant bias,2.8000000000000003,2,C,0.08135684552306384,0.25135785505149,0.32366939758615504,0.0037842984666237867
toy_2,Double triangle,Constant bias,2.8000000000000003,2,D,0.032001591034987266,0.25135785505149,0.12731486361717967,0.0037842984666237867
toy_2,Double triangle,Constant bias,2.9000000000000004,1,A,0.06016054910066053,0.26541032253456365,0.22666996718948634,0.003651393827285923
toy_2,Double triangle,Constant bias,2.9000000000000004,1,B,0.08537467760077952,0.26541032253456365,0.3216705242866408,0.003651393827285923
toy_2,Double triangle,Constant bias,2.9000000000000004,1,C,0.08537467760077952,0.26541032253456365,0.3216705242866408,0.003651393827285923
toy_2,Double triangle,Constant bias,2.9000000000000004,1,D,0.034500418232344066,0.26541032253456365,0.12998898423723204,0.003651393827285923
toy_2,Double triangle,Constant bias,2.9000000000000004,2,A,0.053501845684080646,0.23949109936332888,0.2233980545678388,0.003651393827285923
toy_2,Double triangle,Constant bias,2.9000000000000004,2,B,0.07747446565513857,0.23949109936332888,0.32349622120028376,0.003651393827285923
toy_2,Double triangle,Constant bias,2.9000000000000004,2,C,0.07747446565513857,0.23949109936332888,0.32349622120028376,0.003651393827285923
toy_2,Double triangle,Constant bias,2.9000000000000004,2,D,0.031040322368971085,0.23949109936332888,0.12960950303159371,0.003651393827285923
toy_2,Double triangle,Constant bias,3.0,1,A,0.056887198799787535,0.2530728753501142,0.22478583973524158,0.003519495753915969
toy_2,Double triangle,Constant bias,3.0,1,B,0.08138104942574506,0.2530728753501142,0.32157159993206813,0.003519495753915969
toy_2,Double triangle,Constant bias,3.0,1,C,0.08138104942574506,0.2530728753501142,0.32157159993206813,0.003519495753915969
toy_2,Double triangle,Constant bias,3.0,1,D,0.033423577698836505,0.2530728753501142,0.1320709604006221,0.003519495753915969
toy_2,Double triangle,Constant bias,3.0,2,A,0.050551575241209706,0.2281894371761717,0.22153337098676393,0.003519495753915969
toy_2,Double triangle,Constant bias,3.0,2,B,0.0737807982779547,0.2281894371761717,0.3233313478090261,0.003519495753915969
toy_2,Double triangle,Constant bias,3.0,2,C,0.0737807982779547,0.2281894371761717,0.3233313478090261,0.003519495753915969
toy_2,Double triangle,Constant bias,3.0,2,D,0.03007626537905261,0.2281894371761717,0.1318039333951838,0.003519495753915969
toy_2,Double triangle,Constant bias,3.1,1,A,0.053803626577021965,0.24129839542828155,0.2229754842817155,0.0033890845050944807
toy_2,Double triangle,Constant bias,3.1,1,B,0.07757258067282488,0.24129839542828155,0.32147988607690897,0.0033890845050944807
toy_2,Double triangle,Constant bias,3.1,1,C,0.07757258067282488,0.24129839542828155,0.32147988607690897,0.0033890845050944807
toy_2,Double triangle,Constant bias,3.1,1,D,0.03234960750560984,0.24129839542828155,0.13406474356446665,0.0033890845050944807
toy_2,Double triangle,Constant bias,3.1,2,A,0.04777893121588606,0.21742530098242563,0.2197487182954297,0.0033890845050944807
toy_2,Double triangle,Constant bias,3.1,2,B,0.07026629734935536,0.21742530098242563,0.3231744283294562,0.0033890845050944807
toy_2,Double triangle,Constant bias,3.1,2,C,0.07026629734935536,0.21742530098242563,0.3231744283294562,0.0033890845050944807
toy_2,Double triangle,Constant bias,3.1,2,D,0.02911377506782887,0.21742530098242563,0.13390242504565797,0.0033890845050944807
toy_2,Double triangle,Constant bias,3.2,1,A,0.050898118043056995,0.23006248034181573,0.22123606581757715,0.003260566990234484
toy_2,Double triangle,Constant bias,3.2,1,B,0.0739408940333894,0.23006248034181573,0.32139483988667594,0.003260566990234484
toy_2,Double triangle,Constant bias,3.2,1,C,0.0739408940333894,0.23006248034181573,0.32139483988667594,0.003260566990234484
toy_2,Double triangle,Constant bias,3.2,1,D,0.03128257423197994,0.23006248034181573,0.135974254409071,0.003260566990234484
toy_2,Double triangle,Constant bias,3.2,2,A,0.04517204243744019,0.2071725539579632,0.21804066983991482,0.003260566990234484
toy_2,Double triangle,Constant bias,3.2,2,B,0.06692193980359226,0.2071725539579632,0.3230251233817932,0.003260566990234484
toy_2,Double triangle,Constant bias,3.2,2,C,0.06692193980359226,0.2071725539579632,0.3230251233817932,0.003260566990234484
toy_2,Double triangle,Constant bias,3.2,2,D,0.02815663191333847,0.2071725539579632,0.13590908339649882,0.003260566990234484
toy_2,Double triangle,Constant bias,3.3000000000000003,1,A,0.048159713991437536,0.21934162521486858,0.2195648634601843,0.0031589236105089985
toy_2,Double triangle,Constant bias,3.3000000000000003,1,B,0.07047796510246845,0.21934162521486858,0.3213159610421768,0.0031589236105089985
toy_2,Double triangle,Constant bias,3.3000000000000003,1,C,0.07047796510246845,0.21934162521486858,0.3213159610421768,0.0031589236105089985
toy_2,Double triangle,Constant bias,3.3000000000000003,1,D,0.030225981018494136,0.21934162521486858,0.13780321445546215,0.0031589236105089985
toy_2,Double triangle,Constant bias,3.3000000000000003,2,A,0.042719918607756945,0.19740640500640605,0.21640593984967527,0.0031589236105089985
toy_2,Double triangle,Constant bias,3.3000000000000003,2,B,0.06373919272008852,0.19740640500640605,0.32288310360558015,0.0031589236105089985
toy_2,Double triangle,Constant bias,3.3000000000000003,2,C,0.06373919272008852,0.19740640500640605,0.32288310360558015,0.0031589236105089985
toy_2,Double triangle,Constant bias,3.3000000000000003,2,D,0.027208100958472065,0.19740640500640605,0.1378278529391644,0.0031589236105089985
toy_2,Double triangle,Constant bias,3.4000000000000004,1,A,0.04557816159712075,0.20911321073301972,0.2179592644450932,0.0031178856975281888
toy_2,Double triangle,Constant bias,3.4000000000000004,1,B,0.06717611087066512,0.20911321073301972,0.32124278822551583,0.0031178856975281888
toy_2,Double triangle,Constant bias,3.4000000000000004,1,C,0.06717611087066512,0.20911321073301972,0.32124278822551583,0.0031178856975281888
toy_2,Double triangle,Constant bias,3.4000000000000004,1,D,0.029182827394568726,0.20911321073301972,0.1395551591038751,0.0031178856975281888
toy_2,Double triangle,Constant bias,3.4000000000000004,2,A,0.040412378782011676,0.1881033300828679,0.2148413787475651,0.0031178856975281888
toy_2,Double triangle,Constant bias,3.4000000000000004,2,B,0.06070998296040137,0.1881033300828679,0.3227480498811793,0.0031178856975281888
toy_2,Double triangle,Constant bias,3.4000000000000004,2,C,0.06070998296040137,0.1881033300828679,0.3227480498811793,0.0031178856975281888
toy_2,Double triangle,Constant bias,3.4000000000000004,2,D,0.026270985380053485,0.1881033300828679,0.13966252149007646,0.0031178856975281888
toy_2,Double triangle,Constant bias,3.5,1,A,0.04314386854210736,0.1993554880602887,0.21641675863500623,0.0030727901929916562
toy_2,Double triangle,Constant bias,3.5,1,B,0.06402797812875691,0.1993554880602887,0.321174895919563,0.0030727901929916562
toy_2,Double triangle,Constant bias,3.5,1,C,0.06402797812875691,0.1993554880602887,0.321174895919563,0.0030727901929916562
toy_2,Double triangle,Constant bias,3.5,1,D,0.028155663260667527,0.1993554880602887,0.1412334495258678,0.0030727901929916562
toy_2,Double triangle,Constant bias,3.5,2,A,0.03823998607908888,0.1792409992105413,0.21334396844201456,0.0030727901929916562
toy_2,Double triangle,Constant bias,3.5,2,B,0.0578266690527164,0.1792409992105413,0.3226196534688564,0.0030727901929916562
toy_2,Double triangle,Constant bias,3.5,2,C,0.0578266690527164,0.1792409992105413,0.3226196534688564,0.0030727901929916562
toy_2,Double triangle,Constant bias,3.5,2,D,0.025347675026019624,0.1792409992105413,0.14141672462027263,0.0030727901929916562
toy_2,Double triangle,Constant bias,3.6,1,A,0.040847859936752835,0.19004756125150982,0.21493493348591086,0.003024115853050305
toy_2,Double triangle,Constant bias,3.6,1,B,0.06102653186651389,0.19004756125150982,0.32111189148989444,0.003024115853050305
toy_2,Double triangle,Constant bias,3.6,1,C,0.06102653186651389,0.19004756125150982,0.32111189148989444,0.003024115853050305
toy_2,Double triangle,Constant bias,3.6,1,D,0.027146637581729183,0.19004756125150982,0.14284128353430012,0.003024115853050305
toy_2,Double triangle,Constant bias,3.6,2,A,0.03619398804903978,0.17079820866788656,0.21191081763286063,0.003024115853050305
toy_2,Double triangle,Constant bias,3.6,2,B,0.05508201512551701,0.17079820866788656,0.32249761607642385,0.003024115853050305
toy_2,Double triangle,Constant bias,3.6,2,C,0.05508201512551701,0.17079820866788656,0.32249761607642385,0.003024115853050305
toy_2,Double triangle,Constant bias,3.6,2,D,0.02444019036781276,0.17079820866788656,0.14309395021429167,0.003024115853050305
toy_2,Double triangle,Constant bias,3.7,1,A,0.03868173790382867,0.18116936766708744,0.21351146941633822,0.002972312259319765
toy_2,Double triangle,Constant bias,3.7,1,B,0.058165043733912625,0.18116936766708744,0.3210534125216761,0.002972312259319765
toy_2,Double triangle,Constant bias,3.7,1,C,0.058165043733912625,0.18116936766708744,0.3210534125216761,0.002972312259319765
toy_2,Double triangle,Constant bias,3.7,1,D,0.026157542295433517,0.18116936766708744,0.14438170554030966,0.002972312259319765
toy_2,Double triangle,Constant bias,3.7,2,A,0.0342662621798921,0.162754817880916,0.2105391571570185,0.002972312259319765
toy_2,Double triangle,Constant bias,3.7,2,B,0.05246916671196489,0.162754817880916,0.32238164986523093,0.002972312259319765
toy_2,Double triangle,Constant bias,3.7,2,C,0.05246916671196489,0.162754817880916,0.32238164986523093,0.002972312259319765
toy_2,Double triangle,Constant bias,3.7,2,D,0.023550222277094145,0.162754817880916,0.14469754311251976,0.002972312259319765
toy_2,Double triangle,Constant bias,3.8000000000000003,1,A,0.03663764369245283,0.17270165682613614,0.21214413553274145,0.002917800137156687
toy_2,Double triangle,Constant bias,3.8000000000000003,1,B,0.05543708062137113,0.17270165682613614,0.3209991243869842,0.002917800137156687
toy_2,Double triangle,Constant bias,3.8000000000000003,1,C,0.05543708062137113,0.17270165682613614,0.3209991243869842,0.002917800137156687
toy_2,Double triangle,Constant bias,3.8000000000000003,1,D,0.025189851890941056,0.17270165682613614,0.14585761569329023,0.002917800137156687
toy_2,Double triangle,Constant bias,3.8000000000000003,2,A,0.03244926607560934,0.1550916906050925,0.20922633539558474,0.002917800137156687
toy_2,Double triangle,Constant bias,3.8000000000000003,2,B,0.049981628264266775,0.1550916906050925,0.3222714774032233,0.002917800137156687
toy_2,Double triangle,Constant bias,3.8000000000000003,2,C,0.049981628264266775,0.1550916906050925,0.3222714774032233,0.002917800137156687
toy_2,Double triangle,Constant bias,3.8000000000000003,2,D,0.022679168000949622,0.1550916906050925,0.14623070979796865,0.002917800137156687
toy_2,Double triangle,Constant bias,3.9000000000000004,1,A,0.03470822219033562,0.16462596807205002,0.21083078567012745,0.00286097191014989
toy_2,Double triangle,Constant bias,3.9000000000000004,1,B,0.05283649340564276,0.16462596807205002,0.32094871802070984,0.00286097191014989
toy_2,Double triangle,Constant bias,3.9000000000000004,1,C,0.05283649340564276,0.16462596807205002,0.32094871802070984,0.00286097191014989
toy_2,Double triangle,Constant bias,3.9000000000000004,1,D,0.024244759070428883,0.16462596807205002,0.14727177828845295,0.00286097191014989
toy_2,Double triangle,Constant bias,3.9000000000000004,2,A,0.03073599188157345,0.14779064002551123,0.20796981375997753,0.00286097191014989
toy_2,Double triangle,Constant bias,3.9000000000000004,2,B,0.047613242233139084,0.14779064002551123,0.32216683157282633,0.00286097191014989
toy_2,Double triangle,Constant bias,3.9000000000000004,2,C,0.047613242233139084,0.14779064002551123,0.32216683157282633,0.00286097191014989
toy_2,Double triangle,Constant bias,3.9000000000000004,2,D,0.02182816367765962,0.14779064002551123,0.14769652309436984,0.00286097191014989
toy_2,Double triangle,Constant bias,4.0,1,A,0.03288658870513554,0.15692460737053232,0.20956935471237675,0.0028021924410983196
toy_2,Double triangle,Constant bias,4.0,1,B,0.05035740589938933,0.15692460737053232,0.320901907885516,0.0028021924410983196
toy_2,Double triangle,Constant bias,4.0,1,C,0.05035740589938933,0.15692460737053232,0.320901907885516,0.0028021924410983196
toy_2,Double triangle,Constant bias,4.0,1,D,0.023323206866618117,0.15692460737053232,0.1486268295165912,0.0028021924410983196
toy_2,Double triangle,Constant bias,4.0,2,A,0.029119924574133017,0.14083437744300845,0.20676716227127853,0.0028021924410983196
toy_2,Double triangle,Constant bias,4.0,2,B,0.045358169581621616,0.14083437744300845,0.32206745544053506,0.0028021924410983196
toy_2,Double triangle,Constant bias,4.0,2,C,0.045358169581621616,0.14083437744300845,0.32206745544053506,0.0028021924410983196
toy_2,Double triangle,Constant bias,4.0,2,D,0.02099811370563221,0.14083437744300845,0.14909792684765147,0.0028021924410983196
toy_2,Double triangle,Constant bias,4.1000000000000005,1,A,0.031166297888870105,0.149580623513054,0.20835785516130167,0.002741799917318863
toy_2,Double triangle,Constant bias,4.1000000000000005,1,B,0.04799420403502866,0.149580623513054,0.3208584301083634,0.002741799917318863
toy_2,Double triangle,Constant bias,4.1000000000000005,1,C,0.04799420403502866,0.149580623513054,0.3208584301083634,0.002741799917318863
toy_2,Double triangle,Constant bias,4.1000000000000005,1,D,0.022425917554126606,0.149580623513054,0.14992528462197163,0.002741799917318863
toy_2,Double triangle,Constant bias,4.1000000000000005,2,A,0.027595003766973793,0.13420646424827926,0.20561605524398283,0.002741799917318863
toy_2,Double triangle,Constant bias,4.1000000000000005,2,B,0.04321087161512783,0.13420646424827926,0.32197310209431185,0.002741799917318863
toy_2,Double triangle,Constant bias,4.1000000000000005,2,C,0.04321087161512783,0.13420646424827926,0.32197310209431185,0.002741799917318863
toy_2,Double triangle,Constant bias,4.1000000000000005,2,D,0.020189717251049823,0.13420646424827926,0.15043774056739362,0.002741799917318863
toy_2,Double triangle,Constant bias,4.2,1,A,0.02954131468309282,0.14257778395774712,0.20719437392747933,0.002680106844657734
toy_2,Double triangle,Constant bias,4.2,1,B,0.045741525307069535,0.14257778395774712,0.3208180407729231,0.002680106844657734
toy_2,Double triangle,Constant bias,4.2,1,C,0.045741525307069535,0.14257778395774712,0.3208180407729231,0.002680106844657734
toy_2,Double triangle,Constant bias,4.2,1,D,0.021553418660515206,0.14257778395774712,0.15116954452667433,0.002680106844657734
toy_2,Double triangle,Constant bias,4.2,2,A,0.02615558871973003,0.12789126691654162,0.20451426708282167,0.002680106844657734
toy_2,Double triangle,Constant bias,4.2,2,B,0.04116609302091993,0.12789126691654162,0.3218835344541845,0.002680106844657734
toy_2,Double triangle,Constant bias,4.2,2,C,0.04116609302091993,0.12789126691654162,0.3218835344541845,0.002680106844657734
toy_2,Double triangle,Constant bias,4.2,2,D,0.019403492154971728,0.12789126691654162,0.15171866400880932,0.002680106844657734
toy_2,Double triangle,Constant bias,4.3,1,A,0.028005987166775395,0.1359005505041045,0.20607706931937375,0.0026174011202223513
toy_2,Double triangle,Constant bias,4.3,1,B,0.043594248491669714,0.1359005505041045,0.32078051435378896,0.0026174011202223513
toy_2,Double triangle,Constant bias,4.3,1,C,0.043594248491669714,0.1359005505041045,0.32078051435378896,0.0026174011202223513
toy_2,Double triangle,Constant bias,4.3,1,D,0.020706066353989673,0.1359005505041045,0.15236190197304833,0.0026174011202223513
toy_2,Double triangle,Constant bias,4.3,2,A,0.02479642626372317,0.12187391478222512,0.20345966819915137,0.0026174011202223513
toy_2,Double triangle,Constant bias,4.3,2,B,0.03921884602030638,0.12187391478222512,0.3217985250608058,0.0026174011202223513
toy_2,Double triangle,Constant bias,4.3,2,C,0.03921884602030638,0.12187391478222512,0.3217985250608058,0.0026174011202223513
toy_2,Double triangle,Constant bias,4.3,2,D,0.018639796477889176,0.12187391478222512,0.15294328167923696,0.0026174011202223513
toy_2,Double triangle,Constant bias,4.4,1,A,0.0265550211933938,0.1295340549669085,0.20500416821026482,0.002553947158712655
toy_2,Double triangle,Constant bias,4.4,1,B,0.04154748365746927,0.1295340549669085,0.3207456422798099,0.002553947158712655
toy_2,Double triangle,Constant bias,4.4,1,C,0.04154748365746927,0.1295340549669085,0.3207456422798099,0.002553947158712655
toy_2,Double triangle,Constant bias,4.4,1,D,0.01988406645857617,0.1295340549669085,0.1535045472301154,0.002553947158712655
toy_2,Double triangle,Constant bias,4.4,2,A,0.023512621386316147,0.1161402603770379,0.20245022105155216,0.002553947158712655
toy_2,Double triangle,Constant bias,4.4,2,B,0.037364395545916064,0.1161402603770379,0.321717855846166,0.002553947158712655
toy_2,Double triangle,Constant bias,4.4,2,C,0.037364395545916064,0.1161402603770379,0.321717855846166,0.002553947158712655
toy_2,Double triangle,Constant bias,4.4,2,D,0.017898847898889618,0.1161402603770379,0.1541140672561158,0.002553947158712655
toy_2,Double triangle,Constant bias,4.5,1,A,0.0251834567084983,0.12346407498793484,0.2039739633651269,0.0024899870514145245
toy_2,Double triangle,Constant bias,4.5,1,B,0.039596562477751854,0.12346407498793484,0.3207132316151181,0.0024899870514145245
toy_2,Double triangle,Constant bias,4.5,1,C,0.039596562477751854,0.12346407498793484,0.3207132316151181,0.0024899870514145245
toy_2,Double triangle,Constant bias,4.5,1,D,0.019087493323932836,0.12346407498793484,0.15459957340463698,0.0024899870514145245
toy_2,Double triangle,Constant bias,4.5,2,A,0.022299610239390456,0.11067684213592133,0.20148397631371237,0.0024899870514145245
toy_2,Double triangle,Constant bias,4.5,2,B,0.035598245364517084,0.11067684213592133,0.32164131789014333,0.0024899870514145245
toy_2,Double triangle,Constant bias,4.5,2,C,0.035598245364517084,0.11067684213592133,0.32164131789014333,0.0024899870514145245
toy_2,Double triangle,Constant bias,4.5,2,D,0.017180741167496717,0.11067684213592133,0.15523338790600105,0.0024899870514145245
toy_2,Double triangle,Constant bias,4.6000000000000005,1,A,0.02388664564396229,0.11767701010069095,0.20298481091186424,0.0024257417405170872
toy_2,Double triangle,Constant bias,4.6000000000000005,1,B,0.037737028850587634,0.11767701010069095,0.32068310384753784,0.0024257417405170872
toy_2,Double triangle,Constant bias,4.6000000000000005,1,C,0.037737028850587634,0.11767701010069095,0.32068310384753784,0.0024257417405170872
toy_2,Double triangle,Constant bias,4.6000000000000005,1,D,0.018316306755553402,0.11767701010069095,0.1556489813930602,0.0024257417405170872
toy_2,Double triangle,Constant bias,4.6000000000000005,2,A,0.021153135359151816,0.10547084929417823,0.20055906917134708,0.0024257417405170872
toy_2,Double triangle,Constant bias,4.6000000000000005,2,B,0.03391612507312498,0.10547084929417823,0.32156871116612007,0.0024257417405170872
toy_2,Double triangle,Constant bias,4.6000000000000005,2,C,0.03391612507312498,0.10547084929417823,0.32156871116612007,0.0024257417405170872
toy_2,Double triangle,Constant bias,4.6000000000000005,2,D,0.016485463788776456,0.10547084929417823,0.15630350849641275,0.0024257417405170872
toy_2,Double triangle,Constant bias,4.7,1,A,0.022660231290080317,0.11215985814328758,0.2020351279432896,0.0023614121944972866
toy_2,Double triangle,Constant bias,4.7,1,B,0.03596462983073262,0.11215985814328758,0.3206550937750539,0.0023614121944972866
toy_2,Double triangle,Constant bias,4.7,1,C,0.03596462983073262,0.11215985814328758,0.3206550937750539,0.0023614121944972866
toy_2,Double triangle,Constant bias,4.7,1,D,0.01757036719174201,0.11215985814328758,0.15665468450660253,0.0023614121944972866
toy_2,Double triangle,Constant bias,4.7,2,A,0.02006922290408178,0.1005100888157492,0.19967371574879236,0.0023614121944972866
toy_2,Double triangle,Constant bias,4.7,2,B,0.03231397790268029,0.1005100888157492,0.32149984427848727,0.0023614121944972866
toy_2,Double triangle,Constant bias,4.7,2,C,0.03231397790268029,0.1005100888157492,0.32149984427848727,0.0023614121944972866
toy_2,Double triangle,Constant bias,4.7,2,D,0.01581291010630684,0.1005100888157492,0.15732659569423316,0.0023614121944972866
toy_2,Double triangle,Constant bias,4.800000000000001,1,A,0.021500129051657997,0.10690019209710776,0.20112339023794604,0.0022971805729627565
toy_2,Double triangle,Constant bias,4.800000000000001,1,B,0.034275306874628014,0.10690019209710776,0.32062904848190027,0.0022971805729627565
toy_2,Double triangle,Constant bias,4.800000000000001,1,C,0.034275306874628014,0.10690019209710776,0.32062904848190027,0.0022971805729627565
toy_2,Double triangle,Constant bias,4.800000000000001,1,D,0.016849449296193735,0.10690019209710776,0.15761851279825348,0.0022971805729627565
toy_2,Double triangle,Constant bias,4.800000000000001,2,A,0.019044161735579955,0.09578295420743999,0.1988262096649833,0.0022971805729627565
toy_2,Double triangle,Constant bias,4.800000000000001,2,B,0.030787949269441287,0.09578295420743999,0.3214345341944968,0.0022971805729627565
toy_2,Double triangle,Constant bias,4.800000000000001,2,C,0.030787949269441287,0.09578295420743999,0.3214345341944968,0.0022971805729627565
toy_2,Double triangle,Constant bias,4.800000000000001,2,D,0.015162893932977458,0.09578295420743999,0.15830472194602319,0.0022971805729627565
toy_2,Double triangle,Constant bias,4.9,1,A,0.02040250849916269,0.1018861374139084,0.20024813008935954,0.002233211371597807
toy_2,Double triangle,Constant bias,4.9,1,B,0.03266518739780852,0.1018861374139084,0.32060482639662247,0.002233211371597807
toy_2,Double triangle,Constant bias,4.9,1,C,0.03266518739780852,0.1018861374139084,0.32060482639662247,0.002233211371597807
toy_2,Double triangle,Constant bias,4.9,1,D,0.01615325411912866,0.1018861374139084,0.15854221711739552,0.002233211371597807
toy_2,Double triangle,Constant bias,4.9,2,A,0.018074484181879263,0.09127839608712265,0.19801491871776183,0.002233211371597807
toy_2,Double triangle,Constant bias,4.9,2,B,0.02933437601951758,0.09127839608712265,0.3213726059725978,0.002233211371597807
toy_2,Double triangle,Constant bias,4.9,2,C,0.02933437601951758,0.09127839608712265,0.3213726059725978,0.002233211371597807
toy_2,Double triangle,Constant bias,4.9,2,D,0.014535159866208243,0.09127839608712265,0.15923986933704273,0.002233211371597807
toy_2,Double triangle,Constant bias,5.0,1,A,0.019363776630838773,0.09710634988102829,0.19940793423460645,0.0021696525397809363
toy_2,Double triangle,Constant bias,5.0,1,B,0.031130576642326522,0.09710634988102829,0.32058229642517455,0.0021696525397809363
toy_2,Double triangle,Constant bias,5.0,1,C,0.031130576642326522,0.09710634988102829,0.32058229642517455,0.0021696525397809363
toy_2,Double triangle,Constant bias,5.0,1,D,0.015481419965536465,0.09710634988102829,0.15942747291504442,0.0021696525397809363
toy_2,Double triangle,Constant bias,5.0,2,A,0.01715694834032414,0.0869858943857056,0.19723828169482546,0.0021696525397809363
toy_2,Double triangle,Constant bias,5.0,2,B,0.027949776316717308,0.0869858943857056,0.32131389248910563,0.0021696525397809363
toy_2,Double triangle,Constant bias,5.0,2,C,0.027949776316717308,0.0869858943857056,0.32131389248910563,0.0021696525397809363
toy_2,Double triangle,Constant bias,5.0,2,D,0.013929393411946836,0.0869858943857056,0.16013393332696313,0.0021696525397809363
toy_2,Double triangle,Constant bias,5.1000000000000005,1,A,0.01838056226641107,0.0925499940632547,0.1986014418742004,0.0021066365650810603
toy_2,Double triangle,Constant bias,5.1000000000000005,1,B,0.029667949850395718,0.0925499940632547,0.32056133715274693,0.0021066365650810603
toy_2,Double triangle,Constant bias,5.1000000000000005,1,C,0.029667949850395718,0.0925499940632547,0.32056133715274693,0.0021066365650810603
toy_2,Double triangle,Constant bias,5.1000000000000005,1,D,0.014833532096052208,0.0925499940632547,0.16027588382030586,0.0021066365650810603
toy_2,Double triangle,Constant bias,5.1000000000000005,2,A,0.01628852178623696,0.08289543207319085,0.19649480530911934,0.0021066365650810603
toy_2,Double triangle,Constant bias,5.1000000000000005,2,B,0.026630840128161172,0.08289543207319085,0.32125823416479704,0.0021066365650810603
toy_2,Double triangle,Constant bias,5.1000000000000005,2,C,0.026630840128161172,0.08289543207319085,0.32125823416479704,0.0021066365650810603
toy_2,Double triangle,Constant bias,5.1000000000000005,2,D,0.013345230030631549,0.08289543207319085,0.1609887263612867,0.0021066365650810603
toy_2,Double triangle,Constant bias,5.2,1,A,0.017449701497575625,0.08820672235035415,0.1978273427762795,0.002044281520218752
toy_2,Double triangle,Constant bias,5.2,1,B,0.02827394473930327,0.08820672235035415,0.32054183610859166,0.002044281520218752
toy_2,Double triangle,Constant bias,5.2,1,C,0.02827394473930327,0.08820672235035415,0.32054183610859166,0.002044281520218752
toy_2,Double triangle,Constant bias,5.2,1,D,0.01420913137417198,0.08820672235035415,0.1610889850065371,0.002044281520218752
toy_2,Double triangle,Constant bias,5.2,2,A,0.015466366568490073,0.07899747030853665,0.19578306125606076,0.002044281520218752
toy_2,Double triangle,Constant bias,5.2,2,B,0.02537442026597337,0.07899747030853665,0.3212054786927949,0.002044281520218752
toy_2,Double triangle,Constant bias,5.2,2,C,0.02537442026597337,0.07899747030853665,0.3212054786927949,0.002044281520218752
toy_2,Double triangle,Constant bias,5.2,2,D,0.012782263208099838,0.07899747030853665,0.16180598135834934,0.002044281520218752
toy_2,Double triangle,Constant bias,5.300000000000001,1,A,0.016568224124894476,0.08406665463111743,0.19708437545891969,0.0019826920692513905
toy_2,Double triangle,Constant bias,5.300000000000001,1,B,0.02694535427170535,0.08406665463111743,0.320523689088628,0.0019826920692513905
toy_2,Double triangle,Constant bias,5.300000000000001,1,C,0.02694535427170535,0.08406665463111743,0.320523689088628,0.0019826920692513905
toy_2,Double triangle,Constant bias,5.300000000000001,1,D,0.013607721962812243,0.08406665463111743,0.16186824636382424,0.0019826920692513905
toy_2,Double triangle,Constant bias,5.300000000000001,2,A,0.014687825382675195,0.07528292492146173,0.1951016833896683,0.0019826920692513905
toy_2,Double triangle,Constant bias,5.300000000000001,2,B,0.02417752394684184,0.07528292492146173,0.3211554807689106,0.0019826920692513905
toy_2,Double triangle,Constant bias,5.300000000000001,2,C,0.02417752394684184,0.07528292492146173,0.3211554807689106,0.0019826920692513905
toy_2,Double triangle,Constant bias,5.300000000000001,2,D,0.012240051645102843,0.07528292492146173,0.16258735507251043,0.0019826920692513905
toy_2,Double triangle,Constant bias,5.4,1,A,0.01573334101495748,0.08012035860782166,0.19637132544513514,0.001921960430723249
toy_2,Double triangle,Constant bias,5.4,1,B,0.025679119714674487,0.08012035860782166,0.3205067995310694,0.001921960430723249
toy_2,Double triangle,Constant bias,5.4,1,C,0.025679119714674487,0.08012035860782166,0.3205067995310694,0.001921960430723249
toy_2,Double triangle,Constant bias,5.4,1,D,0.01302877816351521,0.08012035860782166,0.16261507549272614,0.001921960430723249
toy_2,Double triangle,Constant bias,5.4,2,A,0.013950408822526579,0.07174314414188304,0.19444936501441185,0.001921960430723249
toy_2,Double triangle,Constant bias,5.4,2,B,0.023037304834387984,0.07174314414188304,0.3211081018254259,0.001921960430723249
toy_2,Double triangle,Constant bias,5.4,2,C,0.023037304834387984,0.07174314414188304,0.3211081018254259,0.001921960430723249
toy_2,Double triangle,Constant bias,5.4,2,D,0.011718125650580495,0.07174314414188304,0.16333443133473644,0.001921960430723249
toy_2,Double triangle,Constant bias,5.5,1,A,0.014942432315738417,0.0763588307591068,0.19568702358576037,0.0018621672963376606
toy_2,Double triangle,Constant bias,5.5,1,B,0.024472323980280465,0.0763588307591068,0.32049107794073733,0.0018621672963376606
toy_2,Double triangle,Constant bias,5.5,1,C,0.024472323980280465,0.0763588307591068,0.32049107794073733,0.0018621672963376606
toy_2,Double triangle,Constant bias,5.5,1,D,0.012471750482807444,0.0763588307591068,0.16333082053276496,0.0018621672963376606
toy_2,Double triangle,Constant bias,5.5,2,A,0.013251783619105964,0.06836988749945548,0.1938248562894228,0.0018621672963376606
toy_2,Double triangle,Constant bias,5.5,2,B,0.021951055532130562,0.06836988749945548,0.32106320976914565,0.0018621672963376606
toy_2,Double triangle,Constant bias,5.5,2,C,0.021951055532130562,0.06836988749945548,0.32106320976914565,0.0018621672963376606
toy_2,Double triangle,Constant bias,5.5,2,D,0.011215992816088403,0.06836988749945548,0.16404872417228608,0.0018621672963376606
toy_2,Double triangle,Constant bias,5.6000000000000005,1,A,0.014193036471954253,0.0727734779542814,0.1950303444459638,0.0018033827043961725
toy_2,Double triangle,Constant bias,5.6000000000000005,1,B,0.023322185240040257,0.0727734779542814,0.32047644135810016,0.0018033827043961725
toy_2,Double triangle,Constant bias,5.6000000000000005,1,C,0.023322185240040257,0.0727734779542814,0.32047644135810016,0.0018033827043961725
toy_2,Double triangle,Constant bias,5.6000000000000005,1,D,0.01193607100224663,0.0727734779542814,0.1640167728378359,0.0018033827043961725
toy_2,Double triangle,Constant bias,5.6000000000000005,2,A,0.012589761785287024,0.06515530582178933,0.19322696174156762,0.0018033827043961725
toy_2,Double triangle,Constant bias,5.6000000000000005,2,B,0.020916200497407243,0.06515530582178933,0.3210206787244089,0.0018033827043961725
toy_2,Double triangle,Constant bias,5.6000000000000005,2,C,0.020916200497407243,0.06515530582178933,0.3210206787244089,0.0018033827043961725
toy_2,Double triangle,Constant bias,5.6000000000000005,2,D,0.010733143041687819,0.06515530582178933,0.16473168080961453,0.0018033827043961725
toy_2,Double triangle,Constant bias,5.7,1,A,0.013482839985928387,0.06935609971787499,0.1944002047516159,0.0017456668678102888
toy_2,Double triangle,Constant bias,5.7,1,B,0.022226050805242134,0.06935609971787499,0.32046281286941897,0.0017456668678102888
toy_2,Double triangle,Constant bias,5.7,1,C,0.022226050805242134,0.06935609971787499,0.32046281286941897,0.0017456668678102888
toy_2,Double triangle,Constant bias,5.7,1,D,0.011421158121462334,0.06935609971787499,0.1646741695095462,0.0017456668678102888
toy_2,Double triangle,Constant bias,5.7,2,A,0.011962290590361394,0.062091922265418556,0.19265453788380563,0.0017456668678102888
toy_2,Double triangle,Constant bias,5.7,2,B,0.019930289348952537,0.062091922265418556,0.3209803887816258,0.0017456668678102888
toy_2,Double triangle,Constant bias,5.7,2,C,0.019930289348952537,0.062091922265418556,0.3209803887816258,0.0017456668678102888
toy_2,Double triangle,Constant bias,5.7,2,D,0.010269052977152093,0.062091922265418556,0.16538468455294278,0.0017456668678102888
toy_2,Double triangle,Constant bias,5.800000000000001,1,A,0.012809667872964529,0.06609887113974791,0.19379556189215402,0.001689070956951616
toy_2,Double triangle,Constant bias,5.800000000000001,1,B,0.021181391264920676,0.06609887113974791,0.3204501211546933,0.001689070956951616
toy_2,Double triangle,Constant bias,5.800000000000001,1,C,0.021181391264920676,0.06609887113974791,0.3204501211546933,0.001689070956951616
toy_2,Double triangle,Constant bias,5.800000000000001,1,D,0.010926420736942034,0.06609887113974791,0.16530419579845954,0.001689070956951616
toy_2,Double triangle,Constant bias,5.800000000000001,2,A,0.01136744329620083,0.05917261431856081,0.19210649093520238,0.001689070956951616
toy_2,Double triangle,Constant bias,5.800000000000001,2,B,0.01899099054295154,0.05917261431856081,0.3209422257517967,0.001689070956951616
toy_2,Double triangle,Constant bias,5.800000000000001,2,C,0.01899099054295154,0.05917261431856081,0.3209422257517967,0.001689070956951616
toy_2,Double triangle,Constant bias,5.800000000000001,2,D,0.009823189936456903,0.05917261431856081,0.1660090575612043,0.001689070956951616
toy_2,Double triangle,Constant bias,5.9,1,A,0.012171474763557939,0.062994326423161,0.19321541247693821,0.0016336378379807753
toy_2,Double triangle,Constant bias,5.9,1,B,0.020185794873116225,0.062994326423161,0.3204383000703783,0.0016336378379807753
toy_2,Double triangle,Constant bias,5.9,1,C,0.020185794873116225,0.062994326423161,0.3204383000703783,0.0016336378379807753
toy_2,Double triangle,Constant bias,5.9,1,D,0.010451261913370612,0.062994326423161,0.16590798738230522,0.0016336378379807753
toy_2,Double triangle,Constant bias,5.9,2,A,0.01080341059241478,0.05639059671920352,0.19158177463895742,0.0016336378379807753
toy_2,Double triangle,Constant bias,5.9,2,B,0.01809608539431599,0.05639059671920352,0.3209060809273803,0.0016336378379807753
toy_2,Double triangle,Constant bias,5.9,2,C,0.01809608539431599,0.05639059671920352,0.3209060809273803,0.0016336378379807753
toy_2,Double triangle,Constant bias,5.9,2,D,0.009395015338156757,0.05639059671920352,0.166606063506282,0.0016336378379807753
toy_2,Double triangle,Constant bias,6.0,1,A,0.011566336607908454,0.06003534306081026,0.1926587909424091,0.0015794027675954808
toy_2,Double triangle,Constant bias,6.0,1,B,0.019236962176980607,0.06003534306081026,0.3204272882641037,0.0015794027675954808
toy_2,Double triangle,Constant bias,6.0,1,C,0.019236962176980607,0.06003534306081026,0.3204272882641037,0.0015794027675954808
toy_2,Double triangle,Constant bias,6.0,1,D,0.009995082098940587,0.06003534306081026,0.16648663252938345,0.0015794027675954808
toy_2,Double triangle,Constant bias,6.0,2,A,0.010268492673396171,0.05373940523611991,0.19107938817481368,0.0015794027675954808
toy_2,Double triangle,Constant bias,6.0,2,B,0.01724346242168066,0.05373940523611991,0.3208718508497894,0.0015794027675954808
toy_2,Double triangle,Constant bias,6.0,2,C,0.01724346242168066,0.05373940523611991,0.3208718508497894,0.0015794027675954808
toy_2,Double triangle,Constant bias,6.0,2,D,0.008983987719362424,0.05373940523611991,0.1671769101256076,0.0015794027675954808
toy_2,Double triangle,Constant bias,6.1000000000000005,1,A,0.010992442941159947,0.05721512662688491,0.19212476820762098,0.00152639404536907
toy_2,Double triangle,Constant bias,6.1000000000000005,1,B,0.018332700877280866,0.05721512662688491,0.3204170288188523,0.00152639404536907
toy_2,Double triangle,Constant bias,6.1000000000000005,1,C,0.018332700877280866,0.05721512662688491,0.3204170288188523,0.00152639404536907
toy_2,Double triangle,Constant bias,6.1000000000000005,1,D,0.009557281931163227,0.05721512662688491,0.16704117415467434,0.00152639404536907
toy_2,Double triangle,Constant bias,6.1000000000000005,2,A,0.009761091905105563,0.05121288126411914,0.19059837416225198,0.00152639404536907
toy_2,Double triangle,Constant bias,6.1000000000000005,2,B,0.01643111199621551,0.05121288126411914,0.32083943708372265,0.00152639404536907
toy_2,Double triangle,Constant bias,6.1000000000000005,2,C,0.01643111199621551,0.05121288126411914,0.32083943708372265,0.00152639404536907
toy_2,Double triangle,Constant bias,6.1000000000000005,2,D,0.008589565366582558,0.05121288126411914,0.16772275167030282,0.00152639404536907
toy_2,Double triangle,Constant bias,6.2,1,A,0.010448089670578975,0.054527196171641826,0.19161245037596036,0.0014746336250387043
toy_2,Double triangle,Constant bias,6.2,1,B,0.017470920912893026,0.054527196171641826,0.32040746892427224,0.0014746336250387043
toy_2,Double triangle,Constant bias,6.2,1,C,0.017470920912893026,0.054527196171641826,0.32040746892427224,0.0014746336250387043
toy_2,Double triangle,Constant bias,6.2,1,D,0.009137264675276802,0.054527196171641826,0.16757261177549518,0.0014746336250387043
toy_2,Double triangle,Constant bias,6.2,2,A,0.00927970603394916,0.04880515718819614,0.19013781675092156,0.0014746336250387043
toy_2,Double triangle,Constant bias,6.2,2,B,0.01565712127580384,0.04880515718819614,0.32080874599847864,0.0014746336250387043
toy_2,Double triangle,Constant bias,6.2,2,C,0.01565712127580384,0.04880515718819614,0.32080874599847864,0.0014746336250387043
toy_2,Double triangle,Constant bias,6.2,2,D,0.008211208602639294,0.04880515718819614,0.168244691252121,0.0014746336250387043
toy_2,Double triangle,Constant bias,6.300000000000001,1,A,0.009931672348506684,0.051965370203754996,0.1911209774810577,0.0014241376862306754
toy_2,Double triangle,Constant bias,6.300000000000001,1,B,0.016649629760960048,0.051965370203754996,0.32039855957298563,0.0014241376862306754
toy_2,Double triangle,Constant bias,6.300000000000001,1,C,0.016649629760960048,0.051965370203754996,0.32039855957298563,0.0014241376862306754
toy_2,Double triangle,Constant bias,6.300000000000001,1,D,0.00873443833332822,0.051965370203754996,0.16808190337297113,0.0014241376862306754
toy_2,Double triangle,Constant bias,6.300000000000001,2,A,0.008822921894204371,0.04651064247431373,0.18969683979482707,0.0014241376862306754
toy_2,Double triangle,Constant bias,6.300000000000001,2,B,0.014919669407465721,0.04651064247431373,0.3207796885563418,0.0014241376862306754
toy_2,Double triangle,Constant bias,6.300000000000001,2,C,0.014919669407465721,0.04651064247431373,0.3207796885563418,0.0014241376862306754
toy_2,Double triangle,Constant bias,6.300000000000001,2,D,0.007848381765177926,0.04651064247431373,0.1687437830924895,0.0014241376862306754
toy_2,Double triangle,Constant bias,6.4,1,A,0.009441679897380545,0.04952375324475121,0.19064952227507562,0.0013749171682111566
toy_2,Double triangle,Constant bias,6.4,1,B,0.015866927944506316,0.04952375324475121,0.3203902552799343,0.0013749171682111566
toy_2,Double triangle,Constant bias,6.4,1,C,0.015866927944506316,0.04952375324475121,0.3203902552799343,0.0013749171682111566
toy_2,Double triangle,Constant bias,6.4,1,D,0.008348217458358028,0.04952375324475121,0.16856996716505562,0.0013749171682111566
toy_2,Double triangle,Constant bias,6.4,2,A,0.008389409574174974,0.0443240104473514,0.1892746051068645,0.0013749171682111566
toy_2,Double triangle,Constant bias,6.4,2,B,0.01421702298212135,0.0443240104473514,0.32075218010808165,0.0013749171682111566
toy_2,Double triangle,Constant bias,6.4,2,C,0.01421702298212135,0.0443240104473514,0.32075218010808165,0.0013749171682111566
toy_2,Double triangle,Constant bias,6.4,2,D,0.0075005549089337265,0.0443240104473514,0.16922103467697214,0.0013749171682111566
toy_2,Double triangle,Constant bias,6.5,1,A,0.008976688755431088,0.047196722939134364,0.1901972890577078,0.0013269782673176467
toy_2,Double triangle,Constant bias,6.5,1,B,0.01512100473944573,0.047196722939134364,0.3203825138229622,0.0013269782673176467
toy_2,Double triangle,Constant bias,6.5,1,C,0.01512100473944573,0.047196722939134364,0.3203825138229622,0.0013269782673176467
toy_2,Double triangle,Constant bias,6.5,1,D,0.007978024704811824,0.047196722939134364,0.16903768329636806,0.0013269782673176467
toy_2,Double triangle,Constant bias,6.5,2,A,0.007977917004651013,0.04224018571931604,0.18887031079039,0.0013269782673176467
toy_2,Double triangle,Constant bias,6.5,2,B,0.013547531726900307,0.04224018571931604,0.3207261401955709,0.0013269782673176467
toy_2,Double triangle,Constant bias,6.5,2,C,0.013547531726900307,0.04224018571931604,0.3207261401955709,0.0013269782673176467
toy_2,Double triangle,Constant bias,6.5,2,D,0.007167205260864407,0.04224018571931604,0.16967740881846813,0.0013269782673176467
toy_2,Double triangle,Constant bias,6.6000000000000005,1,A,0.008535357413822421,0.04497891770330517,0.18976351254434964,0.0012803228997577965
toy_2,Double triangle,Constant bias,6.6000000000000005,1,B,0.014410134073090046,0.04497891770330517,0.3203752960029794,0.0012803228997577965
toy_2,Double triangle,Constant bias,6.6000000000000005,1,C,0.014410134073090046,0.04497891770330517,0.3203752960029794,0.0012803228997577965
toy_2,Double triangle,Constant bias,6.6000000000000005,1,D,0.007623292143302658,0.04497891770330517,0.1694858954496915,0.0012803228997577965
toy_2,Double triangle,Constant bias,6.6000000000000005,2,A,0.007587264936338438,0.04025433223326258,0.18848318964459188,0.0012803228997577965
toy_2,Double triangle,Constant bias,6.6000000000000005,2,B,0.012909624421222309,0.04025433223326258,0.32070149236148426,0.0012803228997577965
toy_2,Double triangle,Constant bias,6.6000000000000005,2,C,0.012909624421222309,0.04025433223326258,0.32070149236148426,0.0012803228997577965
toy_2,Double triangle,Constant bias,6.6000000000000005,2,D,0.0068478184544795255,0.04025433223326258,0.17011382563243965,0.0012803228997577965
toy_2,Double triangle,Constant bias,6.7,1,A,0.008116421318029598,0.042865224896059706,0.1893474567720204,0.001234949131481422
toy_2,Double triangle,Constant bias,6.7,1,B,0.013732670606450257,0.042865224896059706,0.32036856542219155,0.001234949131481422
toy_2,Double triangle,Constant bias,6.7,1,C,0.013732670606450257,0.042865224896059706,0.32036856542219155,0.001234949131481422
toy_2,Double triangle,Constant bias,6.7,1,D,0.007283462365129594,0.042865224896059706,0.16991541238359653,0.001234949131481422
toy_2,Double triangle,Constant bias,6.7,2,A,0.007216342275737409,0.03836184189052966,0.188112507640539,0.001234949131481422
toy_2,Double triangle,Constant bias,6.7,2,B,0.012301805023809752,0.03836184189052966,0.3206781639660186,0.001234949131481422
toy_2,Double triangle,Constant bias,6.7,2,C,0.012301805023809752,0.03836184189052966,0.3206781639660186,0.001234949131481422
toy_2,Double triangle,Constant bias,6.7,2,D,0.00654188956717275,0.03836184189052966,0.17053116442742386,0.001234949131481422
toy_2,Double triangle,Constant bias,6.800000000000001,1,A,0.007718688108138662,0.04085076949328002,0.18894841404170834,0.0011908515768318945
toy_2,Double triangle,Constant bias,6.800000000000001,1,B,0.013087045992824786,0.04085076949328002,0.320362288278991,0.0011908515768318945
toy_2,Double triangle,Constant bias,6.800000000000001,1,C,0.013087045992824786,0.04085076949328002,0.320362288278991,0.0011908515768318945
toy_2,Double triangle,Constant bias,6.800000000000001,1,D,0.006957989399491781,0.04085076949328002,0.17032700940030945,0.0011908515768318945
toy_2,Double triangle,Constant bias,6.800000000000001,2,A,0.006864101751512629,0.036558323730883996,0.18775756246487652,0.0011908515768318945
toy_2,Double triangle,Constant bias,6.800000000000001,2,B,0.011722648998651658,0.036558323730883996,0.32065608601054424,0.0011908515768318945
toy_2,Double triangle,Constant bias,6.800000000000001,2,C,0.011722648998651658,0.036558323730883996,0.32065608601054424,0.0011908515768318945
toy_2,Double triangle,Constant bias,6.800000000000001,2,D,0.006248923982068045,0.036558323730883996,0.17093026551403492,0.0011908515768318945
toy_2,Double triangle,Constant bias,6.9,1,A,0.007341033174523592,0.03893090324938551,0.18856570389590085,0.0011480217676562987
toy_2,Double triangle,Constant bias,6.9,1,B,0.012471765305379913,0.03893090324938551,0.3203564331782302,0.0011480217676562987
toy_2,Double triangle,Constant bias,6.9,1,C,0.012471765305379913,0.03893090324938551,0.3203564331782302,0.0011480217676562987
toy_2,Double triangle,Constant bias,6.9,1,D,0.0066463394641020895,0.03893090324938551,0.17072142974763876,0.0011480217676562987
toy_2,Double triangle,Constant bias,6.9,2,A,0.006529555885736577,0.03483959363700054,0.18741768212824453,0.0011480217676562987
toy_2,Double triangle,Constant bias,6.9,2,B,0.011170799828729072,0.03483959363700054,0.32063519296807746,0.0011480217676562987
toy_2,Double triangle,Constant bias,6.9,2,C,0.011170799828729072,0.03483959363700054,0.32063519296807746,0.0011480217676562987
toy_2,Double triangle,Constant bias,6.9,2,D,0.005968438093805817,0.03483959363700054,0.17131193193560051,0.0011480217676562987
toy_2,Double triangle,Constant bias,7.0,1,A,0.006982395507004439,0.03710119432817473,0.1881986721301312,0.0011064484945332437
toy_2,Double triangle,Constant bias,7.0,1,B,0.01188540362664647,0.03710119432817473,0.3203509709556889,0.0011064484945332437
toy_2,Double triangle,Constant bias,7.0,1,C,0.01188540362664647,0.03710119432817473,0.3203509709556889,0.0011064484945332437
toy_2,Double triangle,Constant bias,7.0,1,D,0.006347991567877352,0.03710119432817473,0.1710993859584912,0.0011064484945332437
toy_2,Double triangle,Constant bias,7.0,2,A,0.006211773246517898,0.03320166453639813,0.18709222363559788,0.0011064484945332437
toy_2,Double triangle,Constant bias,7.0,2,B,0.01064496570703958,0.03320166453639813,0.32061542262044657,0.0011064484945332437
toy_2,Double triangle,Constant bias,7.0,2,C,0.01064496570703958,0.03320166453639813,0.32061542262044657,0.0011064484945332437
toy_2,Double triangle,Constant bias,7.0,2,D,0.005699959875801073,0.03320166453639813,0.17167693112350899,0.0011064484945332437
toy_2,Double triangle,Constant bias,7.1000000000000005,1,A,0.006641773817130698,0.0353574173858389,0.18784668983744313,0.0010661181217302557
toy_2,Double triangle,Constant bias,7.1000000000000005,1,B,0.011326602793081387,0.0353574173858389,0.3203458745156494,0.0010661181217302557
toy_2,Double triangle,Constant bias,7.1000000000000005,1,C,0.011326602793081387,0.0353574173858389,0.3203458745156494,0.0010661181217302557
toy_2,Double triangle,Constant bias,7.1000000000000005,1,D,0.006062437982545429,0.0353574173858389,0.17146156113125824,0.0010661181217302557
toy_2,Double triangle,Constant bias,7.1000000000000005,2,A,0.0059098749604720256,0.03164073707551918,0.18678057171571286,0.0010661181217302557
toy_2,Double triangle,Constant bias,7.1000000000000005,2,B,0.010143916395130397,0.03164073707551918,0.32059671590200933,0.0010661181217302557
toy_2,Double triangle,Constant bias,7.1000000000000005,2,C,0.010143916395130397,0.03164073707551918,0.32059671590200933,0.0010661181217302557
toy_2,Double triangle,Constant bias,7.1000000000000005,2,D,0.0054430293247863665,0.03164073707551918,0.1720259964802686,0.0010661181217302557
toy_2,Double triangle,Constant bias,7.2,1,A,0.006318222914668454,0.03369554408915124,0.18750915248472558,0.0010270148774594728
toy_2,Double triangle,Constant bias,7.2,1,B,0.010794068288069362,0.03369554408915124,0.32034111868057547,0.0010270148774594728
toy_2,Double triangle,Constant bias,7.2,1,C,0.010794068288069362,0.03369554408915124,0.32034111868057547,0.0010270148774594728
toy_2,Double triangle,Constant bias,7.2,1,D,0.005789184598344062,0.03369554408915124,0.17180861015412338,0.0010270148774594728
toy_2,Double triangle,Constant bias,7.2,2,A,0.00562303146526549,0.030153190742094924,0.18648213760726617,0.0010270148774594728
toy_2,Double triangle,Constant bias,7.2,2,B,0.009666480239968966,0.030153190742094924,0.32057901674976697,0.0010270148774594728
toy_2,Double triangle,Constant bias,7.2,2,C,0.009666480239968966,0.030153190742094924,0.32057901674976697,0.0010270148774594728
toy_2,Double triangle,Constant bias,7.2,2,D,0.005197198796891501,0.030153190742094924,0.17235982889319992,0.0010270148774594728
toy_2,Double triangle,Constant bias,7.300000000000001,1,A,0.006010850320706728,0.032111734052120935,0.18718547901992605,0.0009891211209483997
toy_2,Double triangle,Constant bias,7.300000000000001,1,B,0.01028656627696823,0.032111734052120935,0.32033668005197047,0.0009891211209483997
toy_2,Double triangle,Constant bias,7.300000000000001,1,C,0.01028656627696823,0.032111734052120935,0.32033668005197047,0.0009891211209483997
toy_2,Double triangle,Constant bias,7.300000000000001,1,D,0.005527751177477745,0.032111734052120935,0.1721411608761329,0.0009891211209483997
toy_2,Double triangle,Constant bias,7.300000000000001,2,A,0.005350459484085697,0.028735575413288326,0.18619635789897768,0.0009891211209483997
toy_2,Double triangle,Constant bias,7.300000000000001,2,B,0.00921154134055335,0.028735575413288326,0.3205622719597121,0.0009891211209483997
toy_2,Double triangle,Constant bias,7.300000000000001,2,C,0.00921154134055335,0.028735575413288326,0.3205622719597121,0.0009891211209483997
toy_2,Double triangle,Constant bias,7.300000000000001,2,D,0.00496203324809593,0.028735575413288326,0.17267909818159807,0.0009891211209483997
toy_2,Double triangle,Constant bias,7.4,1,A,0.005718813101042866,0.030602326174734303,0.18687511100918844,0.0009524175877805713
toy_2,Double triangle,Constant bias,7.4,1,B,0.009802920778029725,0.030602326174734303,0.32033253688156393,0.0009524175877805713
toy_2,Double triangle,Constant bias,7.4,1,C,0.009802920778029725,0.030602326174734303,0.32033253688156393,0.0009524175877805713
toy_2,Double triangle,Constant bias,7.4,1,D,0.005277671517631985,0.030602326174734303,0.17245981522768367,0.0009524175877805713
toy_2,Double triangle,Constant bias,7.4,2,A,0.005091419205367737,0.027384603308363495,0.18592269342140785,0.0009524175877805713
toy_2,Double triangle,Constant bias,7.4,2,B,0.008778036856195071,0.027384603308363495,0.3205464310492379,0.0009524175877805713
toy_2,Double triangle,Constant bias,7.4,2,C,0.008778036856195071,0.027384603308363495,0.3205464310492379,0.0009524175877805713
toy_2,Double triangle,Constant bias,7.4,2,D,0.004737110390605613,0.027384603308363495,0.17298444448011627,0.0009524175877805713
toy_2,Double triangle,Constant bias,7.5,1,A,0.005441314904664641,0.029163830367776134,0.18657751180300683,0.0009168836149067855
toy_2,Double triangle,Constant bias,7.5,1,B,0.009342010963252866,0.029163830367776134,0.3203286689520418,0.0009168836149067855
toy_2,Double triangle,Constant bias,7.5,1,C,0.009342010963252866,0.029163830367776134,0.3203286689520418,0.0009168836149067855
toy_2,Double triangle,Constant bias,7.5,1,D,0.005038493536605761,0.029163830367776134,0.17276515029290948,0.0009168836149067855
toy_2,Double triangle,Constant bias,7.5,2,A,0.004845211652461687,0.02609714132580017,0.1856606281881001,0.0009168836149067855
toy_2,Double triangle,Constant bias,7.5,2,B,0.00836495444889853,0.02609714132580017,0.3205314461254331,0.0009168836149067855
toy_2,Double triangle,Constant bias,7.5,2,C,0.00836495444889853,0.02609714132580017,0.3205314461254331,0.0009168836149067855
toy_2,Double triangle,Constant bias,7.5,2,D,0.004522020775541423,0.02609714132580017,0.17327647956103376,0.0009168836149067855
toy_2,Double triangle,Constant bias,7.6000000000000005,1,A,0.005177603193224134,0.0277929196481288,0.18629216573051632,0.000882497346661848
toy_2,Double triangle,Constant bias,7.6000000000000005,1,B,0.008902768583451372,0.0277929196481288,0.32032505746659706,0.000882497346661848
toy_2,Double triangle,Constant bias,7.6000000000000005,1,C,0.008902768583451372,0.0277929196481288,0.32032505746659706,0.000882497346661848
toy_2,Double triangle,Constant bias,7.6000000000000005,1,D,0.004809779288001921,0.0277929196481288,0.17305771933628955,0.000882497346661848
toy_2,Double triangle,Constant bias,7.6000000000000005,2,A,0.004611176229159862,0.02487020374586574,0.18540966838385445,0.000882497346661848
toy_2,Double triangle,Constant bias,7.6000000000000005,2,B,0.00797132985271739,0.02487020374586574,0.32051727175908207,0.000882497346661848
toy_2,Double triangle,Constant bias,7.6000000000000005,2,C,0.00797132985271739,0.02487020374586574,0.32051727175908207,0.000882497346661848
toy_2,Double triangle,Constant bias,7.6000000000000005,2,D,0.004316367811271097,0.02487020374586574,0.17355578809798136,0.000882497346661848
toy_2,Double triangle,Constant bias,7.7,1,A,0.004926966648399728,0.02648642258937162,0.18601857732107635,0.0008492359230627411
toy_2,Double triangle,Constant bias,7.7,1,B,0.008484175512036066,0.02648642258937162,0.3203216849466325,0.0008492359230627411
toy_2,Double triangle,Constant bias,7.7,1,C,0.008484175512036066,0.02648642258937162,0.3203216849466325,0.0008492359230627411
toy_2,Double triangle,Constant bias,7.7,1,D,0.00459110491689976,0.02648642258937162,0.17333805278565864,0.0008492359230627411
toy_2,Double triangle,Constant bias,7.7,2,A,0.004388688428133456,0.02370094528067774,0.1851693413980136,0.0008492359230627411
toy_2,Double triangle,Constant bias,7.7,2,B,0.00759624456339185,0.02370094528067774,0.3205038648641879,0.0008492359230627411
toy_2,Double triangle,Constant bias,7.7,2,C,0.00759624456339185,0.02370094528067774,0.3205038648641879,0.0008492359230627411
toy_2,Double triangle,Constant bias,7.7,2,D,0.004119767725760582,0.02370094528067774,0.17382292887361053,0.0008492359230627411
toy_2,Double triangle,Constant bias,7.800000000000001,1,A,0.004688732744973254,0.025241316112945923,0.1857562705523294,0.0008170756515957639
toy_2,Double triangle,Constant bias,7.800000000000001,1,B,0.008085261402228826,0.025241316112945923,0.3203185351370013,0.0008170756515957639
toy_2,Double triangle,Constant bias,7.800000000000001,1,C,0.008085261402228826,0.025241316112945923,0.3203185351370013,0.0008170756515957639
toy_2,Double triangle,Constant bias,7.800000000000001,1,D,0.004382060563515015,0.025241316112945923,0.1736066591736679,0.0008170756515957639
toy_2,Double triangle,Constant bias,7.800000000000001,2,A,0.004177157690361685,0.022586654454745406,0.18493919490073368,0.0008170756515957639
toy_2,Double triangle,Constant bias,7.800000000000001,2,B,0.007238823641964467,0.022586654454745406,0.32049118458283254,0.0008170756515957639
toy_2,Double triangle,Constant bias,7.800000000000001,2,C,0.007238823641964467,0.022586654454745406,0.32049118458283254,0.0008170756515957639
toy_2,Double triangle,Constant bias,7.800000000000001,2,D,0.003931849480454787,0.022586654454745406,0.17407843593360126,0.0008170756515957639
toy_2,Double triangle,Constant bias,7.9,1,A,0.004462265478314327,0.024054718605607622,0.18550478812394366,0.0007859921636453188
toy_2,Double triangle,Constant bias,7.9,1,B,0.007705101452636075,0.024054718605607622,0.32031559291821715,0.0007859921636453188
toy_2,Double triangle,Constant bias,7.9,1,C,0.007705101452636075,0.024054718605607622,0.32031559291821715,0.0007859921636453188
toy_2,Double triangle,Constant bias,7.9,1,D,0.004182250222021145,0.024054718605607622,0.17386402603962206,0.0007859921636453188
toy_2,Double triangle,Constant bias,7.9,2,A,0.0039760254045827555,0.021524747299875878,0.18471879596029836,0.0007859921636453188
toy_2,Double triangle,Constant bias,7.9,2,B,0.006898233626439371,0.021524747299875878,0.3204791921751922,0.0007859921636453188
toy_2,Double triangle,Constant bias,7.9,2,C,0.006898233626439371,0.021524747299875878,0.3204791921751922,0.0007859921636453188
toy_2,Double triangle,Constant bias,7.9,2,D,0.0037522546424143812,0.021524747299875878,0.17432281968931726,0.0007859921636453188
toy_2,Double triangle,Constant bias,8.0,1,A,0.004246963235766764,0.022923883349349673,0.18526369075627172,0.0007559605566474642
toy_2,Double triangle,Constant bias,8.0,1,B,0.007342814276314822,0.022923883349349673,0.32031284422510947,0.0007559605566474642
toy_2,Double triangle,Constant bias,8.0,1,C,0.007342814276314822,0.022923883349349673,0.32031284422510947,0.0007559605566474642
toy_2,Double triangle,Constant bias,8.0,1,D,0.003991291560953262,0.022923883349349673,0.17411062079350928,0.0007559605566474642
toy_2,Double triangle,Constant bias,8.0,2,A,0.003784763036661857,0.020512761349169555,0.18450773019962427,0.0007559605566474642
toy_2,Double triangle,Constant bias,8.0,2,B,0.006573680545890859,0.020512761349169555,0.320467850914523,0.0007559605566474642
toy_2,Double triangle,Constant bias,8.0,2,C,0.006573680545890859,0.020512761349169555,0.320467850914523,0.0007559605566474642
toy_2,Double triangle,Constant bias,8.0,2,D,0.00358063722072598,0.020512761349169555,0.17455656797132968,0.0007559605566474642
toy_2,Double triangle,Constant bias,8.1,1,A,0.004042256802178067,0.021846192250443864,0.18503255651318082,0.000726955522997938
toy_2,Double triangle,Constant bias,8.1,1,B,0.006997559868664833,0.021846192250443864,0.3203102759714412,0.000726955522997938
toy_2,Double triangle,Constant bias,8.1,1,C,0.006997559868664833,0.021846192250443864,0.3203102759714412,0.000726955522997938
toy_2,Double triangle,Constant bias,8.1,1,D,0.003808815710936134,0.021846192250443864,0.17434689154393704,0.000726955522997938
toy_2,Double triangle,Constant bias,8.1,2,A,0.0036028703795647895,0.01954834991562031,0.18430560099018276,0.000726955522997938
toy_2,Double triangle,Constant bias,8.1,2,B,0.0062644080317466435,0.01954834991562031,0.3204571259869358,0.000726955522997938
toy_2,Double triangle,Constant bias,8.1,2,C,0.0062644080317466435,0.01954834991562031,0.3204571259869358,0.000726955522997938
toy_2,Double triangle,Constant bias,8.1,2,D,0.003416663472562232,0.01954834991562031,0.17478014703594558,0.000726955522997938
toy_2,Double triangle,Constant bias,8.200000000000001,1,A,0.0038476074905051693,0.020819149854717046,0.18481098014832759,0.0006989514666803781
toy_2,Double triangle,Constant bias,8.200000000000001,1,B,0.006668537669674585,0.020819149854717046,0.32030787598004046,0.0006989514666803781
toy_2,Double triangle,Constant bias,8.200000000000001,1,C,0.006668537669674585,0.020819149854717046,0.32030787598004046,0.0006989514666803781
toy_2,Double triangle,Constant bias,8.200000000000001,1,D,0.003634467024862708,0.020819149854717046,0.17457326789159155,0.0006989514666803781
toy_2,Double triangle,Constant bias,8.200000000000001,2,A,0.0034298739153525585,0.018629276641578058,0.18411202868164714,0.0006989514666803781
toy_2,Double triangle,Constant bias,8.200000000000001,2,B,0.0059696955212684335,0.018629276641578058,0.32044698439578,0.0006989514666803781
toy_2,Double triangle,Constant bias,8.200000000000001,2,C,0.0059696955212684335,0.018629276641578058,0.32044698439578,0.0006989514666803781
toy_2,Double triangle,Constant bias,8.200000000000001,2,D,0.003260011683688632,0.018629276641578058,0.17499400252679276,0.0006989514666803781
toy_2,Double triangle,Constant bias,8.3,1,A,0.0036625053890723754,0.019840377636640604,0.1845985724741737,0.0006719226085262486
toy_2,Double triangle,Constant bias,8.3,1,B,0.006354984716237038,0.019840377636640604,0.3203056329180371,0.0006719226085262486
toy_2,Double triangle,Constant bias,8.3,1,C,0.006354984716237038,0.019840377636640604,0.3203056329180371,0.0006719226085262486
toy_2,Double triangle,Constant bias,8.3,1,D,0.0034679028150941525,0.019840377636640604,0.1747901616897521,0.0006719226085262486
toy_2,Double triangle,Constant bias,8.3,2,A,0.0032653252812785147,0.017753410306030865,0.18392664986564738,0.0006719226085262486
toy_2,Double triangle,Constant bias,8.3,2,B,0.005688856548530901,0.017753410306030865,0.3204373948704597,0.0006719226085262486
toy_2,Double triangle,Constant bias,8.3,2,C,0.005688856548530901,0.017753410306030865,0.3204373948704597,0.0006719226085262486
toy_2,Double triangle,Constant bias,8.3,2,D,0.003110371927690546,0.017753410306030865,0.1751985603934331,0.0006719226085262486
toy_2,Double triangle,Constant bias,8.4,1,A,0.0034864677176536327,0.018907608550270724,0.18439495975305203,0.0006458430809635762
toy_2,Double triangle,Constant bias,8.4,1,B,0.0060561738804332365,0.018907608550270724,0.32030353623681945,0.0006458430809635762
toy_2,Double triangle,Constant bias,8.4,1,C,0.0060561738804332365,0.018907608550270724,0.32030353623681945,0.0006458430809635762
toy_2,Double triangle,Constant bias,8.4,1,D,0.003308793071750617,0.018907608550270724,0.17499796777330895,0.0006458430809635762
toy_2,Double triangle,Constant bias,8.4,2,A,0.003108799832680486,0.016918719877322342,0.1837491166720885,0.0006458430809635762
toy_2,Double triangle,Constant bias,8.4,2,B,0.005421237118460336,0.016918719877322342,0.3204283277795089,0.0006458430809635762
toy_2,Double triangle,Constant bias,8.4,2,C,0.005421237118460336,0.016918719877322342,0.3204283277795089,0.0006458430809635762
toy_2,Double triangle,Constant bias,8.4,2,D,0.0029674458077211833,0.016918719877322342,0.17539422776889366,0.0006458430809635762
toy_2,Double triangle,Constant bias,8.5,1,A,0.003319037285104874,0.018018681830530483,0.18419978310961493,0.0006206870130557041
toy_2,Double triangle,Constant bias,8.5,1,B,0.005771412189858176,0.018018681830530483,0.32030157611636245,0.0006206870130557041
toy_2,Double triangle,Constant bias,8.5,1,C,0.005771412189858176,0.018018681830530483,0.32030157611636245,0.0006206870130557041
toy_2,Double triangle,Constant bias,8.5,1,D,0.0031568201657092565,0.018018681830530483,0.17519706465766022,0.0006206870130557041
toy_2,Double triangle,Constant bias,8.5,2,A,0.0029598952959209437,0.016123269799542386,0.18357909609655929,0.0006206870130557041
toy_2,Double triangle,Constant bias,8.5,2,B,0.005166214159738234,0.016123269799542386,0.3204197550477548,0.0006206870130557041
toy_2,Double triangle,Constant bias,8.5,2,C,0.005166214159738234,0.016123269799542386,0.3204197550477548,0.0006206870130557041
toy_2,Double triangle,Constant bias,8.5,2,D,0.002830946184144978,0.016123269799542386,0.17558139380793134,0.0006206870130557041
toy_2,Double triangle,Constant bias,8.6,1,A,0.003159781041785299,0.017171538033768242,0.18401269796400962,0.0005964286065851532
toy_2,Double triangle,Constant bias,8.6,1,B,0.0055000392262328475,0.017171538033768242,0.32029974341360035,0.0005964286065851532
toy_2,Double triangle,Constant bias,8.6,1,C,0.0055000392262328475,0.017171538033768242,0.32029974341360035,0.0005964286065851532
toy_2,Double triangle,Constant bias,8.6,1,D,0.003011678539517247,0.017171538033768242,0.17538781520878963,0.0005964286065851532
toy_2,Double triangle,Constant bias,8.6,2,A,0.002818230505142482,0.015365215501415405,0.18341626935742447,0.0005964286065851532
toy_2,Double triangle,Constant bias,8.6,2,B,0.004923194052603411,0.015365215501415405,0.32041165007740363,0.0005964286065851532
toy_2,Double triangle,Constant bias,8.6,2,C,0.004923194052603411,0.015365215501415405,0.32041165007740363,0.0005964286065851532
toy_2,Double triangle,Constant bias,8.6,2,D,0.002700596891066101,0.015365215501415405,0.1757604304877682,0.0005964286065851532
toy_2,Double triangle,Constant bias,8.700000000000001,1,A,0.003008288720482786,0.016364214306962648,0.18383337348514306,0.0005730422038837113
toy_2,Double triangle,Constant bias,8.700000000000001,1,B,0.0052414255987102915,0.016364214306962648,0.3202980296145455,0.0005730422038837113
toy_2,Double triangle,Constant bias,8.700000000000001,1,C,0.0052414255987102915,0.016364214306962648,0.3202980296145455,0.0005730422038837113
toy_2,Double triangle,Constant bias,8.700000000000001,1,D,0.0028730743890592802,0.016364214306962648,0.175570567285766,0.0005730422038837113
toy_2,Double triangle,Constant bias,8.700000000000001,2,A,0.0026834442170782674,0.014642799117065019,0.18326033128125935,0.0005730422038837113
toy_2,Double triangle,Constant bias,8.700000000000001,2,B,0.004691611227800672,0.014642799117065019,0.32040398767288775,0.0005730422038837113
toy_2,Double triangle,Constant bias,8.700000000000001,2,C,0.004691611227800672,0.014642799117065019,0.32040398767288775,0.0005730422038837113
toy_2,Double triangle,Constant bias,8.700000000000001,2,D,0.002576132444385409,0.014642799117065019,0.17593169337296524,0.0005730422038837113
toy_2,Double triangle,Constant bias,8.8,1,A,0.002864171560000432,0.015594839875369734,0.1836614920634141,0.0005505023480699284
toy_2,Double triangle,Constant bias,8.8,1,B,0.004994971488441155,0.015594839875369734,0.320296426789873,0.0005505023480699284
toy_2,Double triangle,Constant bias,8.8,1,C,0.004994971488441155,0.015594839875369734,0.320296426789873,0.0005505023480699284
toy_2,Double triangle,Constant bias,8.8,1,D,0.002740725338486992,0.015594839875369734,0.1757456543568398,0.0005505023480699284
toy_2,Double triangle,Constant bias,8.8,2,A,0.0025551939985909203,0.013954345408558525,0.18311098971534417,0.0005505023480699284
toy_2,Double triangle,Constant bias,8.8,2,B,0.004470926833125295,0.013954345408558525,0.3203967439693138,0.0005505023480699284
toy_2,Double triangle,Constant bias,8.8,2,C,0.004470926833125295,0.013954345408558525,0.3203967439693138,0.0005505023480699284
toy_2,Double triangle,Constant bias,8.8,2,D,0.0024572977437170144,0.013954345408558525,0.17609552234602824,0.0005505023480699284
toy_2,Double triangle,Constant bias,8.9,1,A,0.002727061105970819,0.01486163173882106,0.18349674880230551,0.000528783836306751
toy_2,Double triangle,Constant bias,8.9,1,B,0.004760105261115723,0.01486163173882106,0.32029492755371775,0.000528783836306751
toy_2,Double triangle,Constant bias,8.9,1,C,0.004760105261115723,0.01486163173882106,0.32029492755371775,0.000528783836306751
toy_2,Double triangle,Constant bias,8.9,1,D,0.002614360110618794,0.01486163173882106,0.17591339609025902,0.000528783836306751
toy_2,Double triangle,Constant bias,8.9,2,A,0.0024331551820119196,0.013298257880629962,0.18296796496599874,0.000528783836306751
toy_2,Double triangle,Constant bias,8.9,2,B,0.004260627464201602,0.013298257880629962,0.3203898963643626,0.000528783836306751
toy_2,Double triangle,Constant bias,8.9,2,C,0.004260627464201602,0.013298257880629962,0.3203898963643626,0.000528783836306751
toy_2,Double triangle,Constant bias,8.9,2,D,0.0023438477702148386,0.013298257880629962,0.17625224230527603,0.000528783836306751
toy_2,Double triangle,Constant bias,9.0,1,A,0.0025966080838448428,0.014162890567285364,0.18333885102824324,0.0005078617666525592
toy_2,Double triangle,Constant bias,9.0,1,B,0.004536282144345434,0.014162890567285364,0.3202935250254436,0.0005078617666525592
toy_2,Double triangle,Constant bias,9.0,1,C,0.004536282144345434,0.014162890567285364,0.3202935250254436,0.0005078617666525592
toy_2,Double triangle,Constant bias,9.0,1,D,0.002493718194749653,0.014162890567285364,0.1760740989208695,0.0005078617666525592
toy_2,Double triangle,Constant bias,9.0,2,A,0.0023170198837202515,0.012673015078450998,0.1828309892615907,0.0005078617666525592
toy_2,Double triangle,Constant bias,9.0,2,B,0.004060223956311816,0.012673015078450998,0.3203834234534889,0.0005078617666525592
toy_2,Double triangle,Constant bias,9.0,2,C,0.004060223956311816,0.012673015078450998,0.3203834234534889,0.0005078617666525592
toy_2,Double triangle,Constant bias,9.0,2,D,0.0022355472821071146,0.012673015078450998,0.17640216383143148,0.0005078617666525592
toy_2,Double triangle,Constant bias,9.1,1,A,0.002472481339354261,0.013496996786695714,0.18318751781814457,0.0004877115790385689
toy_2,Double triangle,Constant bias,9.1,1,B,0.004322982966886555,0.013496996786695714,0.3202922127941687,0.0004877115790385689
toy_2,Double triangle,Constant bias,9.1,1,C,0.004322982966886555,0.013496996786695714,0.3202922127941687,0.0004877115790385689
toy_2,Double triangle,Constant bias,9.1,1,D,0.0023785495135683434,0.013496996786695714,0.17622805659351803,0.0004877115790385689
toy_2,Double triangle,Constant bias,9.1,2,A,0.0022064960817360204,0.01207716705976304,0.18269980623910595,0.0004877115790385689
toy_2,Double triangle,Constant bias,9.1,2,B,0.0038692502342585556,0.01207716705976304,0.3203773049682789,0.0004877115790385689
toy_2,Double triangle,Constant bias,9.1,2,C,0.0038692502342585556,0.01207716705976304,0.3203773049682789,0.0004877115790385689
toy_2,Double triangle,Constant bias,9.1,2,D,0.0021321705095099074,0.01207716705976304,0.1765455838243362,0.0004877115790385689
toy_2,Double triangle,Constant bias,9.200000000000001,1,A,0.002354366842074228,0.01286240684642329,0.1830424795440923,0.0004683090908717824
toy_2,Double triangle,Constant bias,9.200000000000001,1,B,0.004119712956843291,0.01286240684642329,0.32029098488584035,0.0004683090908717824
toy_2,Double triangle,Constant bias,9.200000000000001,1,C,0.004119712956843291,0.01286240684642329,0.32029098488584035,0.0004683090908717824
toy_2,Double triangle,Constant bias,9.200000000000001,1,D,0.0022686140906624797,0.01286240684642329,0.176375550684227,0.0004683090908717824
toy_2,Double triangle,Constant bias,9.200000000000001,2,A,0.0021013067484149913,0.011509332033105918,0.18257417045322055,0.0004683090908717824
toy_2,Double triangle,Constant bias,9.200000000000001,2,B,0.003687262217401872,0.011509332033105918,0.3203715217178268,0.0004683090908717824
toy_2,Double triangle,Constant bias,9.200000000000001,2,C,0.003687262217401872,0.011509332033105918,0.3203715217178268,0.0004683090908717824
toy_2,Double triangle,Constant bias,9.200000000000001,2,D,0.002033500849887183,0.011509332033105918,0.17668278611112592,0.0004683090908717824
toy_2,Double triangle,Constant bias,9.3,1,A,0.002241966748015266,0.012257649660144539,0.1829034774345826,0.000449630527718875
toy_2,Double triangle,Constant bias,9.3,1,B,0.003926000596116385,0.012257649660144539,0.32028983573267594,0.000449630527718875
toy_2,Double triangle,Constant bias,9.3,1,C,0.003926000596116385,0.012257649660144539,0.32028983573267594,0.000449630527718875
toy_2,Double triangle,Constant bias,9.3,1,D,0.002163681719896502,0.012257649660144539,0.17651685110006549,0.000449630527718875
toy_2,Double triangle,Constant bias,9.3,2,A,0.0020011890346156537,0.010968193154278574,0.18245384690686373,0.000449630527718875
toy_2,Double triangle,Constant bias,9.3,2,B,0.0035138367771602157,0.010968193154278574,0.32036605553299413,0.000449630527718875
toy_2,Double triangle,Constant bias,9.3,2,C,0.0035138367771602157,0.010968193154278574,0.32036605553299413,0.000449630527718875
toy_2,Double triangle,Constant bias,9.3,2,D,0.0019393305653424885,0.010968193154278574,0.17681404202714798,0.000449630527718875
toy_2,Double triangle,Constant bias,9.4,1,A,0.0021349985174554838,0.01168132321220166,0.1827702631518134,0.00043165254950824905
toy_2,Double triangle,Constant bias,9.4,1,B,0.0037413965284866573,0.01168132321220166,0.32028876014479274,0.00043165254950824905
toy_2,Double triangle,Constant bias,9.4,1,C,0.0037413965284866573,0.01168132321220166,0.32028876014479274,0.00043165254950824905
toy_2,Double triangle,Constant bias,9.4,1,D,0.002063531637772862,0.01168132321220166,0.17665221655860114,0.00043165254950824905
toy_2,Double triangle,Constant bias,9.4,2,A,0.0019058935019732473,0.010452495473545924,0.18233861060230513,0.00043165254950824905
toy_2,Double triangle,Constant bias,9.4,2,B,0.0033485707444044746,0.010452495473545924,0.32036088921342526,0.00043165254950824905
toy_2,Double triangle,Constant bias,9.4,2,C,0.0033485707444044746,0.010452495473545924,0.32036088921342526,0.00043165254950824905
toy_2,Double triangle,Constant bias,9.4,2,D,0.0018494604827637268,0.010452495473545924,0.17693961097084432,0.00043165254950824905
toy_2,Double triangle,Constant bias,9.5,1,A,0.0020331940844848803,0.011132091321898173,0.18264259838448693,0.000414352272638141
toy_2,Double triangle,Constant bias,9.5,1,B,0.0035654725188416195,0.011132091321898173,0.3202877532838688,0.000414352272638141
toy_2,Double triangle,Constant bias,9.5,1,C,0.0035654725188416195,0.011132091321898173,0.3202877532838688,0.000414352272638141
toy_2,Double triangle,Constant bias,9.5,1,D,0.001967952199730054,0.011132091321898173,0.1767818950477754,0.000414352272638141
toy_2,Double triangle,Constant bias,9.5,2,A,0.0018151834001577534,0.009961043026467055,0.18222824611184876,0.000414352272638141
toy_2,Double triangle,Constant bias,9.5,2,B,0.0031910799643064527,0.009961043026467055,0.3203560064771904,0.000414352272638141
toy_2,Double triangle,Constant bias,9.5,2,C,0.0031910799643064527,0.009961043026467055,0.3203560064771904,0.000414352272638141
toy_2,Double triangle,Constant bias,9.5,2,D,0.001763699697696396,0.009961043026467055,0.1770597409337703,0.000414352272638141
toy_2,Double triangle,Constant bias,9.600000000000001,1,A,0.0019362990749756284,0.010608680558498985,0.18252025445562045,0.00039770728836752145
toy_2,Double triangle,Constant bias,9.600000000000001,1,B,0.0033978204611662625,0.010608680558498985,0.3202868106386849,0.00039770728836752145
toy_2,Double triangle,Constant bias,9.600000000000001,1,C,0.0033978204611662625,0.010608680558498985,0.3202868106386849,0.00039770728836752145
toy_2,Double triangle,Constant bias,9.600000000000001,1,D,0.001876740561190832,0.010608680558498985,0.17690612426700977,0.00039770728836752145
toy_2,Double triangle,Constant bias,9.600000000000001,2,A,0.0017288339862160385,0.009492696061560994,0.18212254716725296,0.00039770728836752145
toy_2,Double triangle,Constant bias,9.600000000000001,2,B,0.0030409983963275472,0.009492696061560994,0.32035139191293993,0.00039770728836752145
toy_2,Double triangle,Constant bias,9.600000000000001,2,C,0.0030409983963275472,0.009492696061560994,0.32035139191293993,0.00039770728836752145
toy_2,Double triangle,Constant bias,9.600000000000001,2,D,0.001681865282689862,0.009492696061560994,0.1771746690068673,0.00039770728836752145
toy_2,Double triangle,Constant bias,9.700000000000001,1,A,0.001844072069916986,0.010109877300021719,0.1824030119448655,0.00038169567782392333
toy_2,Double triangle,Constant bias,9.700000000000001,1,B,0.003238051433027961,0.010109877300021719,0.32028592800241057,0.00038169567782392333
toy_2,Double triangle,Constant bias,9.700000000000001,1,C,0.003238051433027961,0.010109877300021719,0.32028592800241057,0.00038169567782392333
toy_2,Double triangle,Constant bias,9.700000000000001,1,D,0.0017897023640488108,0.010109877300021719,0.17702513205031342,0.00038169567782392333
toy_2,Double triangle,Constant bias,9.700000000000001,2,A,0.0016466318833045163,0.009046368398351542,0.18202131626704157,0.00038169567782392333
toy_2,Double triangle,Constant bias,9.700000000000001,2,B,0.002897977257151153,0.009046368398351542,0.3203470309344501,0.00038169567782392333
toy_2,Double triangle,Constant bias,9.700000000000001,2,C,0.002897977257151153,0.009046368398351542,0.3203470309344501,0.00038169567782392333
toy_2,Double triangle,Constant bias,9.700000000000001,2,D,0.0016037820007447196,0.009046368398351542,0.17728462186405827,0.00038169567782392333
toy_2,Double triangle,Constant bias,9.8,1,A,0.0017562839112618737,0.009634524929209486,0.18229066032485497,0.00036629602394860905
toy_2,Double triangle,Constant bias,9.8,1,B,0.003085794794388937,0.009634524929209486,0.32028510145150735,0.00036629602394860905
toy_2,Double triangle,Constant bias,9.8,1,C,0.003085794794388937,0.009634524929209486,0.32028510145150735,0.00036629602394860905
toy_2,Double triangle,Constant bias,9.8,1,D,0.001706651429169737,0.009634524929209486,0.1771391367721302,0.00036629602394860905
toy_2,Double triangle,Constant bias,9.8,2,A,0.0015683744763086956,0.008621024909640878,0.1819243643009064,0.00036629602394860905
toy_2,Double triangle,Constant bias,9.8,2,B,0.0027616842044734225,0.008621024909640878,0.3203429097374531,0.00036629602394860905
toy_2,Double triangle,Constant bias,9.8,2,C,0.0027616842044734225,0.008621024909640878,0.3203429097374531,0.00036629602394860905
toy_2,Double triangle,Constant bias,9.8,2,D,0.0015292820243853365,0.008621024909640878,0.1773898162241873,0.00036629602394860905
toy_2,Double triangle,Constant bias,9.9,1,A,0.0016727170476257998,0.009181521160368833,0.1821829976111066,0.0003514874206676788
toy_2,Double triangle,Constant bias,9.9,1,B,0.0029406973286793714,0.009181521160368833,0.3202843273261312,0.0003514874206676788
toy_2,Double triangle,Constant bias,9.9,1,C,0.0029406973286793714,0.009181521160368833,0.3202843273261312,0.0003514874206676788
toy_2,Double triangle,Constant bias,9.9,1,D,0.0016274094553842908,0.009181521160368833,0.17724834773663103,0.0003514874206676788
toy_2,Double triangle,Constant bias,9.9,2,A,0.001493869342021563,0.008215679122155331,0.1818315101904389,0.0003514874206676788
toy_2,Double triangle,Constant bias,9.9,2,B,0.0026318025596722174,0.008215679122155331,0.3203390152586413,0.0003514874206676788
toy_2,Double triangle,Constant bias,9.9,2,C,0.0026318025596722174,0.008215679122155331,0.3203390152586413,0.0003514874206676788
toy_2,Double triangle,Constant bias,9.9,2,D,0.0014582046607893337,0.008215679122155331,0.17749045929227855,0.0003514874206676788
toy_2,Double triangle,Constant bias,10.0,1,A,0.0015931649173583002,0.008749815491036806,0.18207983002502362,0.00033724947955930673
toy_2,Double triangle,Constant bias,10.0,1,B,0.0028024224241589685,0.008749815491036806,0.32028360221192465,0.00033724947955930673
toy_2,Double triangle,Constant bias,10.0,1,C,0.0028024224241589685,0.008749815491036806,0.32028360221192465,0.00033724947955930673
toy_2,Double triangle,Constant bias,10.0,1,D,0.001551805725360568,0.008749815491036806,0.17735296555112698,0.00033724947955930673
toy_2,Double triangle,Constant bias,10.0,2,A,0.0014229337117147554,0.007829390929985155,0.18174258054546438,0.00033724947955930673
toy_2,Double triangle,Constant bias,10.0,2,B,0.0025080305674733813,0.007829390929985155,0.32033533513674434,0.00033724947955930673
toy_2,Double triangle,Constant bias,10.0,2,C,0.0025080305674733813,0.007829390929985155,0.32033533513674434,0.00033724947955930673
toy_2,Double triangle,Constant bias,10.0,2,D,0.0013903960833236378,0.007829390929985155,0.17758674918104697,0.00033724947955930673
toy_2,Double triangle,Full DMWA,0.0,1,A,0.3333333333333333,1.0,0.3333333333333333,0.0
toy_2,Double triangle,Full DMWA,0.0,1,B,0.3333333333333333,1.0,0.3333333333333333,0.0
toy_2,Double triangle,Full DMWA,0.0,1,C,0.3333333333333333,1.0,0.3333333333333333,0.0
toy_2,Double triangle,Full DMWA,0.0,1,D,0.0,1.0,0.0,0.0
toy_2,Double triangle,Full DMWA,0.0,2,A,0.3333333333333333,1.0,0.3333333333333333,0.0
toy_2,Double triangle,Full DMWA,0.0,2,B,0.3333333333333333,1.0,0.3333333333333333,0.0
toy_2,Double triangle,Full DMWA,0.0,2,C,0.3333333333333333,1.0,0.3333333333333333,0.0
toy_2,Double triangle,Full DMWA,0.0,2,D,0.0,1.0,0.0,0.0
toy_2,Double triangle,Full DMWA,0.1,1,A,0.31357315588544876,0.9589231887963956,0.32700549903171494,0.0011813363880795748
toy_2,Double triangle,Full DMWA,0.1,1,B,0.31865277235988543,0.9589231887963956,0.3323027079570851,0.0011813363880795748
toy_2,Double triangle,Full DMWA,0.1,1,C,0.31865277235988543,0.9589231887963956,0.3323027079570851,0.0011813363880795748
toy_2,Double triangle,Full DMWA,0.1,1,D,0.008044488191176032,0.9589231887963956,0.008389085054114889,0.0011813363880795748
toy_2,Double triangle,Full DMWA,0.1,2,A,0.3105027818100084,0.949769385425296,0.3269243950950986,0.0011813363880795748
toy_2,Double triangle,Full DMWA,0.1,2,B,0.3161719372792058,0.949769385425296,0.3328933761511249,0.0011813363880795748
toy_2,Double triangle,Full DMWA,0.1,2,C,0.3161719372792058,0.949769385425296,0.3328933761511249,0.0011813363880795748
toy_2,Double triangle,Full DMWA,0.1,2,D,0.006922729056876081,0.949769385425296,0.007288852602651707,0.0011813363880795748
toy_2,Double triangle,Full DMWA,0.2,1,A,0.2949895472848818,0.9190539157062304,0.32097088347445035,0.0021873519848265256
toy_2,Double triangle,Full DMWA,0.2,1,B,0.3045419737919397,0.9190539157062304,0.33136464421450174,0.0021873519848265256
toy_2,Double triangle,Full DMWA,0.2,1,C,0.3045419737919397,0.9190539157062304,0.33136464421450174,0.0021873519848265256
toy_2,Double triangle,Full DMWA,0.2,1,D,0.014980420837469177,0.9190539157062304,0.016299828096546155,0.0021873519848265256
toy_2,Double triangle,Full DMWA,0.2,2,A,0.2894221954025279,0.9023141423349403,0.3207554684376142,0.0021873519848265256
toy_2,Double triangle,Full DMWA,0.2,2,B,0.2999818440596175,0.9023141423349403,0.332458320206915,0.0021873519848265256
toy_2,Double triangle,Full DMWA,0.2,2,C,0.2999818440596175,0.9023141423349403,0.332458320206915,0.0021873519848265256
toy_2,Double triangle,Full DMWA,0.2,2,D,0.012928258813177513,0.9023141423349403,0.014327891148555804,0.0021873519848265256
toy_2,Double triangle,Full DMWA,0.30000000000000004,1,A,0.2775183846974209,0.880423511344633,0.31521010186742854,0.003038966505588825
toy_2,Double triangle,Full DMWA,0.30000000000000004,1,B,0.29098877011181573,0.880423511344633,0.3305099947494599,0.003038966505588825
toy_2,Double triangle,Full DMWA,0.30000000000000004,1,C,0.29098877011181573,0.880423511344633,0.3305099947494599,0.003038966505588825
toy_2,Double triangle,Full DMWA,0.30000000000000004,1,D,0.02092758642358076,0.880423511344633,0.023769908633651724,0.003038966505588825
toy_2,Double triangle,Full DMWA,0.30000000000000004,2,A,0.26994385463238035,0.857451131952316,0.31482127035945445,0.003038966505588825
toy_2,Double triangle,Full DMWA,0.30000000000000004,2,B,0.28469905175456955,0.857451131952316,0.3320294780022543,0.003038966505588825
toy_2,Double triangle,Full DMWA,0.30000000000000004,2,C,0.28469905175456955,0.857451131952316,0.3320294780022543,0.003038966505588825
toy_2,Double triangle,Full DMWA,0.30000000000000004,2,D,0.018109173810796547,0.857451131952316,0.02111977363603693,0.003038966505588825
toy_2,Double triangle,Full DMWA,0.4,1,A,0.2610978264868916,0.8430511125430785,0.3097058085829285,0.0037546426602221242
toy_2,Double triangle,Full DMWA,0.4,1,B,0.2779797916065903,0.8430511125430785,0.32973065033750965,0.0037546426602221242
toy_2,Double triangle,Full DMWA,0.4,1,C,0.2779797916065903,0.8430511125430785,0.32973065033750965,0.0037546426602221242
toy_2,Double triangle,Full DMWA,0.4,1,D,0.025993702843006304,0.8430511125430785,0.030832890742052213,0.0037546426602221242
toy_2,Double triangle,Full DMWA,0.4,2,A,0.25193348257897946,0.815012466103593,0.3091161093319488,0.0037546426602221242
toy_2,Double triangle,Full DMWA,0.4,2,B,0.27026463076843793,0.815012466103593,0.3316079716676207,0.0037546426602221242
toy_2,Double triangle,Full DMWA,0.4,2,C,0.27026463076843793,0.815012466103593,0.3316079716676207,0.0037546426602221242
toy_2,Double triangle,Full DMWA,0.4,2,D,0.022549721987737623,0.815012466103593,0.027667947332809775,0.0037546426602221242
toy_2,Double triangle,Full DMWA,0.5,1,A,0.24566844567189922,0.8069455398886317,0.30444241095353775,0.004350697704057202
toy_2,Double triangle,Full DMWA,0.5,1,B,0.26550073823982634,0.8069455398886317,0.3290194010818483,0.004350697704057202
toy_2,Double triangle,Full DMWA,0.5,1,C,0.26550073823982634,0.8069455398886317,0.3290194010818483,0.004350697704057202
toy_2,Double triangle,Full DMWA,0.5,1,D,0.0302756177370798,0.8069455398886317,0.0375187868827656,0.004350697704057202
toy_2,Double triangle,Full DMWA,0.5,2,A,0.23526894960976158,0.7748439587610881,0.30363397294332306,0.004350697704057202
toy_2,Double triangle,Full DMWA,0.5,2,B,0.2566242511596538,0.7748439587610881,0.33119474993387693,0.004350697704057202
toy_2,Double triangle,Full DMWA,0.5,2,C,0.2566242511596538,0.7748439587610881,0.33119474993387693,0.004350697704057202
toy_2,Double triangle,Full DMWA,0.5,2,D,0.02632650683201896,0.7748439587610881,0.033976527188923154,0.004350697704057202
toy_2,Double triangle,Full DMWA,0.6000000000000001,1,A,0.23117331527264512,0.7721069283418546,0.2994058294090218,0.004841569818853003
toy_2,Double triangle,Full DMWA,0.6000000000000001,1,B,0.25353661259700344,0.7721069283418546,0.32836981937396725,0.004841569818853003
toy_2,Double triangle,Full DMWA,0.6000000000000001,1,C,0.25353661259700344,0.7721069283418546,0.32836981937396725,0.004841569818853003
toy_2,Double triangle,Full DMWA,0.6000000000000001,1,D,0.03386038787520247,0.7721069283418546,0.04385453184304364,0.004841569818853003
toy_2,Double triangle,Full DMWA,0.6000000000000001,2,A,0.21983910863695225,0.73680375390717,0.29836860557668904,0.004841569818853003
toy_2,Double triangle,Full DMWA,0.6000000000000001,2,B,0.24372775899322574,0.73680375390717,0.3307906042833938,0.004841569818853003
toy_2,Double triangle,Full DMWA,0.6000000000000001,2,C,0.24372775899322574,0.73680375390717,0.3307906042833938,0.004841569818853003
toy_2,Double triangle,Full DMWA,0.6000000000000001,2,D,0.029509127283766326,0.73680375390717,0.04005018585652345,0.004841569818853003
toy_2,Double triangle,Full DMWA,0.7000000000000001,1,A,0.21755805392128538,0.7385281418387535,0.29458329560688007,0.0052400469893393725
toy_2,Double triangle,Full DMWA,0.7000000000000001,1,B,0.24207191890950996,0.7385281418387535,0.3277761607117779,0.0052400469893393725
toy_2,Double triangle,Full DMWA,0.7000000000000001,1,C,0.24207191890950996,0.7385281418387535,0.3277761607117779,0.0052400469893393725
toy_2,Double triangle,Full DMWA,0.7000000000000001,1,D,0.03682625009844824,0.7385281418387535,0.04986438296956421,0.0052400469893393725
toy_2,Double triangle,Full DMWA,0.7000000000000001,2,A,0.20554274725699223,0.7007611085980272,0.29331357681679837,0.0052400469893393725
toy_2,Double triangle,Full DMWA,0.7000000000000001,2,B,0.2315287963210682,0.7007611085980272,0.33039618420644756,0.0052400469893393725
toy_2,Double triangle,Full DMWA,0.7000000000000001,2,C,0.2315287963210682,0.7007611085980272,0.33039618420644756,0.0052400469893393725
toy_2,Double triangle,Full DMWA,0.7000000000000001,2,D,0.032160768698898556,0.7007611085980272,0.045894054770306496,0.0052400469893393725
toy_2,Double triangle,Full DMWA,0.8,1,A,0.20477083889097614,0.7061959989822812,0.28996318187313025,0.005557464533731512
toy_2,Double triangle,Full DMWA,0.8,1,B,0.23109083254116025,0.7061959989822812,0.32723327925135753,0.005557464533731512
toy_2,Double triangle,Full DMWA,0.8,1,C,0.23109083254116025,0.7061959989822812,0.32723327925135753,0.005557464533731512
toy_2,Double triangle,Full DMWA,0.8,1,D,0.03924349500898463,0.7061959989822812,0.05557025962415466,0.005557464533731512
toy_2,Double triangle,Full DMWA,0.8,2,A,0.19228764459923126,0.6665953126842695,0.2884623413040824,0.005557464533731512
toy_2,Double triangle,Full DMWA,0.8,2,B,0.2199844600075548,0.6665953126842695,0.3300120115182233,0.005557464533731512
toy_2,Double triangle,Full DMWA,0.8,2,C,0.2199844600075548,0.6665953126842695,0.3300120115182233,0.005557464533731512
toy_2,Double triangle,Full DMWA,0.8,2,D,0.03433874806992862,0.6665953126842695,0.05151363565947102,0.005557464533731512
toy_2,Double triangle,Full DMWA,0.9,1,A,0.19276239264422435,0.6750923335930841,0.2855348565703207,0.005803876273112962
toy_2,Double triangle,Full DMWA,0.9,1,B,0.22057734377633315,0.6750923335930841,0.3267365555795031,0.005803876273112962
toy_2,Double triangle,Full DMWA,0.9,1,C,0.22057734377633315,0.6750923335930841,0.3267365555795031,0.005803876273112962
toy_2,Double triangle,Full DMWA,0.9,1,D,0.0411752533961934,0.6750923335930841,0.06099203227067311,0.005803876273112962
toy_2,Double triangle,Full DMWA,0.9,2,A,0.17998972201848287,0.6341947289066528,0.2838082907576098,0.005803876273112962
toy_2,Double triangle,Full DMWA,0.9,2,B,0.2090549951594538,0.6341947289066528,0.3296384937160596,0.005803876273112962
toy_2,Double triangle,Full DMWA,0.9,2,C,0.2090549951594538,0.6341947289066528,0.3296384937160596,0.005803876273112962
toy_2,Double triangle,Full DMWA,0.9,2,D,0.03609501656926238,0.6341947289066528,0.056914721810271005,0.005803876273112962
toy_2,Double triangle,Full DMWA,1.0,1,A,0.18148594808933427,0.6451949109609211,0.2812885610319495,0.005988203403948764
toy_2,Double triangle,Full DMWA,1.0,1,B,0.21051537927072853,0.6451949109609211,0.32628183467411026,0.005988203403948764
toy_2,Double triangle,Full DMWA,1.0,1,C,0.21051537927072853,0.6451949109609211,0.32628183467411026,0.005988203403948764
toy_2,Double triangle,Full DMWA,1.0,1,D,0.042678204330129824,0.6451949109609211,0.06614776961983014,0.005988203403948764
toy_2,Double triangle,Full DMWA,1.0,2,A,0.16857227792976012,0.6034559390690423,0.27934479887598473,0.005988203403948764
toy_2,Double triangle,Full DMWA,1.0,2,B,0.19870351939866834,0.6034559390690423,0.3292759363760846,0.005988203403948764
toy_2,Double triangle,Full DMWA,1.0,2,C,0.19870351939866834,0.6034559390690423,0.3292759363760846,0.005988203403948764
toy_2,Double triangle,Full DMWA,1.0,2,D,0.03747662234194545,0.6034559390690423,0.062103328371846046,0.005988203403948764
toy_2,Double triangle,Full DMWA,1.1,1,A,0.170897196946152,0.6164782180677971,0.2772153045111443,0.00611836441037205
toy_2,Double triangle,Full DMWA,1.1,1,B,0.20088890410627144,0.6164782180677971,0.32586537239857305,0.00611836441037205
toy_2,Double triangle,Full DMWA,1.1,1,C,0.20088890410627144,0.6164782180677971,0.32586537239857305,0.00611836441037205
toy_2,Double triangle,Full DMWA,1.1,1,D,0.043803212909102246,0.6164782180677971,0.07105395069170958,0.00611836441037205
toy_2,Double triangle,Full DMWA,1.1,2,A,0.15796529811922944,0.5742829837311538,0.27506525980087143,0.00611836441037205
toy_2,Double triangle,Full DMWA,1.1,2,B,0.1888957746402876,0.5742829837311538,0.3289245546037591,0.00611836441037205
toy_2,Double triangle,Full DMWA,1.1,2,C,0.1888957746402876,0.5742829837311538,0.3289245546037591,0.00611836441037205
toy_2,Double triangle,Full DMWA,1.1,2,D,0.03852613633134919,0.5742829837311538,0.0670856309916104,0.00611836441037205
toy_2,Double triangle,Full DMWA,1.2000000000000002,1,A,0.16095422494283848,0.5889141437977486,0.27330677423518485,0.0062013887736536225
toy_2,Double triangle,Full DMWA,1.2000000000000002,1,B,0.19168200702370206,0.5889141437977486,0.3254837891778187,0.0062013887736536225
toy_2,Double triangle,Full DMWA,1.2000000000000002,1,C,0.19168200702370206,0.5889141437977486,0.3254837891778187,0.0062013887736536225
toy_2,Double triangle,Full DMWA,1.2000000000000002,1,D,0.044595904807506075,0.5889141437977486,0.07572564740917767,0.0062013887736536225
toy_2,Double triangle,Full DMWA,1.2000000000000002,2,A,0.1481048337875335,0.5465866843905363,0.27096312079515017,0.0062013887736536225
toy_2,Double triangle,Full DMWA,1.2000000000000002,2,B,0.17959990341377627,0.5465866843905363,0.32858448356464554,0.0062013887736536225
toy_2,Double triangle,Full DMWA,1.2000000000000002,2,C,0.17959990341377627,0.5465866843905363,0.32858448356464554,0.0062013887736536225
toy_2,Double triangle,Full DMWA,1.2000000000000002,2,D,0.03928204377545022,0.5465866843905363,0.07186791207555872,0.0062013887736536225
toy_2,Double triangle,Full DMWA,1.3,1,A,0.15161743697994576,0.5624725631681115,0.26955525817288695,0.006243516771893928
toy_2,Double triangle,Full DMWA,1.3,1,B,0.18287897108360354,0.5624725631681115,0.3251340297445669,0.006243516771893928
toy_2,Double triangle,Full DMWA,1.3,1,C,0.18287897108360354,0.5624725631681115,0.3251340297445669,0.006243516771893928
toy_2,Double triangle,Full DMWA,1.3,1,D,0.04509718402095862,0.5624725631681115,0.08017668233797921,0.006243516771893928
toy_2,Double triangle,Full DMWA,1.3,2,A,0.13893244040288136,0.5202840384628934,0.26703190974940894,0.006243516771893928
toy_2,Double triangle,Full DMWA,1.3,2,B,0.17078624709736367,0.5202840384628934,0.32825578813051387,0.006243516771893928
toy_2,Double triangle,Full DMWA,1.3,2,C,0.17078624709736367,0.5202840384628934,0.32825578813051387,0.006243516771893928
toy_2,Double triangle,Full DMWA,1.3,2,D,0.0397791038652847,0.5202840384628934,0.07645651398956331,0.006243516771893928
toy_2,Double triangle,Full DMWA,1.4000000000000001,1,A,0.14284947489432476,0.5371218378793194,0.26595357853690577,0.006250287288149289
toy_2,Double triangle,Full DMWA,1.4000000000000001,1,B,0.1744643317235195,0.5371218378793194,0.3248133280380943,0.006250287288149289
toy_2,Double triangle,Full DMWA,1.4000000000000001,1,C,0.1744643317235195,0.5371218378793194,0.3248133280380943,0.006250287288149289
toy_2,Double triangle,Full DMWA,1.4000000000000001,1,D,0.04534369953795564,0.5371218378793194,0.0844197653869055,0.006250287288149289
toy_2,Double triangle,Full DMWA,1.4000000000000001,2,A,0.13039467117297643,0.49529767854521883,0.2632652580887715,0.006250287288149289
toy_2,Double triangle,Full DMWA,1.4000000000000001,2,B,0.16242716372984528,0.49529767854521883,0.327938471682169,0.006250287288149289
toy_2,Double triangle,Full DMWA,1.4000000000000001,2,C,0.16242716372984528,0.49529767854521883,0.327938471682169,0.006250287288149289
toy_2,Double triangle,Full DMWA,1.4000000000000001,2,D,0.040048679912551864,0.49529767854521883,0.08085779854689056,0.006250287288149289
toy_2,Double triangle,Full DMWA,1.5,1,A,0.13461513002260367,0.5128292439553119,0.2624950343789951,0.006226615240635426
toy_2,Double triangle,Full DMWA,1.5,1,B,0.16642292393055394,0.5128292439553119,0.3245191764942642,0.006226615240635426
toy_2,Double triangle,Full DMWA,1.5,1,C,0.16642292393055394,0.5128292439553119,0.3245191764942642,0.006226615240635426
toy_2,Double triangle,Full DMWA,1.5,1,D,0.04536826607160039,0.5128292439553119,0.08846661263247653,0.006226615240635426
toy_2,Double triangle,Full DMWA,1.5,2,A,0.12244261959696015,0.47155538847751466,0.25965691960871023,0.006226615240635426
toy_2,Double triangle,Full DMWA,1.5,2,B,0.15449686332450482,0.47155538847751466,0.3276324841145819,0.006226615240635426
toy_2,Double triangle,Full DMWA,1.5,2,C,0.15449686332450482,0.47155538847751466,0.3276324841145819,0.006226615240635426
toy_2,Double triangle,Full DMWA,1.5,2,D,0.040119042231544846,0.47155538847751466,0.08507811216212591,0.006226615240635426
toy_2,Double triangle,Full DMWA,1.6,1,A,0.12688125239276415,0.4895613359085039,0.2591733519096318,0.00617685999958946
toy_2,Double triangle,Full DMWA,1.6,1,B,0.1587399200311798,0.4895613359085039,0.3242492990926214,0.00617685999958946
toy_2,Double triangle,Full DMWA,1.6,1,C,0.1587399200311798,0.4895613359085039,0.3242492990926214,0.00617685999958946
toy_2,Double triangle,Full DMWA,1.6,1,D,0.04520024345338028,0.4895613359085039,0.09232804990512554,0.00617685999958946
toy_2,Double triangle,Full DMWA,1.6,2,A,0.11503150613993894,0.44898966962377135,0.2562007857248231,0.00617685999958946
toy_2,Double triangle,Full DMWA,1.6,2,B,0.14697125884059947,0.44898966962377135,0.3273377290924161,0.00617685999958946
toy_2,Double triangle,Full DMWA,1.6,2,C,0.14697125884059947,0.44898966962377135,0.3273377290924161,0.00617685999958946
toy_2,Double triangle,Full DMWA,1.6,2,D,0.04001564580263347,0.44898966962377135,0.08912375609034474,0.00617685999958946
toy_2,Double triangle,Full DMWA,1.7000000000000002,1,A,0.11961665805452124,0.46728425568921045,0.2559826413969273,0.00610488595042321
toy_2,Double triangle,Full DMWA,1.7000000000000002,1,B,0.1514008594091657,0.46728425568921045,0.32400162762997525,0.00610488595042321
toy_2,Double triangle,Full DMWA,1.7000000000000002,1,C,0.1514008594091657,0.46728425568921045,0.32400162762997525,0.00610488595042321
toy_2,Double triangle,Full DMWA,1.7000000000000002,1,D,0.04486587881635779,0.46728425568921045,0.0960141033431222,0.00610488595042321
toy_2,Double triangle,Full DMWA,1.7000000000000002,2,A,0.10812030459121222,0.4275373515869648,0.2528908975786168,0.00610488595042321
toy_2,Double triangle,Full DMWA,1.7000000000000002,2,B,0.1398278311722778,0.4275373515869648,0.3270540706051869,0.00610488595042321
toy_2,Double triangle,Full DMWA,1.7000000000000002,2,C,0.1398278311722778,0.4275373515869648,0.3270540706051869,0.00610488595042321
toy_2,Double triangle,Full DMWA,1.7000000000000002,2,D,0.03976138465119704,0.4275373515869648,0.09300096121100948,0.00610488595042321
toy_2,Double triangle,Full DMWA,1.8,1,A,0.11279203578764475,0.44596399364939804,0.25291735968334267,0.006014116193175691
toy_2,Double triangle,Full DMWA,1.8,1,B,0.1443916712952863,0.44596399364939804,0.3237742807747887,0.006014116193175691
toy_2,Double triangle,Full DMWA,1.8,1,C,0.1443916712952863,0.44596399364939804,0.3237742807747887,0.006014116193175691
toy_2,Double triangle,Full DMWA,1.8,1,D,0.04438861527118072,0.44596399364939804,0.09953407876707994,0.006014116193175691
toy_2,Double triangle,Full DMWA,1.8,2,A,0.10167140412997312,0.4071392422696592,0.2497214553998542,0.006014116193175691
toy_2,Double triangle,Full DMWA,1.8,2,B,0.13304550669595697,0.4071392422696592,0.3267813388713765,0.006014116193175691
toy_2,Double triangle,Full DMWA,1.8,2,C,0.13304550669595697,0.4071392422696592,0.3267813388713765,0.006014116193175691
toy_2,Double triangle,Full DMWA,1.8,2,D,0.039376824747772085,0.4071392422696592,0.09671586685739264,0.006014116193175691
toy_2,Double triangle,Full DMWA,1.9000000000000001,1,A,0.10637985419582839,0.42556660784709843,0.24997227751019777,0.005907580227066958
toy_2,Double triangle,Full DMWA,1.9000000000000001,1,B,0.1376986916259276,0.42556660784709843,0.3235655455265449,0.005907580227066958
toy_2,Double triangle,Full DMWA,1.9000000000000001,1,C,0.1376986916259276,0.42556660784709843,0.3235655455265449,0.005907580227066958
toy_2,Double triangle,Full DMWA,1.9000000000000001,1,D,0.04378937039941489,0.42556660784709843,0.1028966314367126,0.005907580227066958
toy_2,Double triangle,Full DMWA,1.9000000000000001,2,A,0.09565030353520759,0.3877398128033827,0.24668682548652926,0.005907580227066958
toy_2,Double triangle,Full DMWA,1.9000000000000001,2,B,0.12660454607776886,0.3877398128033827,0.32651933564007835,0.005907580227066958
toy_2,Double triangle,Full DMWA,1.9000000000000001,2,C,0.12660454607776886,0.3877398128033827,0.32651933564007835,0.005907580227066958
toy_2,Double triangle,Full DMWA,1.9000000000000001,2,D,0.038880417112637414,0.3877398128033827,0.10027450323331413,0.005907580227066958
toy_2,Double triangle,Full DMWA,2.0,1,A,0.10035426999679098,0.4060584072252953,0.24714245096546159,0.005787956350777328
toy_2,Double triangle,Full DMWA,2.0,1,B,0.1313086748393033,0.4060584072252953,0.32337386076197827,0.005787956350777328
toy_2,Double triangle,Full DMWA,2.0,1,C,0.1313086748393033,0.4060584072252953,0.32337386076197827,0.005787956350777328
toy_2,Double triangle,Full DMWA,2.0,1,D,0.0430867875498977,0.4060584072252953,0.10610982751058189,0.005787956350777328
toy_2,Double triangle,Full DMWA,2.0,2,A,0.0900253343452414,0.3692869134067151,0.2437815451263819,0.005787956350777328
toy_2,Double triangle,Full DMWA,2.0,2,B,0.1204864431850595,0.3692869134067151,0.32626783893736694,0.005787956350777328
toy_2,Double triangle,Full DMWA,2.0,2,C,0.1204864431850595,0.3692869134067151,0.32626783893736694,0.005787956350777328
toy_2,Double triangle,Full DMWA,2.0,2,D,0.03828869269135472,0.3692869134067151,0.10368277699888426,0.005787956350777328
toy_2,Double triangle,Full DMWA,2.1,1,A,0.0946910381522707,0.3874061035040598,0.24442319647469982,0.0056576094096769045
toy_2,Double triangle,Full DMWA,2.1,1,B,0.12520880136553741,0.3874061035040598,0.3231978025979276,0.0056576094096769045
toy_2,Double triangle,Full DMWA,2.1,1,C,0.12520880136553741,0.3874061035040598,0.3231978025979276,0.0056576094096769045
toy_2,Double triangle,Full DMWA,2.1,1,D,0.04229746262071426,0.3874061035040598,0.10918119832944502,0.0056576094096769045
toy_2,Double triangle,Full DMWA,2.1,2,A,0.08476741010174306,0.3517315167031933,0.2410003257492378,0.0056576094096769045
toy_2,Double triangle,Full DMWA,2.1,2,B,0.11467383307219828,0.3517315167031933,0.326026607302766,0.0056576094096769045
toy_2,Double triangle,Full DMWA,2.1,2,C,0.11467383307219828,0.3517315167031933,0.326026607302766,0.0056576094096769045
toy_2,Double triangle,Full DMWA,2.1,2,D,0.03761644045705363,0.3517315167031933,0.10694645964523009,0.0056576094096769045
toy_2,Double triangle,Full DMWA,2.2,1,A,0.08936742434034159,0.3695769360152408,0.2418100688422186,0.005518624437203683
toy_2,Double triangle,Full DMWA,2.2,1,B,0.1193866814683949,0.3695769360152408,0.3230360713404247,0.005518624437203683
toy_2,Double triangle,Full DMWA,2.2,1,C,0.1193866814683949,0.3695769360152408,0.3230360713404247,0.005518624437203683
toy_2,Double triangle,Full DMWA,2.2,1,D,0.041436148738109434,0.3695769360152408,0.1121177884769321,0.005518624437203683
toy_2,Double triangle,Full DMWA,2.2,2,A,0.079849799107304,0.3350274854437785,0.2383380545674773,0.005518624437203683
toy_2,Double triangle,Full DMWA,2.2,2,B,0.109150408122972,0.3350274854437785,0.32579538355902654,0.005518624437203683
toy_2,Double triangle,Full DMWA,2.2,2,C,0.109150408122972,0.3350274854437785,0.32579538355902654,0.005518624437203683
toy_2,Double triangle,Full DMWA,2.2,2,D,0.036876870090530534,0.3350274854437785,0.11007117831446965,0.005518624437203683
toy_2,Double triangle,Full DMWA,2.3000000000000003,1,A,0.08436212015346478,0.3525387731746507,0.2392988419224772,0.005372836666245925
toy_2,Double triangle,Full DMWA,2.3000000000000003,1,B,0.11383035601023705,0.3525387731746507,0.3228874798229485,0.005372836666245925
toy_2,Double triangle,Full DMWA,2.3000000000000003,1,C,0.11383035601023705,0.3525387731746507,0.3228874798229485,0.005372836666245925
toy_2,Double triangle,Full DMWA,2.3000000000000003,1,D,0.040515941000711805,0.3525387731746507,0.11492619843162574,0.005372836666245925
toy_2,Double triangle,Full DMWA,2.3000000000000003,2,A,0.07524791838881206,0.31913136194178465,0.23578979493259158,0.005372836666245925
toy_2,Double triangle,Full DMWA,2.3000000000000003,2,B,0.10390084153124299,0.31913136194178465,0.3255738981560715,0.005372836666245925
toy_2,Double triangle,Full DMWA,2.3000000000000003,2,C,0.10390084153124299,0.31913136194178465,0.3255738981560715,0.005372836666245925
toy_2,Double triangle,Full DMWA,2.3000000000000003,2,D,0.036081760490486635,0.31913136194178465,0.11306240875526549,0.005372836666245925
toy_2,Double triangle,Full DMWA,2.4000000000000004,1,A,0.0796551613057957,0.3362601938182668,0.2368854915632555,0.00522185832555494
toy_2,Double triangle,Full DMWA,2.4000000000000004,1,B,0.10852829463633967,0.3362601938182668,0.3227509429647038,0.00522185832555494
toy_2,Double triangle,Full DMWA,2.4000000000000004,1,C,0.10852829463633967,0.3362601938182668,0.3227509429647038,0.00522185832555494
toy_2,Double triangle,Full DMWA,2.4000000000000004,1,D,0.03954844323979173,0.3362601938182668,0.11761262250733684,0.00522185832555494
toy_2,Double triangle,Full DMWA,2.4000000000000004,2,A,0.07093914679411983,0.304002176847062,0.2333507856090387,0.00522185832555494
toy_2,Double triangle,Full DMWA,2.4000000000000004,2,B,0.09891071738978974,0.304002176847062,0.3253618721274813,0.00522185832555494
toy_2,Double triangle,Full DMWA,2.4000000000000004,2,C,0.09891071738978974,0.304002176847062,0.3253618721274813,0.00522185832555494
toy_2,Double triangle,Full DMWA,2.4000000000000004,2,D,0.035241595273362694,0.304002176847062,0.11592547013599874,0.00522185832555494
toy_2,Double triangle,Full DMWA,2.5,1,A,0.07522784904979277,0.3207105512184058,0.23456618051384956,0.005067102584127459
toy_2,Double triangle,Full DMWA,2.5,1,B,0.10346939180871796,0.3207105512184058,0.3226254684032977,0.005067102584127459
toy_2,Double triangle,Full DMWA,2.5,1,C,0.10346939180871796,0.3207105512184058,0.3226254684032977,0.005067102584127459
toy_2,Double triangle,Full DMWA,2.5,1,D,0.03854391855117712,0.3207105512184058,0.12018288267955513,0.005067102584127459
toy_2,Double triangle,Full DMWA,2.5,2,A,0.06690265536000353,0.2896012751662914,0.23101643914236042,0.005067102584127459
toy_2,Double triangle,Full DMWA,2.5,2,B,0.09416646673559793,0.2896012751662914,0.32515901969536143,0.005067102584127459
toy_2,Double triangle,Full DMWA,2.5,2,C,0.09416646673559793,0.2896012751662914,0.32515901969536143,0.005067102584127459
toy_2,Double triangle,Full DMWA,2.5,2,D,0.03436568633509204,0.2896012751662914,0.1186655214669168,0.005067102584127459
toy_2,Double triangle,Full DMWA,2.6,1,A,0.0710626749327889,0.3058600222360567,0.23233724503539116,0.004909804961748254
toy_2,Double triangle,Full DMWA,2.6,1,B,0.09864296106189048,0.3058600222360567,0.32251014807603656,0.004909804961748254
toy_2,Double triangle,Full DMWA,2.6,1,C,0.09864296106189048,0.3058600222360567,0.32251014807603656,0.004909804961748254
toy_2,Double triangle,Full DMWA,2.6,1,D,0.03751142517948683,0.3058600222360567,0.12264245881253569,0.004909804961748254
toy_2,Double triangle,Full DMWA,2.6,2,A,0.06311925327780335,0.2758921576822467,0.22878233947664325,0.004909804961748254
toy_2,Double triangle,Full DMWA,2.6,2,B,0.08965530896946647,0.2758921576822467,0.3249650505569107,0.004909804961748254
toy_2,Double triangle,Full DMWA,2.6,2,C,0.08965530896946647,0.2758921576822467,0.3249650505569107,0.004909804961748254
toy_2,Double triangle,Full DMWA,2.6,2,D,0.0334622864655104,0.2758921576822467,0.1212875594095354,0.004909804961748254
toy_2,Double triangle,Full DMWA,2.7,1,A,0.06714324896685898,0.2916796437503615,0.23019518298755387,0.004751042485288466
toy_2,Double triangle,Full DMWA,2.7,1,B,0.09403872780257053,0.2916796437503615,0.3224041506408826,0.004751042485288466
toy_2,Double triangle,Full DMWA,2.7,1,C,0.09403872780257053,0.2916796437503615,0.3224041506408826,0.004751042485288466
toy_2,Double triangle,Full DMWA,2.7,1,D,0.03645893917836138,0.2916796437503615,0.12499651573068062,0.004751042485288466
toy_2,Double triangle,Full DMWA,2.7,2,A,0.05957124795181762,0.26284033614100577,0.22664423895676147,0.004751042485288466
toy_2,Double triangle,Full DMWA,2.7,2,B,0.0853651981296318,0.26284033614100577,0.32477967188352697,0.004751042485288466
toy_2,Double triangle,Full DMWA,2.7,2,C,0.0853651981296318,0.26284033614100577,0.32477967188352697,0.004751042485288466
toy_2,Double triangle,Full DMWA,2.7,2,D,0.03253869192992462,0.26284033614100577,0.12379641727618476,0.004751042485288466
toy_2,Double triangle,Full DMWA,2.8000000000000003,1,A,0.06345423123829075,0.27814133823013865,0.22813664319752316,0.004591750836975134
toy_2,Double triangle,Full DMWA,2.8000000000000003,1,B,0.08964682093119622,0.27814133823013865,0.3223067146423988,0.004591750836975134
toy_2,Double triangle,Full DMWA,2.8000000000000003,1,C,0.08964682093119622,0.27814133823013865,0.3223067146423988,0.004591750836975134
toy_2,Double triangle,Full DMWA,2.8000000000000003,1,D,0.035393465129455445,0.27814133823013865,0.12724992751767922,0.004591750836975134
toy_2,Double triangle,Full DMWA,2.8000000000000003,2,A,0.05624231779661436,0.2504132007660046,0.22459805483325646,0.004591750836975134
toy_2,Double triangle,Full DMWA,2.8000000000000003,2,B,0.08128477355408183,0.2504132007660046,0.3246025900608864,0.004591750836975134
toy_2,Double triangle,Full DMWA,2.8000000000000003,2,C,0.08128477355408183,0.2504132007660046,0.3246025900608864,0.004591750836975134
toy_2,Double triangle,Full DMWA,2.8000000000000003,2,D,0.03160133586122659,0.2504132007660046,0.12619676504497082,0.004591750836975134
toy_2,Double triangle,Full DMWA,2.9000000000000004,1,A,0.05998126694472486,0.2652179300705799,0.2261584159440601,0.004432739711872691
toy_2,Double triangle,Full DMWA,2.9000000000000004,1,B,0.08545776352472331,0.2652179300705799,0.32221714234019266,0.004432739711872691
toy_2,Double triangle,Full DMWA,2.9000000000000004,1,C,0.08545776352472331,0.2652179300705799,0.32221714234019266,0.004432739711872691
toy_2,Double triangle,Full DMWA,2.9000000000000004,1,D,0.03432113607640843,0.2652179300705799,0.12940729937555456,0.004432739711872691
toy_2,Double triangle,Full DMWA,2.9000000000000004,2,A,0.05311739655481887,0.23857989882474911,0.22263986537204755,0.004432739711872691
toy_2,Double triangle,Full DMWA,2.9000000000000004,2,B,0.07740331451511047,0.23857989882474911,0.32443351219612904,0.004432739711872691
toy_2,Double triangle,Full DMWA,2.9000000000000004,2,C,0.07740331451511047,0.23857989882474911,0.32443351219612904,0.004432739711872691
toy_2,Double triangle,Full DMWA,2.9000000000000004,2,D,0.030655873239709322,0.23857989882474911,0.12849311023569449,0.004432739711872691
toy_2,Double triangle,Full DMWA,3.0,1,A,0.056710924817258264,0.25288315410658724,0.2242574244125225,0.004274706576615286
toy_2,Double triangle,Full DMWA,3.0,1,B,0.08146246278651086,0.25288315410658724,0.3221347941277868,0.004274706576615286
toy_2,Double triangle,Full DMWA,3.0,1,C,0.08146246278651086,0.25288315410658724,0.3221347941277868,0.004274706576615286
toy_2,Double triangle,Full DMWA,3.0,1,D,0.03324730371630724,0.25288315410658724,0.13147298733190388,0.004274706576615286
toy_2,Double triangle,Full DMWA,3.0,2,A,0.050182568038309255,0.22731122312075155,0.22076590565724696,0.004274706576615286
toy_2,Double triangle,Full DMWA,3.0,2,B,0.07371069845314508,0.22731122312075155,0.32427214741609445,0.004274706576615286
toy_2,Double triangle,Full DMWA,3.0,2,C,0.07371069845314508,0.22731122312075155,0.32427214741609445,0.004274706576615286
toy_2,Double triangle,Full DMWA,3.0,2,D,0.029707258176152142,0.22731122312075155,0.13068979951056417,0.004274706576615286
toy_2,Double triangle,Full DMWA,3.1,1,A,0.053630638860363816,0.24111165752896963,0.2224307169964193,0.004118248999435803
toy_2,Double triangle,Full DMWA,3.1,1,B,0.07765219943982708,0.24111165752896963,0.3220590834787702,0.004118248999435803
toy_2,Double triangle,Full DMWA,3.1,1,C,0.07765219943982708,0.24111165752896963,0.3220590834787702,0.004118248999435803
toy_2,Double triangle,Full DMWA,3.1,1,D,0.03217661978895166,0.24111165752896963,0.13345111604604032,0.004118248999435803
toy_2,Double triangle,Full DMWA,3.1,2,A,0.04742497030460425,0.21657950941230233,0.21897256316303382,0.004118248999435803
toy_2,Double triangle,Full DMWA,3.1,2,B,0.07019736247557554,0.21657950941230233,0.3241182079784881,0.004118248999435803
toy_2,Double triangle,Full DMWA,3.1,2,C,0.07019736247557554,0.21657950941230233,0.3241182079784881,0.004118248999435803
toy_2,Double triangle,Full DMWA,3.1,2,D,0.02875981415654703,0.21657950941230233,0.13279102087999,0.004118248999435803
toy_2,Double triangle,Full DMWA,3.2,1,A,0.0507286533234,0.22987899626765013,0.22067546033799532,0.003963875702302333
toy_2,Double triangle,Full DMWA,3.2,1,B,0.0740186167159636,0.22987899626765013,0.32198947236477005,0.003963875702302333
toy_2,Double triangle,Full DMWA,3.2,1,C,0.0740186167159636,0.22987899626765013,0.32198947236477005,0.003963875702302333
toy_2,Double triangle,Full DMWA,3.2,1,D,0.031113109512322948,0.22987899626765013,0.13534559493246473,0.003963875702302333
toy_2,Double triangle,Full DMWA,3.2,2,A,0.04483270837789227,0.2063585418732184,0.21725637315966492,0.003963875702302333
toy_2,Double triangle,Full DMWA,3.2,2,B,0.06685426782076778,0.2063585418732184,0.3239714102159212,0.003963875702302333
toy_2,Double triangle,Full DMWA,3.2,2,C,0.06685426782076778,0.2063585418732184,0.3239714102159212,0.003963875702302333
toy_2,Double triangle,Full DMWA,3.2,2,D,0.027817297853790557,0.2063585418732184,0.13480080640849273,0.003963875702302333
toy_2,Double triangle,Full DMWA,3.3000000000000003,1,A,0.04799397080291119,0.21916162676426856,0.21898893301487385,0.00381201646911751
toy_2,Double triangle,Full DMWA,3.3000000000000003,1,B,0.07055370906569479,0.21916162676426856,0.3219254670964034,0.00381201646911751
toy_2,Double triangle,Full DMWA,3.3000000000000003,1,C,0.07055370906569479,0.21916162676426856,0.3219254670964034,0.00381201646911751
toy_2,Double triangle,Full DMWA,3.3000000000000003,1,D,0.03006023782996779,0.21916162676426856,0.13716013279231926,0.00381201646911751
toy_2,Double triangle,Full DMWA,3.3000000000000003,2,A,0.04239477471180774,0.19662346581059376,0.2156140140091233,0.00381201646911751
toy_2,Double triangle,Full DMWA,3.3000000000000003,2,B,0.06367286701813157,0.19662346581059376,0.3238314753309622,0.00381201646911751
toy_2,Double triangle,Full DMWA,3.3000000000000003,2,C,0.06367286701813157,0.19662346581059376,0.3238314753309622,0.00381201646911751
toy_2,Double triangle,Full DMWA,3.3000000000000003,2,D,0.02688295706252286,0.19662346581059376,0.13672303532895233,0.00381201646911751
toy_2,Double triangle,Full DMWA,3.4000000000000004,1,A,0.045416303364138357,0.2089368939326453,0.21736851979229263,0.003663031029122854
toy_2,Double triangle,Full DMWA,3.4000000000000004,1,B,0.06724981070346031,0.2089368939326453,0.32186661454410026,0.003663031029122854
toy_2,Double triangle,Full DMWA,3.4000000000000004,1,C,0.06724981070346031,0.2089368939326453,0.32186661454410026,0.003663031029122854
toy_2,Double triangle,Full DMWA,3.4000000000000004,1,D,0.029020969161586335,0.2089368939326453,0.13889825111950685,0.003663031029122854
toy_2,Double triangle,Full DMWA,3.4000000000000004,2,A,0.04010097666977748,0.18735070694252243,0.2140423023975037,0.003663031029122854
toy_2,Double triangle,Full DMWA,3.4000000000000004,2,B,0.06064507350246284,0.18735070694252243,0.3236981300586617,0.003663031029122854
toy_2,Double triangle,Full DMWA,3.4000000000000004,2,C,0.06064507350246284,0.18735070694252243,0.3236981300586617,0.003663031029122854
toy_2,Double triangle,Full DMWA,3.4000000000000004,2,D,0.02595958326781929,0.18735070694252243,0.138561437485173,0.003663031029122854
toy_2,Double triangle,Full DMWA,3.5,1,A,0.04298602656253938,0.1991830159972571,0.2158117063712467,0.0035172170216192095
toy_2,Double triangle,Full DMWA,3.5,1,B,0.06409958407680909,0.1991830159972571,0.3218124987006512,0.0035172170216192095
toy_2,Double triangle,Full DMWA,3.5,1,C,0.06409958407680909,0.1991830159972571,0.3218124987006512,0.0035172170216192095
toy_2,Double triangle,Full DMWA,3.5,1,D,0.027997821281099546,0.1991830159972571,0.14056329622745092,0.0035172170216192095
toy_2,Double triangle,Full DMWA,3.5,2,A,0.03794187036946933,0.17851789661619788,0.21253818854387435,0.0035172170216192095
toy_2,Double triangle,Full DMWA,3.5,2,B,0.05776323346516424,0.17851789661619788,0.3235711072114608,0.0035172170216192095
toy_2,Double triangle,Full DMWA,3.5,2,C,0.05776323346516424,0.17851789661619788,0.3235711072114608,0.0035172170216192095
toy_2,Double triangle,Full DMWA,3.5,2,D,0.025049559316400072,0.17851789661619788,0.14031959703320407,0.0035172170216192095
toy_2,Double triangle,Full DMWA,3.6,1,A,0.04069413624112979,0.18987906680527356,0.2143160745721528,0.0033748171366156376
toy_2,Double triangle,Full DMWA,3.6,1,B,0.06109600833901881,0.18987906680527356,0.3217627375516572,0.0033748171366156376
toy_2,Double triangle,Full DMWA,3.6,1,C,0.06109600833901881,0.18987906680527356,0.3217627375516572,0.0033748171366156376
toy_2,Double triangle,Full DMWA,3.6,1,D,0.026992913886106126,0.18987906680527356,0.1421584503245328,0.0033748171366156376
toy_2,Double triangle,Full DMWA,3.6,2,A,0.035908700301423985,0.17010380241502196,0.2110987514189328,0.0033748171366156376
toy_2,Double triangle,Full DMWA,3.6,2,B,0.05502009974670051,0.17010380241502196,0.32345014611996503,0.0033748171366156376
toy_2,Double triangle,Full DMWA,3.6,2,C,0.05502009974670051,0.17010380241502196,0.32345014611996503,0.0033748171366156376
toy_2,Double triangle,Full DMWA,3.6,2,D,0.024154902620196962,0.17010380241502196,0.1420009563411372,0.0033748171366156376
toy_2,Double triangle,Full DMWA,3.7,1,A,0.03853220797663721,0.18100495612510895,0.21287929790167792,0.003236025515867963
toy_2,Double triangle,Full DMWA,3.7,1,B,0.058232367890114836,0.18100495612510895,0.32171698022381867,0.003236025515867963
toy_2,Double triangle,Full DMWA,3.7,1,C,0.058232367890114836,0.18100495612510895,0.32171698022381867,0.003236025515867963
toy_2,Double triangle,Full DMWA,3.7,1,D,0.026008012368242055,0.18100495612510895,0.14368674165068474,0.003236025515867963
toy_2,Double triangle,Full DMWA,3.7,2,A,0.03399334418908604,0.16208826366349607,0.2097211940011773,0.003236025515867963
toy_2,Double triangle,Full DMWA,3.7,2,B,0.05240880759406098,0.16208826366349607,0.32333499298175267,0.003236025515867963
toy_2,Double triangle,Full DMWA,3.7,2,C,0.05240880759406098,0.16208826366349607,0.32333499298175267,0.003236025515867963
toy_2,Double triangle,Full DMWA,3.7,2,D,0.023277304286288086,0.16208826366349607,0.1436088200353174,0.003236025515867963
toy_2,Double triangle,Full DMWA,3.8000000000000003,1,A,0.03649235904642705,0.17254140837236692,0.21149913745732138,0.0031009934897821834
toy_2,Double triangle,Full DMWA,3.8000000000000003,1,B,0.055502241040512296,0.17254140837236692,0.3216749043842925,0.0031009934897821834
toy_2,Double triangle,Full DMWA,3.8000000000000003,1,C,0.055502241040512296,0.17254140837236692,0.3216749043842925,0.0031009934897821834
toy_2,Double triangle,Full DMWA,3.8000000000000003,1,D,0.02504456724491528,0.17254140837236692,0.14515105377409362,0.0031009934897821834
toy_2,Double triangle,Full DMWA,3.8000000000000003,2,A,0.03218826260884024,0.1544521313916999,0.20840283859345954,0.0031009934897821834
toy_2,Double triangle,Full DMWA,3.8000000000000003,2,B,0.04992285212433956,0.1544521313916999,0.3232254011291836,0.0031009934897821834
toy_2,Double triangle,Full DMWA,3.8000000000000003,2,C,0.04992285212433956,0.1544521313916999,0.3232254011291836,0.0031009934897821834
toy_2,Double triangle,Full DMWA,3.8000000000000003,2,D,0.02241816453418051,0.1544521313916999,0.1451463591481732,0.0031009934897821834
toy_2,Double triangle,Full DMWA,3.9000000000000004,1,A,0.034567212788570216,0.16446994014121027,0.21017343813034509,0.0030323159117662812
toy_2,Double triangle,Full DMWA,3.9000000000000004,1,B,0.05289948884198829,0.16446994014121027,0.3216362138672268,0.0030323159117662812
toy_2,Double triangle,Full DMWA,3.9000000000000004,1,C,0.05289948884198829,0.16446994014121027,0.3216362138672268,0.0030323159117662812
toy_2,Double triangle,Full DMWA,3.9000000000000004,1,D,0.024103749668663486,0.16446994014121027,0.14655413413520146,0.0030323159117662812
toy_2,Double triangle,Full DMWA,3.9000000000000004,2,A,0.030486452934902524,0.14717721236796583,0.20714112221857872,0.0030323159117662812
toy_2,Double triangle,Full DMWA,3.9000000000000004,2,B,0.047556067351037304,0.14717721236796583,0.3231211312260744,0.0030323159117662812
toy_2,Double triangle,Full DMWA,3.9000000000000004,2,C,0.047556067351037304,0.14717721236796583,0.3231211312260744,0.0030323159117662812
toy_2,Double triangle,Full DMWA,3.9000000000000004,2,D,0.02157862473098869,0.14717721236796583,0.14661661532927248,0.0030323159117662812
toy_2,Double triangle,Full DMWA,4.0,1,A,0.03274986522900127,0.15677283686441518,0.2089001250728464,0.002966532963905505
toy_2,Double triangle,Full DMWA,4.0,1,B,0.050418244122465025,0.15677283686441518,0.32160063650611354,0.002966532963905505
toy_2,Double triangle,Full DMWA,4.0,1,C,0.050418244122465025,0.15677283686441518,0.32160063650611354,0.002966532963905505
toy_2,Double triangle,Full DMWA,4.0,1,D,0.02318648339048385,0.15677283686441518,0.1478986019149265,0.002966532963905505
toy_2,Double triangle,Full DMWA,4.0,2,A,0.02888140721554399,0.14024621684967956,0.20593359210894094,0.002966532963905505
toy_2,Double triangle,Full DMWA,4.0,2,B,0.04530260664354619,0.14024621684967956,0.32302195140210443,0.002966532963905505
toy_2,Double triangle,Full DMWA,4.0,2,C,0.04530260664354619,0.14024621684967956,0.32302195140210443,0.002966532963905505
toy_2,Double triangle,Full DMWA,4.0,2,D,0.020759596347043194,0.14024621684967956,0.14802250508685025,0.002966532963905505
toy_2,Double triangle,Full DMWA,4.1000000000000005,1,A,0.031033853852219115,0.1494331288776729,0.20767720039927468,0.0028992990970878457
toy_2,Double triangle,Full DMWA,4.1000000000000005,1,B,0.04805290075398908,0.1494331288776729,0.3215679221528283,0.0028992990970878457
toy_2,Double triangle,Full DMWA,4.1000000000000005,1,C,0.04805290075398908,0.1494331288776729,0.3215679221528283,0.0028992990970878457
toy_2,Double triangle,Full DMWA,4.1000000000000005,1,D,0.022293473517475626,0.1494331288776729,0.1491869552950687,0.0028992990970878457
toy_2,Double triangle,Full DMWA,4.1000000000000005,2,A,0.027367073624616486,0.13364270973864223,0.20477790130218687,0.0028992990970878457
toy_2,Double triangle,Full DMWA,4.1000000000000005,2,B,0.043156924502666616,0.13364270973864223,0.32292763733290253,0.0028992990970878457
toy_2,Double triangle,Full DMWA,4.1000000000000005,2,C,0.043156924502666616,0.13364270973864223,0.32292763733290253,0.0028992990970878457
toy_2,Double triangle,Full DMWA,4.1000000000000005,2,D,0.019961787108692515,0.13364270973864223,0.14936682403200816,0.0028992990970878457
toy_2,Double triangle,Full DMWA,4.2,1,A,0.02941312839520795,0.14243456712220756,0.20650274009659295,0.0028309357445904515
toy_2,Double triangle,Full DMWA,4.2,1,B,0.04579810317718465,0.14243456712220756,0.3215378408661873,0.0028309357445904515
toy_2,Double triangle,Full DMWA,4.2,1,C,0.04579810317718465,0.14243456712220756,0.3215378408661873,0.0028309357445904515
toy_2,Double triangle,Full DMWA,4.2,1,D,0.021425232372630318,0.14243456712220756,0.1504215781710325,0.0028309357445904515
toy_2,Double triangle,Full DMWA,4.2,2,A,0.025937821166127143,0.12735106485971545,0.20367180435200247,0.0028309357445904515
toy_2,Double triangle,Full DMWA,4.2,2,B,0.04111375954610974,0.12735106485971545,0.32283797227293637,0.0028309357445904515
toy_2,Double triangle,Full DMWA,4.2,2,C,0.04111375954610974,0.12735106485971545,0.32283797227293637,0.0028309357445904515
toy_2,Double triangle,Full DMWA,4.2,2,D,0.019185724601368834,0.12735106485971545,0.1506522511021248,0.0028309357445904515
toy_2,Double triangle,Full DMWA,4.3,1,A,0.0278820235480318,0.13576159868369392,0.20537489112067048,0.0027617379596339975
toy_2,Double triangle,Full DMWA,4.3,1,B,0.043648736200208024,0.13576159868369392,0.3215101812545951,0.0027617379596339975
toy_2,Double triangle,Full DMWA,4.3,1,C,0.043648736200208024,0.13576159868369392,0.3215101812545951,0.0027617379596339975
toy_2,Double triangle,Full DMWA,4.3,1,D,0.02058210273524607,0.13576159868369392,0.15160474637013943,0.0027617379596339975
toy_2,Double triangle,Full DMWA,4.3,2,A,0.02458840734005431,0.12135642211002709,0.20261315316103645,0.0027617379596339975
toy_2,Double triangle,Full DMWA,4.3,2,B,0.03916811860787623,0.12135642211002709,0.32275274704757434,0.0027617379596339975
toy_2,Double triangle,Full DMWA,4.3,2,C,0.03916811860787623,0.12135642211002709,0.32275274704757434,0.0027617379596339975
toy_2,Double triangle,Full DMWA,4.3,2,D,0.01843177755422032,0.12135642211002709,0.15188135274381487,0.0027617379596339975
toy_2,Double triangle,Full DMWA,4.4,1,A,0.026435233448742015,0.12939934233413905,0.20429186865942583,0.0026919757185304843
toy_2,Double triangle,Full DMWA,4.4,1,B,0.04159991508573633,0.12939934233413905,0.3214847489588913,0.0026919757185304843
toy_2,Double triangle,Full DMWA,4.4,1,C,0.04159991508573633,0.12939934233413905,0.3214847489588913,0.0026919757185304843
toy_2,Double triangle,Full DMWA,4.4,1,D,0.01976427871392438,0.12939934233413905,0.1527386334227916,0.0026919757185304843
toy_2,Double triangle,Full DMWA,4.4,2,A,0.023313948505052716,0.11564464725131507,0.20159989294089525,0.0026919757185304843
toy_2,Double triangle,Full DMWA,4.4,2,B,0.03731526186431808,0.11564464725131507,0.32267176001000547,0.0026919757185304843
toy_2,Double triangle,Full DMWA,4.4,2,C,0.03731526186431808,0.11564464725131507,0.32267176001000547,0.0026919757185304843
toy_2,Double triangle,Full DMWA,4.4,2,D,0.017700175017626184,0.11564464725131507,0.1530565870390936,0.0026919757185304843
toy_2,Double triangle,Full DMWA,4.5,1,A,0.025067787864707904,0.12333356421620706,0.2032519535457793,0.0026218952432538467
toy_2,Double triangle,Full DMWA,4.5,1,B,0.039646975935678355,0.12333356421620706,0.3214613652628747,0.0026218952432538467
toy_2,Double triangle,Full DMWA,4.5,1,C,0.039646975935678355,0.12333356421620706,0.3214613652628747,0.0026218952432538467
toy_2,Double triangle,Full DMWA,4.5,1,D,0.018971824480142445,0.12333356421620706,0.15382531592847123,0.0026218952432538467
toy_2,Double triangle,Full DMWA,4.5,2,A,0.02210989269846149,0.11020229414040486,0.20063005830252548,0.0026218952432538467
toy_2,Double triangle,Full DMWA,4.5,2,B,0.03555068890768781,0.11020229414040486,0.3225948169680926,0.0026218952432538467
toy_2,Double triangle,Full DMWA,4.5,2,C,0.03555068890768781,0.11020229414040486,0.3225948169680926,0.0026218952432538467
toy_2,Double triangle,Full DMWA,4.5,2,D,0.016991023626567753,0.11020229414040486,0.15418030776128933,0.0026218952432538467
toy_2,Double triangle,Full DMWA,4.6000000000000005,1,A,0.02377502995714191,0.11755065378592071,0.2022534898056815,0.0025517203267813177
toy_2,Double triangle,Full DMWA,4.6000000000000005,1,B,0.037785466380022885,0.11755065378592071,0.32143986582019785,0.0025517203267813177
toy_2,Double triangle,Full DMWA,4.6000000000000005,1,C,0.037785466380022885,0.11755065378592071,0.32143986582019785,0.0025517203267813177
toy_2,Double triangle,Full DMWA,4.6000000000000005,1,D,0.018204691068733028,0.11755065378592071,0.15486677855392278,0.0025517203267813177
toy_2,Double triangle,Full DMWA,4.6000000000000005,2,A,0.0209719946963806,0.10501656921270511,0.19970176947890017,0.0025517203267813177
toy_2,Double triangle,Full DMWA,4.6000000000000005,2,B,0.03387012569515963,0.10501656921270511,0.32252173108566906,0.0025517203267813177
toy_2,Double triangle,Full DMWA,4.6000000000000005,2,C,0.03387012569515963,0.10501656921270511,0.32252173108566906,0.0025517203267813177
toy_2,Double triangle,Full DMWA,4.6000000000000005,2,D,0.016304323126005243,0.10501656921270511,0.15525476834976165,0.0025517203267813177
toy_2,Double triangle,Full DMWA,4.7,1,A,0.022552595530357895,0.11203760010930396,0.20129488232839304,0.002481653647644036
toy_2,Double triangle,Full DMWA,4.7,1,B,0.036011136573463234,0.11203760010930396,0.3214200994874109,0.002481653647644036
toy_2,Double triangle,Full DMWA,4.7,1,C,0.036011136573463234,0.11203760010930396,0.3214200994874109,0.002481653647644036
toy_2,Double triangle,Full DMWA,4.7,1,D,0.017462731432019596,0.11203760010930396,0.15586491869678523,0.002481653647644036
toy_2,Double triangle,Full DMWA,4.7,2,A,0.01989629311676258,0.10007529805127668,0.19881322868074894,0.002481653647644036
toy_2,Double triangle,Full DMWA,4.7,2,B,0.032269512307763225,0.10007529805127668,0.32245232276229585,0.002481653647644036
toy_2,Double triangle,Full DMWA,4.7,2,C,0.032269512307763225,0.10007529805127668,0.32245232276229585,0.002481653647644036
toy_2,Double triangle,Full DMWA,4.7,2,D,0.015639980318987647,0.10007529805127668,0.1562821257946593,0.002481653647644036
toy_2,Double triangle,Full DMWA,4.800000000000001,1,A,0.0213963936721055,0.10678196859092409,0.20037459464784657,0.002411878062754183
toy_2,Double triangle,Full DMWA,4.800000000000001,1,B,0.034319930501088676,0.10678196859092409,0.3214019272539024,0.002411878062754183
toy_2,Double triangle,Full DMWA,4.800000000000001,1,C,0.034319930501088676,0.10678196859092409,0.3214019272539024,0.002411878062754183
toy_2,Double triangle,Full DMWA,4.800000000000001,1,D,0.016745713916641227,0.10678196859092409,0.1568215508443485,0.002411878062754183
toy_2,Double triangle,Full DMWA,4.800000000000001,2,A,0.018879089386693075,0.09536689388972933,0.19796271658509249,0.002411878062754183
toy_2,Double triangle,Full DMWA,4.800000000000001,2,B,0.03074499145947284,0.09536689388972933,0.32238641949503577,0.002411878062754183
toy_2,Double triangle,Full DMWA,4.800000000000001,2,C,0.03074499145947284,0.09536689388972933,0.32238641949503577,0.002411878062754183
toy_2,Double triangle,Full DMWA,4.800000000000001,2,D,0.014997821584090569,0.09536689388972933,0.157264444424836,0.002411878062754183
toy_2,Double triangle,Full DMWA,4.9,1,A,0.020302588696114326,0.10177187819712101,0.19949114682535807,0.002342557869825651
toy_2,Double triangle,Full DMWA,4.9,1,B,0.03270797759246319,0.10177187819712101,0.32138522126035063,0.002342557869825651
toy_2,Double triangle,Full DMWA,4.9,1,C,0.03270797759246319,0.10177187819712101,0.32138522126035063,0.002342557869825651
toy_2,Double triangle,Full DMWA,4.9,1,D,0.0160533343160803,0.10177187819712101,0.15773841065394062,0.002342557869825651
toy_2,Double triangle,Full DMWA,4.9,2,A,0.017916928411506505,0.09088032791118644,0.1971485889555325,0.002342557869825651
toy_2,Double triangle,Full DMWA,4.9,2,B,0.02929289770192223,0.09088032791118644,0.32232385572539923,0.002342557869825651
toy_2,Double triangle,Full DMWA,4.9,2,C,0.02929289770192223,0.09088032791118644,0.32232385572539923,0.002342557869825651
toy_2,Double triangle,Full DMWA,4.9,2,D,0.014377604095835484,0.09088032791118644,0.15820369959366914,0.002342557869825651
toy_2,Double triangle,Full DMWA,5.0,1,A,0.019267583302709706,0.09699597922364171,0.19864311342519486,0.0022738400326098446
toy_2,Double triangle,Full DMWA,5.0,1,B,0.03117158464176231,0.09699597922364171,0.32136986389807565,0.0022738400326098446
toy_2,Double triangle,Full DMWA,5.0,1,C,0.03117158464176231,0.09699597922364171,0.32136986389807565,0.0022738400326098446
toy_2,Double triangle,Full DMWA,5.0,1,D,0.015385226637407398,0.09699597922364171,0.15861715877865395,0.0022738400326098446
toy_2,Double triangle,Full DMWA,5.0,2,A,0.017006580798271782,0.08660510121800942,0.19636927339258495,0.0022738400326098446
toy_2,Double triangle,Full DMWA,5.0,2,B,0.027909747274921577,0.08660510121800942,0.32226447267424685,0.0022738400326098446
toy_2,Double triangle,Full DMWA,5.0,2,C,0.027909747274921577,0.08660510121800942,0.32226447267424685,0.0022738400326098446
toy_2,Double triangle,Full DMWA,5.0,2,D,0.013779025869894474,0.08660510121800942,0.15910178125892133,0.0022738400326098446
toy_2,Double triangle,Full DMWA,5.1000000000000005,1,A,0.018288002877997117,0.0924434316461836,0.19782912157558477,0.0022058553637845646
toy_2,Double triangle,Full DMWA,5.1000000000000005,1,B,0.02970722803027412,0.0924434316461836,0.3213557469823822,0.0022058553637845646
toy_2,Double triangle,Full DMWA,5.1000000000000005,1,C,0.02970722803027412,0.0924434316461836,0.3213557469823822,0.0022058553637845646
toy_2,Double triangle,Full DMWA,5.1000000000000005,1,D,0.014740972707638246,0.0924434316461836,0.15945938445965088,0.0022058553637845646
toy_2,Double triangle,Full DMWA,5.1000000000000005,2,A,0.016145026499649787,0.08253121835809477,0.19562326621180023,0.0022058553637845646
toy_2,Double triangle,Full DMWA,5.1000000000000005,2,B,0.026592228557200302,0.08253121835809477,0.3222081181671069,0.0022058553637845646
toy_2,Double triangle,Full DMWA,5.1000000000000005,2,C,0.026592228557200302,0.08253121835809477,0.3222081181671069,0.0022058553637845646
toy_2,Double triangle,Full DMWA,5.1000000000000005,2,D,0.013201734744044378,0.08253121835809477,0.15996049745398597,0.0022058553637845646
toy_2,Double triangle,Full DMWA,5.2,1,A,0.017360680856624004,0.0881038840827376,0.19704784910868103,0.002138719661693614
toy_2,Double triangle,Full DMWA,5.2,1,B,0.02831154624644662,0.0881038840827376,0.321342770993609,0.002138719661693614
toy_2,Double triangle,Full DMWA,5.2,1,C,0.02831154624644662,0.0881038840827376,0.321342770993609,0.002138719661693614
toy_2,Double triangle,Full DMWA,5.2,1,D,0.014120110733220352,0.0881038840827376,0.16026660890410097,0.002138719661693614
toy_2,Double triangle,Full DMWA,5.2,2,A,0.015329439756307421,0.07864916230348673,0.19490912944698746,0.002138719661693614
toy_2,Double triangle,Full DMWA,5.2,2,B,0.025337193075631065,0.07864916230348673,0.32215464645206776,0.002138719661693614
toy_2,Double triangle,Full DMWA,5.2,2,C,0.025337193075631065,0.07864916230348673,0.32215464645206776,0.002138719661693614
toy_2,Double triangle,Full DMWA,5.2,2,D,0.012645336395917185,0.07864916230348673,0.16078157764887704,0.002138719661693614
toy_2,Double triangle,Full DMWA,5.300000000000001,1,A,0.016482645077496336,0.08396745338841075,0.19629802277380112,0.002072534798286216
toy_2,Double triangle,Full DMWA,5.300000000000001,1,B,0.026981332697750153,0.08396745338841075,0.3213308443801648,0.002072534798286216
toy_2,Double triangle,Full DMWA,5.300000000000001,1,C,0.026981332697750153,0.08396745338841075,0.3213308443801648,0.002072534798286216
toy_2,Double triangle,Full DMWA,5.300000000000001,1,D,0.0135221429154141,0.08396745338841075,0.1610402884658693,0.002072534798286216
toy_2,Double triangle,Full DMWA,5.300000000000001,2,A,0.014557175227099872,0.07494987078593428,0.1942254879755149,0.002072534798286216
toy_2,Double triangle,Full DMWA,5.300000000000001,2,B,0.024141647034653442,0.07494987078593428,0.32210391801214505,0.002072534798286216
toy_2,Double triangle,Full DMWA,5.300000000000001,2,C,0.024141647034653442,0.07494987078593428,0.32210391801214505,0.002072534798286216
toy_2,Double triangle,Full DMWA,5.300000000000001,2,D,0.012109401489527521,0.07494987078593428,0.16156667600019498,0.002072534798286216
toy_2,Double triangle,Full DMWA,5.4,1,A,0.015651105066038798,0.0800247048964216,0.19557841651895494,0.002007389756552777
toy_2,Double triangle,Full DMWA,5.4,1,B,0.025713528807893137,0.0800247048964216,0.32131988291834296,0.002007389756552777
toy_2,Double triangle,Full DMWA,5.4,1,C,0.025713528807893137,0.0800247048964216,0.32131988291834296,0.002007389756552777
toy_2,Double triangle,Full DMWA,5.4,1,D,0.012946542214596526,0.0800247048964216,0.16178181764435903,0.002007389756552777
toy_2,Double triangle,Full DMWA,5.4,2,A,0.01382575520621894,0.07142471390198953,0.19357102676240226,0.002007389756552777
toy_2,Double triangle,Full DMWA,5.4,2,B,0.02300274333074887,0.07142471390198953,0.3220557993737813,0.002007389756552777
toy_2,Double triangle,Full DMWA,5.4,2,C,0.02300274333074887,0.07142471390198953,0.3220557993737813,0.002007389756552777
toy_2,Double triangle,Full DMWA,5.4,2,D,0.011593472034272856,0.07142471390198953,0.1623173744900352,0.002007389756552777
toy_2,Double triangle,Full DMWA,5.5,1,A,0.014863440180627583,0.07626663331302734,0.1948878498362758,0.0019433616165537293
toy_2,Double triangle,Full DMWA,5.5,1,B,0.02450521739235157,0.07626663331302734,0.32130980912416596,0.0019433616165537293
toy_2,Double triangle,Full DMWA,5.5,1,C,0.02450521739235157,0.07626663331302734,0.32130980912416596,0.0019433616165537293
toy_2,Double triangle,Full DMWA,5.5,1,D,0.012392758347696608,0.07626663331302734,0.16249253191539217,0.0019433616165537293
toy_2,Double triangle,Full DMWA,5.5,2,A,0.013132857835549154,0.06806547290738703,0.19294448821972215,0.0019433616165537293
toy_2,Double triangle,Full DMWA,5.5,2,B,0.02191777401965314,0.06806547290738703,0.3220101629129274,0.0019433616165537293
toy_2,Double triangle,Full DMWA,5.5,2,C,0.02191777401965314,0.06806547290738703,0.3220101629129274,0.0019433616165537293
toy_2,Double triangle,Full DMWA,5.5,2,D,0.011097067032531594,0.06806547290738703,0.16303518595442312,0.0019433616165537293
toy_2,Double triangle,Full DMWA,5.6000000000000005,1,A,0.014117188564691109,0.0726846442691386,0.19422518616748832,0.0018805164897950088
toy_2,Double triangle,Full DMWA,5.6000000000000005,1,B,0.023353616304732004,0.0726846442691386,0.32130055171292604,0.0018805164897950088
toy_2,Double triangle,Full DMWA,5.6000000000000005,1,C,0.023353616304732004,0.0726846442691386,0.32130055171292604,0.0018805164897950088
toy_2,Double triangle,Full DMWA,5.6000000000000005,1,D,0.01186022309498349,0.0726846442691386,0.16317371040665954,0.0018805164897950088
toy_2,Double triangle,Full DMWA,5.6000000000000005,2,A,0.012476306228671423,0.06486432012687238,0.19234466967769334,0.0018805164897950088
toy_2,Double triangle,Full DMWA,5.6000000000000005,2,B,0.020884163206564367,0.06486432012687238,0.3219668866599644,0.0018805164897950088
toy_2,Double triangle,Full DMWA,5.6000000000000005,2,C,0.020884163206564367,0.06486432012687238,0.3219668866599644,0.0018805164897950088
toy_2,Double triangle,Full DMWA,5.6000000000000005,2,D,0.010619687485072218,0.06486432012687238,0.1637215570023778,0.0018805164897950088
toy_2,Double triangle,Full DMWA,5.7,1,A,0.01341003684965808,0.06927053652716855,0.19358933136599193,0.001818910402233767
toy_2,Double triangle,Full DMWA,5.7,1,B,0.022256072346159228,0.06927053652716855,0.32129204510246845,0.001818910402233767
toy_2,Double triangle,Full DMWA,5.7,1,C,0.022256072346159228,0.06927053652716855,0.32129204510246845,0.001818910402233767
toy_2,Double triangle,Full DMWA,5.7,1,D,0.01134835498519202,0.06927053652716855,0.1638265784290712,0.001818910402233767
toy_2,Double triangle,Full DMWA,5.7,2,A,0.011854058430384905,0.06181379991143236,0.19177042096375824,0.001818910402233767
toy_2,Double triangle,Full DMWA,5.7,2,B,0.019899460331935927,0.06181379991143236,0.321925854104555,0.001818910402233767
toy_2,Double triangle,Full DMWA,5.7,2,C,0.019899460331935927,0.06181379991143236,0.321925854104555,0.001818910402233767
toy_2,Double triangle,Full DMWA,5.7,2,D,0.01016082081717561,0.06181379991143236,0.16437787082713196,0.001818910402233767
toy_2,Double triangle,Full DMWA,5.800000000000001,1,A,0.012739810557435867,0.06601648483814918,0.19297923221252564,0.0017585901266396337
toy_2,Double triangle,Full DMWA,5.800000000000001,1,B,0.021210055429649967,0.06601648483814918,0.321284228956602,0.0017585901266396337
toy_2,Double triangle,Full DMWA,5.800000000000001,1,C,0.021210055429649967,0.06601648483814918,0.321284228956602,0.0017585901266396337
toy_2,Double triangle,Full DMWA,5.800000000000001,1,D,0.010856563421413378,0.06601648483814918,0.16445230987427034,0.0017585901266396337
toy_2,Double triangle,Full DMWA,5.800000000000001,2,A,0.011264198142357802,0.05890681058009695,0.19122064208588602,0.0017585901266396337
toy_2,Double triangle,Full DMWA,5.800000000000001,2,B,0.018961333827562637,0.05890681058009695,0.32188695400136247,0.0017585901266396337
toy_2,Double triangle,Full DMWA,5.800000000000001,2,C,0.018961333827562637,0.05890681058009695,0.32188695400136247,0.0017585901266396337
toy_2,Double triangle,Full DMWA,5.800000000000001,2,D,0.009719944782613872,0.05890681058009695,0.1650054499113891,0.0017585901266396337
toy_2,Double triangle,Full DMWA,5.9,1,A,0.01210446515442495,0.0629150234412384,0.19239387498170962,0.0016995939653790954
toy_2,Double triangle,Full DMWA,5.9,1,B,0.02021315299128791,0.0629150234412384,0.3212770477653349,0.0016995939653790954
toy_2,Double triangle,Full DMWA,5.9,1,C,0.02021315299128791,0.0629150234412384,0.3212770477653349,0.0016995939653790954
toy_2,Double triangle,Full DMWA,5.9,1,D,0.010384252304237623,0.0629150234412384,0.16505202948762063,0.0016995939653790954
toy_2,Double triangle,Full DMWA,5.9,2,A,0.010704926151633796,0.05613658728820011,0.19069428101633046,0.0016995939653790954
toy_2,Double triangle,Full DMWA,5.9,2,B,0.01806756511959527,0.05613658728820011,0.3218500801774436,0.0016995939653790954
toy_2,Double triangle,Full DMWA,5.9,2,C,0.01806756511959527,0.05613658728820011,0.3218500801774436,0.0016995939653790954
toy_2,Double triangle,Full DMWA,5.9,2,D,0.009296530897375775,0.05613658728820011,0.16560555862878223,0.0016995939653790954
toy_2,Double triangle,Full DMWA,6.0,1,A,0.011502077712218454,0.059959030195345306,0.19183228405704558,0.0016419524849650147
toy_2,Double triangle,Full DMWA,6.0,1,B,0.019263064639938134,0.059959030195345306,0.32127045045891267,0.0016419524849650147
toy_2,Double triangle,Full DMWA,6.0,1,C,0.019263064639938134,0.059959030195345306,0.32127045045891267,0.0016419524849650147
toy_2,Double triangle,Full DMWA,6.0,1,D,0.009930823203250588,0.059959030195345306,0.1656268150251291,0.0016419524849650147
toy_2,Double triangle,Full DMWA,6.0,2,A,0.01017455240427149,0.05349668576825324,0.1901903315720806,0.0016419524849650147
toy_2,Double triangle,Full DMWA,6.0,2,B,0.017216042956872006,0.05349668576825324,0.3218151313419979,0.0016419524849650147
toy_2,Double triangle,Full DMWA,6.0,2,C,0.017216042956872006,0.05349668576825324,0.3218151313419979,0.0016419524849650147
toy_2,Double triangle,Full DMWA,6.0,2,D,0.008890047450237743,0.05349668576825324,0.16617940574392367,0.0016419524849650147
toy_2,Double triangle,Full DMWA,6.1000000000000005,1,A,0.010930839133105474,0.057141711330661156,0.19129352059220167,0.0015856892039232962
toy_2,Double triangle,Full DMWA,6.1000000000000005,1,B,0.018357597037223464,0.057141711330661156,0.32126439005289514,0.0015856892039232962
toy_2,Double triangle,Full DMWA,6.1000000000000005,1,C,0.018357597037223464,0.057141711330661156,0.32126439005289514,0.0015856892039232962
toy_2,Double triangle,Full DMWA,6.1000000000000005,1,D,0.009495678123108753,0.057141711330661156,0.166177699302008,0.0015856892039232962
toy_2,Double triangle,Full DMWA,6.1000000000000005,2,A,0.009671488671435337,0.050980966893456964,0.1897078313882784,0.0015856892039232962
toy_2,Double triangle,Full DMWA,6.1000000000000005,2,B,0.01640475804455465,0.050980966893456964,0.3217820108990534,0.0015856892039232962
toy_2,Double triangle,Full DMWA,6.1000000000000005,2,C,0.01640475804455465,0.050980966893456964,0.3217820108990534,0.0015856892039232962
toy_2,Double triangle,Full DMWA,6.1000000000000005,2,D,0.008499962132912329,0.050980966893456964,0.1667281468136148,0.0015856892039232962
toy_2,Double triangle,Full DMWA,6.2,1,A,0.010389046901295312,0.054456586806323704,0.19077668121662184,0.001530821235689428
toy_2,Double triangle,Full DMWA,6.2,1,B,0.017494658999517625,0.054456586806323704,0.32125882332173783,0.001530821235689428
toy_2,Double triangle,Full DMWA,6.2,1,C,0.017494658999517625,0.054456586806323704,0.32125882332173783,0.001530821235689428
toy_2,Double triangle,Full DMWA,6.2,1,D,0.009078221905993136,0.054456586806323704,0.16670567213990242,0.001530821235689428
toy_2,Double triangle,Full DMWA,6.2,2,A,0.009194241759835917,0.04858358201739412,0.1892458599809325,0.001530821235689428
toy_2,Double triangle,Full DMWA,6.2,2,B,0.015631797964516077,0.04858358201739412,0.32175062676357435,0.001530821235689428
toy_2,Double triangle,Full DMWA,6.2,2,C,0.015631797964516077,0.04858358201739412,0.32175062676357435,0.001530821235689428
toy_2,Double triangle,Full DMWA,6.2,2,D,0.00812574432852605,0.04858358201739412,0.16725288649191888,0.001530821235689428
toy_2,Double triangle,Full DMWA,6.300000000000001,1,A,0.00987509832341366,0.051897476259218894,0.1902808967836751,0.0014773598883495859
toy_2,Double triangle,Full DMWA,6.300000000000001,1,B,0.016672256813785022,0.051897476259218894,0.3212537104985605,0.0014773598883495859
toy_2,Double triangle,Full DMWA,6.300000000000001,1,C,0.016672256813785022,0.051897476259218894,0.3212537104985605,0.0014773598883495859
toy_2,Double triangle,Full DMWA,6.300000000000001,1,D,0.008677864308235198,0.051897476259218894,0.1672116822192041,0.0014773598883495859
toy_2,Double triangle,Full DMWA,6.300000000000001,2,A,0.008741407222578833,0.046298959046647284,0.18880353689532547,0.0014773598883495859
toy_2,Double triangle,Full DMWA,6.300000000000001,2,B,0.014895342365258033,0.046298959046647284,0.3217208911813898,0.0014773598883495859
toy_2,Double triangle,Full DMWA,6.300000000000001,2,C,0.014895342365258033,0.046298959046647284,0.3217208911813898,0.0014773598883495859
toy_2,Double triangle,Full DMWA,6.300000000000001,2,D,0.007766867093552388,0.046298959046647284,0.16775468074189503,0.0014773598883495859
toy_2,Double triangle,Full DMWA,6.4,1,A,0.009387484224297757,0.04945848552798644,0.18980533115972145,0.001425311223130707
toy_2,Double triangle,Full DMWA,6.4,1,B,0.015888489759206724,0.04945848552798644,0.3212490149989754,0.001425311223130707
toy_2,Double triangle,Full DMWA,6.4,1,C,0.015888489759206724,0.04945848552798644,0.3212490149989754,0.001425311223130707
toy_2,Double triangle,Full DMWA,6.4,1,D,0.008294021785275243,0.04945848552798644,0.16769663884232788,0.001425311223130707
toy_2,Double triangle,Full DMWA,6.4,2,A,0.008311663530265672,0.0441217892060071,0.18838001993659073,0.001425311223130707
toy_2,Double triangle,Full DMWA,6.4,2,B,0.014193658405358505,0.0441217892060071,0.321692720553274,0.001425311223130707
toy_2,Double triangle,Full DMWA,6.4,2,C,0.014193658405358505,0.0441217892060071,0.321692720553274,0.001425311223130707
toy_2,Double triangle,Full DMWA,6.4,2,D,0.007422808865024426,0.0441217892060071,0.16823453895686133,0.001425311223130707
toy_2,Double triangle,Full DMWA,6.5,1,A,0.008924783066439904,0.0471339937355981,0.1893491800526004,0.001374676573570599
toy_2,Double triangle,Full DMWA,6.5,1,B,0.01514154582666878,0.0471339937355981,0.3212447031670282,0.001374676573570599
toy_2,Double triangle,Full DMWA,6.5,1,C,0.01514154582666878,0.0471339937355981,0.3212447031670282,0.001374676573570599
toy_2,Double triangle,Full DMWA,6.5,1,D,0.00792611901582064,0.0471339937355981,0.16816141361334322,0.001374676573570599
toy_2,Double triangle,Full DMWA,6.5,2,A,0.007903766665631516,0.042047014458603156,0.18797450347902983,0.001374676573570599
toy_2,Double triangle,Full DMWA,6.5,2,B,0.013525096435563365,0.042047014458603156,0.32166603526343884,0.001374676573570599
toy_2,Double triangle,Full DMWA,6.5,2,C,0.013525096435563365,0.042047014458603156,0.32166603526343884,0.001374676573570599
toy_2,Double triangle,Full DMWA,6.5,2,D,0.00709305492184491,0.042047014458603156,0.16869342599409254,0.001374676573570599
toy_2,Double triangle,Full DMWA,6.6000000000000005,1,A,0.008485655463606941,0.044918640913394106,0.18891166987816493,0.0013254530273312803
toy_2,Double triangle,Full DMWA,6.6000000000000005,1,B,0.014429697628349992,0.044918640913394106,0.3212407440414623,0.0013254530273312803
toy_2,Double triangle,Full DMWA,6.6000000000000005,1,C,0.014429697628349992,0.044918640913394106,0.3212407440414623,0.0013254530273312803
toy_2,Double triangle,Full DMWA,6.6000000000000005,1,D,0.007573590193087175,0.044918640913394106,0.16860684203891035,0.0013254530273312803
toy_2,Double triangle,Full DMWA,6.6000000000000005,2,A,0.007516545108135235,0.04006981554573543,0.1875862168508337,0.0013254530273312803
toy_2,Double triangle,Full DMWA,6.6000000000000005,2,B,0.012888085905661938,0.04006981554573543,0.3216407595126451,0.0013254530273312803
toy_2,Double triangle,Full DMWA,6.6000000000000005,2,C,0.012888085905661938,0.04006981554573543,0.3216407595126451,0.0013254530273312803
toy_2,Double triangle,Full DMWA,6.6000000000000005,2,D,0.006777098626276322,0.04006981554573543,0.1691322641238761,0.0013254530273312803
toy_2,Double triangle,Full DMWA,6.7,1,A,0.008068839061201765,0.04280731614915177,0.18849205666358154,0.0012776338726052244
toy_2,Double triangle,Full DMWA,6.7,1,B,0.013751298489824123,0.04280731614915177,0.3212371091406674,0.0012776338726052244
toy_2,Double triangle,Full DMWA,6.7,1,C,0.013751298489824123,0.04280731614915177,0.3212371091406674,0.0012776338726052244
toy_2,Double triangle,Full DMWA,6.7,1,D,0.00723588010830176,0.04280731614915177,0.16903372505508357,0.0012776338726052244
toy_2,Double triangle,Full DMWA,6.7,2,A,0.00714889517776896,0.03818560061342419,0.1872144227909763,0.0012776338726052244
toy_2,Double triangle,Full DMWA,6.7,2,B,0.01228113148322546,0.03818560061342419,0.32161682115608825,0.0012776338726052244
toy_2,Double triangle,Full DMWA,6.7,2,C,0.01228113148322546,0.03818560061342419,0.32161682115608825,0.0012776338726052244
toy_2,Double triangle,Full DMWA,6.7,2,D,0.006474442469204301,0.03818560061342419,0.16955193489684706,0.0012776338726052244
toy_2,Double triangle,Full DMWA,6.800000000000001,1,A,0.007673143757840242,0.040795146241602596,0.18808962498620058,0.0012312090110456753
toy_2,Double triangle,Full DMWA,6.800000000000001,1,B,0.013104778717284497,0.040795146241602596,0.32123377226480776,0.0012312090110456753
toy_2,Double triangle,Full DMWA,6.800000000000001,1,C,0.013104778717284497,0.040795146241602596,0.32123377226480776,0.0012312090110456753
toy_2,Double triangle,Full DMWA,6.800000000000001,1,D,0.00691244504919336,0.040795146241602596,0.16944283048418388,0.0012312090110456753
toy_2,Double triangle,Full DMWA,6.800000000000001,2,A,0.006799776709949032,0.036389994394756854,0.18685841597515493,0.0012312090110456753
toy_2,Double triangle,Full DMWA,6.800000000000001,2,B,0.011702809372151688,0.036389994394756854,0.3215941515461693,0.0012312090110456753
toy_2,Double triangle,Full DMWA,6.800000000000001,2,C,0.011702809372151688,0.036389994394756854,0.3215941515461693,0.0012312090110456753
toy_2,Double triangle,Full DMWA,6.800000000000001,2,D,0.006184598940504446,0.036389994394756854,0.16995328093250645,0.0012312090110456753
toy_2,Double triangle,Full DMWA,6.9,1,A,0.007297447244399082,0.038877484843781326,0.18770368694687692,0.0011861653391191385
toy_2,Double triangle,Full DMWA,6.9,1,B,0.012488642032702332,0.038877484843781326,0.3212307093137472,0.0011861653391191385
toy_2,Double triangle,Full DMWA,6.9,1,C,0.012488642032702332,0.038877484843781326,0.3212307093137472,0.0011861653391191385
toy_2,Double triangle,Full DMWA,6.9,1,D,0.006602753533977578,0.038877484843781326,0.1698348944256286,0.0011861653391191385
toy_2,Double triangle,Full DMWA,6.9,2,A,0.006468209035715353,0.03467882791900835,0.18651752160775775,0.0011861653391191385
toy_2,Double triangle,Full DMWA,6.9,2,B,0.0111517638197542,0.03467882791900835,0.321572685380224,0.0011861653391191385
toy_2,Double triangle,Full DMWA,6.9,2,C,0.0111517638197542,0.03467882791900835,0.321572685380224,0.0011861653391191385
toy_2,Double triangle,Full DMWA,6.9,2,D,0.005907091243784593,0.03467882791900835,0.17033710763179413,0.0011861653391191385
toy_2,Double triangle,Full DMWA,7.0,1,A,0.00694069083845405,0.037049902077663704,0.18733358117667978,0.0011424870997284314
toy_2,Double triangle,Full DMWA,7.0,1,B,0.011901462169941346,0.037049902077663704,0.3212278981195037,0.0011424870997284314
toy_2,Double triangle,Full DMWA,7.0,1,C,0.011901462169941346,0.037049902077663704,0.3212278981195037,0.0011424870997284314
toy_2,Double triangle,Full DMWA,7.0,1,D,0.0063062868993269605,0.037049902077663704,0.17021062258431272,0.0011424870997284314
toy_2,Double triangle,Full DMWA,7.0,2,A,0.006153267243621141,0.03304812872026006,0.18619109407695142,0.0011424870997284314
toy_2,Double triangle,Full DMWA,7.0,2,B,0.010626703801867303,0.03304812872026006,0.3215523605532507,0.0011424870997284314
toy_2,Double triangle,Full DMWA,7.0,2,C,0.010626703801867303,0.03304812872026006,0.3215523605532507,0.0011424870997284314
toy_2,Double triangle,Full DMWA,7.0,2,D,0.005641453872904315,0.03304812872026006,0.1707041848165472,0.0011424870997284314
toy_2,Double triangle,Full DMWA,7.1000000000000005,1,A,0.00660187559358073,0.03530817460271262,0.18697867187598896,0.0011001562059021752
toy_2,Double triangle,Full DMWA,7.1000000000000005,1,B,0.011341879625068215,0.03530817460271262,0.32122531829206635,0.0011001562059021752
toy_2,Double triangle,Full DMWA,7.1000000000000005,1,C,0.011341879625068215,0.03530817460271262,0.32122531829206635,0.0011001562059021752
toy_2,Double triangle,Full DMWA,7.1000000000000005,1,D,0.006022539758995461,0.03530817460271262,0.17057069153987833,0.0011001562059021752
toy_2,Double triangle,Full DMWA,7.1000000000000005,2,A,0.00585407870166012,0.03149411151986195,0.18587851567008679,0.0011001562059021752
toy_2,Double triangle,Full DMWA,7.1000000000000005,2,B,0.010126399876113685,0.03149411151986195,0.3215331180156459,0.0011001562059021752
toy_2,Double triangle,Full DMWA,7.1000000000000005,2,C,0.010126399876113685,0.03149411151986195,0.3215331180156459,0.0011001562059021752
toy_2,Double triangle,Full DMWA,7.1000000000000005,2,D,0.00538723306597446,0.03149411151986195,0.17105524829862145,0.0011001562059021752
toy_2,Double triangle,Full DMWA,7.2,1,A,0.006280058664437181,0.0336482761211866,0.18663834788501837,0.0010591525382850075
toy_2,Double triangle,Full DMWA,7.2,1,B,0.010808598554318313,0.0336482761211866,0.32122295107750526,0.0010591525382850075
toy_2,Double triangle,Full DMWA,7.2,1,C,0.010808598554318313,0.0336482761211866,0.32122295107750526,0.0010591525382850075
toy_2,Double triangle,Full DMWA,7.2,1,D,0.005751020348112792,0.0336482761211866,0.170915749959971,0.0010591525382850075
toy_2,Double triangle,Full DMWA,7.2,2,A,0.005569819819370307,0.030013169358578895,0.18557919534673342,0.0010591525382850075
toy_2,Double triangle,Full DMWA,7.2,2,B,0.009649681194106134,0.030013169358578895,0.32151490163593444,0.0010591525382850075
toy_2,Double triangle,Full DMWA,7.2,2,C,0.009649681194106134,0.030013169358578895,0.32151490163593444,0.0010591525382850075
toy_2,Double triangle,Full DMWA,7.2,2,D,0.005143987150996319,0.030013169358578895,0.1713910013813977,0.0010591525382850075
toy_2,Double triangle,Full DMWA,7.300000000000001,1,A,0.005974349909896636,0.03206636830335974,0.18631202178485165,0.0010194542180931992
toy_2,Double triangle,Full DMWA,7.300000000000001,1,B,0.010300383813397724,0.03206636830335974,0.3212207792273909,0.0010194542180931992
toy_2,Double triangle,Full DMWA,7.300000000000001,1,C,0.010300383813397724,0.03206636830335974,0.3212207792273909,0.0010194542180931992
toy_2,Double triangle,Full DMWA,7.300000000000001,1,D,0.005491250766667653,0.03206636830335974,0.17124641976036648,0.0010194542180931992
toy_2,Double triangle,Full DMWA,7.300000000000001,2,A,0.005299713031888896,0.02860186515565163,0.18529256756675852,0.0010194542180931992
toy_2,Double triangle,Full DMWA,7.300000000000001,2,B,0.009195432663931804,0.02860186515565163,0.32149765806845704,0.0010194542180931992
toy_2,Double triangle,Full DMWA,7.300000000000001,2,C,0.009195432663931804,0.02860186515565163,0.32149765806845704,0.0010194542180931992
toy_2,Double triangle,Full DMWA,7.300000000000001,2,D,0.004911286795899129,0.02860186515565163,0.17171211629632746,0.0010194542180931992
toy_2,Double triangle,Full DMWA,7.4,1,A,0.005683908717754203,0.030558792116146122,0.18599912902810836,0.0009810378571380313
toy_2,Double triangle,Full DMWA,7.4,1,B,0.009816058132024297,0.030558792116146122,0.3212187868786168,0.0009810378571380313
toy_2,Double triangle,Full DMWA,7.4,1,C,0.009816058132024297,0.030558792116146122,0.3212187868786168,0.0009810378571380313
toy_2,Double triangle,Full DMWA,7.4,1,D,0.005242767134343322,0.030558792116146122,0.1715632972146579,0.0009810378571380313
toy_2,Double triangle,Full DMWA,7.4,2,A,0.0050430239892256205,0.027256923673293618,0.18501809117097043,0.0009810378571380313
toy_2,Double triangle,Full DMWA,7.4,2,B,0.008762592254802252,0.027256923673293618,0.3214813366259618,0.0009810378571380313
toy_2,Double triangle,Full DMWA,7.4,2,C,0.008762592254802252,0.027256923673293618,0.3214813366259618,0.0009810378571380313
toy_2,Double triangle,Full DMWA,7.4,2,D,0.004688715174463495,0.027256923673293618,0.1720192355771061,0.0009810378571380313
toy_2,Double triangle,Full DMWA,7.5,1,A,0.005407941035700192,0.029122059539002418,0.18569912709839348,0.000943878786439617
toy_2,Double triangle,Full DMWA,7.5,1,B,0.009354499417830455,0.029122059539002418,0.3212169594427968,0.000943878786439617
toy_2,Double triangle,Full DMWA,7.5,1,C,0.009354499417830455,0.029122059539002418,0.3212169594427968,0.000943878786439617
toy_2,Double triangle,Full DMWA,7.5,1,D,0.005005119667641314,0.029122059539002418,0.17186695401601276,0.000943878786439617
toy_2,Double triangle,Full DMWA,7.5,2,A,0.004799058935385238,0.025975223866345407,0.18475524831195395,0.000943878786439617
toy_2,Double triangle,Full DMWA,7.5,2,B,0.008350148436247599,0.025975223866345407,0.3214658891570287,0.000943878786439617
toy_2,Double triangle,Full DMWA,7.5,2,C,0.008350148436247599,0.025975223866345407,0.3214658891570287,0.000943878786439617
toy_2,Double triangle,Full DMWA,7.5,2,D,0.004475868058464973,0.025975223866345407,0.17231297337398876,0.000943878786439617
toy_2,Double triangle,Full DMWA,7.6000000000000005,1,A,0.005145696594340008,0.027752845651395373,0.1854114946977082,0.0009079512648865334
toy_2,Double triangle,Full DMWA,7.6000000000000005,1,B,0.008914638183968787,0.027752845651395373,0.32121528350447087,0.0009079512648865334
toy_2,Double triangle,Full DMWA,7.6000000000000005,1,C,0.008914638183968787,0.027752845651395373,0.32121528350447087,0.0009079512648865334
toy_2,Double triangle,Full DMWA,7.6000000000000005,1,D,0.004777872689117795,0.027752845651395373,0.1721579382933501,0.0009079512648865334
toy_2,Double triangle,Full DMWA,7.6000000000000005,2,A,0.0045671622632152365,0.024753791597927528,0.18450354343282163,0.0009079512648865334
toy_2,Double triangle,Full DMWA,7.6000000000000005,2,B,0.00795713774469291,0.024753791597927528,0.32145126992824435,0.0009079512648865334
toy_2,Double triangle,Full DMWA,7.6000000000000005,2,C,0.00795713774469291,0.024753791597927528,0.32145126992824435,0.0009079512648865334
toy_2,Double triangle,Full DMWA,7.6000000000000005,2,D,0.0042723538453264725,0.024753791597927528,0.17259391671068963,0.0009079512648865334
toy_2,Double triangle,Full DMWA,7.7,1,A,0.004896466309051469,0.026447981076555244,0.18513573096102715,0.0008732286693235308
toy_2,Double triangle,Full DMWA,7.7,1,B,0.008495455094976135,0.026447981076555244,0.32121374672741704,0.0008732286693235308
toy_2,Double triangle,Full DMWA,7.7,1,C,0.008495455094976135,0.026447981076555244,0.32121374672741704,0.0008732286693235308
toy_2,Double triangle,Full DMWA,7.7,1,D,0.004560604577551501,0.026447981076555244,0.17243677558413859,0.0008732286693235308
toy_2,Double triangle,Full DMWA,7.7,2,A,0.004346714231993218,0.023589792702977556,0.18426250229170374,0.0008732286693235308
toy_2,Double triangle,Full DMWA,7.7,2,B,0.007582642470681997,0.023589792702977556,0.32143743551103354,0.0008732286693235308
toy_2,Double triangle,Full DMWA,7.7,2,C,0.007582642470681997,0.023589792702977556,0.32143743551103354,0.0008732286693235308
toy_2,Double triangle,Full DMWA,7.7,2,D,0.004077793529620344,0.023589792702977556,0.17286262668622923,0.0008732286693235308
toy_2,Double triangle,Full DMWA,7.800000000000001,1,A,0.004659579848409864,0.02520444476668654,0.18487135469727023,0.0008396836673731506
toy_2,Double triangle,Full DMWA,7.800000000000001,1,B,0.008095978625662525,0.02520444476668654,0.3212123377684249,0.0008396836673731506
toy_2,Double triangle,Full DMWA,7.800000000000001,1,C,0.008095978625662525,0.02520444476668654,0.3212123377684249,0.0008396836673731506
toy_2,Double triangle,Full DMWA,7.800000000000001,1,D,0.004352907666951624,0.02520444476668654,0.17270396976587996,0.0008396836673731506
toy_2,Double triangle,Full DMWA,7.800000000000001,2,A,0.004137128835809166,0.022480526382532624,0.1840316710298971,0.0008396836673731506
toy_2,Double triangle,Full DMWA,7.800000000000001,2,B,0.007225788460410595,0.022480526382532624,0.32142434467304265,0.0008396836673731506
toy_2,Double triangle,Full DMWA,7.800000000000001,2,C,0.007225788460410595,0.022480526382532624,0.32142434467304265,0.0008396836673731506
toy_2,Double triangle,Full DMWA,7.800000000000001,2,D,0.003891820625902268,0.022480526382532624,0.1731196396240176,0.0008396836673731506
toy_2,Double triangle,Full DMWA,7.9,1,A,0.004434403357784347,0.024019357115272248,0.18461790365591496,0.0008072883742333697
toy_2,Double triangle,Full DMWA,7.9,1,B,0.007715282827998368,0.024019357115272248,0.3212110461979331,0.0008072883742333697
toy_2,Double triangle,Full DMWA,7.9,1,C,0.007715282827998368,0.024019357115272248,0.3212110461979331,0.0008072883742333697
toy_2,Double triangle,Full DMWA,7.9,1,D,0.004154388101491165,0.024019357115272248,0.17296000394821875,0.0008072883742333697
toy_2,Double triangle,Full DMWA,7.9,2,A,0.003937851811750069,0.021423418912533895,0.18381061528168158,0.0008072883742333697
toy_2,Double triangle,Full DMWA,7.9,2,B,0.006885743025601065,0.021423418912533895,0.32141195827396724,0.0008072883742333697
toy_2,Double triangle,Full DMWA,7.9,2,C,0.006885743025601065,0.021423418912533895,0.32141195827396724,0.0008072883742333697
toy_2,Double triangle,Full DMWA,7.9,2,D,0.003714081049581695,0.021423418912533895,0.17336546817038387,0.0008072883742333697
toy_2,Double triangle,Full DMWA,8.0,1,A,0.004220337327519839,0.022889973382574494,0.18437493381851922,0.0007760144946147157
toy_2,Double triangle,Full DMWA,8.0,1,B,0.0073524852011741595,0.022889973382574494,0.3212098624269875,0.0007760144946147157
toy_2,Double triangle,Full DMWA,8.0,1,C,0.0073524852011741595,0.022889973382574494,0.3212098624269875,0.0007760144946147157
toy_2,Double triangle,Full DMWA,8.0,1,D,0.003964665652706336,0.022889973382574494,0.17320534132750573,0.0007760144946147157
toy_2,Double triangle,Full DMWA,8.0,2,A,0.003748358777765296,0.020416017651783965,0.18359891932390457,0.0007760144946147157
toy_2,Double triangle,Full DMWA,8.0,2,B,0.006561712956094626,0.020416017651783965,0.32140023916570526,0.0007760144946147157
toy_2,Double triangle,Full DMWA,8.0,2,C,0.006561712956094626,0.020416017651783965,0.32140023916570526,0.0007760144946147157
toy_2,Double triangle,Full DMWA,8.0,2,D,0.0035442329618294182,0.020416017651783965,0.17360060234468502,0.0007760144946147157
toy_2,Double triangle,Full DMWA,8.1,1,A,0.004016814595871737,0.021813677420909176,0.18414201871443645,0.0007458334509209547
toy_2,Double triangle,Full DMWA,8.1,1,B,0.007006744660203818,0.021813677420909176,0.32120877764001443,0.0007458334509209547
toy_2,Double triangle,Full DMWA,8.1,1,C,0.007006744660203818,0.021813677420909176,0.32120877764001443,0.0007458334509209547
toy_2,Double triangle,Full DMWA,8.1,1,D,0.0037833735046298037,0.021813677420909176,0.17344042600553483,0.0007458334509209547
toy_2,Double triangle,Full DMWA,8.1,2,A,0.003568153490889035,0.01945598533449364,0.18339618526351542,0.0007458334509209547
toy_2,Double triangle,Full DMWA,8.1,2,B,0.006252942629859063,0.01945598533449364,0.3213891520967166,0.0007458334509209547
toy_2,Double triangle,Full DMWA,8.1,2,C,0.006252942629859063,0.01945598533449364,0.3213891520967166,0.0007458334509209547
toy_2,Double triangle,Full DMWA,8.1,2,D,0.0033819465838864776,0.01945598533449364,0.1738255105430514,0.0007458334509209547
toy_2,Double triangle,Full DMWA,8.200000000000001,1,A,0.00382329847755965,0.02078797568674314,0.18391874876002645,0.0007167164987067903
toy_2,Double triangle,Full DMWA,8.200000000000001,1,B,0.006677259598633152,0.02078797568674314,0.32120778373294706,0.0007167164987067903
toy_2,Double triangle,Full DMWA,8.200000000000001,1,C,0.006677259598633152,0.02078797568674314,0.32120778373294706,0.0007167164987067903
toy_2,Double triangle,Full DMWA,8.200000000000001,1,D,0.0036101580119171886,0.02078797568674314,0.17366568377407954,0.0007167164987067903
toy_2,Double triangle,Full DMWA,8.200000000000001,2,A,0.0033967662172263986,0.01854109463360781,0.18320203226131965,0.0007167164987067903
toy_2,Double triangle,Full DMWA,8.200000000000001,2,B,0.0059587122154094695,0.01854109463360781,0.3213786636204659,0.0007167164987067903
toy_2,Double triangle,Full DMWA,8.200000000000001,2,C,0.0059587122154094695,0.01854109463360781,0.3213786636204659,0.0007167164987067903
toy_2,Double triangle,Full DMWA,8.200000000000001,2,D,0.003226903985562473,0.01854109463360781,0.17404064049774862,0.0007167164987067903
toy_2,Double triangle,Full DMWA,8.3,1,A,0.0036392810094550993,0.019810491527132476,0.18370473062067819,0.0006886348303827144
toy_2,Double triangle,Full DMWA,8.3,1,B,0.006363266041100251,0.019810491527132476,0.32120687325628006,0.0006886348303827144
toy_2,Double triangle,Full DMWA,8.3,1,C,0.006363266041100251,0.019810491527132476,0.32120687325628006,0.0006886348303827144
toy_2,Double triangle,Full DMWA,8.3,1,D,0.0034446784354768755,0.019810491527132476,0.17388152286676176,0.0006886348303827144
toy_2,Double triangle,Full DMWA,8.3,2,A,0.003233752205779283,0.017669222981811387,0.18301609579029546,0.0006886348303827144
toy_2,Double triangle,Full DMWA,8.3,2,B,0.005678335961920395,0.017669222981811387,0.32136874200782045,0.0006886348303827144
toy_2,Double triangle,Full DMWA,8.3,2,C,0.005678335961920395,0.017669222981811387,0.32136874200782045,0.0006886348303827144
toy_2,Double triangle,Full DMWA,8.3,2,D,0.003078798852191314,0.017669222981811387,0.17424642019406367,0.0006886348303827144
toy_2,Double triangle,Full DMWA,8.4,1,A,0.003464281305520069,0.018878959728484253,0.18349958659497642,0.0006615596680808883
toy_2,Double triangle,Full DMWA,8.4,1,B,0.0060640358816735655,0.018878959728484253,0.3212060393626589,0.0006615596680808883
toy_2,Double triangle,Full DMWA,8.4,1,C,0.0060640358816735655,0.018878959728484253,0.3212060393626589,0.0006615596680808883
toy_2,Double triangle,Full DMWA,8.4,1,D,0.003286606659617054,0.018878959728484253,0.1740883346797058,0.0006615596680808883
toy_2,Double triangle,Full DMWA,8.4,2,A,0.0030786902588014007,0.016838347637783028,0.18283802692689552,0.0006615596680808883
toy_2,Double triangle,Full DMWA,8.4,2,B,0.005411160572569764,0.016838347637783028,0.32135935716327857,0.0006615596680808883
toy_2,Double triangle,Full DMWA,8.4,2,C,0.005411160572569764,0.016838347637783028,0.32135935716327857,0.0006615596680808883
toy_2,Double triangle,Full DMWA,8.4,2,D,0.002937336233842099,0.016838347637783028,0.17444325874654734,0.0006615596680808883
toy_2,Double triangle,Full DMWA,8.5,1,A,0.0032978440136719393,0.017991221316082273,0.18330295402035943,0.0006354623465312376
toy_2,Double triangle,Full DMWA,8.5,1,B,0.005778875204067006,0.017991221316082273,0.32120527575864427,0.0006354623465312376
toy_2,Double triangle,Full DMWA,8.5,1,C,0.005778875204067006,0.017991221316082273,0.32120527575864427,0.0006354623465312376
toy_2,Double triangle,Full DMWA,8.5,1,D,0.0031356268942763213,0.017991221316082273,0.17428649446235195,0.0006354623465312376
toy_2,Double triangle,Full DMWA,8.5,2,A,0.0029311813919348758,0.01604654098589586,0.18266749167382826,0.0006354623465312376
toy_2,Double triangle,Full DMWA,8.5,2,B,0.0051565636569010365,0.01604654098589586,0.32135048054489807,0.0006354623465312376
toy_2,Double triangle,Full DMWA,8.5,2,C,0.0051565636569010365,0.01604654098589586,0.32135048054489807,0.0006354623465312376
toy_2,Double triangle,Full DMWA,8.5,2,D,0.002802232280158911,0.01604654098589586,0.17463154723637567,0.0006354623465312376
toy_2,Double triangle,Full DMWA,8.6,1,A,0.0031395378677683402,0.017145218593265794,0.18311448469962763,0.0006103143867473709
toy_2,Double triangle,Full DMWA,8.6,1,B,0.005507122679998583,0.017145218593265794,0.3212045766603198,0.0006103143867473709
toy_2,Double triangle,Full DMWA,8.6,1,C,0.005507122679998583,0.017145218593265794,0.3212045766603198,0.0006103143867473709
toy_2,Double triangle,Full DMWA,8.6,1,D,0.0029914353655002886,0.017145218593265794,0.17447636197973285,0.0006103143867473709
toy_2,Double triangle,Full DMWA,8.6,2,A,0.002790847577896641,0.01529196605815685,0.18250417031288022,0.0006103143867473709
toy_2,Double triangle,Full DMWA,8.6,2,B,0.004913952258219974,0.01529196605815685,0.3213420850877991,0.0006103143867473709
toy_2,Double triangle,Full DMWA,8.6,2,C,0.004913952258219974,0.01529196605815685,0.3213420850877991,0.0006103143867473709
toy_2,Double triangle,Full DMWA,8.6,2,D,0.0026732139638202604,0.01529196605815685,0.1748116595115216,0.0006103143867473709
toy_2,Double triangle,Full DMWA,8.700000000000001,1,A,0.002988954328386084,0.016338990409589704,0.18293384434767787,0.0005860875612659494
toy_2,Double triangle,Full DMWA,8.700000000000001,1,B,0.00524814804212052,0.016338990409589704,0.32120393675243664,0.0005860875612659494
toy_2,Double triangle,Full DMWA,8.700000000000001,1,C,0.00524814804212052,0.016338990409589704,0.32120393675243664,0.0005860875612659494
toy_2,Double triangle,Full DMWA,8.700000000000001,1,D,0.002853739996962579,0.016338990409589704,0.17465828214744883,0.0005860875612659494
toy_2,Double triangle,Full DMWA,8.700000000000001,2,A,0.002657330567956905,0.014572872267737833,0.18234775678641188,0.0005860875612659494
toy_2,Double triangle,Full DMWA,8.700000000000001,2,B,0.00468276145225844,0.014572872267737833,0.3213341451311129,0.0005860875612659494
toy_2,Double triangle,Full DMWA,8.700000000000001,2,C,0.00468276145225844,0.014572872267737833,0.3213341451311129,0.0005860875612659494
toy_2,Double triangle,Full DMWA,8.700000000000001,2,D,0.0025500187952640476,0.014572872267737833,0.17498395295136218,0.0005860875612659494
toy_2,Double triangle,Full DMWA,8.8,1,A,0.0028457063065141872,0.015570667647724006,0.18276071205785124,0.0005627539516317864
toy_2,Double triangle,Full DMWA,8.8,1,B,0.005001350628104535,0.015570667647724006,0.32120335115081544,0.0005627539516317864
toy_2,Double triangle,Full DMWA,8.8,1,C,0.005001350628104535,0.015570667647724006,0.32120335115081544,0.0005627539516317864
toy_2,Double triangle,Full DMWA,8.8,1,D,0.002722260085000748,0.015570667647724006,0.17483258564051785,0.0005627539516317864
toy_2,Double triangle,Full DMWA,8.8,2,A,0.002530290785886901,0.013887591343980744,0.18219795810621955,0.0005627539516317864
toy_2,Double triangle,Full DMWA,8.8,2,B,0.004462453013540425,0.013887591343980744,0.3213266363482514,0.0005627539516317864
toy_2,Double triangle,Full DMWA,8.8,2,C,0.004462453013540425,0.013887591343980744,0.3213266363482514,0.0005627539516317864
toy_2,Double triangle,Full DMWA,8.8,2,D,0.0024323945310129958,0.013887591343980744,0.17514876919727776,0.0005627539516317864
toy_2,Double triangle,Full DMWA,8.9,1,A,0.0027094269646941987,0.014838468919267142,0.18259477978729458,0.0005402859987781311
toy_2,Double triangle,Full DMWA,8.9,1,B,0.004766157992615384,0.014838468919267142,0.3212028153677448,0.0005402859987781311
toy_2,Double triangle,Full DMWA,8.9,1,C,0.004766157992615384,0.014838468919267142,0.3212028153677448,0.0005402859987781311
toy_2,Double triangle,Full DMWA,8.9,1,D,0.0025967259693421745,0.014838468919267142,0.1749995894772157,0.0005402859987781311
toy_2,Double triangle,Full DMWA,8.9,2,A,0.0024094062894527406,0.013234533459259876,0.18205449378851649,0.0005402859987781311
toy_2,Double triangle,Full DMWA,8.9,2,B,0.004252514146075738,0.013234533459259876,0.3213195356803725,0.0005402859987781311
toy_2,Double triangle,Full DMWA,8.9,2,C,0.004252514146075738,0.013234533459259876,0.3213195356803725,0.0005402859987781311
toy_2,Double triangle,Full DMWA,8.9,2,D,0.0023200988776556596,0.013234533459259876,0.17530643485073844,0.0005402859987781311
toy_2,Double triangle,Full DMWA,9.0,1,A,0.0025797685905247186,0.014140696460054647,0.18243575186075023,0.0005186565469013499
toy_2,Double triangle,Full DMWA,9.0,1,B,0.004542024584050199,0.014140696460054647,0.32120232528014014,0.0005186565469013499
toy_2,Double triangle,Full DMWA,9.0,1,C,0.004542024584050199,0.014140696460054647,0.32120232528014014,0.0005186565469013499
toy_2,Double triangle,Full DMWA,9.0,1,D,0.002476878701429529,0.014140696460054647,0.1751595975789694,0.0005186565469013499
toy_2,Double triangle,Full DMWA,9.0,2,A,0.0022943717948996868,0.012612183538558416,0.18191709531384886,0.0005186565469013499
toy_2,Double triangle,Full DMWA,9.0,2,B,0.004052456275186089,0.012612183538558416,0.3213128212729204,0.0005186565469013499
toy_2,Double triangle,Full DMWA,9.0,2,C,0.004052456275186089,0.012612183538558416,0.3213128212729204,0.0005186565469013499
toy_2,Double triangle,Full DMWA,9.0,2,D,0.00221289919328655,0.012612183538558416,0.17545726214031027,0.0005186565469013499
toy_2,Double triangle,Full DMWA,9.1,1,A,0.002456401537802309,0.013475732215937066,0.18228334449220113,0.0004978388813899337
toy_2,Double triangle,Full DMWA,9.1,1,B,0.004328430483059183,0.013475732215937066,0.32120187710024156,0.0004978388813899337
toy_2,Double triangle,Full DMWA,9.1,1,C,0.004328430483059183,0.013475732215937066,0.32120187710024156,0.0004978388813899337
toy_2,Double triangle,Full DMWA,9.1,1,D,0.002362469712016391,0.013475732215937066,0.1753129013073158,0.0004978388813899337
toy_2,Double triangle,Full DMWA,9.1,2,A,0.002184897760208636,0.012019097743063936,0.18178550561081108,0.0004978388813899337
toy_2,Double triangle,Full DMWA,9.1,2,B,0.0038618138974363873,0.012019097743063936,0.3213064724151186,0.0004978388813899337
toy_2,Double triangle,Full DMWA,9.1,2,C,0.0038618138974363873,0.012019097743063936,0.3213064724151186,0.0004978388813899337
toy_2,Double triangle,Full DMWA,9.1,2,D,0.0021105721879825243,0.012019097743063936,0.17560154955895152,0.0004978388813899337
toy_2,Double triangle,Full DMWA,9.200000000000001,1,A,0.0023390132309009026,0.01284203411038284,0.1821372853238102,0.0004778067613267628
toy_2,Double triangle,Full DMWA,9.200000000000001,1,B,0.004124880199996392,0.01284203411038284,0.3212014673486507,0.0004778067613267628
toy_2,Double triangle,Full DMWA,9.200000000000001,1,C,0.004124880199996392,0.01284203411038284,0.3212014673486507,0.0004778067613267628
toy_2,Double triangle,Full DMWA,9.200000000000001,1,D,0.002253260479489154,0.01284203411038284,0.17545977997888848,0.0004778067613267628
toy_2,Double triangle,Full DMWA,9.200000000000001,2,A,0.002080709523217491,0.011453900119512955,0.18165947856248352,0.0004778067613267628
toy_2,Double triangle,Full DMWA,9.200000000000001,2,B,0.0036801434858028913,0.011453900119512955,0.3213004694823006,0.0004778067613267628
toy_2,Double triangle,Full DMWA,9.200000000000001,2,C,0.0036801434858028913,0.011453900119512955,0.3213004694823006,0.0004778067613267628
toy_2,Double triangle,Full DMWA,9.200000000000001,2,D,0.0020129036246896827,0.011453900119512955,0.17573958247291543,0.0004778067613267628
toy_2,Double triangle,Full DMWA,9.3,1,A,0.0022273072282975688,0.012238132485629945,0.1819973129816073,0.0004585344470450503
toy_2,Double triangle,Full DMWA,9.3,1,B,0.003930901528576785,0.012238132485629945,0.32120109282951975,0.0004585344470450503
toy_2,Double triangle,Full DMWA,9.3,1,C,0.003930901528576785,0.012238132485629945,0.32120109282951975,0.0004585344470450503
toy_2,Double triangle,Full DMWA,9.3,1,D,0.0021490222001788045,0.012238132485629945,0.1756005013593531,0.0004585344470450503
toy_2,Double triangle,Full DMWA,9.3,2,A,0.0019815464909858807,0.01091527940741665,0.18153877853456238,0.0004585344470450503
toy_2,Double triangle,Full DMWA,9.3,2,B,0.0035070224473590277,0.01091527940741665,0.3212947938809607,0.0004585344470450503
toy_2,Double triangle,Full DMWA,9.3,2,C,0.0035070224473590277,0.01091527940741665,0.3212947938809607,0.0004585344470450503
toy_2,Double triangle,Full DMWA,9.3,2,D,0.0019196880217127162,0.01091527940741665,0.17587163370351636,0.0004585344470450503
toy_2,Double triangle,Full DMWA,9.4,1,A,0.002121002341436121,0.011662626709465745,0.18186317664738857,0.00043999672318638383
toy_2,Double triangle,Full DMWA,9.4,1,B,0.0037460444531380623,0.011662626709465745,0.3212007506077218,0.00043999672318638383
toy_2,Double triangle,Full DMWA,9.4,1,C,0.0037460444531380623,0.011662626709465745,0.3212007506077218,0.00043999672318638383
toy_2,Double triangle,Full DMWA,9.4,1,D,0.002049535461753499,0.011662626709465745,0.17573532213716772,0.00043999672318638383
toy_2,Double triangle,Full DMWA,9.4,2,A,0.001887161377044967,0.01040198599668143,0.1814231799242022,0.00043999672318638383
toy_2,Double triangle,Full DMWA,9.4,2,B,0.0033420481309005086,0.01040198599668143,0.32128942799641624,0.00043999672318638383
toy_2,Double triangle,Full DMWA,9.4,2,C,0.0033420481309005086,0.01040198599668143,0.32128942799641624,0.00043999672318638383
toy_2,Double triangle,Full DMWA,9.4,2,D,0.0018307283578354457,0.01040198599668143,0.17599796408296522,0.00043999672318638383
toy_2,Double triangle,Full DMWA,9.5,1,A,0.002019831805383206,0.01111418194005808,0.18173463564630568,0.0004221689176718141
toy_2,Double triangle,Full DMWA,9.5,1,B,0.003569880107023247,0.01111418194005808,0.32120043798784453,0.0004221689176718141
toy_2,Double triangle,Full DMWA,9.5,1,C,0.003569880107023247,0.01111418194005808,0.32120043798784453,0.0004221689176718141
toy_2,Double triangle,Full DMWA,9.5,1,D,0.0019545899206283796,0.01111418194005808,0.1758644883780052,0.0004221689176718141
toy_2,Double triangle,Full DMWA,9.5,2,A,0.0017973194834166178,0.009912829028500414,0.18131246672863394,0.0004221689176718141
toy_2,Double triangle,Full DMWA,9.5,2,B,0.003184836882064268,0.009912829028500414,0.3212843551429699,0.0004221689176718141
toy_2,Double triangle,Full DMWA,9.5,2,C,0.003184836882064268,0.009912829028500414,0.3212843551429699,0.0004221689176718141
toy_2,Double triangle,Full DMWA,9.5,2,D,0.0017458357809552606,0.009912829028500414,0.1761188229854264,0.0004221689176718141
toy_2,Double triangle,Full DMWA,9.600000000000001,1,A,0.0019235424979754598,0.010591526041590466,0.18161145904963596,0.0004050269169665749
toy_2,Double triangle,Full DMWA,9.600000000000001,1,B,0.003401999779712171,0.010591526041590466,0.32120015249486306,0.0004050269169665749
toy_2,Double triangle,Full DMWA,9.600000000000001,1,C,0.003401999779712171,0.010591526041590466,0.32120015249486306,0.0004050269169665749
toy_2,Double triangle,Full DMWA,9.600000000000001,1,D,0.0018639839841906643,0.010591526041590466,0.17598823596063792,0.0004050269169665749
toy_2,Double triangle,Full DMWA,9.600000000000001,2,A,0.0017117980245096335,0.009446673632734786,0.1812064321326694,0.0004050269169665749
toy_2,Double triangle,Full DMWA,9.600000000000001,2,B,0.0030350231436208474,0.009446673632734786,0.3212795595164662,0.0004050269169665749
toy_2,Double triangle,Full DMWA,9.600000000000001,2,C,0.0030350231436208474,0.009446673632734786,0.3212795595164662,0.0004050269169665749
toy_2,Double triangle,Full DMWA,9.600000000000001,2,D,0.0016648293209834575,0.009446673632734786,0.17623444883439823,0.0004050269169665749
toy_2,Double triangle,Full DMWA,9.700000000000001,1,A,0.0018318942043827888,0.010093446643773043,0.1814934252922356,0.00038854717799508
toy_2,Double triangle,Full DMWA,9.700000000000001,1,B,0.00324201397043782,0.010093446643773043,0.32119989185635794,0.00038854717799508
toy_2,Double triangle,Full DMWA,9.700000000000001,1,C,0.00324201397043782,0.010093446643773043,0.32119989185635794,0.00038854717799508
toy_2,Double triangle,Full DMWA,9.700000000000001,1,D,0.0017775244985146136,0.010093446643773043,0.17610679099504856,0.00038854717799508
toy_2,Double triangle,Full DMWA,9.700000000000001,2,A,0.0016303854902068062,0.009002438295330529,0.18110487811424048,0.00038854717799508
toy_2,Double triangle,Full DMWA,9.700000000000001,2,B,0.0028922585987383558,0.009002438295330529,0.32127502614914233,0.00038854717799508
toy_2,Double triangle,Full DMWA,9.700000000000001,2,C,0.0028922585987383558,0.009002438295330529,0.32127502614914233,0.00038854717799508
toy_2,Double triangle,Full DMWA,9.700000000000001,2,D,0.0015875356076470101,0.009002438295330529,0.1763450695874748,0.00038854717799508
toy_2,Double triangle,Full DMWA,9.8,1,A,0.0017446589242227741,0.009618788338606122,0.1813803218041906,0.00037270673702716195
toy_2,Double triangle,Full DMWA,9.8,1,B,0.0030895514861263547,0.009618788338606122,0.3211996539861556,0.00037270673702716195
toy_2,Double triangle,Full DMWA,9.8,1,C,0.0030895514861263547,0.009618788338606122,0.3211996539861556,0.00037270673702716195
toy_2,Double triangle,Full DMWA,9.8,1,D,0.0016950264421306375,0.009618788338606122,0.17622037022349815,0.00037270673702716195
toy_2,Double triangle,Full DMWA,9.8,2,A,0.0015528810456466135,0.008579092349625245,0.18100761506716348,0.00037270673702716195
toy_2,Double triangle,Full DMWA,9.8,2,B,0.002756211355127689,0.008579092349625245,0.3212707408666707,0.00037270673702716195
toy_2,Double triangle,Full DMWA,9.8,2,C,0.002756211355127689,0.008579092349625245,0.3212707408666707,0.00037270673702716195
toy_2,Double triangle,Full DMWA,9.8,2,D,0.0015137885937232538,0.008579092349625245,0.17645090319949516,0.00037270673702716195
toy_2,Double triangle,Full DMWA,9.9,1,A,0.0016616202185562971,0.009166450008068096,0.1812719446561949,0.0003574832158392133
toy_2,Double triangle,Full DMWA,9.9,1,B,0.0029442585815985054,0.009166450008068096,0.3211994369692779,0.0003574832158392133
toy_2,Double triangle,Full DMWA,9.9,1,C,0.0029442585815985054,0.009166450008068096,0.3211994369692779,0.0003574832158392133
toy_2,Double triangle,Full DMWA,9.9,1,D,0.001616312626314788,0.009166450008068096,0.17632918140524928,0.0003574832158392133
toy_2,Double triangle,Full DMWA,9.9,2,A,0.0014790939653788557,0.008175653585694626,0.18091446144035564,0.0003574832158392133
toy_2,Double triangle,Full DMWA,9.9,2,B,0.002626565168084571,0.008175653585694626,0.32126669024729854,0.0003574832158392133
toy_2,Double triangle,Full DMWA,9.9,2,C,0.002626565168084571,0.008175653585694626,0.32126669024729854,0.0003574832158392133
toy_2,Double triangle,Full DMWA,9.9,2,D,0.0014434292841466272,0.008175653585694626,0.17655215806504715,0.0003574832158392133
toy_2,Double triangle,Full DMWA,10.0,1,A,0.0015825725942751707,0.00873538227668084,0.18116809821819232,0.0003428548254241909
toy_2,Double triangle,Full DMWA,10.0,1,B,0.002805798140064115,0.00873538227668084,0.32119923904809655,0.0003428548254241909
toy_2,Double triangle,Full DMWA,10.0,1,C,0.002805798140064115,0.00873538227668084,0.32119923904809655,0.0003428548254241909
toy_2,Double triangle,Full DMWA,10.0,1,D,0.0015412134022774388,0.00873538227668084,0.17643342368561454,0.0003428548254241909
toy_2,Double triangle,Full DMWA,10.0,2,A,0.0014088430997354143,0.0077911859721669745,0.18082524339276818,0.0003428548254241909
toy_2,Double triangle,Full DMWA,10.0,2,B,0.002503018700543632,0.0077911859721669745,0.32126286158299255,0.0003428548254241909
toy_2,Double triangle,Full DMWA,10.0,2,C,0.002503018700543632,0.0077911859721669745,0.32126286158299255,0.0003428548254241909
toy_2,Double triangle,Full DMWA,10.0,2,D,0.0013763054713442967,0.0077911859721669745,0.17664903344124677,0.0003428548254241909
