model,gain,time,total_activity,log_total_activity,ode_log_total_activity
Chain-attached,0.5,0.0,0.9999999999999999,-1.1102230246251565e-16,-1.1102230246251565e-16
Chain-attached,0.5,0.05,0.9753856995473987,-0.024922296929716314,-0.024922296929691192
Chain-attached,0.5,0.1,0.9515227852051144,-0.04969164591665867,-0.049691645916622285
Chain-attached,0.5,0.15000000000000002,0.9283822827730069,-0.07431168837768616,-0.0743116883771594
Chain-attached,0.5,0.2,0.9059365540073007,-0.09878600408079452,-0.09878600408066987
Chain-attached,0.5,0.25,0.8841592277727752,-0.12311811064959399,-0.12311811065051692
Chain-attached,0.5,0.30000000000000004,0.8630251349967929,-0.14731146318171046,-0.1473114631816983
Chain-attached,0.5,0.35000000000000003,0.8425102472047988,-0.17136945397522652,-0.17136945397522396
Chain-attached,0.5,0.4,0.8225916184301898,-0.19529541235735587,-0.19529541235707643
Chain-attached,0.5,0.45,0.803247330303897,-0.21909260460962335,-0.2190926046090943
Chain-attached,0.5,0.5,0.7844564401406917,-0.24276423398393493,-0.24276423398441882
Chain-attached,0.5,0.55,0.7661989318501777,-0.2663134408040338,-0.2663134408046074
Chain-attached,0.5,0.6000000000000001,0.7484556695106969,-0.28974330264698134,-0.2897433026469353
Chain-attached,0.5,0.65,0.7312083534540262,-0.313056834599431,-0.31305683459939326
Chain-attached,0.5,0.7000000000000001,0.7144394787177782,-0.33625698958362915,-0.3362569895831298
Chain-attached,0.5,0.75,0.6981322957309192,-0.3593466587482188,-0.3593466587478449
Chain-attached,0.5,0.8,0.6822707731057781,-0.3823286719191045,-0.38232867191990544
Chain-attached,0.5,0.8500000000000001,0.6668395624174089,-0.40520579810579593,-0.4052057981060677
Chain-attached,0.5,0.9,0.6518239648581904,-0.4279807460588219,-0.42798074605877245
Chain-attached,0.5,0.9500000000000001,0.6372098996621447,-0.45065616487398374,-0.4506561648738993
Chain-attached,0.5,1.0,0.6229838741996481,-0.47323464463939735,-0.4732346446388146
Chain-attached,0.5,1.05,0.6091329556490308,-0.4957187171214378,-0.4957187171210988
Chain-attached,0.5,1.1,0.5956447441570212,-0.5181108564858931,-0.5181108564867543
Chain-attached,0.5,1.1500000000000001,0.58250734740513,-0.5404134800507931,-0.5404134800511008
Chain-attached,0.5,1.2000000000000002,0.5697093565038902,-0.5626289490675662,-0.5626289490675058
Chain-attached,0.5,1.25,0.5572398231414022,-0.5847595695273335,-0.5847595695272684
Chain-attached,0.5,1.3,0.5450882379168956,-0.6068075929893306,-0.6068075929887757
Chain-attached,0.5,1.35,0.5332445097940223,-0.6287752174285971,-0.6287752174280651
Chain-attached,0.5,1.4000000000000001,0.5216989466123565,-0.6506645881002476,-0.6506645881009201
Chain-attached,0.5,1.4500000000000002,0.5104422365991231,-0.6724777984177817,-0.6724777984185133
Chain-attached,0.5,1.5,0.49946543082649525,-0.6942168908430462,-0.6942168908429811
Chain-attached,0.5,1.55,0.488759926562937,-0.715883857785613,-0.7158838577855876
Chain-attached,0.5,1.6,0.47831745147000837,-0.7374806425094652,-0.7374806425091092
Chain-attached,0.5,1.6500000000000001,0.4681300485988156,-0.7590091400450363,-0.7590091400442738
Chain-attached,0.5,1.7000000000000002,0.458190062142898,-0.7804711981047633,-0.780471198104784
Chain-attached,0.5,1.75,0.44849012390679144,-0.8018686180004486,-0.801868618001556
Chain-attached,0.5,1.8,0.4390231404518107,-0.8232031555608486,-0.8232031555609656
Chain-attached,0.5,1.85,0.42978228088277154,-0.844476522048009,-0.8444765220479362
Chain-attached,0.5,1.9000000000000001,0.42076096524140705,-0.8656903850709936,-0.8656903850709228
Chain-attached,0.5,1.9500000000000002,0.41195285347415855,-0.8868463694957511,-0.8868463694951769
Chain-attached,0.5,2.0,0.40335183494383764,-0.9079460583499561,-0.9079460583491802
Chain-attached,0.5,2.0500000000000003,0.3949520184563489,-0.9289909937217757,-0.9289909937220793
Chain-attached,0.5,2.1,0.38674772277528296,-0.9499826776515765,-0.9499826776527865
Chain-attached,0.5,2.15,0.37873346759868426,-0.970922573015707,-0.9709225730157264
Chain-attached,0.5,2.2,0.3709039649737416,-0.991812104401532,-0.991812104401454
Chain-attached,0.5,2.25,0.36325411112647776,-1.0126526589730005,-1.012652658972925
Chain-attached,0.5,2.3000000000000003,0.35577897868478087,-1.033445587326098,-1.033445587325507
Chain-attached,0.5,2.35,0.34847380927432203,-1.05419220433358,-1.0541922043326797
Chain-attached,0.5,2.4000000000000004,0.341334006468011,-1.0748937899784872,-1.0748937899785505
Chain-attached,0.5,2.45,0.3343551290707194,-1.0955515901759472,-1.0955515901772501
Chain-attached,0.5,2.5,0.3275328847219793,-1.1161668175828918,-1.1161668175833288
Chain-attached,0.5,2.5500000000000003,0.32086312380032556,-1.1367406523953059,-1.1367406523952082
Chain-attached,0.5,2.6,0.31434183361382423,-1.1572742431327183,-1.157274243132682
Chain-attached,0.5,2.6500000000000004,0.3079651328621717,-1.1777687074096805,-1.1777687074093308
Chain-attached,0.5,2.7,0.30172926635654385,-1.198225132693997,-1.1982251326930426
Chain-attached,0.5,2.75,0.2956305999841097,-1.2186445770515575,-1.218644577050883
Chain-attached,0.5,2.8000000000000003,0.2896656159048368,-1.239028069877613,-1.239028069878374
Chain-attached,0.5,2.85,0.28383090796887595,-1.259376612614397,-1.2593766126158032
Chain-attached,0.5,2.9000000000000004,0.27812317734343345,-1.2796911794550305,-1.2796911794550263
Chain-attached,0.5,2.95,0.27253922833864463,-1.2999727180336471,-1.2999727180335465
Chain-attached,0.5,3.0,0.267075964422504,-1.3202221501017437,-1.3202221501016889
Chain-attached,0.5,3.0500000000000003,0.26173038441544716,-1.3404403721907534,-1.3404403721902722
Chain-attached,0.5,3.1,0.2564995788556732,-1.3606282562608742,-1.3606282562598233
Chain-attached,0.5,3.1500000000000004,0.25138072652676213,-1.3807866503362203,-1.3807866503355652
Chain-attached,0.5,3.2,0.24637109113959754,-1.4009163791263437,-1.4009163791271608
Chain-attached,0.5,3.25,0.24146801816101052,-1.4210182446342448,-1.4210182446357595
Chain-attached,0.5,3.3000000000000003,0.23666893178196863,-1.4410930267509598,-1.4410930267510644
Chain-attached,0.5,3.35,0.23197133201850467,-1.4611414838368466,-1.461141483836734
Chain-attached,0.5,3.4000000000000004,0.22737279193893042,-1.4811643532897154,-1.4811643532896686
Chain-attached,0.5,3.45,0.22287095501122295,-1.5011623520999386,-1.501162352099598
Chain-attached,0.5,3.5,0.21846353256478293,-1.5211361773926948,-1.521136177391744
Chain-attached,0.5,3.5500000000000003,0.2141483013610633,-1.5410865069575235,-1.5410865069565847
Chain-attached,0.5,3.6,0.20992310126785466,-1.5610139997653492,-1.5610139997655794
Chain-attached,0.5,3.6500000000000004,0.20578583303227416,-1.580919296473173,-1.5809192964746521
Chain-attached,0.5,3.7,0.20173445614776814,-1.6008030199165972,-1.6008030199174728
Chain-attached,0.5,3.75,0.19776698681066673,-1.6206657755903975,-1.6206657755903071
Chain-attached,0.5,3.8000000000000003,0.19388149596206647,-1.6405081521173244,-1.6405081521172429
Chain-attached,0.5,3.85,0.19007610741102443,-1.6603307217053405,-1.6603307217052372
Chain-attached,0.5,3.9000000000000004,0.186348996035254,-1.6801340405934966,-1.6801340405929481
Chain-attached,0.5,3.95,0.18269838605570296,-1.6999186494866585,-1.6999186494856546
Chain-attached,0.5,4.0,0.17912254938158026,-1.7196850739792773,-1.719685073978632
Chain-attached,0.5,4.05,0.17561980402256352,-1.7394338249684393,-1.7394338249690378
Chain-attached,0.5,4.1000000000000005,0.17218851256509216,-1.7591653990563776,-1.7591653990578155
Chain-attached,0.5,4.15,0.16882708070979704,-1.778880278942673,-1.7788802789431697
Chain-attached,0.5,4.2,0.16553395586726774,-1.798578933806363,-1.7985789338062632
Chain-attached,0.5,4.25,0.16230762580950073,-1.8182618196781435,-1.8182618196780733
Chain-attached,0.5,4.3,0.15914661737449629,-1.8379293798029006,-1.83792937980278
Chain-attached,0.5,4.3500000000000005,0.15604949522160316,-1.8575820449927645,-1.8575820449922402
Chain-attached,0.5,4.4,0.15301486063532452,-1.8772202339708985,-1.8772202339700057
Chain-attached,0.5,4.45,0.15004135037541122,-1.8968443537062372,-1.8968443537056665
Chain-attached,0.5,4.5,0.1471276355711781,-1.916454799739356,-1.9164547997398418
Chain-attached,0.5,4.55,0.14427242065807294,-1.9360519564997076,-1.9360519565009584
Chain-attached,0.5,4.6000000000000005,0.1414744423546319,-1.955636197614388,-1.9556361976149403
Chain-attached,0.5,4.65,0.1387324686780387,-1.9752078862086544,-1.9752078862085682
Chain-attached,0.5,4.7,0.13604529799659215,-1.994767375198397,-1.99476737519832
Chain-attached,0.5,4.75,0.1334117581174747,-2.01431500757472,-2.014315007574639
Chain-attached,0.5,4.800000000000001,0.1308307054082815,-2.0338511166808626,-2.0338511166804976
Chain-attached,0.5,4.8500000000000005,0.12830102395085197,-2.0533760264816223,-2.0533760264808976
Chain-attached,0.5,4.9,0.12582162472600994,-2.072890051825471,-2.072890051824838
Chain-attached,0.5,4.95,0.12339144482788814,-2.0923934986995483,-2.092393498699668
Chain-attached,0.5,5.0,0.12100944670657413,-2.1118866644776944,-2.1118866644786456
Chain-attached,0.5,5.050000000000001,0.11867461743787276,-2.1313698381617248,-2.1313698381625272
Chain-attached,0.5,5.1000000000000005,0.11638596801904208,-2.1508433006160814,-2.1508433006160153
Chain-attached,0.5,5.15,0.11414253268940637,-2.170307324796061,-2.170307324795973
Chain-attached,0.5,5.2,0.11194336827480719,-2.1897621759697676,-2.1897621759697175
Chain-attached,0.5,5.25,0.10978755355489905,-2.209208111933951,-2.209208111933776
Chain-attached,0.5,5.300000000000001,0.10767418865234236,-2.228645383223894,-2.2286453832234066
Chain-attached,0.5,5.3500000000000005,0.10560239444299141,-2.248074233317502,-2.24807423331686
Chain-attached,0.5,5.4,0.10357131198621518,-2.2674948988337453,-2.2674948988334545
Chain-attached,0.5,5.45,0.10158010197453092,-2.286907609725599,-2.286907609726051
Chain-attached,0.5,5.5,0.0996279442017644,-2.3063125894676375,-2.306312589468512
Chain-attached,0.5,5.550000000000001,0.09771403704899127,-2.3257100552384027,-2.325710055238742
Chain-attached,0.5,5.6000000000000005,0.09583759698754306,-2.3451002180977087,-2.3451002180976395
Chain-attached,0.5,5.65,0.09399785809839721,-2.364483283159006,-2.3644832831589406
Chain-attached,0.5,5.7,0.09219407160730052,-2.383859449756935,-2.383859449756879
Chain-attached,0.5,5.75,0.09042550543500388,-2.4032289116102037,-2.403228911609985
Chain-attached,0.5,5.800000000000001,0.08869144376201452,-2.422591856979915,-2.4225918569794413
Chain-attached,0.5,5.8500000000000005,0.08699118660729935,-2.441948468823461,-2.4419484688229476
Chain-attached,0.5,5.9,0.08532404942039629,-2.4612989249441135,-2.461298924943987
Chain-attached,0.5,5.95,0.08368936268641691,-2.480643398136419,-2.480643398136904
Chain-attached,0.5,6.0,0.0820864715434445,-2.4999820563275184,-2.4999820563282316
Chain-attached,0.5,6.050000000000001,0.08051473541185512,-2.5193150627144956,-2.519315062714678
Chain-attached,0.5,6.1000000000000005,0.07897352763510841,-2.538642575897872,-2.538642575897809
Chain-attached,0.5,6.15,0.07746223513157538,-2.5579647500113545,-2.5579647500113003
Chain-attached,0.5,6.2,0.07598025805699078,-2.57728173484792,-2.5772817348478685
Chain-attached,0.5,6.25,0.07452700947713181,-2.5965936759823665,-2.5965936759821755
Chain-attached,0.5,6.300000000000001,0.07310191505034595,-2.6159007148904063,-2.6159007148900044
Chain-attached,0.5,6.3500000000000005,0.07170441271956511,-2.6352029890644,-2.6352029890639606
Chain-attached,0.5,6.4,0.07033395241345758,-2.6545006321258438,-2.6545006321257074
Chain-attached,0.5,6.45,0.06898999575638758,-2.6737937739346656,-2.673793773935034
Chain-attached,0.5,6.5,0.06767201578686241,-2.6930825406954524,-2.693082540696066
Chain-attached,0.5,6.550000000000001,0.06637949668416311,-2.712367055060677,-2.7123670550609145
Chain-attached,0.5,6.6000000000000005,0.06511193350286719,-2.7316474362309986,-2.731647436230948
Chain-attached,0.5,6.65,0.06386883191498188,-2.7509238000527523,-2.7509238000527003
Chain-attached,0.5,6.7,0.06264970795942179,-2.7701962591126676,-2.770196259112631
Chain-attached,0.5,6.75,0.06145408779857305,-2.7894649228299127,-2.7894649228297896
Chain-attached,0.5,6.800000000000001,0.06028150748169694,-2.808729897545546,-2.808729897545246
Chain-attached,0.5,6.8500000000000005,0.05913151271493781,-2.82799128660943,-2.827991286609032
Chain-attached,0.5,6.9,0.0580036586377082,-2.8472491904646886,-2.847249190464448
Chain-attached,0.5,6.95,0.056897509605233265,-2.866503706729782,-2.8665037067299375
Chain-attached,0.5,7.0,0.05581263897704677,-2.8857549302782526,-2.885754930278752
Chain-attached,0.5,7.050000000000001,0.054748628911237884,-2.905002953316217,-2.90500295331662
Chain-attached,0.5,7.1000000000000005,0.05370507016425685,-2.924247865457664,-2.9242478654576414
Chain-attached,0.5,7.15,0.05268156189609439,-2.943489753797628,-2.9434897537975755
Chain-attached,0.5,7.2,0.05167771148065877,-2.962728702983282,-2.962728702983248
Chain-attached,0.5,7.25,0.05069313432117931,-2.9819647952830266,-2.981964795282976
Chain-attached,0.5,7.300000000000001,0.049727453670473376,-3.001198110653616,-3.0011981106534478
Chain-attached,0.5,7.3500000000000005,0.04878030045591956,-3.020428726805387,-3.0204287268050733
Chain-attached,0.5,7.4,0.04785131310898577,-3.039656719265644,-3.039656719265314
Chain-attached,0.5,7.45,0.04694013739916762,-3.0588821614402453,-3.05888216144013
Chain-attached,0.5,7.5,0.04604642627219691,-3.078105124673449,-3.0781051246736926
Chain-attached,0.5,7.550000000000001,0.04516983969238655,-3.0973256783060585,-3.0973256783065226
Chain-attached,0.5,7.6000000000000005,0.044310044488982056,-3.1165438897319278,-3.116543889732202
Chain-attached,0.5,7.65,0.043466714206395814,-3.135759824452867,-3.135759824452833
Chain-attached,0.5,7.7,0.0426395289582045,-3.1549735461319894,-3.154973546131944
Chain-attached,0.5,7.75,0.0418281752847944,-3.174185116645548,-3.1741851166455204
Chain-attached,0.5,7.800000000000001,0.0410323460145435,-3.1933945961333112,-3.193394596133261
Chain-attached,0.5,7.8500000000000005,0.04025174012843436,-3.2126020430475037,-3.2126020430473465
Chain-attached,0.5,7.9,0.039486062627994034,-3.231807514200366,-3.2318075142000846
Chain-attached,0.5,7.95,0.03873502440646252,-3.2510110648103705,-3.251011064810075
Chain-attached,0.5,8.0,0.037998342123094025,-3.270212748547126,-3.2702127485470096
Chain-attached,0.5,8.05,0.037275738080499304,-3.289412617575009,-3.289412617575201
Chain-attached,0.5,8.1,0.03656694010494006,-3.3086107225955605,-3.30861072259597
Chain-attached,0.5,8.15,0.035871681429489245,-3.3278071128887006,-3.3278071128889954
Chain-attached,0.5,8.200000000000001,0.03518970057997661,-3.347001836352742,-3.347001836352723
Chain-attached,0.5,8.25,0.034520741263637654,-3.3661949395432997,-3.3661949395432607
Chain-attached,0.5,8.3,0.03386455226039005,-3.3853864677111014,-3.385386467711073
Chain-attached,0.5,8.35,0.03322088731666438,-3.4045764648387,-3.4045764648386694
Chain-attached,0.5,8.4,0.03258950504171546,-3.4237649736761817,-3.423764973676079
Chain-attached,0.5,8.450000000000001,0.03197016880634704,-3.4429520357758427,-3.4429520357756234
Chain-attached,0.5,8.5,0.03136264664398216,-3.4621376915258875,-3.462137691525606
Chain-attached,0.5,8.55,0.030766711154014328,-3.48132198018319,-3.481321980182992
Chain-attached,0.5,8.6,0.030182139407378523,-3.500504939905102,-3.5005049399051416
Chain-attached,0.5,8.65,0.029608712854279778,-3.519686607780394,-3.5196866077806943
Chain-attached,0.5,8.700000000000001,0.02904621723402321,-3.5388670198592918,-3.53886701985966
Chain-attached,0.5,8.75,0.028494442486887577,-3.558046211182679,-3.5580462111828184
Chain-attached,0.5,8.8,0.027953182667988213,-3.5772242158104857,-3.5772242158104572
Chain-attached,0.5,8.85,0.027422235863077654,-3.5964010668492454,-3.5964010668492112
Chain-attached,0.5,8.9,0.02690140410623126,-3.6155767964789054,-3.615576796478884
Chain-attached,0.5,8.950000000000001,0.026390493299370214,-3.634751435978851,-3.634751435978812
Chain-attached,0.5,9.0,0.02588931313357253,-3.6539250157532206,-3.6539250157531025
Chain-attached,0.5,9.05,0.025397677012126973,-3.6730975653554943,-3.6730975653552735
Chain-attached,0.5,9.1,0.02491540197528491,-3.692269113512376,-3.6922691135121184
Chain-attached,0.5,9.15,0.024442308626665674,-3.711439688147034,-3.711439688146871
Chain-attached,0.5,9.200000000000001,0.023978221061275222,-3.730609316401646,-3.7306093164017025
Chain-attached,0.5,9.25,0.023522966795095555,-3.749778024659337,-3.749778024659623
Chain-attached,0.5,9.3,0.023076376696206203,-3.7689458385654966,-3.7689458385658385
Chain-attached,0.5,9.35,0.022638284917400157,-3.7881127830484695,-3.78811278304861
Chain-attached,0.5,9.4,0.022208528830255477,-3.807278882339697,-3.8072788823396726
Chain-attached,0.5,9.450000000000001,0.021786948960628227,-3.826444159993265,-3.8264441599932315
Chain-attached,0.5,9.5,0.021373388925530826,-3.8456086389049084,-3.845608638904888
Chain-attached,0.5,9.55,0.020967695371362068,-3.864772341330491,-3.8647723413304638
Chain-attached,0.5,9.600000000000001,0.020569717913456364,-3.8839352889039436,-3.883935288903855
Chain-attached,0.5,9.65,0.020179309076919793,-3.9030975026547114,-3.9030975026545303
Chain-attached,0.5,9.700000000000001,0.019796324238722005,-3.922259003024712,-3.9222590030244704
Chain-attached,0.5,9.75,0.019420621571014426,-3.9414198098847972,-3.9414198098845974
Chain-attached,0.5,9.8,0.019052061985644624,-3.9605799425507775,-3.960579942550741
Chain-attached,0.5,9.850000000000001,0.018690509079839376,-3.9797394197989715,-3.979739419799155
Chain-attached,0.5,9.9,0.01833582908302827,-3.9988982598813267,-3.9988982598816523
Chain-attached,0.5,9.950000000000001,0.01798789080478094,-4.0180564805401255,-4.018056480540382
Chain-attached,0.5,10.0,0.017646565583832576,-4.037214099022255,-4.037214099022279
Chain-attached,0.5,10.05,0.01731172723817146,-4.056371132093097,-4.056371132093069
Chain-attached,0.5,10.100000000000001,0.016983252016164754,-4.075527596050007,-4.075527596049979
Chain-attached,0.5,10.15,0.01666101854869786,-4.094683506735431,-4.094683506735414
Chain-attached,0.5,10.200000000000001,0.01634490780230448,-4.113838879549649,-4.113838879549613
Chain-attached,0.5,10.25,0.016034803033264773,-4.132993729463147,-4.132993729463045
Chain-attached,0.5,10.3,0.01573058974264901,-4.152148071028664,-4.152148071028478
Chain-attached,0.5,10.350000000000001,0.01543215563228612,-4.171301918392878,-4.171301918392647
Chain-attached,0.5,10.4,0.01513939056163538,-4.190455285307773,-4.190455285307595
Chain-attached,0.5,10.450000000000001,0.014852186505541263,-4.209608185141701,-4.209608185141678
Chain-attached,0.5,10.5,0.014570437512852141,-4.228760630890097,-4.228760630890276
Chain-attached,0.5,10.55,0.014294039665882387,-4.247912635185934,-4.247912635186243
Chain-attached,0.5,10.600000000000001,0.014022891040700453,-4.267064210309852,-4.2670642103101075
Chain-attached,0.5,10.65,0.01375689166822349,-4.286215368200018,-4.286215368200065
Chain-attached,0.5,10.700000000000001,0.013495943496101335,-4.305366120461717,-4.305366120461693
Chain-attached,0.5,10.75,0.013239950351372492,-4.324516478376643,-4.324516478376617
Chain-attached,0.5,10.8,0.012988817903874605,-4.34366645291197,-4.343666452911954
Chain-attached,0.5,10.850000000000001,0.012742453630393778,-4.362816054729131,-4.362816054729108
Chain-attached,0.5,10.9,0.01250076677953591,-4.381965294192375,-4.381965294192303
Chain-attached,0.5,10.950000000000001,0.01226366833730472,-4.401114181377076,-4.4011141813769274
Chain-attached,0.5,11.0,0.012031070993371236,-4.420262726077805,-4.420262726077595
Chain-attached,0.5,11.05,0.011802889108019554,-4.439410937816183,-4.439410937815976
Chain-attached,0.5,11.100000000000001,0.011579038679754594,-4.458558825848504,-4.458558825848395
Chain-attached,0.5,11.15,0.011359437313557538,-4.477706399173154,-4.4777063991732176
Chain-attached,0.5,11.200000000000001,0.011144004189774943,-4.49685366653782,-4.496853666538055
Chain-attached,0.5,11.25,0.010932660033628559,-4.516000636446487,-4.516000636446789
Chain-attached,0.5,11.3,0.010725327085331861,-4.535147317166254,-4.535147317166446
Chain-attached,0.5,11.350000000000001,0.010521929070801262,-4.554293716733948,-4.554293716733948
Chain-attached,0.5,11.4,0.010322391172948834,-4.57343984296255,-4.573439842962527
Chain-attached,0.5,11.450000000000001,0.010126640003544452,-4.5925857034474635,-4.5925857034474395
Chain-attached,0.5,11.5,0.009934603575635755,-4.611731305572567,-4.611731305572553
Chain-attached,0.5,11.55,0.009746211276513466,-4.630876656516143,-4.6308766565161195
Chain-attached,0.5,11.600000000000001,0.009561393841211522,-4.6500217632566025,-4.650021763256532
Chain-attached,0.5,11.65,0.009380083326530163,-4.6691666325780705,-4.669166632577929
Chain-attached,0.5,11.700000000000001,0.009202213085571502,-4.688311271075812,-4.688311271075611
Chain-attached,0.5,11.75,0.009027717742776808,-4.707455685161498,-4.707455685161293
Chain-attached,0.5,11.8,0.00885653316945503,-4.726599881068335,-4.72659988106821
Chain-attached,0.5,11.850000000000001,0.008688596459792605,-4.745743864856041,-4.745743864856065
Chain-attached,0.5,11.9,0.008523845907334428,-4.764887642415686,-4.764887642415877
Chain-attached,0.5,11.950000000000001,0.008362220981926322,-4.784031219474404,-4.784031219474692
Chain-attached,0.5,12.0,0.008203662307109704,-4.803174601599958,-4.803174601600199
Chain-attached,0.5,12.05,0.00804811163795891,-4.822317794205193,-4.822317794205259
Chain-attached,0.5,12.100000000000001,0.007895511839352366,-4.841460802552353,-4.841460802552334
Chain-attached,0.5,12.15,0.007745806864668588,-4.86060363175728,-4.860603631757255
Chain-attached,0.5,12.200000000000001,0.007598941734898351,-4.879746286793505,-4.879746286793487
Chain-attached,0.5,12.25,0.00745486251816481,-4.898888772496206,-4.898888772496193
Chain-attached,0.5,12.3,0.007313516309642862,-4.918031093566074,-4.918031093566039
Chain-attached,0.5,12.350000000000001,0.007174851211870085,-4.937173254573058,-4.937173254572969
Chain-attached,0.5,12.4,0.007038816315441067,-4.95631525996001,-4.956315259959856
Chain-attached,0.5,12.450000000000001,0.006905361680077411,-4.975457114046234,-4.975457114046033
Chain-attached,0.5,12.5,0.006774438316066052,-4.994598821030918,-4.994598821030729
Chain-attached,0.5,12.55,0.0066459981660580624,-5.013740384996498,-5.013740384996391
Chain-attached,0.5,12.600000000000001,0.006519994087221235,-5.0328818099118955,-5.032881809911929
Chain-attached,0.5,12.65,0.006396379833738826,-5.052023099635688,-5.052023099635877
Chain-attached,0.5,12.700000000000001,0.006275110039647818,-5.071164257919191,-5.07116425791947
Chain-attached,0.5,12.75,0.006156140202009941,-5.090305288409431,-5.0903052884096756
Chain-attached,0.5,12.8,0.006039426664408533,-5.109446194652067,-5.109446194652156
Chain-attached,0.5,12.850000000000001,0.005924926600765088,-5.1285869800942,-5.128586980094182
Chain-attached,0.5,12.9,0.005812597999468808,-5.147727648087127,-5.147727648087103
Chain-attached,0.5,12.950000000000001,0.0057023996478130995,-5.166868201889011,-5.166868201888992
Chain-attached,0.5,13.0,0.005594291116732955,-5.186008644667469,-5.186008644667457
Chain-attached,0.5,13.05,0.005488232745837058,-5.2051489795020975,-5.205148979502075
Chain-attached,0.5,13.100000000000001,0.0053841856287289895,-5.22428920938692,-5.2242892093868605
Chain-attached,0.5,13.15,0.0052821115986116255,-5.243429337232772,-5.243429337232654
Chain-attached,0.5,13.200000000000001,0.005181973214169222,-5.262569365869623,-5.262569365869448
Chain-attached,0.5,13.25,0.005083733745721733,-5.281709298048815,-5.281709298048616
Chain-attached,0.5,13.3,0.004987357161645884,-5.300849136445263,-5.300849136445098
Chain-attached,0.5,13.350000000000001,0.004892808115057805,-5.319988883659576,-5.319988883659509
Chain-attached,0.5,13.4,0.004800051930752101,-5.339128542220128,-5.339128542220201
Chain-attached,0.5,13.450000000000001,0.004709054592392229,-5.358268114585068,-5.358268114585276
Chain-attached,0.5,13.5,0.004619782729947341,-5.377407603144274,-5.377407603144549
Chain-attached,0.5,13.55,0.004532203607370651,-5.396547010221255,-5.396547010221481
Chain-attached,0.5,13.600000000000001,0.004446285110514724,-5.415686338074992,-5.41568633807507
Chain-attached,0.5,13.65,0.004361995735278876,-5.434825588901739,-5.434825588901723
Chain-attached,0.5,13.700000000000001,0.004279304575984265,-5.453964764836769,-5.453964764836746
Chain-attached,0.5,13.75,0.004198181313972213,-5.4731038679560635,-5.473103867956044
Chain-attached,0.5,13.8,0.004118596206421278,-5.492242900277975,-5.4922429002779625
Chain-attached,0.5,13.850000000000001,0.004040520075379018,-5.511381863764811,-5.511381863764795
Chain-attached,0.5,13.9,0.003963924297003986,-5.53052076032441,-5.530520760324365
Chain-attached,0.5,13.950000000000001,0.0038887807910140933,-5.549659591811651,-5.549659591811556
Chain-attached,0.5,14.0,0.003815062010337225,-5.568798360029921,-5.568798360029769
Chain-attached,0.5,14.05,0.0037427409309601033,-5.587937066732554,-5.587937066732365
Chain-attached,0.5,14.100000000000001,0.0036717910419716776,-5.607075713624222,-5.607075713624037
Chain-attached,0.5,14.15,0.0036021863357971837,-5.626214302362281,-5.626214302362157
Chain-attached,0.5,14.200000000000001,0.0035339012986191176,-5.645352834558098,-5.645352834558085
Chain-attached,0.5,14.25,0.00346691090098163,-5.66449131177832,-5.66449131177844
Chain-attached,0.5,14.3,0.003401190588574657,-5.6836297355461225,-5.683629735546353
Chain-attached,0.5,14.350000000000001,0.0033367162731943604,-5.702768107342415,-5.702768107342682
Chain-attached,0.5,14.4,0.003273464323876461,-5.721906428607016,-5.721906428607216
Chain-attached,0.5,14.450000000000001,0.0032114115581990854,-5.741044700739801,-5.741044700739857
Chain-attached,0.5,14.5,0.0031505352337518958,-5.760182925101803,-5.760182925101787
Chain-attached,0.5,14.55,0.003090813039768228,-5.779321103016298,-5.779321103016276
Chain-attached,0.5,14.600000000000001,0.0030322230889171264,-5.798459235769856,-5.798459235769837
Chain-attached,0.5,14.65,0.0029747439092521785,-5.817597324613357,-5.817597324613344
Chain-attached,0.5,14.700000000000001,0.0029183544363141144,-5.83673537076298,-5.836735370762967
Chain-attached,0.5,14.75,0.002863034005384193,-5.855873375401177,-5.855873375401142
Chain-attached,0.5,14.8,0.0028087623438854815,-5.875011339677603,-5.875011339677526
Chain-attached,0.5,14.850000000000001,0.0027555195639292086,-5.894149264710025,-5.894149264709895
Chain-attached,0.5,14.9,0.0027032861550032954,-5.913287151585213,-5.91328715158504
Chain-attached,0.5,14.950000000000001,0.0026520429768004247,-5.932425001359803,-5.932425001359616
Chain-attached,0.5,15.0,0.002601771252182945,-5.9515628150611235,-5.951562815060966
Chain-attached,0.5,15.05,0.0025524525602818988,-5.970700593688021,-5.970700593687945
Chain-attached,0.5,15.100000000000001,0.0025040688297276966,-5.989838338211649,-5.989838338211687
Chain-attached,0.5,15.15,0.0024566023320098567,-6.008976049576226,-6.008976049576384
Chain-attached,0.5,15.200000000000001,0.0024100356749632967,-6.0281137286998,-6.028113728700045
Chain-attached,0.5,15.25,0.002364351796378814,-6.047251376474964,-6.047251376475219
Chain-attached,0.5,15.3,0.002319533957735315,-6.066388993769568,-6.066388993769742
Chain-attached,0.5,15.350000000000001,0.0022755657380514925,-6.085526581427401,-6.085526581427441
Chain-attached,0.5,15.4,0.002232431027854621,-6.104664140268865,-6.1046641402688495
Chain-attached,0.5,15.450000000000001,0.0021901140232642455,-6.123801671091621,-6.1238016710915995
Chain-attached,0.5,15.5,0.0021485992201885767,-6.142939174671218,-6.1429391746711985
Chain-attached,0.5,15.55,0.002107871408631369,-6.1620766517617165,-6.162076651761705
Chain-attached,0.5,15.600000000000001,0.002067915667107255,-6.181214103096272,-6.181214103096261
Chain-attached,0.5,15.65,0.0020287173571633637,-6.200351529387723,-6.200351529387697
Chain-attached,0.5,15.700000000000001,0.001990262118005256,-6.219488931329155,-6.219488931329094
Chain-attached,0.5,15.75,0.0019525358612251425,-6.238626309594444,-6.238626309594338
Chain-attached,0.5,15.8,0.0019155247656304267,-6.257763664838799,-6.257763664838646
Chain-attached,0.5,15.850000000000001,0.0018792152721706955,-6.276900997699266,-6.276900997699086
Chain-attached,0.5,15.9,0.0018435940789611957,-6.296038308795244,-6.29603830879507
Chain-attached,0.5,15.950000000000001,0.0018086481364010193,-6.315175598728972,-6.315175598728846
Chain-attached,0.5,16.0,0.0017743646423841668,-6.334312868086,-6.33431286808596
Chain-attached,0.5,16.05,0.0017407310376016812,-6.353450117435658,-6.353450117435729
Chain-attached,0.5,16.1,0.0017077350009331571,-6.372587347331505,-6.372587347331682
Chain-attached,0.5,16.150000000000002,0.0016753644449258968,-6.391724558311761,-6.3917245583120055
Chain-attached,0.5,16.2,0.0016436075113600234,-6.4108617508997385,-6.410861750899983
Chain-attached,0.5,16.25,0.001612452566897921,-6.42999892560426,-6.4299989256044245
Chain-attached,0.5,16.3,0.0015818881988164302,-6.449136082920047,-6.449136082920089
Chain-attached,0.5,16.35,0.001551903210820132,-6.468273223328121,-6.468273223328106
Chain-attached,0.5,16.400000000000002,0.001522486618934254,-6.487410347296182,-6.487410347296162
Chain-attached,0.5,16.45,0.0014936276474756367,-6.506547455278972,-6.5065474552789535
Chain-attached,0.5,16.5,0.001465315725100266,-6.525684547718651,-6.525684547718638
Chain-attached,0.5,16.55,0.001437540480925968,-6.54482162504512,-6.5448216250451114
Chain-attached,0.5,16.6,0.0014102917407287315,-6.563958687676385,-6.563958687676368
Chain-attached,0.5,16.650000000000002,0.00138355952321135,-6.5830957360188735,-6.583095736018832
Chain-attached,0.5,16.7,0.001357334036342962,-6.602232770467757,-6.602232770467678
Chain-attached,0.5,16.75,0.0013316056737681136,-6.621369791407272,-6.621369791407149
Chain-attached,0.5,16.8,0.0013063650112840844,-6.64050679921101,-6.640506799210851
Chain-attached,0.5,16.85,0.0012816028033851062,-6.65964379424222,-6.659643794242045
Chain-attached,0.5,16.900000000000002,0.0012573099798722398,-6.678780776854097,-6.6787807768539365
Chain-attached,0.5,16.95,0.0012334776425276487,-6.697917747390056,-6.697917747389945
Chain-attached,0.5,17.0,0.0012100970618520402,-6.7170547061840065,-6.717054706183978
Chain-attached,0.5,17.05,0.0011871596738640788,-6.736191653560613,-6.7361916535606845
Chain-attached,0.5,17.1,0.0011646570769605748,-6.755328589835553,-6.755328589835722
Chain-attached,0.5,17.150000000000002,0.001142581028836312,-6.774465515315767,-6.774465515316001
Chain-attached,0.5,17.2,0.0011209234434623582,-6.793602430299698,-6.793602430299939
Chain-attached,0.5,17.25,0.0010996763881217576,-6.812739335077533,-6.812739335077715
Chain-attached,0.5,17.3,0.0010788320805015217,-6.831876229931422,-6.8318762299314955
Chain-attached,0.5,17.35,0.001058382885839812,-6.851013115135709,-6.851013115135698
Chain-attached,0.5,17.400000000000002,0.0010383213141273075,-6.870149990957145,-6.870149990957129
Chain-attached,0.5,17.45,0.0010186400173616968,-6.889286857655097,-6.889286857655077
Chain-attached,0.5,17.5,0.000999331786854287,-6.908423715481758,-6.908423715481743
Chain-attached,0.5,17.55,0.0009803895505877528,-6.927560564682342,-6.9275605646823335
Chain-attached,0.5,17.6,0.0009618063706240434,-6.946697405495275,-6.946697405495266
Chain-attached,0.5,17.650000000000002,0.0009435754405614819,-6.965834238152387,-6.9658342381523655
Chain-attached,0.5,17.7,0.0009256900830401456,-6.98497106287909,-6.984971062879046
Chain-attached,0.5,17.75,0.0009081437472945778,-7.004107879894569,-7.004107879894488
Chain-attached,0.5,17.8,0.0008909300067529754,-7.023244689411936,-7.023244689411816
Chain-attached,0.5,17.85,0.000874042556681918,-7.042381491638407,-7.042381491638254
Chain-attached,0.5,17.900000000000002,0.0008574752118758051,-7.06151828677547,-7.061518286775302
Chain-attached,0.5,17.95,0.000841221904390147,-7.080655075019036,-7.0806550750188775
Chain-attached,0.5,18.0,0.0008252766813178612,-7.099791856559598,-7.099791856559479
Chain-attached,0.5,18.05,0.0008096337026077816,-7.118928631582379,-7.118928631582327
Chain-attached,0.5,18.1,0.0007942872389245493,-7.138065400267477,-7.1380654002675135
Chain-attached,0.5,18.150000000000002,0.0007792316695491209,-7.157202162790011,-7.157202162790137
Chain-attached,0.5,18.2,0.0007644614803191152,-7.17633891932025,-7.176338919320449
Chain-attached,0.5,18.25,0.0007499712616082253,-7.195475670023765,-7.195475670024
Chain-attached,0.5,18.3,0.0007357557063439987,-7.214612415061538,-7.214612415061754
Chain-attached,0.5,18.35,0.0007218096080631933,-7.233749154590102,-7.233749154590244
Chain-attached,0.5,18.400000000000002,0.000708127859004051,-7.252885888761662,-7.252885888761703
Chain-attached,0.5,18.45,0.0006947054482347567,-7.272022617724208,-7.272022617724195
Chain-attached,0.5,18.5,0.0006815374598173994,-7.291159341621648,-7.291159341621632
Chain-attached,0.5,18.55,0.0006686190710067762,-7.310296060593902,-7.310296060593884
Chain-attached,0.5,18.6,0.0006559455504833568,-7.329432774777024,-7.329432774777008
Chain-attached,0.5,18.650000000000002,0.0006435122566197756,-7.348569484303303,-7.348569484303293
Chain-attached,0.5,18.7,0.0006313146357802001,-7.367706189301374,-7.367706189301366
Chain-attached,0.5,18.75,0.0006193482206519673,-7.3868428898963145,-7.386842889896299
Chain-attached,0.5,18.8,0.0006076086286088649,-7.405979586209744,-7.405979586209709
Chain-attached,0.5,18.85,0.0005960915601054587,-7.4251162783599165,-7.425116278359852
Chain-attached,0.5,18.900000000000002,0.0005847927971018742,-7.444252966461819,-7.44425296646172
Chain-attached,0.5,18.95,0.0005737082015184598,-7.463389650627258,-7.463389650627127
Chain-attached,0.5,19.0,0.0005628337137197596,-7.482526330964953,-7.482526330964799
Chain-attached,0.5,19.05,0.0005521653510272425,-7.501663007580616,-7.501663007580455
Chain-attached,0.5,19.1,0.0005416992062602406,-7.520799680577033,-7.52079968057689
Chain-attached,0.5,19.150000000000002,0.0005314314463045559,-7.539936350054154,-7.539936350054052
Chain-attached,0.5,19.200000000000003,0.00052135831070822,-7.559073016109163,-7.559073016109126
Chain-attached,0.5,19.25,0.0005114761103038856,-7.578209678836558,-7.5782096788366
Chain-attached,0.5,19.3,0.0005017812258573419,-7.597346338328228,-7.59734633832835
Chain-attached,0.5,19.35,0.0004922701067416657,-7.616482994673519,-7.616482994673707
Chain-attached,0.5,19.400000000000002,0.0004829392696365132,-7.635619647959311,-7.635619647959533
Chain-attached,0.5,19.450000000000003,0.00047378529725208363,-7.654756298270078,-7.654756298270292
Chain-attached,0.5,19.5,0.00046480483707727607,-7.67389294568796,-7.673892945688119
Chain-attached,0.5,19.55,0.0004559946001515886,-7.693029590292834,-7.693029590292908
Chain-attached,0.5,19.6,0.0004473513598603122,-7.712166232162364,-7.712166232162361
Chain-attached,0.5,19.650000000000002,0.0004388719507525658,-7.7313028713720655,-7.731302871372052
Chain-attached,0.5,19.700000000000003,0.0004305532673817451,-7.750439507995373,-7.750439507995356
Chain-attached,0.5,19.75,0.0004223922631679663,-7.769576142103685,-7.769576142103668
Chain-attached,0.5,19.8,0.0004143859492820712,-7.788712773766436,-7.788712773766424
Chain-attached,0.5,19.85,0.0004065313935508063,-7.807849403051135,-7.807849403051127
Chain-attached,0.5,19.900000000000002,0.00039882571938275205,-7.826986030023428,-7.82698603002342
Chain-attached,0.5,19.950000000000003,0.00039126610471462535,-7.8461226547471465,-7.846122654747131
Chain-attached,0.5,20.0,0.00038384978097755814,-7.86525927728436,-7.865259277284327
Chain-attached,0.5,20.05,0.0003765740320829797,-7.8843958976954225,-7.884395897695365
Chain-attached,0.5,20.1,0.0003694361934277278,-7.90353251603902,-7.903532516038932
Chain-attached,0.5,20.150000000000002,0.0003624336509180235,-7.922669132372216,-7.922669132372099
Chain-attached,0.5,20.200000000000003,0.00035556384001195207,-7.941805746750502,-7.941805746750361
Chain-attached,0.5,20.25,0.00034882424478010284,-7.960942359227829,-7.960942359227677
Chain-attached,0.5,20.3,0.0003422123969840127,-7.980078969856668,-7.980078969856522
Chain-attached,0.5,20.35,0.00033572587517209326,-7.999215578688032,-7.999215578687911
Chain-attached,0.5,20.400000000000002,0.00032936230379269123,-8.018352185771528,-8.018352185771455
Chain-attached,0.5,20.450000000000003,0.0003231193523239682,-8.037488791155393,-8.037488791155381
Chain-attached,0.5,20.5,0.0003169947344202795,-8.056625394886531,-8.05662539488659
Chain-attached,0.5,20.55,0.0003109862070747345,-8.075761997010552,-8.075761997010678
Chain-attached,0.5,20.6,0.00030509156979763937,-8.094898597571804,-8.094898597571985
Chain-attached,0.5,20.650000000000002,0.00029930866381051066,-8.114035196613413,-8.11403519661362
Chain-attached,0.5,20.700000000000003,0.0002936353712553755,-8.13317179417731,-8.133171794177512
Chain-attached,0.5,20.75,0.0002880696144190586,-8.152308390304269,-8.152308390304427
Chain-attached,0.5,20.8,0.0002826093549721772,-8.171444985033943,-8.171444985034029
Chain-attached,0.5,20.85,0.00027725259322256875,-8.190581578404885,-8.190581578404895
Chain-attached,0.5,20.900000000000002,0.00027199736738286513,-8.209718170454583,-8.20971817045457
Chain-attached,0.5,20.950000000000003,0.00026684175285195816,-8.228854761219493,-8.228854761219479
Chain-attached,0.5,21.0,0.00026178386151008736,-8.247991350735061,-8.247991350735045
Chain-attached,0.5,21.05,0.00025682184102728895,-8.267127939035758,-8.267127939035742
Chain-attached,0.5,21.1,0.0002519538741849585,-8.286264526155101,-8.28626452615509
Chain-attached,0.5,21.150000000000002,0.0002471781782102758,-8.30540111212568,-8.305401112125672
Chain-attached,0.5,21.200000000000003,0.0002424930041232442,-8.324537696979188,-8.32453769697918
Chain-attached,0.5,21.25,0.0002378966360961157,-8.34367428074644,-8.343674280746423
Chain-attached,0.5,21.3,0.00023338739082495033,-8.362810863457407,-8.362810863457376
Chain-attached,0.5,21.35,0.00022896361691310225,-8.381947445141222,-8.381947445141169
Chain-attached,0.5,21.400000000000002,0.00022462369426638122,-8.401084025826222,-8.401084025826144
Chain-attached,0.5,21.450000000000003,0.00022036603349968883,-8.420220605539958,-8.420220605539855
Chain-attached,0.5,21.5,0.00021618907535489963,-8.439357184309223,-8.439357184309097
Chain-attached,0.5,21.55,0.0002120912901297798,-8.458493762160069,-8.458493762159929
Chain-attached,0.5,21.6,0.00020807117711773134,-8.477630339117828,-8.477630339117686
Chain-attached,0.5,21.650000000000002,0.0002041272640581581,-8.49676691520713,-8.496766915207003
Chain-attached,0.5,21.700000000000003,0.00020025810659724785,-8.515903490451935,-8.515903490451837
Chain-attached,0.5,21.75,0.00019646228775898342,-8.535040064875531,-8.535040064875476
Chain-attached,0.5,21.8,0.00019273841742617638,-8.554176638500564,-8.554176638500568
Chain-attached,0.5,21.85,0.00018908513183133773,-8.573313211349069,-8.57331321134913
Chain-attached,0.5,21.900000000000002,0.00018550109305720896,-8.592449783442452,-8.592449783442575
Chain-attached,0.5,21.950000000000003,0.0001819849885467504,-8.611586354801544,-8.61158635480171
Chain-attached,0.5,22.0,0.00017853553062242646,-8.630722925446593,-8.630722925446786
Chain-attached,0.5,22.05,0.00017515145601460075,-8.64985949539729,-8.649859495397484
Chain-attached,0.5,22.1,0.00017183152539887193,-8.668996064672784,-8.668996064672946
Chain-attached,0.5,22.150000000000002,0.00016857452294217955,-8.688132633291696,-8.688132633291803
Chain-attached,0.5,22.200000000000003,0.00016537925585751527,-8.707269201272133,-8.70726920127217
Chain-attached,0.5,22.25,0.00016224455396707688,-8.726405768631693,-8.726405768631686
Chain-attached,0.5,22.3,0.00015916926927369573,-8.745542335387508,-8.745542335387496
Chain-attached,0.5,22.35,0.00015615227554040097,-8.76467890155622,-8.764678901556206
Chain-attached,0.5,22.400000000000002,0.000153192467877943,-8.783815467154014,-8.783815467154001
Chain-attached,0.5,22.450000000000003,0.00015028876234013893,-8.802952032196641,-8.802952032196629
Chain-attached,0.5,22.5,0.0001474400955268944,-8.8220885966994,-8.822088596699391
Chain-attached,0.5,22.55,0.00014464542419474153,-8.841225160677178,-8.841225160677173
Chain-attached,0.5,22.6,0.00014190372487476565,-8.860361724144454,-8.860361724144447
Chain-attached,0.5,22.650000000000002,0.00013921399349777475,-8.8794982871153,-8.879498287115288
Chain-attached,0.5,22.700000000000003,0.00013657524502657184,-8.8986348496034,-8.898634849603377
Chain-attached,0.5,22.75,0.00013398651309519768,-8.917771411622068,-8.917771411622027
Chain-attached,0.5,22.8,0.00013144684965501555,-8.936907973184244,-8.936907973184184
Chain-attached,0.5,22.85,0.0001289553246275017,-8.956044534302512,-8.956044534302428
Chain-attached,0.5,22.900000000000002,0.00012651102556361838,-8.97518109498911,-8.975181094989008
Chain-attached,0.5,22.950000000000003,0.00012411305730964447,-8.99431765525594,-8.99431765525582
Chain-attached,0.5,23.0,0.00012176054167934035,-9.01345421511457,-9.01345421511444
Chain-attached,0.5,23.05,0.00011945261713232507,-9.032590774576256,-9.032590774576128
Chain-attached,0.5,23.1,0.00011718843845855507,-9.05172733365194,-9.051727333651824
Chain-attached,0.5,23.150000000000002,0.00011496717646877845,-9.07086389235226,-9.070863892352168
Chain-attached,0.5,23.200000000000003,0.00011278801769086035,-9.090000450687567,-9.090000450687512
Chain-attached,0.5,23.25,0.00011065016407186405,-9.109137008667917,-9.109137008667906
Chain-attached,0.5,23.3,0.00010855283268577771,-9.128273566303097,-9.12827356630314
Chain-attached,0.5,23.35,0.00010649525544678391,-9.147410123602622,-9.147410123602713
Chain-attached,0.5,23.400000000000002,0.00010447667882796299,-9.166546680575742,-9.166546680575879
Chain-attached,0.5,23.450000000000003,0.00010249636358532797,-9.185683237231455,-9.185683237231622
Chain-attached,0.5,23.5,0.00010055358448709238,-9.204819793578507,-9.204819793578688
Chain-attached,0.5,23.55,9.864763004806757e-05,-9.223956349625407,-9.22395634962558
Chain-attached,0.5,23.6,9.677780226909728e-05,-9.243092905380427,-9.243092905380568
Chain-attached,0.5,23.650000000000002,9.49434163814293e-05,-9.262229460851612,-9.262229460851701
Chain-attached,0.5,23.700000000000003,9.314380059593406e-05,-9.281366016046782,-9.281366016046817
Chain-attached,0.5,23.75,9.13782958570753e-05,-9.300502570973547,-9.30050257097354
Chain-attached,0.5,23.8,8.964625560154708e-05,-9.3196391256393,-9.319639125639291
Chain-attached,0.5,23.85,8.794704552148216e-05,-9.33877568005124,-9.338775680051228
Chain-attached,0.5,23.900000000000002,8.628004333215295e-05,-9.357912234216359,-9.357912234216345
Chain-attached,0.5,23.950000000000003,8.464463854407302e-05,-9.377048788141453,-9.377048788141442
Chain-attached,0.5,24.0,8.304023223941808e-05,-9.396185341833144,-9.396185341833135
Chain-attached,0.5,24.05,8.146623685268815e-05,-9.415321895297861,-9.415321895297856
Chain-attached,0.5,24.1,7.992207595552423e-05,-9.434458448541859,-9.434458448541854
Chain-attached,0.5,24.150000000000002,7.840718404560525e-05,-9.45359500157122,-9.453595001571212
Chain-attached,0.5,24.200000000000003,7.692100633954631e-05,-9.472731554391856,-9.472731554391844
Chain-attached,0.5,24.25,7.546299856972275e-05,-9.491868107009518,-9.491868107009497
Chain-attached,0.5,24.3,7.403262678494422e-05,-9.511004659429805,-9.511004659429771
Chain-attached,0.5,24.35,7.26293671549099e-05,-9.530141211658151,-9.5301412116581
Chain-attached,0.5,24.400000000000002,7.125270577836738e-05,-9.549277763699843,-9.549277763699774
Chain-attached,0.5,24.450000000000003,6.990213849490884e-05,-9.568414315560027,-9.56841431555994
Chain-attached,0.5,24.5,6.857717070033572e-05,-9.587550867243701,-9.587550867243598
Chain-attached,0.5,24.55,6.727731716552167e-05,-9.60668741875573,-9.606687418755616
Chain-attached,0.5,24.6,6.600210185870982e-05,-9.625823970100845,-9.625823970100727
Chain-attached,0.5,24.650000000000002,6.475105777117873e-05,-9.644960521283641,-9.644960521283528
Chain-attached,0.5,24.700000000000003,6.352372674621206e-05,-9.66409707230859,-9.66409707230849
Chain-attached,0.5,24.75,6.231965931131001e-05,-9.683233623180042,-9.683233623179964
Chain-attached,0.5,24.8,6.113841451358255e-05,-9.702370173902228,-9.70237017390218
Chain-attached,0.5,24.85,5.997955975826173e-05,-9.721506724479255,-9.721506724479244
Chain-attached,0.5,24.900000000000002,5.884267065027439e-05,-9.74064327491513,-9.740643274915158
Chain-attached,0.5,24.950000000000003,5.772733083882019e-05,-9.759779825213732,-9.759779825213803
Chain-attached,0.5,25.0,5.66331318648927e-05,-9.778916375378847,-9.778916375378955
Chain-attached,0.5,25.05,5.555967301169296e-05,-9.79805292541415,-9.798052925414291
Chain-attached,0.5,25.1,5.450656115787731e-05,-9.817189475323223,-9.817189475323381
Chain-attached,0.5,25.150000000000002,5.347341063358794e-05,-9.836326025109537,-9.836326025109699
Chain-attached,0.5,25.200000000000003,5.2459843079210916e-05,-9.855462574776476,-9.855462574776626
Chain-attached,0.5,25.25,5.146548730681288e-05,-9.874599124327327,-9.874599124327446
Chain-attached,0.5,25.3,5.048997916420308e-05,-9.89373567376529,-9.893735673765365
Chain-attached,0.5,25.35,4.95329614015732e-05,-9.912872223093473,-9.912872223093501
Chain-attached,0.5,25.400000000000002,4.859408354066404e-05,-9.932008772314898,-9.932008772314894
Chain-attached,0.5,25.450000000000003,4.767300174641255e-05,-9.951145321432508,-9.951145321432499
Chain-attached,0.5,25.5,4.676937870103198e-05,-9.97028187044916,-9.97028187044915
Chain-attached,0.5,25.55,4.588288348047832e-05,-9.989418419367638,-9.989418419367627
Chain-attached,0.5,25.6,4.501319143325908e-05,-10.008554968190644,-10.008554968190634
Chain-attached,0.5,25.650000000000002,4.415998406153832e-05,-10.02769151692081,-10.027691516920799
Chain-attached,0.5,25.700000000000003,4.332294890449623e-05,-10.046828065560685,-10.046828065560678
Chain-attached,0.5,25.75,4.250177942389848e-05,-10.065964614112765,-10.06596461411276
Chain-attached,0.5,25.8,4.169617489183613e-05,-10.085101162579463,-10.085101162579459
Chain-attached,0.5,25.85,4.090584028059179e-05,-10.104237710963133,-10.104237710963128
Chain-attached,0.5,25.900000000000002,4.013048615459476e-05,-10.123374259266061,-10.12337425926605
Chain-attached,0.5,25.950000000000003,3.936982856442325e-05,-10.142510807490467,-10.142510807490451
Chain-attached,0.5,26.0,3.8623588942815725e-05,-10.161647355638518,-10.161647355638491
Chain-attached,0.5,26.05,3.789149400265419e-05,-10.180783903712316,-10.180783903712276
Chain-attached,0.5,26.1,3.717327563688043e-05,-10.199920451713902,-10.19992045171385
Chain-attached,0.5,26.150000000000002,3.646867082030927e-05,-10.219056999645272,-10.219056999645204
Chain-attached,0.5,26.200000000000003,3.57774215133038e-05,-10.238193547508352,-10.238193547508272
Chain-attached,0.5,26.25,3.509927456727537e-05,-10.257330095305024,-10.257330095304932
Chain-attached,0.5,26.3,3.443398163197524e-05,-10.27646664303712,-10.276466643037022
Chain-attached,0.5,26.35,3.3781299064543794e-05,-10.29560319070642,-10.295603190706316
Chain-attached,0.5,26.400000000000002,3.314098784028372e-05,-10.314739738314644,-10.314739738314543
Chain-attached,0.5,26.450000000000003,3.2512813465123396e-05,-10.333876285863482,-10.333876285863392
Chain-attached,0.5,26.5,3.189654588974113e-05,-10.353012833354564,-10.353012833354489
Chain-attached,0.5,26.55,3.129195942531572e-05,-10.372149380789484,-10.372149380789432
Chain-attached,0.5,26.6,3.0698832660875034e-05,-10.391285928169788,-10.391285928169763
Chain-attached,0.5,26.650000000000002,3.011694838221061e-05,-10.41042247549698,-10.410422475496986
Chain-attached,0.5,26.700000000000003,2.954609349232935e-05,-10.42955902277252,-10.429559022772557
Chain-attached,0.5,26.75,2.898605893341307e-05,-10.44869556999783,-10.4486955699979
Chain-attached,0.5,26.8,2.8436639610257174e-05,-10.467832117174295,-10.467832117174396
Chain-attached,0.5,26.85,2.789763431516084e-05,-10.486968664303259,-10.486968664303383
Chain-attached,0.5,26.900000000000002,2.7368845654240447e-05,-10.506105211386032,-10.50610521138617
Chain-attached,0.5,26.950000000000003,2.6850079975140245e-05,-10.525241758423883,-10.525241758424027
Chain-attached,0.5,27.0,2.6341147296112747e-05,-10.544378305418046,-10.544378305418181
Chain-attached,0.5,27.05,2.5841861236443386e-05,-10.563514852369732,-10.563514852369845
Chain-attached,0.5,27.1,2.5352038948194707e-05,-10.582651399280104,-10.58265139928019
Chain-attached,0.5,27.150000000000002,2.4871501049243375e-05,-10.601787946150301,-10.601787946150349
Chain-attached,0.5,27.200000000000003,2.4400071557586903e-05,-10.62092449298143,-10.620924492981443
Chain-attached,0.5,27.25,2.3937577826895725e-05,-10.640061039774565,-10.640061039774558
Chain-attached,0.5,27.3,2.348385048328642e-05,-10.659197586530754,-10.659197586530745
Chain-attached,0.5,27.35,2.303872336329392e-05,-10.678334133251008,-10.678334133251001
Chain-attached,0.5,27.400000000000002,2.260203345301871e-05,-10.697470679936325,-10.697470679936316
Chain-attached,0.5,27.450000000000003,2.2173620828428508e-05,-10.71660722658766,-10.716607226587652
Chain-attached,0.5,27.5,2.175332859679036e-05,-10.735743773205954,-10.735743773205945
Chain-attached,0.5,27.55,2.1341002839213857e-05,-10.754880319792111,-10.754880319792106
Chain-attached,0.5,27.6,2.0936492554282657e-05,-10.77401686634702,-10.774016866347017
Chain-attached,0.5,27.650000000000002,2.053964960275509e-05,-10.79315341287154,-10.793153412871536
Chain-attached,0.5,27.700000000000003,2.0150328653312476e-05,-10.812289959366506,-10.812289959366503
Chain-attached,0.5,27.75,1.9768387129336042e-05,-10.83142650583273,-10.831426505832725
Chain-attached,0.5,27.8,1.9393685156692472e-05,-10.850563052271006,-10.850563052271
Chain-attached,0.5,27.85,1.9026085512509244e-05,-10.869699598682107,-10.869699598682093
Chain-attached,0.5,27.900000000000002,1.866545357492127e-05,-10.888836145066774,-10.888836145066753
Chain-attached,0.5,27.950000000000003,1.8311657273769287e-05,-10.907972691425737,-10.907972691425707
Chain-attached,0.5,28.0,1.796456704223347e-05,-10.927109237759703,-10.927109237759662
Chain-attached,0.5,28.05,1.7624055769383404e-05,-10.946245784069363,-10.946245784069312
Chain-attached,0.5,28.1,1.7289998753627795e-05,-10.965382330355382,-10.96538233035532
Chain-attached,0.5,28.150000000000002,1.696227365704603e-05,-10.984518876618415,-10.984518876618342
Chain-attached,0.5,28.200000000000003,1.6640760460585982e-05,-11.00365542285909,-11.00365542285901
Chain-attached,0.5,28.25,1.6325341420110493e-05,-11.022791969078023,-11.022791969077938
Chain-attached,0.5,28.3,1.601590102327716e-05,-11.041928515275817,-11.041928515275728
Chain-attached,0.5,28.35,1.571232594723574e-05,-11.06106506145305,-11.061065061452965
Chain-attached,0.5,28.400000000000002,1.5414505017126908e-05,-11.080201607610288,-11.080201607610208
Chain-attached,0.5,28.450000000000003,1.5122329165367952e-05,-11.099338153748082,-11.099338153748013
Chain-attached,0.5,28.5,1.483569139171014e-05,-11.118474699866967,-11.118474699866912
Chain-attached,0.5,28.55,1.4554486724053156e-05,-11.137611245967463,-11.137611245967426
Chain-attached,0.5,28.6,1.4278612180002301e-05,-11.156747792050076,-11.156747792050064
Chain-attached,0.5,28.650000000000002,1.4007966729154347e-05,-11.175884338115301,-11.175884338115312
Chain-attached,0.5,28.700000000000003,1.3742451256098374e-05,-11.195020884163611,-11.195020884163647
Chain-attached,0.5,28.75,1.3481968524117608e-05,-11.214157430195476,-11.214157430195536
Chain-attached,0.5,28.8,1.3226423139579658e-05,-11.233293976211346,-11.23329397621143
Chain-attached,0.5,28.85,1.2975721517001432e-05,-11.252430522211665,-11.252430522211764
Chain-attached,0.5,28.900000000000002,1.2729771844776455e-05,-11.271567068196855,-11.271567068196969
Chain-attached,0.5,28.950000000000003,1.2488484051551559e-05,-11.290703614167338,-11.290703614167459
Chain-attached,0.5,29.0,1.225176977324117e-05,-11.309840160123516,-11.309840160123633
Chain-attached,0.5,29.05,1.201954232066666e-05,-11.32897670606578,-11.328976706065887
Chain-attached,0.5,29.1,1.179171664780897e-05,-11.34811325199452,-11.348113251994608
Chain-attached,0.5,29.150000000000002,1.1568209320663453e-05,-11.3672497979101,-11.367249797910164
Chain-attached,0.5,29.200000000000003,1.1348938486684442e-05,-11.386386343812887,-11.386386343812925
Chain-attached,0.5,29.25,1.113382384480948e-05,-11.405522889703231,-11.405522889703244
Chain-attached,0.5,29.3,1.0922786616051423e-05,-11.424659435581479,-11.424659435581473
Chain-attached,0.5,29.35,1.0715749514648236e-05,-11.443795981447957,-11.44379598144795
Chain-attached,0.5,29.400000000000002,1.0512636719759308e-05,-11.462932527302995,-11.462932527302987
Chain-attached,0.5,29.450000000000003,1.031337384769858e-05,-11.482069073146901,-11.482069073146894
Chain-attached,0.5,29.5,1.0117887924693678e-05,-11.501205618979986,-11.501205618979977
Chain-attached,0.5,29.55,9.926107360161617e-06,-11.52034216480255,-11.52034216480254
Chain-attached,0.5,29.6,9.737961920491035e-06,-11.539478710614878,-11.53947871061487
Chain-attached,0.5,29.650000000000002,9.553382703321217e-06,-11.558615256417252,-11.558615256417244
Chain-attached,0.5,29.700000000000003,9.372302112308763e-06,-11.577751802209946,-11.577751802209942
Chain-attached,0.5,29.75,9.194653832372542e-06,-11.596888347993229,-11.596888347993225
Chain-attached,0.5,29.8,9.02037280540791e-06,-11.616024893767356,-11.616024893767353
Chain-attached,0.5,29.85,8.849395206461108e-06,-11.635161439532583,-11.63516143953258
Chain-attached,0.5,29.900000000000002,8.681658420355432e-06,-11.654297985289153,-11.654297985289148
Chain-attached,0.5,29.950000000000003,8.517101018760365e-06,-11.673434531037303,-11.673434531037294
Chain-attached,0.5,30.0,8.35566273769534e-06,-11.692571076777265,-11.69257107677725
Chain-attached,0.5,30.05,8.197284455459914e-06,-11.711707622509266,-11.711707622509248
Chain-attached,0.5,30.1,8.04190817098238e-06,-11.730844168233522,-11.730844168233498
Chain-attached,0.5,30.150000000000002,7.889476982578548e-06,-11.749980713950253,-11.749980713950219
Chain-attached,0.5,30.200000000000003,7.739935067113447e-06,-11.769117259659657,-11.769117259659616
Chain-attached,0.5,30.25,7.59322765955769e-06,-11.788253805361938,-11.78825380536189
Chain-attached,0.5,30.3,7.449301032931517e-06,-11.807390351057297,-11.807390351057242
Chain-attached,0.5,30.35,7.308102478629058e-06,-11.826526896745921,-11.82652689674586
Chain-attached,0.5,30.400000000000002,7.169580287115395e-06,-11.845663442427993,-11.845663442427925
Chain-attached,0.5,30.450000000000003,7.033683728989484e-06,-11.864799988103698,-11.864799988103627
Chain-attached,0.5,30.5,6.900363036406246e-06,-11.883936533773207,-11.883936533773134
Chain-attached,0.5,30.55,6.769569384850529e-06,-11.903073079436691,-11.90307307943662
Chain-attached,0.5,30.6,6.641254875256668e-06,-11.92220962509432,-11.922209625094252
Chain-attached,0.5,30.650000000000002,6.515372516467037e-06,-11.94134617074625,-11.94134617074619
Chain-attached,0.5,30.700000000000003,6.391876208022902e-06,-11.96048271639264,-11.960482716392589
Chain-attached,0.5,30.75,6.270720723281629e-06,-11.97961926203364,-11.979619262033602
Chain-attached,0.5,30.8,6.151861692853784e-06,-11.998755807669404,-11.99875580766938
Chain-attached,0.5,30.85,6.035255588354331e-06,-12.01789235330007,-12.017892353300063
Chain-attached,0.5,30.900000000000002,5.920859706461593e-06,-12.037028898925783,-12.037028898925792
Chain-attached,0.5,30.950000000000003,5.8086321532786245e-06,-12.056165444546675,-12.056165444546703
Chain-attached,0.5,31.0,5.698531828990798e-06,-12.075301990162878,-12.075301990162924
Chain-attached,0.5,31.05,5.590518412814252e-06,-12.094438535774527,-12.09443853577459
Chain-attached,0.5,31.1,5.484552348229804e-06,-12.113575081381743,-12.11357508138182
Chain-attached,0.5,31.150000000000002,5.380594828496484e-06,-12.132711626984648,-12.132711626984737
Chain-attached,0.5,31.200000000000003,5.27860778243981e-06,-12.151848172583364,-12.151848172583458
Chain-attached,0.5,31.25,5.178553860509482e-06,-12.170984718178,-12.170984718178095
Chain-attached,0.5,31.3,5.080396421101158e-06,-12.190121263768672,-12.190121263768766
Chain-attached,0.5,31.35,4.984099517137723e-06,-12.209257809355488,-12.209257809355575
Chain-attached,0.5,31.400000000000002,4.8896278829047225e-06,-12.228394354938557,-12.228394354938631
Chain-attached,0.5,31.450000000000003,4.796946921135456e-06,-12.247530900517978,-12.247530900518035
Chain-attached,0.5,31.5,4.7060226903407676e-06,-12.266667446093853,-12.26666744609389
Chain-attached,0.5,31.55,4.616821892379064e-06,-12.285803991666281,-12.285803991666299
Chain-attached,0.5,31.6,4.529311860261906e-06,-12.304940537235355,-12.304940537235357
Chain-attached,0.5,31.650000000000002,4.443460546190748e-06,-12.324077082801168,-12.324077082801162
Chain-attached,0.5,31.700000000000003,4.359236509820428e-06,-12.34321362836381,-12.343213628363804
Chain-attached,0.5,31.75,4.276608906745151e-06,-12.362350173923366,-12.362350173923359
Chain-attached,0.5,31.8,4.195547477202668e-06,-12.38148671947992,-12.381486719479915
Chain-attached,0.5,31.85,4.116022534992563e-06,-12.40062326503356,-12.400623265033555
Chain-attached,0.5,31.900000000000002,4.038004956604681e-06,-12.419759810584367,-12.41975981058436
Chain-attached,0.5,31.950000000000003,3.9614661705535335e-06,-12.438896356132409,-12.438896356132403
Chain-attached,0.5,32.0,3.886378146914817e-06,-12.45803290167777,-12.458032901677765
Chain-attached,0.5,32.050000000000004,3.8127133870604264e-06,-12.477169447220522,-12.477169447220518
Chain-attached,0.5,32.1,3.7404449135878917e-06,-12.496305992760737,-12.496305992760732
Chain-attached,0.5,32.15,3.6695462604407767e-06,-12.515442538298483,-12.51544253829848
Chain-attached,0.5,32.2,3.599991463216278e-06,-12.534579083833833,-12.53457908383383
Chain-attached,0.5,32.25,3.5317550496566514e-06,-12.553715629366843,-12.55371562936684
Chain-attached,0.5,32.300000000000004,3.464812030320674e-06,-12.57285217489759,-12.572852174897585
Chain-attached,0.5,32.35,3.3991378894321985e-06,-12.591988720426126,-12.59198872042612
Chain-attached,0.5,32.4,3.3347085759018973e-06,-12.611125265952513,-12.611125265952506
Chain-attached,0.5,32.45,3.2715004945193187e-06,-12.630261811476819,-12.630261811476808
Chain-attached,0.5,32.5,3.2094904973119835e-06,-12.649398356999091,-12.649398356999075
Chain-attached,0.5,32.550000000000004,3.1486558750680398e-06,-12.66853490251939,-12.66853490251937
Chain-attached,0.5,32.6,3.088974349019801e-06,-12.687671448037769,-12.687671448037744
Chain-attached,0.5,32.65,3.0304240626848258e-06,-12.706807993554278,-12.706807993554248
Chain-attached,0.5,32.7,2.972983573861653e-06,-12.725944539068974,-12.72594453906894
Chain-attached,0.5,32.75,2.9166318467773004e-06,-12.745081084581905,-12.745081084581864
Chain-attached,0.5,32.800000000000004,2.8613482443835464e-06,-12.76421763009312,-12.764217630093075
Chain-attached,0.5,32.85,2.807112520799291e-06,-12.783354175602659,-12.78335417560261
Chain-attached,0.5,32.9,2.753904813896074e-06,-12.802490721110576,-12.802490721110525
Chain-attached,0.5,32.95,2.7017056380242538e-06,-12.821627266616918,-12.821627266616863
Chain-attached,0.5,33.0,2.6504958768770104e-06,-12.840763812121718,-12.840763812121665
Chain-attached,0.5,33.050000000000004,2.600256776489518e-06,-12.859900357625028,-12.859900357624975
Chain-attached,0.5,33.1,2.5509699383709846e-06,-12.879036903126883,-12.879036903126831
Chain-attached,0.5,33.15,2.5026173127667208e-06,-12.898173448627325,-12.898173448627277
Chain-attached,0.5,33.2,2.45518119204801e-06,-12.917309994126397,-12.917309994126352
Chain-attached,0.5,33.25,2.4086442042272597e-06,-12.936446539624129,-12.936446539624091
Chain-attached,0.5,33.300000000000004,2.36298930659601e-06,-12.955583085120564,-12.955583085120534
Chain-attached,0.5,33.35,2.3181997794836328e-06,-12.974719630615732,-12.974719630615713
Chain-attached,0.5,33.4,2.2742592201342313e-06,-12.993856176109672,-12.993856176109663
Chain-attached,0.5,33.45,2.231151536699663e-06,-13.01299272160242,-13.012992721602421
Chain-attached,0.5,33.5,2.188860942346429e-06,-13.032129267094001,-13.032129267094016
Chain-attached,0.5,33.550000000000004,2.1473719494741912e-06,-13.051265812584457,-13.051265812584484
Chain-attached,0.5,33.6,2.106669364043988e-06,-13.07040235807381,-13.070402358073848
Chain-attached,0.5,33.65,2.066738280013839e-06,-13.089538903562092,-13.08953890356214
Chain-attached,0.5,33.7,2.0275640738798863e-06,-13.10867544904934,-13.108675449049397
Chain-attached,0.5,33.75,1.989132399321045e-06,-13.127811994535572,-13.127811994535637
Chain-attached,0.5,33.800000000000004,1.951429181945036e-06,-13.146948540020825,-13.146948540020896
Chain-attached,0.5,33.85,1.9144406141341573e-06,-13.166085085505117,-13.166085085505191
Chain-attached,0.5,33.9,1.8781531499886114e-06,-13.185221630988481,-13.185221630988554
Chain-attached,0.5,33.95,1.8425535003657942e-06,-13.204358176470942,-13.204358176471013
Chain-attached,0.5,34.0,1.8076286280135455e-06,-13.223494721952521,-13.223494721952585
Chain-attached,0.5,34.050000000000004,1.773365742795657e-06,-13.242631267433246,-13.242631267433303
Chain-attached,0.5,34.1,1.7397522970079012e-06,-13.26176781291314,-13.261767812913185
Chain-attached,0.5,34.15,1.706775980782825e-06,-13.280904358392224,-13.280904358392256
Chain-attached,0.5,34.2,1.674424717581635e-06,-13.300040903870524,-13.300040903870542
Chain-attached,0.5,34.25,1.6426866597715794e-06,-13.319177449348054,-13.31917744934806
Chain-attached,0.5,34.300000000000004,1.6115501842870632e-06,-13.338313994824846,-13.338313994824842
Chain-attached,0.5,34.35,1.581003888373144e-06,-13.35745054030091,-13.357450540300905
Chain-attached,0.5,34.4,1.5510365854095687e-06,-13.376587085776267,-13.376587085776263
Chain-attached,0.5,34.45,1.521637300814031e-06,-13.395723631250949,-13.395723631250942
Chain-attached,0.5,34.5,1.4927952680231372e-06,-13.414860176724957,-13.414860176724952
Chain-attached,0.5,34.550000000000004,1.4644999245494013e-06,-13.433996722198323,-13.433996722198318
Chain-attached,0.5,34.6,1.4367409081131387e-06,-13.453133267671056,-13.45313326767105
Chain-attached,0.5,34.65,1.4095080528475617e-06,-13.472269813143178,-13.472269813143173
Chain-attached,0.5,34.7,1.3827913855758745e-06,-13.491406358614705,-13.491406358614702
Chain-attached,0.5,34.75,1.3565811221589019e-06,-13.510542904085654,-13.510542904085648
Chain-attached,0.5,34.800000000000004,1.330867663911952e-06,-13.529679449556042,-13.529679449556037
Chain-attached,0.5,34.85,1.3056415940896251e-06,-13.548815995025874,-13.548815995025873
Chain-attached,0.5,34.9,1.2808936744371728e-06,-13.56795254049518,-13.567952540495178
Chain-attached,0.5,34.95,1.2566148418073322e-06,-13.587089085963969,-13.587089085963967
Chain-attached,0.5,35.0,1.2327962048412177e-06,-13.60622563143225,-13.606225631432249
Chain-attached,0.5,35.050000000000004,1.2094290407121162e-06,-13.625362176900046,-13.625362176900044
Chain-attached,0.5,35.1,1.1865047919310592e-06,-13.644498722367363,-13.64449872236736
Chain-attached,0.5,35.15,1.1640150632128898e-06,-13.663635267834216,-13.663635267834213
Chain-attached,0.5,35.2,1.1419516184017603e-06,-13.68277181330062,-13.682771813300615
Chain-attached,0.5,35.25,1.1203063774549042e-06,-13.701908358766584,-13.701908358766579
Chain-attached,0.5,35.300000000000004,1.0990714134835575e-06,-13.721044904232127,-13.721044904232116
Chain-attached,0.5,35.35,1.078238949850016e-06,-13.74018144969725,-13.740181449697237
Chain-attached,0.5,35.4,1.0578013573196505e-06,-13.75931799516197,-13.759317995161956
Chain-attached,0.5,35.45,1.0377511512669583e-06,-13.778454540626301,-13.778454540626283
Chain-attached,0.5,35.5,1.0180809889345593e-06,-13.79759108609025,-13.797591086090229
Chain-attached,0.5,35.550000000000004,9.987836667441264e-07,-13.816727631553832,-13.816727631553807
Chain-attached,0.5,35.6,9.798521176583225e-07,-13.835864177017047,-13.83586417701702
Chain-attached,0.5,35.65,9.61279408592693e-07,-13.855000722479913,-13.855000722479883
Chain-attached,0.5,35.7,9.430587378766591e-07,-13.87413726794244,-13.874137267942409
Chain-attached,0.5,35.75,9.251834327626258e-07,-13.893273813404635,-13.8932738134046
Chain-attached,0.5,35.800000000000004,9.076469469822776e-07,-13.91241035886651,-13.91241035886647
Chain-attached,0.5,35.85,8.904428583492369e-07,-13.931546904328066,-13.931546904328027
Chain-attached,0.5,35.9,8.735648664071143e-07,-13.95068344978932,-13.95068344978928
Chain-attached,0.5,35.95,8.570067901221883e-07,-13.969819995250278,-13.969819995250237
Chain-attached,0.5,36.0,8.407625656197838e-07,-13.988956540710946,-13.988956540710907
Chain-attached,0.5,36.050000000000004,8.24826243963568e-07,-14.008093086171336,-14.008093086171298
Chain-attached,0.5,36.1,8.091919889769467e-07,-14.027229631631451,-14.027229631631416
Chain-attached,0.5,36.15,7.938540751057436e-07,-14.046366177091299,-14.046366177091267
Chain-attached,0.5,36.2,7.788068853213863e-07,-14.065502722550896,-14.065502722550868
Chain-attached,0.5,36.25,7.640449090638772e-07,-14.084639268010234,-14.08463926801021
Chain-attached,0.5,36.300000000000004,7.495627402236797e-07,-14.103775813469333,-14.103775813469316
Chain-attached,0.5,36.35,7.353550751619417e-07,-14.122912358928193,-14.122912358928183
Chain-attached,0.5,36.4,7.214167107681798e-07,-14.14204890438682,-14.142048904386815
Chain-attached,0.5,36.45,7.077425425548076e-07,-14.161185449845227,-14.161185449845231
Chain-attached,0.5,36.5,6.943275627877897e-07,-14.180321995303414,-14.180321995303423
Chain-attached,0.5,36.550000000000004,6.81166858652701e-07,-14.19945854076139,-14.199458540761407
Chain-attached,0.5,36.6,6.68255610455575e-07,-14.218595086219155,-14.218595086219182
Chain-attached,0.5,36.65,6.555890898578311e-07,-14.237731631676722,-14.237731631676754
Chain-attached,0.5,36.7,6.431626581446786e-07,-14.256868177134095,-14.256868177134134
Chain-attached,0.5,36.75,6.309717645263325e-07,-14.276004722591276,-14.27600472259132
Chain-attached,0.5,36.800000000000004,6.190119444714207e-07,-14.295141268048278,-14.295141268048324
Chain-attached,0.5,36.85,6.072788180720092e-07,-14.314277813505091,-14.314277813505143
Chain-attached,0.5,36.9,5.957680884395696e-07,-14.333414358961734,-14.333414358961788
Chain-attached,0.5,36.95,5.844755401314039e-07,-14.35255090441821,-14.352550904418264
Chain-attached,0.5,37.0,5.73397037606865e-07,-14.371687449874518,-14.371687449874571
Chain-attached,0.5,37.050000000000004,5.625285237128351e-07,-14.390823995330667,-14.390823995330717
Chain-attached,0.5,37.1,5.518660181979351e-07,-14.409960540786656,-14.409960540786702
Chain-attached,0.5,37.15,5.414056162548698e-07,-14.429097086242495,-14.429097086242535
Chain-attached,0.5,37.2,5.31143487090423e-07,-14.448233631698187,-14.448233631698221
Chain-attached,0.5,37.25,5.210758725225504e-07,-14.467370177153734,-14.467370177153759
Chain-attached,0.5,37.300000000000004,5.111990856040568e-07,-14.486506722609144,-14.48650672260916
Chain-attached,0.5,37.35,5.01509509272378e-07,-14.505643268064414,-14.505643268064425
Chain-attached,0.5,37.4,4.920035950249321e-07,-14.524779813519554,-14.524779813519558
Chain-attached,0.5,37.45,4.826778616196041e-07,-14.543916358974567,-14.543916358974565
Chain-attached,0.5,37.5,4.7352889379984505e-07,-14.563052904429453,-14.563052904429451
Chain-attached,0.5,37.550000000000004,4.6455334104393995e-07,-14.58218944988422,-14.582189449884218
Chain-attached,0.5,37.6,4.5574791633799113e-07,-14.601325995338867,-14.601325995338863
Chain-attached,0.5,37.65,4.471093949721458e-07,-14.620462540793396,-14.620462540793392
Chain-attached,0.5,37.7,4.3863461335964723e-07,-14.639599086247818,-14.639599086247815
Chain-attached,0.5,37.75,4.3032046787828063e-07,-14.658735631702129,-14.658735631702125
Chain-attached,0.5,37.800000000000004,4.221639137337565e-07,-14.677872177156335,-14.677872177156333
Chain-attached,0.5,37.85,4.1416196384465916e-07,-14.697008722610436,-14.697008722610434
Chain-attached,0.5,37.9,4.0631168774851605e-07,-14.71614526806444,-14.716145268064436
Chain-attached,0.5,37.95,3.986102105286138e-07,-14.735281813518345,-14.735281813518343
Chain-attached,0.5,38.0,3.9105471176114686e-07,-14.754418358972154,-14.754418358972153
Chain-attached,0.5,38.050000000000004,3.8364242448232535e-07,-14.773554904425874,-14.773554904425872
Chain-attached,0.5,38.1,3.763706341750648e-07,-14.792691449879502,-14.792691449879502
Chain-attached,0.5,38.15,3.6923667777487665e-07,-14.811827995333044,-14.811827995333044
Chain-attached,0.5,38.2,3.6223794269460486e-07,-14.830964540786503,-14.830964540786503
Chain-attached,0.5,38.25,3.5537186586765293e-07,-14.850101086239876,-14.850101086239876
Chain-attached,0.5,38.300000000000004,3.486359328093309e-07,-14.869237631693174,-14.869237631693174
Chain-attached,0.5,38.35,3.4202767669601797e-07,-14.88837417714639,-14.88837417714639
Chain-attached,0.5,38.400000000000006,3.3554467746175347e-07,-14.907510722599532,-14.907510722599532
Chain-attached,0.5,38.45,3.291845609119714e-07,-14.926647268052601,-14.9266472680526
Chain-attached,0.5,38.5,3.2294499785402497e-07,-14.945783813505596,-14.945783813505594
Chain-attached,0.5,38.550000000000004,3.168237032441889e-07,-14.964920358958524,-14.964920358958521
Chain-attached,0.5,38.6,3.108184353508418e-07,-14.984056904411382,-14.984056904411378
Chain-attached,0.5,38.650000000000006,3.049269949334935e-07,-15.003193449864177,-15.00319344986417
Chain-attached,0.5,38.7,2.991472244373912e-07,-15.022329995316905,-15.022329995316898
Chain-attached,0.5,38.75,2.934770072033753e-07,-15.041466540769571,-15.041466540769562
Chain-attached,0.5,38.800000000000004,2.8791426669272303e-07,-15.06060308622218,-15.06060308622217
Chain-attached,0.5,38.85,2.824569657266845e-07,-15.079739631674725,-15.079739631674713
Chain-attached,0.5,38.900000000000006,2.771031057404215e-07,-15.098876177127218,-15.098876177127204
Chain-attached,0.5,38.95,2.718507260511071e-07,-15.118012722579651,-15.118012722579635
Chain-attached,0.5,39.0,2.666979031398774e-07,-15.13714926803203,-15.137149268032012
Chain-attached,0.5,39.050000000000004,2.61642749947407e-07,-15.15628581348436,-15.15628581348434
Chain-attached,0.5,39.1,2.5668341518283666e-07,-15.175422358936634,-15.175422358936615
Chain-attached,0.5,39.150000000000006,2.518180826457891e-07,-15.194558904388861,-15.19455890438884
Chain-attached,0.5,39.2,2.470449705612481e-07,-15.21369544984104,-15.213695449841016
Chain-attached,0.5,39.25,2.4236233092703853e-07,-15.232831995293168,-15.232831995293145
Chain-attached,0.5,39.300000000000004,2.3776844887367129e-07,-15.251968540745255,-15.251968540745231
Chain-attached,0.5,39.35,2.3326164203633344e-07,-15.271105086197295,-15.27110508619727
Chain-attached,0.5,39.400000000000006,2.2884025993876872e-07,-15.290241631649295,-15.29024163164927
Chain-attached,0.5,39.45,2.2450268338884794e-07,-15.309378177101246,-15.309378177101221
Chain-attached,0.5,39.5,2.202473238855838e-07,-15.32851472255316,-15.328514722553136
Chain-attached,0.5,39.550000000000004,2.160726230373993e-07,-15.347651268005036,-15.347651268005013
Chain-attached,0.5,39.6,2.1197705199141296e-07,-15.36678781345687,-15.366787813456849
Chain-attached,0.5,39.650000000000006,2.0795911087354303e-07,-15.38592435890867,-15.38592435890865
Chain-attached,0.5,39.7,2.0401732823922923e-07,-15.405060904360429,-15.405060904360411
Chain-attached,0.5,39.75,2.00150260534559e-07,-15.424197449812153,-15.424197449812137
Chain-attached,0.5,39.800000000000004,1.963564915676132e-07,-15.443333995263844,-15.443333995263833
Chain-attached,0.5,39.85,1.9263463198983046e-07,-15.4624705407155,-15.462470540715492
Chain-attached,0.5,39.900000000000006,1.8898331878720106e-07,-15.481607086167125,-15.48160708616712
Chain-attached,0.5,39.95,1.85401214781107e-07,-15.500743631618716,-15.500743631618715
Chain-attached,0.5,40.0,1.8188700813862115e-07,-15.519880177070275,-15.519880177070277
Chain-attached,0.5,40.050000000000004,1.7843941189208955e-07,-15.539016722521808,-15.539016722521813
Chain-attached,0.5,40.1,1.7505716346782274e-07,-15.558153267973308,-15.558153267973317
Chain-attached,0.5,40.150000000000006,1.7173902422371359e-07,-15.577289813424784,-15.577289813424798
Chain-attached,0.5,40.2,1.684837789956283e-07,-15.596426358876228,-15.596426358876245
Chain-attached,0.5,40.25,1.652902356523865e-07,-15.615562904327643,-15.615562904327664
Chain-attached,0.5,40.300000000000004,1.6215722465918156e-07,-15.634699449779038,-15.634699449779061
Chain-attached,0.5,40.35,1.5908359864927944e-07,-15.653835995230404,-15.65383599523043
Chain-attached,0.5,40.400000000000006,1.5606823200382556e-07,-15.672972540681746,-15.672972540681776
Chain-attached,0.5,40.45,1.5311002043962682e-07,-15.692109086133062,-15.692109086133094
Chain-attached,0.5,40.5,1.5020788060473997e-07,-15.711245631584354,-15.711245631584388
Chain-attached,0.5,40.550000000000004,1.47360749681729e-07,-15.730382177035628,-15.730382177035661
Chain-attached,0.5,40.6,1.4456758499844332e-07,-15.749518722486874,-15.74951872248691
Chain-attached,0.5,40.650000000000006,1.4182736364616793e-07,-15.768655267938103,-15.768655267938136
Chain-attached,0.5,40.7,1.3913908210501974e-07,-15.787791813389308,-15.787791813389342
Chain-attached,0.5,40.75,1.3650175587643674e-07,-15.806928358840493,-15.806928358840524
Chain-attached,0.5,40.800000000000004,1.339144191226371e-07,-15.82606490429166,-15.826064904291691
Chain-attached,0.5,40.85,1.313761243129138e-07,-15.845201449742804,-15.84520144974283
Chain-attached,0.5,40.900000000000006,1.2888594187662638e-07,-15.864337995193935,-15.864337995193958
Chain-attached,0.5,40.95,1.2644295986278088e-07,-15.883474540645045,-15.883474540645063
Chain-attached,0.5,41.0,1.2404628360605196e-07,-15.902611086096135,-15.90261108609615
Chain-attached,0.5,41.050000000000004,1.2169503539914112e-07,-15.92174763154721,-15.92174763154722
Chain-attached,0.5,41.1,1.1938835417134547e-07,-15.940884176998267,-15.940884176998273
Chain-attached,0.5,41.150000000000006,1.1712539517321549e-07,-15.960020722449308,-15.960020722449311
Chain-attached,0.5,41.2,1.1490532966719352e-07,-15.979157267900332,-15.979157267900334
Chain-attached,0.5,41.25,1.1272734462411408e-07,-15.998293813351342,-15.998293813351342
Chain-attached,0.5,41.300000000000004,1.1059064242545814e-07,-16.017430358802336,-16.017430358802336
Chain-attached,0.5,41.35,1.0849444057124957e-07,-16.036566904253316,-16.036566904253316
Chain-attached,0.5,41.400000000000006,1.0643797139348942e-07,-16.055703449704286,-16.055703449704286
Chain-attached,0.5,41.45,1.0442048177502329e-07,-16.074839995155234,-16.074839995155234
Chain-attached,0.5,41.5,1.0244123287373213e-07,-16.09397654060617,-16.09397654060617
Chain-attached,0.5,41.550000000000004,1.0049949985195756e-07,-16.1131130860571,-16.1131130860571
Chain-attached,0.5,41.6,9.859457161105356e-08,-16.132249631508014,-16.132249631508014
Chain-attached,0.5,41.650000000000006,9.672575053096607e-08,-16.151386176958912,-16.151386176958912
Chain-attached,0.5,41.7,9.4892352214753e-08,-16.1705227224098,-16.1705227224098
Chain-attached,0.5,41.75,9.309370523794578e-08,-16.189659267860677,-16.189659267860677
Chain-attached,0.5,41.800000000000004,9.132915090266093e-08,-16.208795813311543,-16.208795813311543
Chain-attached,0.5,41.85,8.959804299637289e-08,-16.227932358762395,-16.227932358762395
Chain-attached,0.5,41.900000000000006,8.78997475552575e-08,-16.247068904213243,-16.247068904213243
Chain-attached,0.5,41.95,8.623364263202617e-08,-16.266205449664074,-16.266205449664074
Chain-attached,0.5,42.0,8.459911806815278e-08,-16.285341995114898,-16.285341995114898
Chain-attached,0.5,42.050000000000004,8.299557527042614e-08,-16.304478540565707,-16.30447854056571
Chain-attached,0.5,42.1,8.142242699173122e-08,-16.32361508601651,-16.323615086016513
Chain-attached,0.5,42.150000000000006,7.987909711598997e-08,-16.34275163146731,-16.34275163146731
Chain-attached,0.5,42.2,7.836502044717794e-08,-16.36188817691809,-16.361888176918093
Chain-attached,0.5,42.25,7.687964250233539e-08,-16.381024722368867,-16.381024722368867
Chain-attached,0.5,42.300000000000004,7.542241930850926e-08,-16.400161267819634,-16.400161267819634
Chain-attached,0.5,42.35,7.399281720353798e-08,-16.41929781327039,-16.41929781327039
Chain-attached,0.5,42.400000000000006,7.259031264061448e-08,-16.438434358721143,-16.438434358721143
Chain-attached,0.5,42.45,7.1214391996555e-08,-16.457570904171888,-16.457570904171885
Chain-attached,0.5,42.5,6.986455138370014e-08,-16.47670744962262,-16.47670744962262
Chain-attached,0.5,42.550000000000004,6.854029646538018e-08,-16.49584399507335,-16.49584399507335
Chain-attached,0.5,42.6,6.724114227488302e-08,-16.51498054052407,-16.514980540524068
Chain-attached,0.5,42.650000000000006,6.596661303784792e-08,-16.53411708597478,-16.53411708597478
Chain-attached,0.5,42.7,6.471624199802832e-08,-16.553253631425488,-16.553253631425484
Chain-attached,0.5,42.75,6.34895712463583e-08,-16.572390176876187,-16.572390176876183
Chain-attached,0.5,42.800000000000004,6.22861515532566e-08,-16.591526722326883,-16.59152672232688
Chain-attached,0.5,42.85,6.110554220411149e-08,-16.610663267777568,-16.61066326777756
Chain-attached,0.5,42.900000000000006,5.994731083788163e-08,-16.629799813228246,-16.629799813228242
Chain-attached,0.5,42.95,5.881103328875809e-08,-16.64893635867892,-16.648936358678913
Chain-attached,0.5,43.0,5.7696293430827374e-08,-16.668072904129588,-16.66807290412958
Chain-attached,0.5,43.050000000000004,5.660268302567737e-08,-16.687209449580255,-16.687209449580244
Chain-attached,0.5,43.1,5.5529801572894474e-08,-16.70634599503091,-16.7063459950309
Chain-attached,0.5,43.150000000000006,5.4477256163390916e-08,-16.725482540481565,-16.725482540481554
Chain-attached,0.5,43.2,5.344466133551574e-08,-16.74461908593221,-16.7446190859322
Chain-attached,0.5,43.25,5.243163893389083e-08,-16.76375563138285,-16.763755631382836
Chain-attached,0.5,43.300000000000004,5.1437817970923214e-08,-16.78289217683349,-16.782892176833474
Chain-attached,0.5,43.35,5.046283449094365e-08,-16.80202872228412,-16.802028722284106
Chain-attached,0.5,43.400000000000006,4.9506331436917815e-08,-16.821165267734752,-16.821165267734735
Chain-attached,0.5,43.45,4.8567958519687034e-08,-16.840301813185373,-16.840301813185356
Chain-attached,0.5,43.5,4.76473720896841e-08,-16.85943835863599,-16.859438358635973
Chain-attached,0.5,43.550000000000004,4.674423501108371e-08,-16.878574904086605,-16.878574904086587
Chain-attached,0.5,43.6,4.585821653833681e-08,-16.897711449537212,-16.897711449537198
Chain-attached,0.5,43.650000000000006,4.49889921950447e-08,-16.916847994987823,-16.916847994987805
Chain-attached,0.5,43.7,4.4136243655131506e-08,-16.935984540438422,-16.935984540438405
Chain-attached,0.5,43.75,4.3299658626265e-08,-16.955121085889022,-16.955121085889004
Chain-attached,0.5,43.800000000000004,4.247893073549114e-08,-16.97425763133962,-16.9742576313396
Chain-attached,0.5,43.85,4.167375941703411e-08,-16.993394176790204,-16.99339417679019
Chain-attached,0.5,43.900000000000006,4.088384980222251e-08,-17.012530722240793,-17.01253072224078
Chain-attached,0.5,43.95,4.010891261150477e-08,-17.03166726769138,-17.031667267691365
Chain-attached,0.5,44.0,3.9348664048508593e-08,-17.050803813141957,-17.050803813141943
Chain-attached,0.5,44.050000000000004,3.860282569610915e-08,-17.069940358592536,-17.069940358592525
Chain-attached,0.5,44.1,3.7871124414468437e-08,-17.08907690404311,-17.0890769040431
Chain-attached,0.5,44.150000000000006,3.7153292241005956e-08,-17.10821344949368,-17.10821344949367
Chain-attached,0.5,44.2,3.644906629226547e-08,-17.127349994944247,-17.12734999494424
Chain-attached,0.5,44.25,3.575818866764299e-08,-17.14648654039481,-17.146486540394807
Chain-attached,0.5,44.300000000000004,3.508040635493816e-08,-17.165623085845375,-17.165623085845375
Chain-attached,0.5,44.35,3.441547113769696e-08,-17.184759631295936,-17.184759631295936
Chain-attached,0.5,44.400000000000006,3.376313950430978e-08,-17.203896176746497,-17.203896176746497
Chain-attached,0.5,44.45,3.3123172558833785e-08,-17.223032722197043,-17.223032722197047
Chain-attached,0.5,44.5,3.249533593350298e-08,-17.242169267647597,-17.2421692676476
Chain-attached,0.5,44.550000000000004,3.187939970290068e-08,-17.261305813098147,-17.261305813098154
Chain-attached,0.5,44.6,3.127513829975511e-08,-17.280442358548694,-17.280442358548704
Chain-attached,0.5,44.650000000000006,3.0682330432332746e-08,-17.29957890399924,-17.299578903999254
Chain-attached,0.5,44.7,3.0100759003397494e-08,-17.318715449449783,-17.318715449449797
Chain-attached,0.5,44.75,2.9530211030705336e-08,-17.337851994900323,-17.337851994900337
Chain-attached,0.5,44.800000000000004,2.897047756900639e-08,-17.35698854035086,-17.356988540350876
Chain-attached,0.5,44.85,2.842135363352518e-08,-17.376125085801394,-17.376125085801412
Chain-attached,0.5,44.900000000000006,2.7882638124891616e-08,-17.39526163125193,-17.39526163125195
Chain-attached,0.5,44.95,2.7354133755494666e-08,-17.414398176702463,-17.414398176702484
Chain-attached,0.5,45.0,2.6835646977231787e-08,-17.43353472215299,-17.433534722153013
Chain-attached,0.5,45.050000000000004,2.63269879106281e-08,-17.452671267603517,-17.45267126760354
Chain-attached,0.5,45.1,2.5827970275298928e-08,-17.471807813054042,-17.471807813054067
Chain-attached,0.5,45.150000000000006,2.533841132173056e-08,-17.49094435850457,-17.490944358504592
Chain-attached,0.5,45.2,2.4858131764354338e-08,-17.510080903955092,-17.510080903955114
Chain-attached,0.5,45.25,2.438695571588815e-08,-17.529217449405614,-17.529217449405635
Chain-attached,0.5,45.300000000000004,2.3924710622923883e-08,-17.548353994856136,-17.548353994856157
Chain-attached,0.5,45.35,2.3471227202735127e-08,-17.56749054030665,-17.56749054030667
Chain-attached,0.5,45.400000000000006,2.3026339381282146e-08,-17.58662708575717,-17.586627085757186
Chain-attached,0.5,45.45,2.2589884232393298e-08,-17.605763631207683,-17.605763631207697
Chain-attached,0.5,45.5,2.2161701918097874e-08,-17.624900176658194,-17.62490017665821
Chain-attached,0.5,45.550000000000004,2.174163563009048e-08,-17.64403672210871,-17.64403672210872
Chain-attached,0.5,45.6,2.1329531532305394e-08,-17.66317326755922,-17.663173267559227
Chain-attached,0.5,45.650000000000006,2.0925238704578473e-08,-17.682309813009727,-17.682309813009734
Chain-attached,0.5,45.7,2.052860908737748e-08,-17.701446358460235,-17.701446358460238
Chain-attached,0.5,45.75,2.0139497427580077e-08,-17.720582903910742,-17.720582903910746
Chain-attached,0.5,45.800000000000004,1.9757761225279375e-08,-17.73971944936125,-17.73971944936125
Chain-attached,0.5,45.85,1.9383260681597876e-08,-17.758855994811753,-17.758855994811753
Chain-attached,0.5,45.900000000000006,1.9015858647490342e-08,-17.777992540262257,-17.777992540262257
Chain-attached,0.5,45.95,1.8655420573517468e-08,-17.79712908571276,-17.79712908571276
Chain-attached,0.5,46.0,1.8301814460571443e-08,-17.816265631163258,-17.816265631163258
Chain-attached,0.5,46.050000000000004,1.7954910811534976e-08,-17.83540217661376,-17.83540217661376
Chain-attached,0.5,46.1,1.7614582583857698e-08,-17.854538722064255,-17.85453872206426
Chain-attached,0.5,46.150000000000006,1.7280705143030244e-08,-17.873675267514756,-17.87367526751476
Chain-attached,0.5,46.2,1.6953156216941297e-08,-17.892811812965252,-17.892811812965256
Chain-attached,0.5,46.25,1.663181585109882e-08,-17.91194835841575,-17.91194835841575
Chain-attached,0.5,46.300000000000004,1.6316566364700822e-08,-17.931084903866243,-17.931084903866243
Chain-attached,0.5,46.35,1.600729230753821e-08,-17.950221449316736,-17.950221449316736
Chain-attached,0.5,46.400000000000006,1.570388041771491e-08,-17.969357994767233,-17.969357994767233
Chain-attached,0.5,46.45,1.5406219580169486e-08,-17.988494540217722,-17.988494540217726
Chain-attached,0.5,46.5,1.511420078598218e-08,-18.007631085668216,-18.007631085668216
Chain-attached,0.5,46.550000000000004,1.4827717092454372e-08,-18.02676763111871,-18.02676763111871
Chain-attached,0.5,46.6,1.4546663583943972e-08,-18.0459041765692,-18.0459041765692
Chain-attached,0.5,46.650000000000006,1.42709373334433e-08,-18.065040722019685,-18.06504072201969
Chain-attached,0.5,46.7,1.4000437364885268e-08,-18.084177267470174,-18.084177267470174
Chain-attached,0.5,46.75,1.3735064616164374e-08,-18.10331381292066,-18.10331381292066
Chain-attached,0.5,46.800000000000004,1.3474721902857921e-08,-18.12245035837115,-18.12245035837115
Chain-attached,0.5,46.85,1.3219313882635666e-08,-18.141586903821636,-18.141586903821636
Chain-attached,0.5,46.900000000000006,1.2968747020343404e-08,-18.16072344927212,-18.160723449272123
Chain-attached,0.5,46.95,1.2722929553748664e-08,-18.179859994722605,-18.179859994722605
Chain-attached,0.5,47.0,1.2481771459935956e-08,-18.198996540173088,-18.198996540173088
Chain-attached,0.5,47.050000000000004,1.2245184422338339e-08,-18.218133085623574,-18.218133085623574
Chain-attached,0.5,47.1,1.2013081798394617e-08,-18.237269631074057,-18.237269631074057
Chain-attached,0.5,47.150000000000006,1.1785378587818878e-08,-18.256406176524543,-18.256406176524543
Chain-attached,0.5,47.2,1.1561991401472195e-08,-18.27554272197502,-18.275542721975025
Chain-attached,0.5,47.25,1.134283843082355e-08,-18.2946792674255,-18.2946792674255
Chain-attached,0.5,47.300000000000004,1.11278394179903e-08,-18.313815812875983,-18.313815812875983
Chain-attached,0.5,47.35,1.0916915626346317e-08,-18.332952358326462,-18.332952358326466
Chain-attached,0.5,47.400000000000006,1.0709989811686897e-08,-18.352088903776945,-18.35208890377695
Chain-attached,0.5,47.45,1.0506986193940821e-08,-18.371225449227424,-18.371225449227428
Chain-attached,0.5,47.5,1.0307830429418004e-08,-18.390361994677903,-18.390361994677903
Chain-attached,0.5,47.550000000000004,1.0112449583583662e-08,-18.40949854012838,-18.409498540128382
Chain-attached,0.5,47.6,9.920772104348138e-09,-18.428635085578858,-18.42863508557886
Chain-attached,0.5,47.650000000000006,9.73272779586342e-09,-18.447771631029337,-18.44777163102934
Chain-attached,0.5,47.7,9.548247792815976e-09,-18.466908176479816,-18.466908176479816
Chain-attached,0.5,47.75,9.36726453520707e-09,-18.48604472193029,-18.48604472193029
Chain-attached,0.5,47.800000000000004,9.1897117436109e-09,-18.50518126738077,-18.505181267380774
Chain-attached,0.5,47.85,9.015524394902106e-09,-18.524317812831242,-18.524317812831246
Chain-attached,0.5,47.900000000000006,8.844638698442741e-09,-18.543454358281718,-18.54345435828172
Chain-attached,0.5,47.95,8.676992072721284e-09,-18.562590903732193,-18.562590903732197
Chain-attached,0.5,48.0,8.512523122433954e-09,-18.58172744918267,-18.581727449182672
Chain-attached,0.5,48.050000000000004,8.35117161600066e-09,-18.600863994633144,-18.60086399463315
Chain-attached,0.5,48.1,8.192878463507068e-09,-18.62000054008362,-18.620000540083623
Chain-attached,0.5,48.150000000000006,8.037585695064808e-09,-18.63913708553409,-18.639137085534095
Chain-attached,0.5,48.2,7.885236439581747e-09,-18.658273630984564,-18.65827363098457
Chain-attached,0.5,48.25,7.735774903934817e-09,-18.677410176435036,-18.677410176435043
Chain-attached,0.5,48.300000000000004,7.589146352537488e-09,-18.69654672188551,-18.696546721885518
Chain-attached,0.5,48.35,7.445297087294692e-09,-18.715683267335983,-18.71568326733599
Chain-attached,0.5,48.400000000000006,7.304174427937389e-09,-18.73481981278646,-18.734819812786466
Chain-attached,0.5,48.45,7.165726692730318e-09,-18.753956358236927,-18.753956358236934
Chain-attached,0.5,48.5,7.029903179544899e-09,-18.7730929036874,-18.773092903687406
Chain-attached,0.5,48.550000000000004,6.896654147291435e-09,-18.79222944913787,-18.79222944913788
Chain-attached,0.5,48.6,6.7659307977028684e-09,-18.811365994588343,-18.81136599458835
Chain-attached,0.5,48.650000000000006,6.637685257463979e-09,-18.830502540038815,-18.830502540038825
Chain-attached,0.5,48.7,6.5118705606792904e-09,-18.849639085489287,-18.849639085489297
Chain-attached,0.5,48.75,6.3884406316733045e-09,-18.868775630939755,-18.868775630939766
Chain-attached,0.5,48.800000000000004,6.267350268116649e-09,-18.887912176390227,-18.887912176390234
Chain-attached,0.5,48.85,6.148555124472304e-09,-18.907048721840695,-18.907048721840706
Chain-attached,0.5,48.900000000000006,6.032011695755259e-09,-18.926185267291167,-18.926185267291178
Chain-attached,0.5,48.95,5.917677301600367e-09,-18.945321812741636,-18.945321812741646
Chain-attached,0.5,49.0,5.80551007063184e-09,-18.964458358192104,-18.964458358192115
Chain-attached,0.5,49.050000000000004,5.695468925129268e-09,-18.983594903642572,-18.983594903642583
Chain-attached,0.5,49.1,5.587513565984173e-09,-19.00273144909304,-19.00273144909305
Chain-attached,0.5,49.150000000000006,5.481604457941708e-09,-19.021867994543513,-19.021867994543523
Chain-attached,0.5,49.2,5.377702815122188e-09,-19.04100453999398,-19.041004539993992
Chain-attached,0.5,49.25,5.2757705868168736e-09,-19.06014108544445,-19.060141085444457
Chain-attached,0.5,49.300000000000004,5.175770443553162e-09,-19.079277630894918,-19.07927763089493
Chain-attached,0.5,49.35,5.077665763423831e-09,-19.098414176345386,-19.098414176345397
Chain-attached,0.5,49.400000000000006,4.981420618675416e-09,-19.117550721795855,-19.117550721795862
Chain-attached,0.5,49.45,4.886999762550811e-09,-19.13668726724632,-19.13668726724633
Chain-attached,0.5,49.5,4.794368616381193e-09,-19.155823812696788,-19.155823812696795
Chain-attached,0.5,49.550000000000004,4.703493256922769e-09,-19.174960358147256,-19.174960358147267
Chain-attached,0.5,49.6,4.6143404039333895e-09,-19.194096903597725,-19.194096903597732
Chain-attached,0.5,49.650000000000006,4.526877407984737e-09,-19.21323344904819,-19.213233449048197
Chain-attached,0.5,49.7,4.441072238505436e-09,-19.232369994498658,-19.23236999449866
Chain-attached,0.5,49.75,4.356893472050978e-09,-19.251506539949123,-19.251506539949126
Chain-attached,0.5,49.800000000000004,4.274310280795731e-09,-19.270643085399595,-19.2706430853996
Chain-attached,0.5,49.85,4.1932924212434e-09,-19.28977963085006,-19.289779630850063
Chain-attached,0.5,49.900000000000006,4.113810223151087e-09,-19.308916176300528,-19.30891617630053
Chain-attached,0.5,49.95,4.035834578663679e-09,-19.328052721750993,-19.328052721750996
Chain-attached,0.5,50.0,3.9593369316538925e-09,-19.347189267201458,-19.34718926720146
Chain-attached,0.5,50.050000000000004,3.884289267264531e-09,-19.366325812651926,-19.366325812651926
Chain-attached,0.5,50.1,3.8106641016489744e-09,-19.38546235810239,-19.385462358102387
Chain-attached,0.5,50.150000000000006,3.7384344719059765e-09,-19.40459890355286,-19.404598903552856
Chain-attached,0.5,50.2,3.6675739262054697e-09,-19.423735449003324,-19.42373544900332
Chain-attached,0.5,50.25,3.598056514101314e-09,-19.44287199445379,-19.442871994453785
Chain-attached,0.5,50.300000000000004,3.529856777027818e-09,-19.462008539904254,-19.46200853990425
Chain-attached,0.5,50.35,3.4629497389763255e-09,-19.48114508535472,-19.48114508535471
Chain-attached,0.5,50.400000000000006,3.397310897348528e-09,-19.500281630805187,-19.50028163080518
Chain-attached,0.5,50.45,3.3329162139832047e-09,-19.519418176255652,-19.519418176255645
Chain-attached,0.5,50.5,3.26974210635293e-09,-19.538554721706117,-19.53855472170611
Chain-attached,0.5,50.550000000000004,3.207765438927764e-09,-19.55769126715658,-19.557691267156574
Chain-attached,0.5,50.6,3.146963514702579e-09,-19.576827812607046,-19.57682781260704
Chain-attached,0.5,50.650000000000006,3.087314066884996e-09,-19.59596435805751,-19.595964358057504
Chain-attached,0.5,50.7,3.0287952507408716e-09,-19.615100903507976,-19.615100903507965
Chain-attached,0.5,50.75,2.971385635594353e-09,-19.63423744895844,-19.63423744895843
Chain-attached,0.5,50.800000000000004,2.915064196979554e-09,-19.65337399440891,-19.6533739944089
Chain-attached,0.5,50.85,2.859810308941059e-09,-19.67251053985937,-19.67251053985936
Chain-attached,0.5,50.900000000000006,2.805603736480212e-09,-19.691647085309835,-19.691647085309825
Chain-attached,0.5,50.95,2.752424628144789e-09,-19.7107836307603,-19.71078363076029
Chain-attached,0.5,51.0,2.700253508758983e-09,-19.72992017621076,-19.72992017621075
Chain-attached,0.5,51.050000000000004,2.6490712722911996e-09,-19.74905672166123,-19.74905672166122
Chain-attached,0.5,51.1,2.598859174857167e-09,-19.768193267111695,-19.768193267111684
Chain-attached,0.5,51.150000000000006,2.5495988278554825e-09,-19.78732981256216,-19.787329812562152
Chain-attached,0.5,51.2,2.5012721912334144e-09,-19.806466358012624,-19.806466358012614
Chain-attached,0.5,51.25,2.4538615668802997e-09,-19.825602903463086,-19.825602903463075
Chain-attached,0.5,51.300000000000004,2.4073495921461304e-09,-19.84473944891355,-19.844739448913543
Chain-attached,0.5,51.35,2.3617192334830835e-09,-19.863875994364015,-19.863875994364008
Chain-attached,0.5,51.400000000000006,2.3169537802074853e-09,-19.88301253981448,-19.883012539814473
Chain-attached,0.5,51.45,2.273036838380055e-09,-19.902149085264945,-19.902149085264938
Chain-attached,0.5,51.5,2.2299523248021513e-09,-19.921285630715406,-19.921285630715403
Chain-attached,0.5,51.550000000000004,2.1876844611257734e-09,-19.94042217616587,-19.940422176165868
Chain-attached,0.5,51.6,2.146217768075292e-09,-19.959558721616332,-19.959558721616332
Chain-attached,0.5,51.650000000000006,2.1055370597785835e-09,-19.9786952670668,-19.978695267066797
Chain-attached,0.5,51.7,2.0656274382057714e-09,-19.997831812517262,-19.997831812517262
Chain-attached,0.5,51.75,2.0264742877131866e-09,-20.016968357967727,-20.016968357967727
Chain-attached,0.5,51.800000000000004,1.988063269690931e-09,-20.03610490341819,-20.03610490341819
Chain-attached,0.5,51.85,1.9503803173117877e-09,-20.05524144886865,-20.055241448868653
Chain-attached,0.5,51.900000000000006,1.9134116303796332e-09,-20.074377994319118,-20.074377994319118
Chain-attached,0.5,51.95,1.8771436702756687e-09,-20.09351453976958,-20.09351453976958
Chain-attached,0.5,52.0,1.8415631550002007e-09,-20.112651085220044,-20.11265108522004
Chain-attached,0.5,52.050000000000004,1.8066570543086107e-09,-20.13178763067051,-20.131787630670505
Chain-attached,0.5,52.1,1.772412584939402e-09,-20.150924176120974,-20.150924176120963
Chain-attached,0.5,52.150000000000006,1.738817205932746e-09,-20.170060721571435,-20.17006072157142
Chain-attached,0.5,52.2,1.7058586140377318e-09,-20.189197267021896,-20.18919726702188
Chain-attached,0.5,52.25,1.6735247392066995e-09,-20.20833381247236,-20.208333812472336
Chain-attached,0.5,52.300000000000004,1.6418037401749778e-09,-20.227470357922826,-20.227470357922797
Chain-attached,0.5,52.35,1.6106840001243793e-09,-20.246606903373287,-20.246606903373255
Chain-attached,0.5,52.400000000000006,1.5801541224288905e-09,-20.265743448823752,-20.265743448823716
Chain-attached,0.5,52.45,1.5502029264810557e-09,-20.284879994274213,-20.28487999427417
Chain-attached,0.5,52.5,1.5208194435973914e-09,-20.304016539724675,-20.30401653972463
Chain-attached,0.5,52.550000000000004,1.491992913001468e-09,-20.32315308517514,-20.323153085175093
Chain-attached,0.5,52.6,1.463712777883125e-09,-20.342289630625604,-20.34228963062555
Chain-attached,0.5,52.650000000000006,1.435968681532354e-09,-20.36142617607607,-20.361426176076016
Chain-attached,0.5,52.7,1.408750463546491e-09,-20.38056272152653,-20.380562721526477
Chain-attached,0.5,52.75,1.382048156109273e-09,-20.39969926697699,-20.39969926697694
Chain-attached,0.5,52.800000000000004,1.355851980340448e-09,-20.418835812427456,-20.4188358124274
Chain-attached,0.5,52.85,1.3301523427145848e-09,-20.437972357877918,-20.437972357877864
Chain-attached,0.5,52.900000000000006,1.304939831547709e-09,-20.457108903328383,-20.45710890332833
Chain-attached,0.5,52.95,1.28020521355061e-09,-20.476245448778844,-20.476245448778794
Chain-attached,0.5,53.0,1.255939430447401e-09,-20.49538199422931,-20.49538199422926
Chain-attached,0.5,53.050000000000004,1.2321335956582475e-09,-20.51451853967977,-20.514518539679724
Chain-attached,0.5,53.1,1.2087789910449048e-09,-20.53365508513023,-20.533655085130185
Chain-attached,0.5,53.150000000000006,1.185867063717988e-09,-20.552791630580696,-20.552791630580654
Chain-attached,0.5,53.2,1.1633894229047582e-09,-20.571928176031157,-20.57192817603112
Chain-attached,0.5,53.25,1.1413378368762397e-09,-20.59106472148162,-20.591064721481583
Chain-attached,0.5,53.300000000000004,1.1197042299326177e-09,-20.610201266932087,-20.61020126693205
Chain-attached,0.5,53.35,1.0984806794457946e-09,-20.62933781238255,-20.629337812382516
Chain-attached,0.5,53.400000000000006,1.0776594129579288e-09,-20.64847435783301,-20.64847435783298
Chain-attached,0.5,53.45,1.0572328053350485e-09,-20.66761090328347,-20.667610903283446
Chain-attached,0.5,53.5,1.0371933759745787e-09,-20.686747448733932,-20.686747448733907
Chain-attached,0.5,53.550000000000004,1.017533786065801e-09,-20.705883994184397,-20.705883994184376
Chain-attached,0.5,53.6,9.98246835902257e-10,-20.725020539634862,-20.725020539634837
Chain-attached,0.5,53.650000000000006,9.793254622450745e-10,-20.744157085085323,-20.7441570850853
Chain-attached,0.5,53.7,9.607627357362708e-10,-20.763293630535784,-20.76329363053576
Chain-attached,0.5,53.75,9.425518583611052e-10,-20.782430175986246,-20.78243017598622
Chain-attached,0.5,53.800000000000004,9.246861609585123e-10,-20.80156672143671,-20.801566721436686
Chain-attached,0.5,53.85,9.071591007787445e-10,-20.820703266887172,-20.820703266887143
Chain-attached,0.5,53.900000000000006,8.899642590872698e-10,-20.83983981233764,-20.839839812337605
Chain-attached,0.5,53.95,8.730953388141514e-10,-20.8589763577881,-20.858976357788062
Chain-attached,0.5,54.0,8.565461622479042e-10,-20.87811290323856,-20.878112903238517
Chain-attached,0.5,54.050000000000004,8.403106687731138e-10,-20.897249448689024,-20.897249448688974
Chain-attached,0.5,54.1,8.243829126509497e-10,-20.916385994139485,-20.91638599413943
Chain-attached,0.5,54.150000000000006,8.08757060841693e-10,-20.93552253958995,-20.935522539589886
Chain-attached,0.5,54.2,7.934273908685955e-10,-20.95465908504041,-20.954659085040337
Chain-attached,0.5,54.25,7.783882887221791e-10,-20.973795630490876,-20.973795630490788
Chain-attached,0.5,54.300000000000004,7.636342468043048e-10,-20.992932175941338,-20.992932175941238
Chain-attached,0.5,54.35,7.491598619111678e-10,-21.0120687213918,-21.012068721391685
Chain-attached,0.5,54.400000000000006,7.34959833254553e-10,-21.031205266842264,-21.03120526684214
Chain-attached,0.5,54.45,7.210289605205955e-10,-21.050341812292725,-21.050341812292586
Chain-attached,0.5,54.5,7.073621419653139e-10,-21.069478357743186,-21.06947835774303
Chain-attached,0.5,54.550000000000004,6.939543725462644e-10,-21.08861490319365,-21.08861490319348
Chain-attached,0.5,54.6,6.808007420896092e-10,-21.107751448644112,-21.107751448643924
Chain-attached,0.5,54.650000000000006,6.678964334919048e-10,-21.126887994094574,-21.126887994094368
Chain-attached,0.5,54.7,6.552367209559992e-10,-21.146024539545035,-21.146024539544808
Chain-attached,0.5,54.75,6.428169682603547e-10,-21.165161084995496,-21.16516108499525
Chain-attached,0.5,54.800000000000004,6.30632627061176e-10,-21.18429763044596,-21.184297630445695
Chain-attached,0.5,54.85,6.186792352267281e-10,-21.203434175896426,-21.203434175896135
Chain-attached,0.5,54.900000000000006,6.069524152032174e-10,-21.222570721346887,-21.222570721346575
Chain-attached,0.5,54.95,5.954478724116447e-10,-21.24170726679735,-21.241707266797015
Chain-attached,0.5,55.0,5.841613936750587e-10,-21.26084381224781,-21.260843812247455
Chain-attached,0.5,55.050000000000004,5.730888456756071e-10,-21.279980357698275,-21.279980357697895
Chain-attached,0.5,55.1,5.622261734408479e-10,-21.299116903148736,-21.299116903148335
Chain-attached,0.5,55.150000000000006,5.515693988587286e-10,-21.3182534485992,-21.318253448598774
Chain-attached,0.5,55.2,5.411146192207439e-10,-21.337389994049662,-21.337389994049214
Chain-attached,0.5,55.25,5.308580057926795e-10,-21.35652653950012,-21.356526539499647
Chain-attached,0.5,55.300000000000004,5.207958024124572e-10,-21.375663084950585,-21.37566308495009
Chain-attached,0.5,55.35,5.109243241145753e-10,-21.394799630401046,-21.394799630400527
Chain-attached,0.5,55.400000000000006,5.012399557805857e-10,-21.41393617585151,-21.41393617585097
Chain-attached,0.5,55.45,4.917391508151848e-10,-21.433072721301976,-21.43307272130141
Chain-attached,0.5,55.5,4.824184298473792e-10,-21.452209266752437,-21.452209266751847
Chain-attached,0.5,55.550000000000004,4.732743794562719e-10,-21.471345812202898,-21.47134581220229
Chain-attached,0.5,55.6,4.6430365092100995e-10,-21.49048235765336,-21.49048235765273
Chain-attached,0.5,55.650000000000006,4.5550295899441683e-10,-21.509618903103824,-21.509618903103178
Chain-attached,0.5,55.7,4.4686908069988084e-10,-21.528755448554286,-21.528755448553618
Chain-attached,0.5,55.75,4.383988541510315e-10,-21.547891994004747,-21.547891994004065
Chain-attached,0.5,55.800000000000004,4.30089177393803e-10,-21.56702853945521,-21.567028539454512
Chain-attached,0.5,55.85,4.219370072704471e-10,-21.58616508490567,-21.586165084904955
Chain-attached,0.5,55.900000000000006,4.1393935830505565e-10,-21.605301630356134,-21.605301630355406
Chain-attached,0.5,55.95,4.0609330161024505e-10,-21.624438175806596,-21.624438175805857
Chain-attached,0.5,56.0,3.98395963814527e-10,-21.643574721257057,-21.643574721256307
Chain-attached,0.5,56.050000000000004,3.9084452601003236e-10,-21.66271126670752,-21.66271126670676
Chain-attached,0.5,56.1,3.8343622272017914e-10,-21.681847812157983,-21.681847812157216
Chain-attached,0.5,56.150000000000006,3.761683408868952e-10,-21.700984357608444,-21.700984357607673
Chain-attached,0.5,56.2,3.6903821887705163e-10,-21.720120903058906,-21.72012090305813
Chain-attached,0.5,56.25,3.62043245507722e-10,-21.739257448509367,-21.73925744850859
Chain-attached,0.5,56.300000000000004,3.551808590899175e-10,-21.75839399395983,-21.758393993959057
Chain-attached,0.5,56.35,3.484485464904539e-10,-21.777530539410293,-21.77753053940952
Chain-attached,0.5,56.400000000000006,3.418438422115867e-10,-21.796667084860758,-21.79666708485999
Chain-attached,0.5,56.45,3.353643274881115e-10,-21.815803630311215,-21.815803630310455
Chain-attached,0.5,56.5,3.290076294015536e-10,-21.834940175761677,-21.834940175760924
Chain-attached,0.5,56.550000000000004,3.2277142001117147e-10,-21.854076721212145,-21.8540767212114
Chain-attached,0.5,56.6,3.1665341550142546e-10,-21.873213266662603,-21.873213266661875
Chain-attached,0.5,56.650000000000006,3.1065137534558327e-10,-21.89234981211307,-21.892349812112357
Chain-attached,0.5,56.7,3.047631014852221e-10,-21.911486357563533,-21.911486357562836
Chain-attached,0.5,56.75,2.98986437525239e-10,-21.930622903013994,-21.930622903013315
Chain-attached,0.5,56.800000000000004,2.9331926794414865e-10,-21.949759448464455,-21.9497594484638
Chain-attached,0.5,56.85,2.8775951731933834e-10,-21.968895993914916,-21.968895993914288
Chain-attached,0.5,56.900000000000006,2.8230514956700836e-10,-21.98803253936538,-21.988032539364777
Chain-attached,0.5,56.95,2.7695416719652456e-10,-22.007169084815843,-22.00716908481527
Chain-attached,0.5,57.0,2.717046105788942e-10,-22.026305630266304,-22.02630563026576
Chain-attached,0.5,57.050000000000004,2.665545572291174e-10,-22.045442175716765,-22.045442175716257
Chain-attached,0.5,57.1,2.615021211021364e-10,-22.064578721167226,-22.064578721166754
Chain-attached,0.5,57.150000000000006,2.565454519021303e-10,-22.08371526661769,-22.083715266617254
Chain-attached,0.5,57.2,2.5168273440490573e-10,-22.102851812068153,-22.102851812067758
Chain-attached,0.5,57.25,2.4691218779312267e-10,-22.121988357518614,-22.12198835751826
Chain-attached,0.5,57.300000000000004,2.4223206500412897e-10,-22.14112490296908,-22.141124902968766
Chain-attached,0.5,57.35,2.3764065209015623e-10,-22.16026144841954,-22.160261448419273
Chain-attached,0.5,57.400000000000006,2.3313626759063485e-10,-22.17939799387,-22.17939799386978
Chain-attached,0.5,57.45,2.2871726191641577e-10,-22.198534539320462,-22.19853453932029
Chain-attached,0.5,57.5,2.2438201674565928e-10,-22.217671084770924,-22.2176710847708
Chain-attached,0.5,57.550000000000004,2.2012894443117483e-10,-22.23680763022139,-22.236807630221314
Chain-attached,0.5,57.6,2.1595648741899825e-10,-22.25594417567185,-22.255944175671825
Chain-attached,0.5,57.650000000000006,2.1186311767798198e-10,-22.27508072112231,-22.27508072112234
Chain-attached,0.5,57.7,2.0784733614020484e-10,-22.294217266572772,-22.29421726657285
Chain-attached,0.5,57.75,2.0390767215198466e-10,-22.313353812023234,-22.313353812023365
Chain-attached,0.5,57.800000000000004,2.000426829352971e-10,-22.3324903574737,-22.332490357473883
Chain-attached,0.5,57.85,1.9625095305940627e-10,-22.35162690292416,-22.351626902924398
Chain-attached,0.5,57.900000000000006,1.9253109392250287e-10,-22.370763448374625,-22.370763448374916
Chain-attached,0.5,57.95,1.8888174324317802e-10,-22.389899993825086,-22.38989999382543
Chain-attached,0.5,58.0,1.8530156456152563e-10,-22.409036539275547,-22.409036539275945
Chain-attached,0.5,58.050000000000004,1.8178924674970894e-10,-22.42817308472601,-22.428173084726456
Chain-attached,0.5,58.1,1.7834350353180022e-10,-22.44730963017647,-22.447309630176967
Chain-attached,0.5,58.150000000000006,1.749630730127224e-10,-22.466446175626935,-22.466446175627482
Chain-attached,0.5,58.2,1.716467172161218e-10,-22.485582721077396,-22.485582721077993
Chain-attached,0.5,58.25,1.683932216309948e-10,-22.504719266527857,-22.5047192665285
Chain-attached,0.5,58.300000000000004,1.6520139476691365e-10,-22.52385581197832,-22.523855811979008
Chain-attached,0.5,58.35,1.6207006771768013e-10,-22.54299235742878,-22.54299235742951
Chain-attached,0.5,58.400000000000006,1.5899809373324975e-10,-22.562128902879245,-22.56212890288002
Chain-attached,0.5,58.45,1.559843477997729e-10,-22.581265448329706,-22.58126544833052
Chain-attached,0.5,58.5,1.5302772622758996e-10,-22.60040199378017,-22.600401993781016
Chain-attached,0.5,58.550000000000004,1.5012714624704416e-10,-22.619538539230632,-22.619538539231513
Chain-attached,0.5,58.6,1.4728154561194738e-10,-22.638675084681093,-22.638675084682006
Chain-attached,0.5,58.650000000000006,1.4448988221056803e-10,-22.657811630131555,-22.657811630132496
Chain-attached,0.5,58.7,1.4175113368398953e-10,-22.67694817558202,-22.676948175582982
Chain-attached,0.5,58.75,1.390642970517053e-10,-22.69608472103248,-22.69608472103346
Chain-attached,0.5,58.800000000000004,1.364283883443053e-10,-22.715221266482946,-22.715221266483944
Chain-attached,0.5,58.85,1.3384244224313222e-10,-22.734357811933407,-22.73435781193442
Chain-attached,0.5,58.900000000000006,1.3130551172676028e-10,-22.753494357383868,-22.75349435738489
Chain-attached,0.5,58.95,1.2881666772418047e-10,-22.77263090283433,-22.77263090283536
Chain-attached,0.5,59.0,1.2637499877455704e-10,-22.79176744828479,-22.79176744828582
Chain-attached,0.5,59.050000000000004,1.2397961069343323e-10,-22.810903993735256,-22.810903993736282
Chain-attached,0.5,59.1,1.2162962624526595e-10,-22.830040539185717,-22.83004053918674
Chain-attached,0.5,59.150000000000006,1.1932418482216295e-10,-22.84917708463618,-22.849177084637194
Chain-attached,0.5,59.2,1.1706244212871562e-10,-22.868313630086643,-22.868313630087638
Chain-attached,0.5,59.25,1.1484356987279973e-10,-22.8874501755371,-22.887450175538078
Chain-attached,0.5,59.300000000000004,1.1266675546223928e-10,-22.906586720987566,-22.906586720988518
Chain-attached,0.5,59.35,1.1053120170722374e-10,-22.925723266438027,-22.925723266438954
Chain-attached,0.5,59.400000000000006,1.084361265283579e-10,-22.94485981188849,-22.944859811889387
Chain-attached,0.5,59.45,1.0638076267025348e-10,-22.963996357338953,-22.963996357339813
Chain-attached,0.5,59.5,1.0436435742054325e-10,-22.983132902789414,-22.983132902790235
Chain-attached,0.5,59.550000000000004,1.0238617233422537e-10,-23.002269448239876,-23.002269448240654
Chain-attached,0.5,59.6,1.004454829632307e-10,-23.021405993690337,-23.021405993691072
Chain-attached,0.5,59.650000000000006,9.854157859111616e-11,-23.0405425391408,-23.040542539141487
Chain-attached,0.5,59.7,9.66737619727886e-11,-23.059679084591263,-23.0596790845919
Chain-attached,0.5,59.75,9.484134907915859e-11,-23.078815630041724,-23.078815630042307
Chain-attached,0.5,59.800000000000004,9.304366884663733e-11,-23.09795217549219,-23.09795217549272
Chain-attached,0.5,59.85,9.128006293138207e-11,-23.117088720942647,-23.117088720943123
Chain-attached,0.5,59.900000000000006,8.954988546819474e-11,-23.13622526639311,-23.13622526639353
Chain-attached,0.5,59.95,8.785250283399872e-11,-23.155361811843573,-23.15536181184394
Chain-attached,0.5,60.0,8.618729341579071e-11,-23.174498357294034,-23.174498357294347
Chain-attached,0.5,60.050000000000004,8.455364738299588e-11,-23.1936349027445,-23.19363490274476
Chain-attached,0.5,60.1,8.295096646413748e-11,-23.21277144819496,-23.21277144819517
Chain-attached,0.5,60.150000000000006,8.137866372773686e-11,-23.23190799364542,-23.231907993645585
Chain-attached,0.5,60.2,7.983616336736959e-11,-23.251044539095883,-23.251044539096004
Chain-attached,0.5,60.25,7.832290049079405e-11,-23.270181084546344,-23.27018108454643
Chain-attached,0.5,60.300000000000004,7.683832091307723e-11,-23.28931762999681,-23.289317629996862
Chain-attached,0.5,60.35,7.5381880953643e-11,-23.30845417544727,-23.308454175447302
Chain-attached,0.5,60.400000000000006,7.395304723716422e-11,-23.327590720897735,-23.327590720897756
Chain-attached,0.5,60.45,7.255129649823334e-11,-23.346727266348193,-23.346727266348214
Chain-attached,0.5,60.5,7.11761153897299e-11,-23.365863811798654,-23.365863811798686
Chain-attached,0.5,60.550000000000004,6.982700029482571e-11,-23.38500035724912,-23.38500035724917
Chain-attached,0.5,60.6,6.850345714255073e-11,-23.40413690269958,-23.404136902699655
Chain-attached,0.5,60.650000000000006,6.72050012268536e-11,-23.423273448150045,-23.423273448150148
Chain-attached,0.5,60.7,6.593115702909525e-11,-23.442409993600506,-23.44240999360064
Chain-attached,0.5,60.75,6.468145804390353e-11,-23.461546539050968,-23.461546539051135
Chain-attached,0.5,60.800000000000004,6.345544660833119e-11,-23.48068308450143,-23.480683084501628
Chain-attached,0.5,60.85,6.225267373425098e-11,-23.49981962995189,-23.499819629952118
Chain-attached,0.5,60.900000000000006,6.107269894392768e-11,-23.518956175402355,-23.51895617540261
Chain-attached,0.5,60.95,5.991509010870786e-11,-23.538092720852816,-23.538092720853097
Chain-attached,0.5,61.0,5.877942329076502e-11,-23.557229266303278,-23.557229266303576
Chain-attached,0.5,61.050000000000004,5.766528258784657e-11,-23.57636581175374,-23.57636581175405
Chain-attached,0.5,61.1,5.657225998096249e-11,-23.5955023572042,-23.595502357204523
Chain-attached,0.5,61.150000000000006,5.549995518496103e-11,-23.614638902654665,-23.614638902654995
Chain-attached,0.5,61.2,5.444797550193766e-11,-23.633775448105126,-23.63377544810546
Chain-attached,0.5,61.25,5.341593567742059e-11,-23.652911993555588,-23.652911993555918
Chain-attached,0.5,61.300000000000004,5.2403457759284064e-11,-23.672048539006052,-23.67204853900638
Chain-attached,0.5,61.35,5.141017095933583e-11,-23.691185084456514,-23.69118508445683
Chain-attached,0.5,61.400000000000006,5.0435711517526515e-11,-23.710321629906975,-23.71032162990728
Chain-attached,0.5,61.45,4.947972256873466e-11,-23.729458175357436,-23.729458175357728
Chain-attached,0.5,61.5,4.854185401207596e-11,-23.748594720807898,-23.74859472080817
Chain-attached,0.5,61.550000000000004,4.7621762382689626e-11,-23.767731266258362,-23.76773126625862
Chain-attached,0.5,61.6,4.671911072595584e-11,-23.786867811708824,-23.786867811709065
Chain-attached,0.5,61.650000000000006,4.583356847409574e-11,-23.806004357159285,-23.80600435715951
Chain-attached,0.5,61.7,4.4964811325112054e-11,-23.825140902609746,-23.825140902609952
Chain-attached,0.5,61.75,4.4112521124023485e-11,-23.844277448060208,-23.8442774480604
Chain-attached,0.5,61.800000000000004,4.327638574635033e-11,-23.863413993510672,-23.86341399351085
Chain-attached,0.5,61.85,4.245609898380933e-11,-23.882550538961134,-23.8825505389613
Chain-attached,0.5,61.900000000000006,4.1651360432173393e-11,-23.9016870844116,-23.90168708441176
Chain-attached,0.5,61.95,4.0861875381259285e-11,-23.92082362986206,-23.920823629862216
Chain-attached,0.5,62.0,4.008735470699831e-11,-23.939960175312518,-23.939960175312674
Chain-attached,0.5,62.050000000000004,3.932751476555367e-11,-23.959096720762982,-23.959096720763146
Chain-attached,0.5,62.1,3.858207728944603e-11,-23.978233266213444,-23.97823326621362
Chain-attached,0.5,62.150000000000006,3.785076928564534e-11,-23.99736981166391,-23.9973698116641
Chain-attached,0.5,62.2,3.713332293559687e-11,-24.01650635711437,-24.016506357114586
Chain-attached,0.5,62.25,3.642947549714022e-11,-24.03564290256483,-24.03564290256508
Chain-attached,0.5,62.300000000000004,3.5738969208288773e-11,-24.054779448015292,-24.054779448015577
Chain-attached,0.5,62.35,3.5061551192832335e-11,-24.073915993465754,-24.073915993466084
Chain-attached,0.5,62.400000000000006,3.4396973367729064e-11,-24.09305253891622,-24.093052538916602
Chain-attached,0.5,62.45,3.374499235225336e-11,-24.11218908436668,-24.112189084367124
Chain-attached,0.5,62.5,3.310536937886457e-11,-24.13132562981714,-24.131325629817653
Chain-attached,0.5,62.550000000000004,3.247787020576627e-11,-24.150462175267606,-24.150462175268192
Chain-attached,0.5,62.6,3.186226503112292e-11,-24.169598720718067,-24.169598720718735
Chain-attached,0.5,62.650000000000006,3.1258328408901467e-11,-24.18873526616853,-24.188735266169285
Chain-attached,0.5,62.7,3.06658391663093e-11,-24.20787181161899,-24.207871811619846
Chain-attached,0.5,62.75,3.008458032279656e-11,-24.22700835706945,-24.22700835707041
Chain-attached,0.5,62.800000000000004,2.951433901059369e-11,-24.246144902519916,-24.246144902520985
Chain-attached,0.5,62.85,2.89549063967558e-11,-24.265281447970377,-24.265281447971564
Chain-attached,0.5,62.900000000000006,2.8406077606683473e-11,-24.28441799342084,-24.28441799342215
Chain-attached,0.5,62.95,2.786765164909435e-11,-24.3035545388713,-24.30355453887274
Chain-attached,0.5,63.0,2.7339431342416265e-11,-24.32269108432176,-24.322691084323335
Chain-attached,0.5,63.050000000000004,2.6821223242575622e-11,-24.341827629772226,-24.341827629773938
Chain-attached,0.5,63.1,2.631283757215495e-11,-24.360964175222687,-24.36096417522454
Chain-attached,0.5,63.150000000000006,2.5814088150892233e-11,-24.380100720673152,-24.380100720675152
Chain-attached,0.5,63.2,2.5324792327499002e-11,-24.399237266123613,-24.399237266125763
Chain-attached,0.5,63.25,2.4844770912769477e-11,-24.41837381157407,-24.41837381157637
Chain-attached,0.5,63.300000000000004,2.4373848113958095e-11,-24.437510357024536,-24.437510357026987
Chain-attached,0.5,63.35,2.3911851470401717e-11,-24.456646902474997,-24.456646902477598
Chain-attached,0.5,63.400000000000006,2.3458611790360304e-11,-24.475783447925465,-24.475783447928215
Chain-attached,0.5,63.45,2.3013963089056956e-11,-24.494919993375923,-24.494919993378826
Chain-attached,0.5,63.5,2.2577742527889764e-11,-24.514056538826384,-24.514056538829436
Chain-attached,0.5,63.550000000000004,2.2149790354798487e-11,-24.533193084276846,-24.533193084280043
Chain-attached,0.5,63.6,2.172994984575986e-11,-24.552329629727307,-24.552329629730647
Chain-attached,0.5,63.650000000000006,2.1318067247392382e-11,-24.571466175177772,-24.571466175181246
Chain-attached,0.5,63.7,2.091399172064926e-11,-24.590602720628233,-24.59060272063184
Chain-attached,0.5,63.75,2.051757528557791e-11,-24.609739266078694,-24.609739266082425
Chain-attached,0.5,63.800000000000004,2.0128672767127172e-11,-24.62887581152916,-24.62887581153301
Chain-attached,0.5,63.85,1.9747141741981814e-11,-24.648012356979617,-24.64801235698358
Chain-attached,0.5,63.900000000000006,1.9372842486403667e-11,-24.667148902430082,-24.667148902434143
Chain-attached,0.5,63.95,1.9005637925063214e-11,-24.686285447880543,-24.686285447884696
Chain-attached,0.5,64.0,1.864539358083926e-11,-24.705421993331004,-24.705421993335236
Chain-attached,0.5,64.05,1.8291977525571306e-11,-24.724558538781466,-24.724558538785768
Chain-attached,0.5,64.10000000000001,1.7945260331744834e-11,-24.74369508423193,-24.74369508423629
Chain-attached,0.5,64.15,1.7605115025092836e-11,-24.762831629682392,-24.762831629686797
Chain-attached,0.5,64.2,1.727141703809508e-11,-24.781968175132853,-24.78196817513729
Chain-attached,0.5,64.25,1.6944044164359444e-11,-24.801104720583314,-24.80110472058777
Chain-attached,0.5,64.3,1.6622876513867595e-11,-24.820241266033776,-24.820241266038234
Chain-attached,0.5,64.35000000000001,1.630779646906893e-11,-24.839377811484244,-24.839377811488692
Chain-attached,0.5,64.4,1.599868864180725e-11,-24.85851435693471,-24.85851435693913
Chain-attached,0.5,64.45,1.5695439831063122e-11,-24.877650902385163,-24.877650902389544
Chain-attached,0.5,64.5,1.5397938981497245e-11,-24.896787447835624,-24.896787447839948
Chain-attached,0.5,64.55,1.5106077142780644e-11,-24.91592399328609,-24.915923993290335
Chain-attached,0.5,64.60000000000001,1.4819747429694714e-11,-24.935060538736554,-24.93506053874071
Chain-attached,0.5,64.65,1.4538844982987802e-11,-24.95419708418702,-24.954197084191065
Chain-attached,0.5,64.7,1.4263266930973969e-11,-24.973333629637477,-24.973333629641402
Chain-attached,0.5,64.75,1.3992912351859109e-11,-24.992470175087938,-24.992470175091725
Chain-attached,0.5,64.8,1.3727682236781984e-11,-25.0116067205384,-25.011606720542023
Chain-attached,0.5,64.85000000000001,1.3467479453555029e-11,-25.030743265988864,-25.03074326599232
Chain-attached,0.5,64.9,1.3212208711092997e-11,-25.049879811439325,-25.04987981144259
Chain-attached,0.5,64.95,1.2961776524515295e-11,-25.069016356889787,-25.069016356892845
Chain-attached,0.5,65.0,1.2716091180910293e-11,-25.088152902340248,-25.088152902343086
Chain-attached,0.5,65.05,1.2475062705748252e-11,-25.107289447790713,-25.107289447793313
Chain-attached,0.5,65.10000000000001,1.2238602829931168e-11,-25.126425993241174,-25.12642599324353
Chain-attached,0.5,65.15,1.2006624957466711e-11,-25.145562538691635,-25.145562538693728
Chain-attached,0.5,65.2,1.1779044133755365e-11,-25.164699084142097,-25.164699084143912
Chain-attached,0.5,65.25,1.155577701447837e-11,-25.18383562959256,-25.18383562959409
Chain-attached,0.5,65.3,1.1336741835075671e-11,-25.202972175043023,-25.202972175044252
Chain-attached,0.5,65.35000000000001,1.112185838080192e-11,-25.222108720493488,-25.222108720494408
Chain-attached,0.5,65.4,1.0911047957350673e-11,-25.24124526594395,-25.241245265944553
Chain-attached,0.5,65.45,1.0704233362034843e-11,-25.260381811394407,-25.260381811394687
Chain-attached,0.5,65.5,1.0501338855513601e-11,-25.27951835684487,-25.279518356844818
Chain-attached,0.5,65.55,1.0302290134055577e-11,-25.298654902295333,-25.298654902294945
Chain-attached,0.5,65.60000000000001,1.0107014302327025e-11,-25.317791447745797,-25.317791447745073
Chain-attached,0.5,65.65,9.915439846696552e-12,-25.33692799319626,-25.33692799319519
Chain-attached,0.5,65.7,9.72749660904526e-12,-25.356064538646716,-25.356064538645306
Chain-attached,0.5,65.75,9.543115761073527e-12,-25.37520108409718,-25.375201084095426
Chain-attached,0.5,65.8,9.362229779095117e-12,-25.394337629547643,-25.394337629545547
Chain-attached,0.5,65.85000000000001,9.184772419308365e-12,-25.413474174998107,-25.41347417499568
Chain-attached,0.5,65.9,9.010678693536749e-12,-25.432610720448572,-25.432610720445812
Chain-attached,0.5,65.95,8.839884845428908e-12,-25.451747265899034,-25.45174726589595
Chain-attached,0.5,66.0,8.672328327109853e-12,-25.47088381134949,-25.4708838113461
Chain-attached,0.5,66.05,8.507947776274747e-12,-25.490020356799953,-25.490020356796254
Chain-attached,0.5,66.10000000000001,8.346682993716987e-12,-25.50915690225042,-25.50915690224643
Chain-attached,0.5,66.15,8.18847492128225e-12,-25.528293447700882,-25.52829344769662
Chain-attached,0.5,66.2,8.033265620240005e-12,-25.54742999315134,-25.54742999314682
Chain-attached,0.5,66.25,7.880998250065369e-12,-25.566566538601805,-25.566566538597037
Chain-attached,0.5,66.3,7.73161704762328e-12,-25.585703084052266,-25.585703084047278
Chain-attached,0.5,66.35000000000001,7.585067306746692e-12,-25.60483962950273,-25.60483962949754
Chain-attached,0.5,66.4,7.441295358202435e-12,-25.62397617495319,-25.62397617494782
Chain-attached,0.5,66.45,7.300248550036249e-12,-25.64311272040365,-25.64311272039813
Chain-attached,0.5,66.5,7.161875228290938e-12,-25.66224926585411,-25.66224926584846
Chain-attached,0.5,66.55,7.02612471808959e-12,-25.681385811304573,-25.681385811298814
Chain-attached,0.5,66.60000000000001,6.892947305077478e-12,-25.70052235675504,-25.700522356749204
Chain-attached,0.5,66.65,6.762294217215963e-12,-25.7196589022055,-25.719658902199615
Chain-attached,0.5,66.7,6.634117606920875e-12,-25.73879544765596,-25.73879544765006
Chain-attached,0.5,66.75,6.508370533540183e-12,-25.75793199310642,-25.75793199310053
Chain-attached,0.5,66.8,6.385006946163292e-12,-25.777068538556886,-25.777068538551035
Chain-attached,0.5,66.85000000000001,6.2639816667564544e-12,-25.796205084007347,-25.79620508400157
Chain-attached,0.5,66.9,6.145250373617604e-12,-25.81534162945781,-25.815341629452135
Chain-attached,0.5,66.95,6.028769585145018e-12,-25.83447817490827,-25.83447817490273
Chain-attached,0.5,67.0,5.91449664391352e-12,-25.85361472035873,-25.853614720353356
Chain-attached,0.5,67.05,5.802389701052549e-12,-25.872751265809192,-25.87275126580401
Chain-attached,0.5,67.10000000000001,5.692407700920275e-12,-25.89188781125966,-25.891887811254698
Chain-attached,0.5,67.15,5.584510366068414e-12,-25.911024356710126,-25.911024356705408
Chain-attached,0.5,67.2,5.4786581824917095e-12,-25.930160902160587,-25.93016090215614
Chain-attached,0.5,67.25,5.3748123851572334e-12,-25.949297447611045,-25.94929744760689
Chain-attached,0.5,67.3,5.272934943807877e-12,-25.968433993061506,-25.968433993057666
Chain-attached,0.5,67.35000000000001,5.17298854903504e-12,-25.98757053851197,-25.987570538508464
Chain-attached,0.5,67.4,5.074936598615213e-12,-26.006707083962436,-26.00670708395927
Chain-attached,0.5,67.45,4.978743184105564e-12,-26.025843629412893,-26.025843629410083
Chain-attached,0.5,67.5,4.884373077693472e-12,-26.04498017486336,-26.0449801748609
Chain-attached,0.5,67.55,4.791791719295687e-12,-26.06411672031382,-26.064116720311716
Chain-attached,0.5,67.60000000000001,4.7009652039015714e-12,-26.083253265764284,-26.08325326576253
Chain-attached,0.5,67.65,4.61186026915661e-12,-26.102389811214746,-26.102389811213325
Chain-attached,0.5,67.7,4.524444283181001e-12,-26.121526356665207,-26.1215263566641
Chain-attached,0.5,67.75,4.438685232619329e-12,-26.14066290211567,-26.140662902114848
Chain-attached,0.5,67.8,4.3545517109166536e-12,-26.15979944756613,-26.159799447565558
Chain-attached,0.5,67.85000000000001,4.272012906816842e-12,-26.178935993016594,-26.178935993016225
Chain-attached,0.5,67.9,4.191038593078969e-12,-26.198072538467056,-26.198072538466832
Chain-attached,0.5,67.95,4.111599115407452e-12,-26.217209083917517,-26.217209083917368
Chain-attached,0.5,68.0,4.0336653815921584e-12,-26.236345629367978,-26.236345629367825
Chain-attached,0.5,68.05,3.957208850854283e-12,-26.25548217481844,-26.25548217481819
Chain-attached,0.5,68.10000000000001,3.882201523394175e-12,-26.274618720268904,-26.274618720268492
Chain-attached,0.5,68.15,3.808615930137341e-12,-26.293755265719366,-26.29375526571874
Chain-attached,0.5,68.2,3.736425122674683e-12,-26.312891811169827,-26.312891811168956
Chain-attached,0.5,68.25,3.665602663393546e-12,-26.332028356620288,-26.33202835661916
Chain-attached,0.5,68.3,3.5961226157957547e-12,-26.35116490207075,-26.351164902069357
Chain-attached,0.5,68.35000000000001,3.5279595349991692e-12,-26.370301447521218,-26.37030144751957
Chain-attached,0.5,68.4,3.4610884584193925e-12,-26.38943799297168,-26.389437992969793
Chain-attached,0.5,68.45,3.3954848966278722e-12,-26.408574538422137,-26.408574538420034
Chain-attached,0.5,68.5,3.331124824383469e-12,-26.427711083872598,-26.427711083870307
Chain-attached,0.5,68.55,3.267984671834017e-12,-26.44684762932306,-26.446847629320615
Chain-attached,0.5,68.60000000000001,3.206041315884533e-12,-26.465984174773528,-26.465984174770963
Chain-attached,0.5,68.65,3.1452720717292164e-12,-26.48512072022399,-26.48512072022134
Chain-attached,0.5,68.7,3.085654684543712e-12,-26.50425726567445,-26.504257265671754
Chain-attached,0.5,68.75,3.0271673213350753e-12,-26.52339381112491,-26.5233938111222
Chain-attached,0.5,68.8,2.9697885629461117e-12,-26.54253035657537,-26.542530356572676
Chain-attached,0.5,68.85000000000001,2.9134973962112205e-12,-26.561666902025838,-26.561666902023195
Chain-attached,0.5,68.9,2.858273206261132e-12,-26.5808034474763,-26.58080344747373
Chain-attached,0.5,68.95,2.804095768973191e-12,-26.59993999292676,-26.59993999292429
Chain-attached,0.5,69.0,2.7509452435650023e-12,-26.61907653837722,-26.61907653837487
Chain-attached,0.5,69.05,2.6988021653283492e-12,-26.638213083827683,-26.638213083825466
Chain-attached,0.5,69.10000000000001,2.647647438500845e-12,-26.657349629278148,-26.65734962927607
Chain-attached,0.5,69.15,2.597462329272748e-12,-26.67648617472861,-26.676486174726676
Chain-attached,0.5,69.2,2.548228458926238e-12,-26.69562272017907,-26.69562272017728
Chain-attached,0.5,69.25,2.4999277971048256e-12,-26.71475926562953,-26.714759265627876
Chain-attached,0.5,69.3,2.452542655210292e-12,-26.733895811079993,-26.73389581107846
Chain-attached,0.5,69.35000000000001,2.4060556799247873e-12,-26.753032356530458,-26.753032356529033
Chain-attached,0.5,69.4,2.3604498468557593e-12,-26.77216890198092,-26.772168901979576
Chain-attached,0.5,69.45,2.3157084543012527e-12,-26.79130544743138,-26.79130544743009
Chain-attached,0.5,69.5,2.271815117133469e-12,-26.81044199288184,-26.810441992880577
Chain-attached,0.5,69.55,2.2287537607982236e-12,-26.829578538332303,-26.82957853833102
Chain-attached,0.5,69.60000000000001,2.186508615428127e-12,-26.84871508378277,-26.848715083781432
Chain-attached,0.5,69.65,2.1450642100674393e-12,-26.86785162923323,-26.867851629231787
Chain-attached,0.5,69.7,2.1044053670061933e-12,-26.88698817468369,-26.8869881746821
Chain-attached,0.5,69.75,2.0645171962219452e-12,-26.90612472013415,-26.906124720132354
Chain-attached,0.5,69.8,2.0253850899267247e-12,-26.925261265584613,-26.925261265582556
Chain-attached,0.5,69.85000000000001,1.9869947172173877e-12,-26.94439781103508,-26.944397811032708
Chain-attached,0.5,69.9,1.949332018827428e-12,-26.963534356485543,-26.963534356482793
Chain-attached,0.5,69.95,1.91238320197813e-12,-26.982670901936004,-26.98267090193282
Chain-attached,0.5,70.0,1.876134735327459e-12,-27.00180744738646,-27.001807447382777
Chain-attached,0.5,70.05,1.840573344014593e-12,-27.020943992836923,-27.020943992832677
Chain-attached,0.5,70.10000000000001,1.8056860047984506e-12,-27.04008053828739,-27.040080538282524
Chain-attached,0.5,70.15,1.771459941288361e-12,-27.059217083737853,-27.059217083732303
Chain-attached,0.5,70.2,1.7378826192650435e-12,-27.078353629188314,-27.07835362918202
Chain-attached,0.5,70.25,1.7049417420903956e-12,-27.097490174638775,-27.097490174631677
Chain-attached,0.5,70.3,1.6726252462042229e-12,-27.116626720089236,-27.116626720081275
Chain-attached,0.5,70.35000000000001,1.6409212967063334e-12,-27.1357632655397,-27.135763265530823
Chain-attached,0.5,70.4,1.609818283022402e-12,-27.154899810990162,-27.154899810980318
Chain-attached,0.5,70.45,1.5793048146519262e-12,-27.174036356440624,-27.17403635642976
Chain-attached,0.5,70.5,1.5493697169968383e-12,-27.193172901891085,-27.193172901879162
Chain-attached,0.5,70.55,1.5200020272691535e-12,-27.212309447341546,-27.21230944732852
Chain-attached,0.5,70.60000000000001,1.4911909904761894e-12,-27.23144599279201,-27.231445992777846
Chain-attached,0.5,70.65,1.4629260554819081e-12,-27.250582538242472,-27.250582538227135
Chain-attached,0.5,70.7,1.4351968711428637e-12,-27.269719083692934,-27.269719083676403
Chain-attached,0.5,70.75,1.4079932825174425e-12,-27.288855629143395,-27.288855629125646
Chain-attached,0.5,70.8,1.381305327146929e-12,-27.307992174593856,-27.307992174574874
Chain-attached,0.5,70.85000000000001,1.3551232314070654e-12,-27.32712872004432,-27.3271287200241
Chain-attached,0.5,70.9,1.3294374069287875e-12,-27.346265265494782,-27.346265265473317
Chain-attached,0.5,70.95,1.3042384470867563e-12,-27.365401810945244,-27.36540181092254
Chain-attached,0.5,71.0,1.2795171235544988e-12,-27.384538356395705,-27.384538356371774
Chain-attached,0.5,71.05,1.2552643829248167e-12,-27.403674901846166,-27.403674901821024
Chain-attached,0.5,71.10000000000001,1.2314713433942537e-12,-27.422811447296635,-27.422811447270306
Chain-attached,0.5,71.15,1.2081292915104479e-12,-27.441947992747096,-27.441947992719612
Chain-attached,0.5,71.2,1.1852296789810527e-12,-27.461084538197557,-27.461084538168958
Chain-attached,0.5,71.25,1.1627641195432316e-12,-27.480221083648015,-27.480221083618346
Chain-attached,0.5,71.3,1.1407243858924287e-12,-27.499357629098476,-27.49935762906779
Chain-attached,0.5,71.35000000000001,1.119102406669394e-12,-27.518494174548945,-27.5184941745173
Chain-attached,0.5,71.4,1.0978902635043168e-12,-27.537630719999406,-27.537630719966874
Chain-attached,0.5,71.45,1.0770801881169285e-12,-27.556767265449867,-27.556767265416514
Chain-attached,0.5,71.5,1.0566645594716458e-12,-27.57590381090033,-27.57590381086624
Chain-attached,0.5,71.55,1.0366359009865986e-12,-27.59504035635079,-27.595040356316048
Chain-attached,0.5,71.60000000000001,1.0169868777955632e-12,-27.614176901801255,-27.614176901765955
Chain-attached,0.5,71.65,9.977102940618127e-13,-27.633313447251716,-27.633313447215954
Chain-attached,0.5,71.7,9.787990903428464e-13,-27.652449992702177,-27.65244999266606
Chain-attached,0.5,71.75,9.602463410051055e-13,-27.67158653815264,-27.671586538116273
Chain-attached,0.5,71.8,9.420452516876745e-13,-27.6907230836031,-27.690723083566603
Chain-attached,0.5,71.85000000000001,9.241891568140556e-13,-27.709859629053565,-27.70985962901705
Chain-attached,0.5,71.9,9.066715171511262e-13,-27.728996174504026,-27.728996174467618
Chain-attached,0.5,71.95,8.894859174143283e-13,-27.748132719954487,-27.748132719918313
Chain-attached,0.5,72.0,8.726260639182874e-13,-27.76726926540495,-27.767269265369137
Chain-attached,0.5,72.05,8.560857822719441e-13,-27.78640581085541,-27.786405810820092
Chain-attached,0.5,72.10000000000001,8.398590151173743e-13,-27.805542356305875,-27.805542356271182
Chain-attached,0.5,72.15,8.239398199114852e-13,-27.824678901756336,-27.824678901722407
Chain-attached,0.5,72.2,8.083223667497268e-13,-27.843815447206797,-27.843815447173768
Chain-attached,0.5,72.25,7.930009362310857e-13,-27.86295199265726,-27.862951992625263
Chain-attached,0.5,72.3,7.779699173635306e-13,-27.88208853810772,-27.882088538076893
Chain-attached,0.5,72.35000000000001,7.632238055091579e-13,-27.901225083558188,-27.90122508352867
Chain-attached,0.5,72.4,7.487572003683131e-13,-27.92036162900865,-27.92036162898057
Chain-attached,0.5,72.45,7.345648040018703e-13,-27.939498174459107,-27.939498174432597
Chain-attached,0.5,72.5,7.206414188910405e-13,-27.95863471990957,-27.958634719884756
Chain-attached,0.5,72.55,7.069819460339537e-13,-27.97777126536003,-27.97777126533704
Chain-attached,0.5,72.60000000000001,6.935813830782948e-13,-27.996907810810498,-27.996907810789452
Chain-attached,0.5,72.65,6.804348224893716e-13,-28.01604435626096,-28.01604435624197
Chain-attached,0.5,72.7,6.675374497528546e-13,-28.03518090171142,-28.0351809016946
Chain-attached,0.5,72.75,6.548845416116328e-13,-28.054317447161882,-28.05431744714733
Chain-attached,0.5,72.8,6.424714643360666e-13,-28.07345399261234,-28.073453992600154
Chain-attached,0.5,72.85000000000001,6.302936720270162e-13,-28.092590538062808,-28.092590538053074
Chain-attached,0.5,72.9,6.183467049510808e-13,-28.11172708351327,-28.11172708350607
Chain-attached,0.5,72.95,6.066261879073257e-13,-28.13086362896373,-28.130863628959137
Chain-attached,0.5,73.0,5.951278286250222e-13,-28.150000174414192,-28.150000174412263
Chain-attached,0.5,73.05,5.838474161917346e-13,-28.169136719864653,-28.169136719865442
Chain-attached,0.5,73.10000000000001,5.727808195112036e-13,-28.188273265315118,-28.188273265318664
Chain-attached,0.5,73.15,5.619239857904706e-13,-28.20740981076558,-28.20740981077191
Chain-attached,0.5,73.2,5.512729390556568e-13,-28.22654635621604,-28.226546356225175
Chain-attached,0.5,73.25,5.408237786958972e-13,-28.245682901666502,-28.245682901678443
Chain-attached,0.5,73.3,5.305726780348614e-13,-28.264819447116963,-28.264819447131703
Chain-attached,0.5,73.35000000000001,5.205158829293526e-13,-28.283955992567428,-28.283955992584946
Chain-attached,0.5,73.4,5.106497103944777e-13,-28.30309253801789,-28.30309253803815
Chain-attached,0.5,73.45,5.009705472548591e-13,-28.32222908346835,-28.322229083491308
Chain-attached,0.5,73.5,4.914748488214302e-13,-28.341365628918812,-28.341365628944402
Chain-attached,0.5,73.55,4.821591375933024e-13,-28.360502174369273,-28.360502174397418
Chain-attached,0.5,73.60000000000001,4.730200019842371e-13,-28.37963871981974,-28.37963871985035
Chain-attached,0.5,73.65,4.640540950732737e-13,-28.3987752652702,-28.39877526530317
Chain-attached,0.5,73.7,4.55258133378999e-13,-28.41791181072066,-28.41791181075587
Chain-attached,0.5,73.75,4.4662889565709853e-13,-28.437048356171122,-28.437048356208443
Chain-attached,0.5,73.8,4.381632217206672e-13,-28.456184901621583,-28.456184901660865
Chain-attached,0.5,73.85000000000001,4.2985801128288876e-13,-28.47532144707205,-28.47532144711314
Chain-attached,0.5,73.9,4.2171022282166555e-13,-28.494457992522513,-28.494457992565227
Chain-attached,0.5,73.95,4.137168724657384e-13,-28.513594537972974,-28.513594538017134
Chain-attached,0.5,74.0,4.058750329019497e-13,-28.532731083423435,-28.532731083468843
Chain-attached,0.5,74.05,3.9818183230320557e-13,-28.551867628873893,-28.55186762892034
Chain-attached,0.5,74.10000000000001,3.90634453276751e-13,-28.57100417432436,-28.571004174371634
Chain-attached,0.5,74.15,3.8323013183240795e-13,-28.590140719774823,-28.59014071982269
Chain-attached,0.5,74.2,3.7596615637032864e-13,-28.609277265225284,-28.609277265273512
Chain-attached,0.5,74.25,3.6883986668796964e-13,-28.628413810675745,-28.628413810724094
Chain-attached,0.5,74.3,3.618486530058741e-13,-28.647550356126207,-28.64755035617443
Chain-attached,0.5,74.35000000000001,3.5498995501192015e-13,-28.66668690157667,-28.66668690162452
Chain-attached,0.5,74.4,3.48261260923693e-13,-28.685823447027133,-28.685823447074355
Chain-attached,0.5,74.45,3.416601065686153e-13,-28.704959992477594,-28.70495999252394
Chain-attached,0.5,74.5,3.3518407448152676e-13,-28.724096537928055,-28.72409653797327
Chain-attached,0.5,74.55,3.288307930193625e-13,-28.743233083378517,-28.743233083422364
Chain-attached,0.5,74.60000000000001,3.225979354926121e-13,-28.76236962882898,-28.76236962887122
Chain-attached,0.5,74.65,3.164832193132471e-13,-28.781506174279443,-28.781506174319844
Chain-attached,0.5,74.7,3.104844051587885e-13,-28.800642719729904,-28.800642719768256
Chain-attached,0.5,74.75,3.0459929615222936e-13,-28.819779265180365,-28.819779265216464
Chain-attached,0.5,74.8,2.988257370574971e-13,-28.838915810630827,-28.838915810664496
Chain-attached,0.5,74.85000000000001,2.9316161349016473e-13,-28.85805235608129,-28.858052356112374
Chain-attached,0.5,74.9,2.876048511431283e-13,-28.877188901531753,-28.877188901560114
Chain-attached,0.5,74.95,2.8215341502695076e-13,-28.896325446982214,-28.89632544700775
Chain-attached,0.5,75.0,2.768053087246155e-13,-28.915461992432675,-28.915461992455324
Chain-attached,0.5,75.05,2.7155857366040033e-13,-28.934598537883137,-28.934598537902865
Chain-attached,0.5,75.10000000000001,2.664112883826086e-13,-28.953735083333605,-28.95373508335043
Chain-attached,0.5,75.15,2.6136156785990575e-13,-28.972871628784066,-28.972871628798053
Chain-attached,0.5,75.2,2.5640756279097453e-13,-28.992008174234527,-28.992008174245793
Chain-attached,0.5,75.25,2.5154745892727473e-13,-29.011144719684985,-29.011144719693707
Chain-attached,0.5,75.3,2.4677947640862657e-13,-29.030281265135446,-29.030281265141863
Chain-attached,0.5,75.35000000000001,2.421018691113965e-13,-29.049417810585915,-29.049417810590345
Chain-attached,0.5,75.4,2.375129240090375e-13,-29.068554356036376,-29.068554356039208
Chain-attached,0.5,75.45,2.330109605447375e-13,-29.087690901486837,-29.08769090148855
Chain-attached,0.5,75.5,2.285943300159755e-13,-29.1068274469373,-29.10682744693846
Chain-attached,0.5,75.55,2.2426141497073402e-13,-29.12596399238776,-29.125963992388844
Chain-attached,0.5,75.60000000000001,2.200106286151577e-13,-29.145100537838225,-29.145100537839255
Chain-attached,0.5,75.65,2.15840414232443e-13,-29.164237083288686,-29.164237083289667
Chain-attached,0.5,75.7,2.1174924461273408e-13,-29.18337362873915,-29.183373628740082
Chain-attached,0.5,75.75,2.0773562149383718e-13,-29.20251017418961,-29.2025101741905
Chain-attached,0.5,75.8,2.03798075012521e-13,-29.22164671964007,-29.221646719640923
Chain-attached,0.5,75.85000000000001,1.9993516316623218e-13,-29.240783265090535,-29.240783265091345
Chain-attached,0.5,75.9,1.9614547128500645e-13,-29.259919810540996,-29.25991981054177
Chain-attached,0.5,75.95,1.9242761151338593e-13,-29.27905635599146,-29.279056355992193
Chain-attached,0.5,76.0,1.8878022230216705e-13,-29.29819290144192,-29.29819290144262
Chain-attached,0.5,76.05,1.852019679097684e-13,-29.31732944689238,-29.317329446893044
Chain-attached,0.5,76.10000000000001,1.8169153791306298e-13,-29.33646599234285,-29.336465992343477
Chain-attached,0.5,76.15,1.7824764672747928e-13,-29.355602537793306,-29.355602537793906
Chain-attached,0.5,76.2,1.7486903313618676e-13,-29.374739083243767,-29.374739083244336
Chain-attached,0.5,76.25,1.7155445982822388e-13,-29.39387562869423,-29.39387562869477
Chain-attached,0.5,76.3,1.6830271294536795e-13,-29.41301217414469,-29.4130121741452
Chain-attached,0.5,76.35000000000001,1.6511260163759676e-13,-29.432148719595162,-29.432148719595645
Chain-attached,0.5,76.4,1.619829576269847e-13,-29.45128526504562,-29.45128526504608
Chain-attached,0.5,76.45,1.5891263477984542e-13,-29.470421810496077,-29.470421810496518
Chain-attached,0.5,76.5,1.5590050868700473e-13,-29.48955835594654,-29.489558355946958
Chain-attached,0.5,76.55,1.5294547625201983e-13,-29.508694901397003,-29.5086949013974
Chain-attached,0.5,76.60000000000001,1.5004645528720496e-13,-29.52783144684747,-29.527831446847852
Chain-attached,0.5,76.65,1.4720238411731353e-13,-29.54696799229793,-29.5469679922983
Chain-attached,0.5,76.7,1.4441222119073148e-13,-29.566104537748394,-29.56610453774875
Chain-attached,0.5,76.75,1.4167494469804586e-13,-29.585241083198852,-29.5852410831992
Chain-attached,0.5,76.80000000000001,1.3898955219783324e-13,-29.604377628649317,-29.604377628649654
Chain-attached,0.5,76.85000000000001,1.3635506024955355e-13,-29.623514174099782,-29.62351417410011
Chain-attached,0.5,76.9,1.3377050405339286e-13,-29.64265071955024,-29.642650719550566
Chain-attached,0.5,76.95,1.31234937096933e-13,-29.661787265000704,-29.661787265001024
Chain-attached,0.5,77.0,1.287474308085278e-13,-29.680923810451162,-29.680923810451485
Chain-attached,0.5,77.05000000000001,1.2630707421723538e-13,-29.700060355901627,-29.70006035590195
Chain-attached,0.5,77.10000000000001,1.2391297361921028e-13,-29.719196901352092,-29.719196901352415
Chain-attached,0.5,77.15,1.2156425225040965e-13,-29.73833344680255,-29.738333446802876
Chain-attached,0.5,77.2,1.192600499655038e-13,-29.75746999225301,-29.75746999225334
Chain-attached,0.5,77.25,1.1699952292287914e-13,-29.776606537703472,-29.77660653770381
Chain-attached,0.5,77.30000000000001,1.1478184327560492e-13,-29.795743083153937,-29.795743083154278
Chain-attached,0.5,77.35000000000001,1.1260619886826223e-13,-29.8148796286044,-29.814879628604743
Chain-attached,0.5,77.4,1.1047179293951654e-13,-29.834016174054863,-29.83401617405521
Chain-attached,0.5,77.45,1.0837784383032869e-13,-29.85315271950532,-29.853152719505676
Chain-attached,0.5,77.5,1.0632358469769647e-13,-29.872289264955782,-29.87228926495614
Chain-attached,0.5,77.55000000000001,1.0430826323382327e-13,-29.891425810406254,-29.891425810406613
Chain-attached,0.5,77.60000000000001,1.0233114139061196e-13,-29.910562355856715,-29.910562355857078
Chain-attached,0.5,77.65,1.0039149510937196e-13,-29.929698901307173,-29.929698901307535
Chain-attached,0.5,77.7,9.848861405565867e-14,-29.948835446757634,-29.948835446757997
Chain-attached,0.5,77.75,9.662180135913709e-14,-29.967971992208092,-29.967971992208458
Chain-attached,0.5,77.80000000000001,9.479037335837124e-14,-29.987108537658564,-29.987108537658923
Chain-attached,0.5,77.85000000000001,9.299365935046106e-14,-30.006245083109025,-30.00624508310938
Chain-attached,0.5,77.9,9.12310013454115e-14,-30.025381628559483,-30.025381628559835
Chain-attached,0.5,77.95,8.950175382516713e-14,-30.044518174009948,-30.044518174010285
Chain-attached,0.5,78.0,8.780528350721395e-14,-30.063654719460406,-30.063654719460732
Chain-attached,0.5,78.05000000000001,8.61409691126546e-14,-30.082791264910874,-30.082791264911187
Chain-attached,0.5,78.10000000000001,8.450820113869033e-14,-30.101927810361335,-30.10192781036163
Chain-attached,0.5,78.15,8.290638163540489e-14,-30.121064355811793,-30.121064355812074
Chain-attached,0.5,78.2,8.133492398678545e-14,-30.140200901262258,-30.140200901262514
Chain-attached,0.5,78.25,7.979325269589521e-14,-30.15933744671272,-30.15933744671295
Chain-attached,0.5,78.30000000000001,7.828080317411296e-14,-30.17847399216318,-30.17847399216339
Chain-attached,0.5,78.35000000000001,7.679702153437123e-14,-30.197610537613645,-30.197610537613826
Chain-attached,0.5,78.4,7.53413643883136e-14,-30.216747083064107,-30.216747083064256
Chain-attached,0.5,78.45,7.391329864729401e-14,-30.235883628514568,-30.23588362851469
Chain-attached,0.5,78.5,7.251230132715116e-14,-30.255020173965026,-30.255020173965118
Chain-attached,0.5,78.55000000000001,7.113785935668035e-14,-30.274156719415494,-30.27415671941555
Chain-attached,0.5,78.60000000000001,6.97894693897407e-14,-30.293293264865955,-30.293293264865977
Chain-attached,0.5,78.65,6.846663762091646e-14,-30.312429810316416,-30.312429810316406
Chain-attached,0.5,78.7,6.716887960467856e-14,-30.331566355766878,-30.33156635576683
Chain-attached,0.5,78.75,6.589572007797119e-14,-30.35070290121734,-30.35070290121726
Chain-attached,0.5,78.80000000000001,6.464669278616123e-14,-30.369839446667807,-30.369839446667697
Chain-attached,0.5,78.85000000000001,6.342134031228914e-14,-30.388975992118265,-30.388975992118123
Chain-attached,0.5,78.9,6.221921390955074e-14,-30.408112537568726,-30.408112537568556
Chain-attached,0.5,78.95,6.103987333696108e-14,-30.427249083019188,-30.427249083018992
Chain-attached,0.5,79.0,5.988288669812879e-14,-30.446385628469645,-30.44638562846943
Chain-attached,0.5,79.05000000000001,5.874783028308637e-14,-30.465522173920117,-30.465522173919876
Chain-attached,0.5,79.10000000000001,5.763428841312359e-14,-30.48465871937058,-30.48465871937032
Chain-attached,0.5,79.15,5.654185328855354e-14,-30.50379526482104,-30.503795264820766
Chain-attached,0.5,79.2,5.5470124839371586e-14,-30.5229318102715,-30.52293181027122
Chain-attached,0.5,79.25,5.441871057874187e-14,-30.54206835572196,-30.54206835572167
Chain-attached,0.5,79.30000000000001,5.338722545926021e-14,-30.561204901172427,-30.56120490117214
Chain-attached,0.5,79.35000000000001,5.237529173194527e-14,-30.58034144662289,-30.580341446622604
Chain-attached,0.5,79.4,5.1382538807896815e-14,-30.59947799207335,-30.599477992073073
Chain-attached,0.5,79.45,5.04086031225809e-14,-30.61861453752381,-30.61861453752355
Chain-attached,0.5,79.5,4.9453128002685616e-14,-30.63775108297427,-30.637751082974027
Chain-attached,0.5,79.55000000000001,4.8515763535499606e-14,-30.656887628424737,-30.656887628424514
Chain-attached,0.5,79.60000000000001,4.759616644077003e-14,-30.6760241738752,-30.676024173875
Chain-attached,0.5,79.65,4.669399994498417e-14,-30.69516071932566,-30.695160719325486
Chain-attached,0.5,79.7,4.580893365803826e-14,-30.71429726477612,-30.71429726477598
Chain-attached,0.5,79.75,4.494064345224221e-14,-30.733433810226582,-30.73343381022647
Chain-attached,0.5,79.80000000000001,4.408881134361782e-14,-30.752570355677047,-30.752570355676962
Chain-attached,0.5,79.85000000000001,4.3253125375447806e-14,-30.77170690112751,-30.77170690112745
Chain-attached,0.5,79.9,4.2433279504030544e-14,-30.79084344657797,-30.790843446577934
Chain-attached,0.5,79.95,4.162897348660175e-14,-30.80997999202843,-30.80997999202841
Chain-attached,0.5,80.0,4.08399127713801e-14,-30.82911653747889,-30.82911653747888
Chain-attached,0.8,0.0,0.9999999999999999,-1.1102230246251565e-16,-1.1102230246251565e-16
Chain-attached,0.8,0.05,0.9902458576252303,-0.009802025649445895,-0.009802025649437827
Chain-attached,0.8,0.1,0.9809653940886413,-0.019218096197360045,-0.019218096196774743
Chain-attached,0.8,0.15000000000000002,0.9721327601626867,-0.028262899319002523,-0.028262899319582976
Chain-attached,0.8,0.2,0.9637236312461029,-0.036950715053636195,-0.03695071505362068
Chain-attached,0.8,0.25,0.9557151100734724,-0.045295412357355846,-0.04529541235726111
Chain-attached,0.8,0.30000000000000004,0.948085636078296,-0.05331044739100856,-0.05331044739058926
Chain-attached,0.8,0.35000000000000003,0.9408149009296446,-0.06100886339002681,-0.06100886339080558
Chain-attached,0.8,0.4,0.933883769798378,-0.06840329196771305,-0.06840329196768714
Chain-attached,0.8,0.45,0.9272742079420834,-0.07550595570913406,-0.07550595570863411
Chain-attached,0.8,0.5,0.9209692122285235,-0.08232867191910448,-0.08232867191943419
Chain-attached,0.8,0.55,0.9149527472456574,-0.08888285739460082,-0.0888828573946389
Chain-attached,0.8,0.6000000000000001,0.9092096856724429,-0.09517953409915945,-0.09517953409912468
Chain-attached,0.8,0.65,0.9037257526087479,-0.10122933562427604,-0.10122933562360993
Chain-attached,0.8,0.7000000000000001,0.8984874735849997,-0.10704251433038696,-0.10704251433122473
Chain-attached,0.8,0.75,0.8934821259928137,-0.11262894906756618,-0.11262894906751669
Chain-attached,0.8,0.8,0.8886976936968634,-0.11799815338357138,-0.11799815338345633
Chain-attached,0.8,0.8500000000000001,0.8841228246058552,-0.12315928413419294,-0.12315928413352194
Chain-attached,0.8,0.9,0.8797467909967467,-0.1281211504179599,-0.12812115041895208
Chain-attached,0.8,0.9500000000000001,0.8755594524013465,-0.13289222276413828,-0.1328922227640756
Chain-attached,0.8,1.0,0.8715512208783772,-0.13748064250946515,-0.13748064250933745
Chain-attached,0.8,1.05,0.8677130285068944,-0.14189423130533463,-0.1418942313045881
Chain-attached,0.8,1.1,0.8640362969488691,-0.14614050070300447,-0.14614050070396323
Chain-attached,0.8,1.1500000000000001,0.8605129089397183,-0.1502266617699486,-0.15022666176989719
Chain-attached,0.8,1.2000000000000002,0.8571351815757446,-0.15415963469565097,-0.1541596346955957
Chain-attached,0.8,1.25,0.8538958412768571,-0.15794605834995604,-0.1579460583491395
Chain-attached,0.8,1.3,0.8507880003116484,-0.16159229976157238,-0.16159229976203493
Chain-attached,0.8,1.35,0.847805134779967,-0.16510446348844404,-0.16510446348889182
Chain-attached,0.8,1.4000000000000001,0.8449410639555802,-0.16848840085551411,-0.16848840085546296
Chain-attached,0.8,1.4500000000000002,0.8421899308984304,-0.17174971903887595,-0.1717497190383544
Chain-attached,0.8,1.5,0.8395461842523865,-0.17489378997848687,-0.1748937899778825
Chain-attached,0.8,1.55,0.8370045611503144,-0.17792575910450556,-0.17792575910584413
Chain-attached,0.8,1.6,0.8345600711537738,-0.18085055386493457,-0.18085055386485968
Chain-attached,0.8,1.6500000000000001,0.832207981159742,-0.18367289204460246,-0.18367289204454457
Chain-attached,0.8,1.7000000000000002,0.829943801211464,-0.18639728986765552,-0.18639728986675605
Chain-attached,0.8,1.75,0.8277632711549121,-0.1890280698776128,-0.18902806987751253
Chain-attached,0.8,1.8,0.8256623480863697,-0.1915693685907511,-0.191569368592134
Chain-attached,0.8,1.85,0.823637194540418,-0.1940251439200845,-0.19402514391998107
Chain-attached,0.8,1.9000000000000001,0.8216841673710898,-0.19639918236852513,-0.19639918236842324
Chain-attached,0.8,1.9500000000000002,0.8197998072821723,-0.19869510599100493,-0.19869510599000853
Chain-attached,0.8,2.0,0.8179808289656463,-0.20091637912634341,-0.20091637912624744
Chain-attached,0.8,2.0500000000000003,0.8162241118100326,-0.203066314900545,-0.20306631490205268
Chain-attached,0.8,2.1,0.8145266911429964,-0.20514808150397604,-0.2051480815038779
Chain-attached,0.8,2.15,0.8128857499749486,-0.20716470824554517,-0.2071647082454832
Chain-attached,0.8,2.2,0.8112986112126284,-0.20911909138755222,-0.20911909138670817
Chain-attached,0.8,2.25,0.809762730313709,-0.2110139997653491,-0.21101399976475774
Chain-attached,0.8,2.3000000000000003,0.80827568835538,-0.21285208019637036,-0.21285208019784102
Chain-attached,0.8,2.35,0.806835185491679,-0.21463586268336307,-0.21463586268334556
Chain-attached,0.8,2.4000000000000004,0.8054390347759611,-0.2163677654169615,-0.2163677654168954
Chain-attached,0.8,2.45,0.8040851563264898,-0.2180500995828887,-0.21805009958246838
Chain-attached,0.8,2.5,0.8027715718145184,-0.21968507397927736,-0.21968507397828793
Chain-attached,0.8,2.5500000000000003,0.801496399255613,-0.22127479944965384,-0.22127479945021045
Chain-attached,0.8,2.6,0.8002578480861828,-0.22282129313722573,-0.22282129313832574
Chain-attached,0.8,2.6500000000000004,0.7990542145083481,-0.22432648256614507,-0.22432648256603765
Chain-attached,0.8,2.7,0.7978838770873754,-0.22579220955538407,-0.22579220955530696
Chain-attached,0.8,2.75,0.796745292586871,-0.2272202339708982,-0.22722023397020738
Chain-attached,0.8,2.8000000000000003,0.7956369920279114,-0.22861223732163638,-0.22861223732103791
Chain-attached,0.8,2.85,0.794557576959123,-0.22996982620493944,-0.22996982620596756
Chain-attached,0.8,2.9000000000000004,0.7935057159255482,-0.23129453560677454,-0.23129453560712698
Chain-attached,0.8,2.95,0.7924801411249106,-0.2325878320621342,-0.23258783206204223
Chain-attached,0.8,3.0,0.791479645240568,-0.23385111668086173,-0.23385111668071806
Chain-attached,0.8,3.0500000000000003,0.7905030784411318,-0.23508572804401118,-0.23508572804330818
Chain-attached,0.8,3.1,0.789549345537336,-0.23629294497574194,-0.23629294497545125
Chain-attached,0.8,3.1500000000000004,0.7886174032872997,-0.23747398919563598,-0.2374739891966301
Chain-attached,0.8,3.2,0.7877062578419071,-0.2386300278561393,-0.23863002785621354
Chain-attached,0.8,3.25,0.7868149623224711,-0.23976217596976737,-0.23976217596969324
Chain-attached,0.8,3.3000000000000003,0.7859426145233818,-0.24087149873049168,-0.2408714987303357
Chain-attached,0.8,3.35,0.785088354732823,-0.24195901373365775,-0.2419590137330495
Chain-attached,0.8,3.4000000000000004,0.7842513636650867,-0.243025693098597,-0.2430256930983855
Chain-attached,0.8,3.45,0.7834308604983924,-0.24407246549796283,-0.24407246549879116
Chain-attached,0.8,3.5,0.7826261010124588,-0.24510021809770804,-0.2451002180977863
Chain-attached,0.8,3.5500000000000003,0.7818363758204457,-0.24610979841143876,-0.24610979841136987
Chain-attached,0.8,3.6,0.7810610086901696,-0.24710201607278065,-0.2471020160726678
Chain-attached,0.8,3.6500000000000004,0.7802993549497973,-0.2480776445292527,-0.2480776445287653
Chain-attached,0.8,3.7,0.7795507999735247,-0.2490374226609821,-0.24903742266070103
Chain-attached,0.8,3.75,0.7788147577429629,-0.24998205632751827,-0.24998205632813464
Chain-attached,0.8,3.8000000000000003,0.7780906694802417,-0.2509122198458248,-0.25091221984607864
Chain-attached,0.8,3.85,0.7773780023490336,-0.25182855740244986,-0.2518285574023827
Chain-attached,0.8,3.9000000000000004,0.7766762482199376,-0.2527316844027295,-0.252731684402672
Chain-attached,0.8,3.95,0.7759849224968594,-0.2536221887597672,-0.25362218875942943
Chain-attached,0.8,4.0,0.7753035630011966,-0.25450063212584295,-0.25450063212545776
Chain-attached,0.8,4.05,0.7746317289108475,-0.2553675510687578,-0.25536755106906506
Chain-attached,0.8,4.1000000000000005,0.7739689997511918,-0.25622345819555686,-0.256223458196057
Chain-attached,0.8,4.15,0.773314974435382,-0.25706884322593565,-0.25706884322588414
Chain-attached,0.8,4.2,0.7726692703513927,-0.25790417401758275,-0.25790417401754745
Chain-attached,0.8,4.25,0.7720315224934711,-0.25872989754554554,-0.25872989754538167
Chain-attached,0.8,4.3,0.7714013826356924,-0.2595464408377046,-0.2595464408373127
Chain-attached,0.8,4.3500000000000005,0.7707785185455029,-0.2603542118682832,-0.26035421186820623
Chain-attached,0.8,4.4,0.7701626132352258,-0.26115360041126207,-0.26115360041176555
Chain-attached,0.8,4.45,0.7695533642496037,-0.26194497885550483,-0.2619449788556097
Chain-attached,0.8,4.5,0.7689504829875836,-0.26272870298328177,-0.26272870298323203
Chain-attached,0.8,4.55,0.7683536940566175,-0.26350511271384386,-0.2635051127138027
Chain-attached,0.8,4.6000000000000005,0.7677627346578568,-0.26427453281360747,-0.26427453281337165
Chain-attached,0.8,4.65,0.7671773540007092,-0.26503727357443957,-0.2650372735741163
Chain-attached,0.8,4.7,0.766597312745283,-0.26579363146149376,-0.26579363146160223
Chain-attached,0.8,4.75,0.7660223824713684,-0.2665438897319274,-0.26654388973238397
Chain-attached,0.8,4.800000000000001,0.765452345172616,-0.26728831902584654,-0.26728831902582334
Chain-attached,0.8,4.8500000000000005,0.7648869927746917,-0.2680271779306983,-0.26802717793065894
Chain-attached,0.8,4.9,0.7643261266762217,-0.26876071352032294,-0.2687607135202723
Chain-attached,0.8,4.95,0.7637695573114167,-0.26948916186979266,-0.2694891618695557
Chain-attached,0.8,5.0,0.7632171037333225,-0.2702127485471257,-0.2702127485468533
Chain-attached,0.8,5.050000000000001,0.7626685932166757,-0.27093168908293275,-0.27093168908306225
Chain-attached,0.8,5.1000000000000005,0.7621238608794343,-0.2716461894189651,-0.27164618941937135
Chain-attached,0.8,5.15,0.7615827493220565,-0.2723564463365405,-0.2723564463365231
Chain-attached,0.8,5.2,0.7610451082836871,-0.27306264786572987,-0.27306264786569484
Chain-attached,0.8,5.25,0.7605107943144304,-0.2737649736761815,-0.2737649736761437
Chain-attached,0.8,5.300000000000001,0.7599796704629271,-0.274463595450417,-0.274463595450223
Chain-attached,0.8,5.3500000000000005,0.7594516059785191,-0.2751586772403686,-0.2751586772400993
Chain-attached,0.8,5.4,0.7589264760272806,-0.27585037580793764,-0.27585037580796995
Chain-attached,0.8,5.45,0.7584041614212675,-0.2765388409502774,-0.2765388409506513
Chain-attached,0.8,5.5,0.7578845483603569,-0.2772242158104855,-0.27722421581057255
Chain-attached,0.8,5.550000000000001,0.7573675281860621,-0.27790663717437863,-0.2779066371743428
Chain-attached,0.8,5.6000000000000005,0.7568529971467681,-0.27858623575396346,-0.2785862357539425
Chain-attached,0.8,5.65,0.7563408561738376,-0.2792631364582079,-0.2792631364580958
Chain-attached,0.8,5.7,0.7558310106680723,-0.279937458651689,-0.27993745865143593
Chain-attached,0.8,5.75,0.7553233702960529,-0.28060931640164444,-0.2806093164015084
Chain-attached,0.8,5.800000000000001,0.7548178487958691,-0.28127881871397836,-0.2812788187142118
Chain-attached,0.8,5.8500000000000005,0.7543143637918188,-0.28194606975869274,-0.28194606975899067
Chain-attached,0.8,5.9,0.7538128366176383,-0.2826111690852378,-0.2826111690852143
Chain-attached,0.8,5.95,0.7533131921478716,-0.28327421182822676,-0.28327421182820045
Chain-attached,0.8,6.0,0.7528153586370001,-0.2839352889039419,-0.2839352889039112
Chain-attached,0.8,6.050000000000001,0.7523192675659544,-0.28459448719806607,-0.2845944871979116
Chain-attached,0.8,6.1000000000000005,0.751824853495683,-0.28525188974500904,-0.2852518897447676
Chain-attached,0.8,6.15,0.7513320539274293,-0.28590757589922966,-0.2859075758991742
Chain-attached,0.8,6.2,0.7508408091694144,-0.28656162149890063,-0.28656162149917563
Chain-attached,0.8,6.25,0.7503510622096309,-0.2872140990222547,-0.28721409902249195
Chain-attached,0.8,6.300000000000001,0.7498627585944518,-0.2878650777369576,-0.28786507773693387
Chain-attached,0.8,6.3500000000000005,0.749375846312795,-0.28851462384280424,-0.2885146238427807
Chain-attached,0.8,6.4,0.7488902756855762,-0.2891628006080527,-0.28916280060802285
Chain-attached,0.8,6.45,0.7484059992602105,-0.2898096684996729,-0.28980966849953066
Chain-attached,0.8,6.5,0.7479229717099359,-0.2904552853077726,-0.29045528530754466
Chain-attached,0.8,6.550000000000001,0.7474411497377159,-0.29109970626449283,-0.29109970626440873
Chain-attached,0.8,6.6000000000000005,0.7469604919845344,-0.29174298415757993,-0.2917429841578032
Chain-attached,0.8,6.65,0.7464809589418554,-0.29238516943891335,-0.29238516943918935
Chain-attached,0.8,6.7,0.7460025128680727,-0.2930263103281878,-0.29302631032817056
Chain-attached,0.8,6.75,0.7455251177087661,-0.2936664529119688,-0.29366645291194315
Chain-attached,0.8,6.800000000000001,0.745048739020572,-0.2943056412383473,-0.2943056412383307
Chain-attached,0.8,6.8500000000000005,0.7445733438985256,-0.29494391740736636,-0.29494391740727816
Chain-attached,0.8,6.9,0.7440989009066918,-0.2955813216574323,-0.2955813216572301
Chain-attached,0.8,6.95,0.7436253800119507,-0.2962178924478733,-0.29621789244769775
Chain-attached,0.8,7.0,0.7431527525207898,-0.29685366653781864,-0.29685366653788703
Chain-attached,0.8,7.050000000000001,0.7426809910189578,-0.29748867906157644,-0.2974886790618706
Chain-attached,0.8,7.1000000000000005,0.7422100693138586,-0.29812296360064827,-0.29812296360079826
Chain-attached,0.8,7.15,0.741739962379549,-0.2987565522525512,-0.2987565522525291
Chain-attached,0.8,7.2,0.741270646304231,-0.29938947569657365,-0.29938947569655433
Chain-attached,0.8,7.25,0.7408020982401256,-0.3000217632566009,-0.3000217632565786
Chain-attached,0.8,7.300000000000001,0.7403342963556033,-0.30065344296116325,-0.30065344296105256
Chain-attached,0.8,7.3500000000000005,0.7398672197894957,-0.3012845416007953,-0.3012845416005895
Chain-attached,0.8,7.4,0.7394008486074551,-0.3019150847828674,-0.3019150847827179
Chain-attached,0.8,7.45,0.7389351637602996,-0.30254509698396753,-0.3025450969840563
Chain-attached,0.8,7.5,0.7384701470442363,-0.3031746015999571,-0.3031746016002446
Chain-attached,0.8,7.550000000000001,0.7380057810628773,-0.3038036209938127,-0.30380362099396246
Chain-attached,0.8,7.6000000000000005,0.7375420491909794,-0.3044321765413286,-0.3044321765413079
Chain-attached,0.8,7.65,0.7370789355398089,-0.305060288674808,-0.30506028867478824
Chain-attached,0.8,7.7,0.7366164249240755,-0.3056879769248046,-0.3056879769247887
Chain-attached,0.8,7.75,0.7361545028303603,-0.30631525996000963,-0.3063152599599267
Chain-attached,0.8,7.800000000000001,0.7356931553869607,-0.30694215562537686,-0.3069421556251927
Chain-attached,0.8,7.8500000000000005,0.7352323693351007,-0.30756868097854845,-0.3075686809783636
Chain-attached,0.8,7.9,0.7347721320014322,-0.3081948523246742,-0.30819485232466515
Chain-attached,0.8,7.95,0.7343124312717783,-0.30882068524968137,-0.308820685249908
Chain-attached,0.8,8.0,0.7338532555660622,-0.3094461946520658,-0.3094461946523187
Chain-attached,0.8,8.05,0.7333945938143586,-0.31007139477328216,-0.31007139477329176
Chain-attached,0.8,8.1,0.7329364354340302,-0.3106962992267774,-0.3106962992267538
Chain-attached,0.8,8.15,0.7324787703078828,-0.31132092102575165,-0.3113209210257384
Chain-attached,0.8,8.200000000000001,0.7320215887633145,-0.311945272609673,-0.31194527260964255
Chain-attached,0.8,8.25,0.7315648815523996,-0.31256936586962225,-0.31256936586951223
Chain-attached,0.8,8.3,0.7311086398328551,-0.3131932121725336,-0.3131932121723419
Chain-attached,0.8,8.35,0.730652855149887,-0.31381682238432723,-0.3138168223841672
Chain-attached,0.8,8.4,0.730197519418831,-0.3144402068920473,-0.3144402068920701
Chain-attached,0.8,8.450000000000001,0.7297426249085837,-0.3150633756250067,-0.3150633756252381
Chain-attached,0.8,8.5,0.7292881642257805,-0.31568633807499047,-0.31568633807523205
Chain-attached,0.8,8.55,0.7288341302996679,-0.31630910331559003,-0.3163091033156044
Chain-attached,0.8,8.6,0.728380516367679,-0.31693168002064603,-0.3169316800206234
Chain-attached,0.8,8.65,0.7279273159616396,-0.3175540764819002,-0.3175540764818858
Chain-attached,0.8,8.700000000000001,0.727474522894596,-0.3181763006258634,-0.31817630062584146
Chain-attached,0.8,8.75,0.7270221312482448,-0.31879836002992,-0.31879836002983586
Chain-attached,0.8,8.8,0.7265701353609036,-0.3194202619377548,-0.3194202619375848
Chain-attached,0.8,8.85,0.7261185298160511,-0.3200420132740548,-0.32004201327387105
Chain-attached,0.8,8.9,0.725667309431357,-0.3206636206585945,-0.32066362065853216
Chain-attached,0.8,8.950000000000001,0.7252164692482165,-0.32128509041968223,-0.32128509041982684
Chain-attached,0.8,9.0,0.7247660045217498,-0.3219064286070159,-0.3219064286072839
Chain-attached,0.8,9.05,0.7243159107112505,-0.322527641003972,-0.32252764100412123
Chain-attached,0.8,9.1,0.7238661834710625,-0.3231487331393487,-0.3231487331393328
Chain-attached,0.8,9.15,0.7234168186418661,-0.32376971029859175,-0.3237697102985701
Chain-attached,0.8,9.200000000000001,0.7229678122423533,-0.3243905775345245,-0.3243905775345135
Chain-attached,0.8,9.25,0.7225191604612772,-0.3250113396776022,-0.32501133967757506
Chain-attached,0.8,9.3,0.7220708596498575,-0.32563200134571535,-0.3256320013456208
Chain-attached,0.8,9.35,0.7216229063145252,-0.3262525669535591,-0.32625256695338845
Chain-attached,0.8,9.4,0.7211752971099938,-0.32687304072158746,-0.3268730407214114
Chain-attached,0.8,9.450000000000001,0.7207280288326385,-0.32749342668457604,-0.32749342668451176
Chain-attached,0.8,9.5,0.7202810984141756,-0.3281137286997999,-0.3281137286999257
Chain-attached,0.8,9.55,0.7198345029156187,-0.32873395045486004,-0.32873395045511644
Chain-attached,0.8,9.600000000000001,0.7193882395215125,-0.329354095475154,-0.3293540954753387
Chain-attached,0.8,9.65,0.7189423055344192,-0.32997416713102506,-0.3299741671310178
Chain-attached,0.8,9.700000000000001,0.7184966983696538,-0.3305941686445911,-0.3305941686445697
Chain-attached,0.8,9.75,0.7180514155502573,-0.3312141030962711,-0.33121410309625754
Chain-attached,0.8,9.8,0.7176064547021875,-0.33183397343103144,-0.33183397343101817
Chain-attached,0.8,9.850000000000001,0.7171618135497342,-0.3324537824643462,-0.33245378246429125
Chain-attached,0.8,9.9,0.7167174899111326,-0.33307353288790115,-0.33307353288777264
Chain-attached,0.8,9.950000000000001,0.7162734816943758,-0.333693227275045,-0.33369322727486533
Chain-attached,0.8,10.0,0.7158297868932132,-0.3343128680859996,-0.3343128680858518
Chain-attached,0.8,10.05,0.7153864035833305,-0.3349324576728381,-0.33493245767282337
Chain-attached,0.8,10.100000000000001,0.7149433299186959,-0.33555199828424914,-0.3355519982844095
Chain-attached,0.8,10.15,0.714500564128074,-0.3361714920700859,-0.33617149207033914
Chain-attached,0.8,10.200000000000001,0.7140581045116929,-0.3367909410857158,-0.3367909410858779
Chain-attached,0.8,10.25,0.7136159494380617,-0.3374103472961804,-0.33741034729617025
Chain-attached,0.8,10.3,0.7131740973409296,-0.33802971258016823,-0.33802971258014847
Chain-attached,0.8,10.350000000000001,0.7127325467163794,-0.338649038733818,-0.33864903873380403
Chain-attached,0.8,10.4,0.7122912961200536,-0.33926832747434854,-0.3392683274743381
Chain-attached,0.8,10.450000000000001,0.7118503441645035,-0.33988758044353096,-0.33988758044349054
Chain-attached,0.8,10.5,0.7114096895166554,-0.3405067992110087,-0.34050679921090476
Chain-attached,0.8,10.55,0.7109693308953906,-0.34112598527747123,-0.3411259852773075
Chain-attached,0.8,10.600000000000001,0.710529267069235,-0.3417451400776857,-0.34174514007751783
Chain-attached,0.8,10.65,0.7100894968541489,-0.3423642649833981,-0.34236426498331285
Chain-attached,0.8,10.700000000000001,0.7096500191114186,-0.34298336130610396,-0.34298336130616935
Chain-attached,0.8,10.75,0.7092108327456401,-0.34360243029969845,-0.34360243029990567
Chain-attached,0.8,10.8,0.7087719367027936,-0.3442214731630094,-0.34422147316324425
Chain-attached,0.8,10.850000000000001,0.7083333299684035,-0.3448404910422188,-0.34484049104232284
Chain-attached,0.8,10.9,0.7078950115657809,-0.34545948503317786,-0.3454594850331635
Chain-attached,0.8,10.950000000000001,0.7074569805543447,-0.3460784561836196,-0.3460784561835997
Chain-attached,0.8,11.0,0.7070192360280168,-0.3466974054952744,-0.34669740549526107
Chain-attached,0.8,11.05,0.70658177711369,-0.3473163339258921,-0.34731633392588146
Chain-attached,0.8,11.100000000000001,0.7061446029697629,-0.34793524239117624,-0.3479352423911395
Chain-attached,0.8,11.15,0.705707712784742,-0.3485541317666311,-0.3485541317665386
Chain-attached,0.8,11.200000000000001,0.7052711057759051,-0.34917300288932773,-0.3491730028891789
Chain-attached,0.8,11.25,0.7048347811880216,-0.3497918565595983,-0.3497918565594303
Chain-attached,0.8,11.3,0.7043987382921381,-0.35041069354264115,-0.3504106935425252
Chain-attached,0.8,11.350000000000001,0.7039629763844067,-0.3510295145700749,-0.35102951457007836
Chain-attached,0.8,11.4,0.703527494784975,-0.3516483203414079,-0.351648320341553
Chain-attached,0.8,11.450000000000001,0.7030922928369229,-0.3522671115254487,-0.35226711152568
Chain-attached,0.8,11.5,0.7026573699052415,-0.3528858887616602,-0.3528858887618496
Chain-attached,0.8,11.55,0.7022227253758683,-0.35350465266144193,-0.35350465266148223
Chain-attached,0.8,11.600000000000001,0.7017883586547534,-0.3541234038093689,-0.3541234038093538
Chain-attached,0.8,11.65,0.7013542691669763,-0.3547421427643671,-0.35474214276434834
Chain-attached,0.8,11.700000000000001,0.7009204563558995,-0.3553608700608383,-0.35536087006082745
Chain-attached,0.8,11.75,0.7004869196823553,-0.35597958620974274,-0.3559795862097322
Chain-attached,0.8,11.8,0.7000536586238773,-0.35659829169962276,-0.356598291699588
Chain-attached,0.8,11.850000000000001,0.6996206726739587,-0.3572169869975908,-0.3572169869975077
Chain-attached,0.8,11.9,0.6991879613413471,-0.35783567255027005,-0.35783567255013404
Chain-attached,0.8,11.950000000000001,0.6987555241493714,-0.35845434878469185,-0.35845434878453164
Chain-attached,0.8,12.0,0.6983233606352944,-0.3590730161091612,-0.3590730161090294
Chain-attached,0.8,12.05,0.6978914703497017,-0.35969167491407184,-0.35969167491402976
Chain-attached,0.8,12.100000000000001,0.6974598528559086,-0.3603103255726996,-0.36031032557278275
Chain-attached,0.8,12.15,0.6970285077294016,-0.36092896844194944,-0.3609289684421405
Chain-attached,0.8,12.200000000000001,0.696597434557302,-0.36154760386307283,-0.36154760386329343
Chain-attached,0.8,12.25,0.6961666329378475,-0.3621662321623631,-0.36216623216249755
Chain-attached,0.8,12.3,0.6957361024799091,-0.362784853651801,-0.362784853651804
Chain-attached,0.8,12.350000000000001,0.6953058428025173,-0.36340346862969186,-0.36340346862967626
Chain-attached,0.8,12.4,0.6948758535344166,-0.3640220773812613,-0.3640220773812444
Chain-attached,0.8,12.450000000000001,0.6944461343136401,-0.3646406801792283,-0.36464068017921897
Chain-attached,0.8,12.5,0.6940166847870953,-0.3652592772843598,-0.3652592772843499
Chain-attached,0.8,12.55,0.6935875046101807,-0.3658778689459874,-0.3658778689459581
Chain-attached,0.8,12.600000000000001,0.6931585934464067,-0.3664964554025161,-0.36649645540244613
Chain-attached,0.8,12.65,0.6927299509670425,-0.3671150368819,-0.36711503688178226
Chain-attached,0.8,12.700000000000001,0.6923015768507761,-0.36773361360210033,-0.3677336136019516
Chain-attached,0.8,12.75,0.6918734707833856,-0.3683521857715276,-0.3683521857713854
Chain-attached,0.8,12.8,0.6914456324574328,-0.368970753589455,-0.36897075358937004
Chain-attached,0.8,12.850000000000001,0.6910180615719617,-0.3695893172464262,-0.36958931724643934
Chain-attached,0.8,12.9,0.6905907578322179,-0.37020787692463153,-0.3702078769247549
Chain-attached,0.8,12.950000000000001,0.6901637209493758,-0.3708264327982793,-0.3708264327984786
Chain-attached,0.8,13.0,0.6897369506402814,-0.3714449850339412,-0.3714449850341388
Chain-attached,0.8,13.05,0.6893104466271995,-0.37206353379089524,-0.372063533791
Chain-attached,0.8,13.100000000000001,0.6888842086375853,-0.3726820792214349,-0.3726820792214308
Chain-attached,0.8,13.15,0.6884582364038505,-0.3733006214711848,-0.37330062147117
Chain-attached,0.8,13.200000000000001,0.6880325296631518,-0.3739191606793885,-0.3739191606793718
Chain-attached,0.8,13.25,0.6876070881571853,-0.3745376969791857,-0.37453769697917605
Chain-attached,0.8,13.3,0.6871819116319832,-0.3751562304978897,-0.3751562304978826
Chain-attached,0.8,13.350000000000001,0.686756999837732,-0.37577476135723276,-0.37577476135721316
Chain-attached,0.8,13.4,0.6863323525285903,-0.3763932896736141,-0.376393289673565
Chain-attached,0.8,13.450000000000001,0.6859079694625136,-0.3770118155583375,-0.37701181555824675
Chain-attached,0.8,13.5,0.6854838504010979,-0.37763033911782506,-0.3776303391176993
Chain-attached,0.8,13.55,0.6850599951094105,-0.3782488604538461,-0.3782488604537051
Chain-attached,0.8,13.600000000000001,0.684636403355851,-0.37886737966370676,-0.37886737966358547
Chain-attached,0.8,13.65,0.6842130749120016,-0.3794858968404541,-0.3794858968403909
Chain-attached,0.8,13.700000000000001,0.6837900095524946,-0.3801044120730568,-0.3801044120730829
Chain-attached,0.8,13.75,0.6833672070548757,-0.3807229254465909,-0.3807229254467112
Chain-attached,0.8,13.8,0.6829446671994828,-0.38134143704240664,-0.3813414370425916
Chain-attached,0.8,13.850000000000001,0.6825223897693259,-0.3819599469382898,-0.3819599469384781
Chain-attached,0.8,13.9,0.6821003745499715,-0.38257845520862266,-0.38257845520874023
Chain-attached,0.8,13.950000000000001,0.6816786213294357,-0.38319696192452796,-0.38319696192454233
Chain-attached,0.8,14.0,0.6812571298980785,-0.38381546715401405,-0.38381546715400205
Chain-attached,0.8,14.05,0.6808359000485013,-0.3844339709621162,-0.38443397096210097
Chain-attached,0.8,14.100000000000001,0.6804149315754568,-0.3850524734110177,-0.38505247341100535
Chain-attached,0.8,14.15,0.6799942242757548,-0.3856709745601816,-0.3856709745601743
Chain-attached,0.8,14.200000000000001,0.679573777948176,-0.38628947446646705,-0.3862894744664577
Chain-attached,0.8,14.25,0.6791535923933893,-0.38690797318424275,-0.38690797318422
Chain-attached,0.8,14.3,0.6787336674138699,-0.38752647076550084,-0.3875264707654511
Chain-attached,0.8,14.350000000000001,0.6783140028138264,-0.38814496725995506,-0.38814496725987124
Chain-attached,0.8,14.4,0.6778945983991266,-0.3887634627151447,-0.3887634627150293
Chain-attached,0.8,14.450000000000001,0.6774754539772302,-0.38938195717652513,-0.3893819571763949
Chain-attached,0.8,14.5,0.6770565693571199,-0.3900004506875641,-0.3900004506874468
Chain-attached,0.8,14.55,0.6766379443492379,-0.39061894328982893,-0.3906189432897538
Chain-attached,0.8,14.600000000000001,0.6762195787654277,-0.3912374350230655,-0.3912374350230581
Chain-attached,0.8,14.65,0.6758014724188757,-0.3918559259252804,-0.3918559259253527
Chain-attached,0.8,14.700000000000001,0.6753836251240556,-0.3924744160328162,-0.39247441603295896
Chain-attached,0.8,14.75,0.6749660366966753,-0.39309290538042524,-0.3930929053806048
Chain-attached,0.8,14.8,0.6745487069536248,-0.3937113940013426,-0.39371139400150346
Chain-attached,0.8,14.850000000000001,0.6741316357129324,-0.3943298819273441,-0.3943298819274341
Chain-attached,0.8,14.9,0.6737148227937143,-0.3949483691888186,-0.39494836918882464
Chain-attached,0.8,14.950000000000001,0.6732982680161335,-0.3955668558148231,-0.39556685581481166
Chain-attached,0.8,15.0,0.6728819712013564,-0.39618534183314325,-0.3961853418331302
Chain-attached,0.8,15.05,0.6724659321715111,-0.39680382727035146,-0.3968038272703408
Chain-attached,0.8,15.100000000000001,0.6720501507496519,-0.3974223121518557,-0.39742231215184926
Chain-attached,0.8,15.15,0.6716346267597205,-0.39804079650195334,-0.3980407965019469
Chain-attached,0.8,15.200000000000001,0.6712193600265134,-0.39865928034387627,-0.39865928034386244
Chain-attached,0.8,15.25,0.6708043503756457,-0.399277763699841,-0.39927776369981116
Chain-attached,0.8,15.3,0.6703895976335171,-0.39989624659109646,-0.39989624659104056
Chain-attached,0.8,15.350000000000001,0.6699751016272885,-0.40051472903795593,-0.4005147290378722
Chain-attached,0.8,15.4,0.6695608621848445,-0.4011332110598491,-0.40113321105974115
Chain-attached,0.8,15.450000000000001,0.6691468791347731,-0.40175169267535044,-0.4017516926752338
Chain-attached,0.8,15.5,0.668733152306332,-0.4023701739022265,-0.402370173902121
Chain-attached,0.8,15.55,0.6683196815294267,-0.4029886547574657,-0.4029886547573934
Chain-attached,0.8,15.600000000000001,0.6679064666345864,-0.403607135257312,-0.4036071352572935
Chain-attached,0.8,15.65,0.6674935074529381,-0.40422561541730173,-0.4042256154173467
Chain-attached,0.8,15.700000000000001,0.6670808038161887,-0.4048440952522873,-0.4048440952523948
Chain-attached,0.8,15.75,0.666668355556599,-0.40546257477647474,-0.40546257477662606
Chain-attached,0.8,15.8,0.6662561625069645,-0.4060810540034493,-0.40608105400360894
Chain-attached,0.8,15.850000000000001,0.6658442245005982,-0.4066995329462004,-0.4066995329463261
Chain-attached,0.8,15.9,0.6654325413713088,-0.40731801161715164,-0.40731801161720876
Chain-attached,0.8,15.950000000000001,0.6650211129533875,-0.40793649002817906,-0.40793649002817545
Chain-attached,0.8,16.0,0.6646099390815857,-0.4085549681906425,-0.4085549681906328
Chain-attached,0.8,16.05,0.6641990195911004,-0.4091734461154065,-0.40917344611539475
Chain-attached,0.8,16.1,0.6637883543175613,-0.40979192381285745,-0.4097919238128473
Chain-attached,0.8,16.150000000000002,0.6633779430970126,-0.41041040129293016,-0.410410401292923
Chain-attached,0.8,16.2,0.6629677857659015,-0.41102887856512205,-0.41102887856511683
Chain-attached,0.8,16.25,0.6625578821610628,-0.4116473556385173,-0.41164735563850985
Chain-attached,0.8,16.3,0.6621482321197054,-0.4122658325218037,-0.4122658325217863
Chain-attached,0.8,16.35,0.6617388354794026,-0.41288430922328745,-0.4128843092232532
Chain-attached,0.8,16.400000000000002,0.6613296920780762,-0.4135027857509146,-0.413502785750857
Chain-attached,0.8,16.45,0.6609208017539921,-0.4141212621122777,-0.41412126211219846
Chain-attached,0.8,16.5,0.6605121643457413,-0.4147397383146426,-0.41473973831454725
Chain-attached,0.8,16.55,0.6601037796922335,-0.4153582143649571,-0.41535821436485526
Chain-attached,0.8,16.6,0.6596956476326875,-0.4159766902698647,-0.41597669026977013
Chain-attached,0.8,16.650000000000002,0.6592877680066213,-0.4165951660357182,-0.4165951660356464
Chain-attached,0.8,16.7,0.6588801406538437,-0.41721364166859165,-0.4172136416685579
Chain-attached,0.8,16.75,0.6584727654144445,-0.41783211717429414,-0.41783211717431
Chain-attached,0.8,16.8,0.6580656421287856,-0.41845059255838296,-0.4184505925584504
Chain-attached,0.8,16.85,0.6576587706374951,-0.41906906782617015,-0.41906906782628184
Chain-attached,0.8,16.900000000000002,0.6572521507814584,-0.41968754298273714,-0.41968754298287425
Chain-attached,0.8,16.95,0.6568457824018128,-0.4203060180329407,-0.42030601803307677
Chain-attached,0.8,17.0,0.656439665339937,-0.42092449298142887,-0.4209244929815333
Chain-attached,0.8,17.05,0.656033799437447,-0.4215429678326461,-0.4215429678326946
Chain-attached,0.8,17.1,0.6556281845361944,-0.42216144259083505,-0.422161442590836
Chain-attached,0.8,17.150000000000002,0.655222820478247,-0.42277991726006614,-0.42277991726005765
Chain-attached,0.8,17.2,0.6548177071058978,-0.4233983918442221,-0.423398391844212
Chain-attached,0.8,17.25,0.6544128442616514,-0.42401686634701913,-0.4240168663470094
Chain-attached,0.8,17.3,0.6540082317882188,-0.42463534077201304,-0.4246353407720035
Chain-attached,0.8,17.35,0.65360386952852,-0.42525381512259597,-0.425253815122591
Chain-attached,0.8,17.400000000000002,0.6531997573256657,-0.42587228940202315,-0.4258722894020192
Chain-attached,0.8,17.45,0.6527958950229642,-0.42649076361340155,-0.4264907636133943
Chain-attached,0.8,17.5,0.652392282463913,-0.42710923775970266,-0.427109237759687
Chain-attached,0.8,17.55,0.6519889194921936,-0.42772771184376956,-0.4277277118437397
Chain-attached,0.8,17.6,0.6515858059516718,-0.4283461858683164,-0.4283461858682717
Chain-attached,0.8,17.650000000000002,0.6511829416863852,-0.42896465983594667,-0.42896465983588494
Chain-attached,0.8,17.7,0.650780326540549,-0.4295831337491442,-0.4295831337490683
Chain-attached,0.8,17.75,0.6503779603585469,-0.43020160761028653,-0.4302016076102013
Chain-attached,0.8,17.8,0.649975842984929,-0.4308200814216472,-0.4308200814215609
Chain-attached,0.8,17.85,0.6495739742644103,-0.43143855518539903,-0.4314385551853226
Chain-attached,0.8,17.900000000000002,0.6491723540418641,-0.4320570289036223,-0.4320570289035658
Chain-attached,0.8,17.95,0.648770982162323,-0.43267550257830373,-0.4326755025782777
Chain-attached,0.8,18.0,0.6483698584709724,-0.4332939762113456,-0.43329397621135646
Chain-attached,0.8,18.05,0.6479689828131507,-0.4339124498045656,-0.43391244980461574
Chain-attached,0.8,18.1,0.6475683550343452,-0.434530923359703,-0.43453092335978805
Chain-attached,0.8,18.150000000000002,0.6471679749801902,-0.43514939687842014,-0.43514939687853005
Chain-attached,0.8,18.2,0.6467678424964639,-0.4357678703623075,-0.4357678703624258
Chain-attached,0.8,18.25,0.6463679574290875,-0.4363863438128857,-0.43638634381299224
Chain-attached,0.8,18.3,0.6459683196241216,-0.43700481723160917,-0.43700481723168455
Chain-attached,0.8,18.35,0.6455689289277649,-0.4376232906198686,-0.43762329061990135
Chain-attached,0.8,18.400000000000002,0.6451697851863523,-0.438241763978994,-0.43824176397899206
Chain-attached,0.8,18.45,0.6447708882463523,-0.43886023731025736,-0.4388602373102502
Chain-attached,0.8,18.5,0.6443722379543664,-0.4394787106148751,-0.439478710614867
Chain-attached,0.8,18.55,0.6439738341571254,-0.4400971838940111,-0.4400971838940023
Chain-attached,0.8,18.6,0.6435756767014905,-0.44071565714877686,-0.4407156571487695
Chain-attached,0.8,18.650000000000002,0.6431777654344496,-0.4413341303802363,-0.4413341303802314
Chain-attached,0.8,18.7,0.6427801002031155,-0.4419526035894076,-0.441952603589404
Chain-attached,0.8,18.75,0.6423826808547262,-0.4425710767772637,-0.4425710767772597
Chain-attached,0.8,18.8,0.6419855072366425,-0.4431895499447346,-0.4431895499447276
Chain-attached,0.8,18.85,0.6415885791963468,-0.44380802309271017,-0.4438080230926973
Chain-attached,0.8,18.900000000000002,0.6411918965814415,-0.4444264962220418,-0.4444264962220197
Chain-attached,0.8,18.95,0.6407954592396485,-0.44504496933354265,-0.44504496933350973
Chain-attached,0.8,19.0,0.6403992670188068,-0.44566344242799205,-0.44566344242794714
Chain-attached,0.8,19.05,0.6400033197668727,-0.44628191550613405,-0.4462819155060773
Chain-attached,0.8,19.1,0.6396076173319186,-0.4469003885686801,-0.4469003885686145
Chain-attached,0.8,19.150000000000002,0.6392121595621308,-0.44751886161631105,-0.4475188616162409
Chain-attached,0.8,19.200000000000003,0.6388169463058102,-0.4481373346496775,-0.4481373346496092
Chain-attached,0.8,19.25,0.6384219774113691,-0.4487558076694028,-0.4487558076693424
Chain-attached,0.8,19.3,0.6380272527273325,-0.4493742806760821,-0.44937428067603646
Chain-attached,0.8,19.35,0.6376327721023363,-0.449992753670285,-0.44999275367026026
Chain-attached,0.8,19.400000000000002,0.6372385353851264,-0.45061122665255554,-0.45061122665255665
Chain-attached,0.8,19.450000000000003,0.6368445424245579,-0.45122969962341497,-0.4512296996234441
Chain-attached,0.8,19.5,0.6364507930695948,-0.45184817258336063,-0.45184817258341725
Chain-attached,0.8,19.55,0.6360572871693084,-0.45246664553286975,-0.452466645532949
Chain-attached,0.8,19.6,0.6356640245728772,-0.45308511847239774,-0.4530851184724912
Chain-attached,0.8,19.650000000000002,0.6352710051295867,-0.4537035914023794,-0.4537035914024766
Chain-attached,0.8,19.700000000000003,0.6348782286888276,-0.4543220643232319,-0.4543220643233198
Chain-attached,0.8,19.75,0.6344856951000957,-0.454940537235354,-0.45494053723541966
Chain-attached,0.8,19.8,0.6340934042129922,-0.4555590101391256,-0.45555901013916195
Chain-attached,0.8,19.85,0.633701355877221,-0.4561774830349121,-0.45617748303491956
Chain-attached,0.8,19.900000000000002,0.6333095499425901,-0.45679595592306205,-0.4567959559230571
Chain-attached,0.8,19.950000000000003,0.6329179862590112,-0.4574144288039077,-0.4574144288039026
Chain-attached,0.8,20.0,0.6325266646764968,-0.45803290167776883,-0.45803290167776306
Chain-attached,0.8,20.05,0.6321355850451627,-0.4586513745449492,-0.458651374544944
Chain-attached,0.8,20.1,0.6317447472152243,-0.45926984740574217,-0.4592698474057372
Chain-attached,0.8,20.150000000000002,0.6313541510370011,-0.45988832026042403,-0.45988832026042104
Chain-attached,0.8,20.200000000000003,0.6309637963609099,-0.4605067931092631,-0.46050679310926146
Chain-attached,0.8,20.25,0.6305736830374694,-0.46112526595251435,-0.46112526595251246
Chain-attached,0.8,20.3,0.6301838109172981,-0.4617437387904203,-0.4617437387904178
Chain-attached,0.8,20.35,0.6297941798511125,-0.4623622116232159,-0.46236221162321023
Chain-attached,0.8,20.400000000000002,0.6294047896897303,-0.4629806844511223,-0.4629806844511123
Chain-attached,0.8,20.450000000000003,0.6290156402840653,-0.4635991572743544,-0.4635991572743381
Chain-attached,0.8,20.5,0.628626731485131,-0.4642176300931159,-0.46421763009309175
Chain-attached,0.8,20.55,0.6282380631440395,-0.46483610290760075,-0.46483610290756894
Chain-attached,0.8,20.6,0.6278496351119986,-0.465454575717997,-0.46545457571795723
Chain-attached,0.8,20.650000000000002,0.6274614472403155,-0.4660730485244817,-0.46607304852443554
Chain-attached,0.8,20.700000000000003,0.6270734993803928,-0.46669152132722636,-0.46669152132717584
Chain-attached,0.8,20.75,0.6266857913837302,-0.4673099941263948,-0.4673099941263419
Chain-attached,0.8,20.8,0.6262983231019251,-0.4679284669221411,-0.4679284669220902
Chain-attached,0.8,20.85,0.6259110943866691,-0.46854693971461664,-0.468546939714571
Chain-attached,0.8,20.900000000000002,0.6255241050897522,-0.46916541250396193,-0.4691654125039265
Chain-attached,0.8,20.950000000000003,0.6251373550630571,-0.4697838852903157,-0.46978388529029325
Chain-attached,0.8,21.0,0.6247508441585641,-0.470402358073808,-0.4704023580738009
Chain-attached,0.8,21.05,0.6243645722283491,-0.4710208308545619,-0.4710208308545736
Chain-attached,0.8,21.1,0.6239785391245807,-0.47163930363269907,-0.47163930363272893
Chain-attached,0.8,21.150000000000002,0.6235927446995246,-0.47225777640833244,-0.47225777640837957
Chain-attached,0.8,21.200000000000003,0.6232071888055403,-0.4728762491815709,-0.4728762491816331
Chain-attached,0.8,21.25,0.6228218712950802,-0.47349472195252107,-0.4734947219525918
Chain-attached,0.8,21.3,0.6224367920206938,-0.47411319472128,-0.47411319472135427
Chain-attached,0.8,21.35,0.6220519508350216,-0.4747316674879458,-0.474731667488015
Chain-attached,0.8,21.400000000000002,0.6216673475908008,-0.4753501402526077,-0.47535014025266553
Chain-attached,0.8,21.450000000000003,0.6212829821408601,-0.47596861301535376,-0.47596861301539445
Chain-attached,0.8,21.5,0.6208988543381218,-0.47658708577626846,-0.4765870857762885
Chain-attached,0.8,21.55,0.6205149640356031,-0.47720555853543,-0.4772055585354334
Chain-attached,0.8,21.6,0.6201313110864118,-0.4778240312929173,-0.477824031292914
Chain-attached,0.8,21.650000000000002,0.6197478953437519,-0.4784425040488006,-0.4784425040487976
Chain-attached,0.8,21.700000000000003,0.619364716660917,-0.47906097680315196,-0.4790609768031484
Chain-attached,0.8,21.75,0.6189817748912955,-0.4796794495560371,-0.47967944955603353
Chain-attached,0.8,21.8,0.6185990698883671,-0.4802979223075211,-0.48029792230751744
Chain-attached,0.8,21.85,0.6182166015057058,-0.4809163950576629,-0.480916395057661
Chain-attached,0.8,21.900000000000002,0.6178343695969749,-0.48153486780652344,-0.4815348678065222
Chain-attached,0.8,21.950000000000003,0.6174523740159321,-0.4821533405541575,-0.4821533405541568
Chain-attached,0.8,22.0,0.6170706146164266,-0.48277181330061847,-0.48277181330061825
Chain-attached,0.8,22.05,0.6166890912523987,-0.4833902860459585,-0.48339028604595713
Chain-attached,0.8,22.1,0.6163078037778823,-0.4840087587902241,-0.4840087587902222
Chain-attached,0.8,22.150000000000002,0.6159267520470002,-0.48462723153346476,-0.48462723153346066
Chain-attached,0.8,22.200000000000003,0.6155459359139684,-0.48524570427572433,-0.48524570427571656
Chain-attached,0.8,22.25,0.6151653552330946,-0.4858641770170453,-0.4858641770170334
Chain-attached,0.8,22.3,0.614785009858776,-0.4864826497574699,-0.48648264975745203
Chain-attached,0.8,22.35,0.6144048996455046,-0.48710112249703386,-0.48710112249701204
Chain-attached,0.8,22.400000000000002,0.6140250244478587,-0.487719595235778,-0.48771959523575104
Chain-attached,0.8,22.450000000000003,0.6136453841205106,-0.48833806797373724,-0.4883380679737055
Chain-attached,0.8,22.5,0.6132659785182225,-0.4889565407109462,-0.4889565407109097
Chain-attached,0.8,22.55,0.6128868074958482,-0.48957501344743637,-0.4895750134473976
Chain-attached,0.8,22.6,0.6125078709083321,-0.4901934861832383,-0.4901934861831999
Chain-attached,0.8,22.650000000000002,0.6121291686107071,-0.4908119589183848,-0.4908119589183474
Chain-attached,0.8,22.700000000000003,0.6117507004580988,-0.4914304316529028,-0.4914304316528688
Chain-attached,0.8,22.75,0.6113724663057217,-0.49204890438682103,-0.49204890438679144
Chain-attached,0.8,22.8,0.6109944660088823,-0.4926673771201642,-0.49266737712014175
Chain-attached,0.8,22.85,0.6106166994229768,-0.4932858498529563,-0.493285849852944
Chain-attached,0.8,22.900000000000002,0.6102391664034896,-0.493904322585224,-0.4939043225852222
Chain-attached,0.8,22.950000000000003,0.6098618668059972,-0.49452279531698884,-0.4945227953169986
Chain-attached,0.8,23.0,0.6094848004861648,-0.49514126804827374,-0.49514126804829456
Chain-attached,0.8,23.05,0.6091079672997489,-0.4957597407790981,-0.4957597407791299
Chain-attached,0.8,23.1,0.6087313671025949,-0.496378213509482,-0.49637821350952427
Chain-attached,0.8,23.150000000000002,0.6083549997506371,-0.496996686239446,-0.4969966862394959
Chain-attached,0.8,23.200000000000003,0.6079788650999003,-0.497615158969008,-0.4976151589690624
Chain-attached,0.8,23.25,0.6076029630064983,-0.498233631698186,-0.4982336316982402
Chain-attached,0.8,23.3,0.6072272933266357,-0.49885210442699557,-0.4988521044270464
Chain-attached,0.8,23.35,0.6068518559166057,-0.49947057715545196,-0.4994705771554968
Chain-attached,0.8,23.400000000000002,0.6064766506327893,-0.5000890498835731,-0.5000890498836077
Chain-attached,0.8,23.450000000000003,0.6061016773316587,-0.5007075226113723,-0.5007075226113942
Chain-attached,0.8,23.5,0.605726935869774,-0.5013259953388645,-0.5013259953388733
Chain-attached,0.8,23.55,0.6053524261037859,-0.5019444680660613,-0.5019444680660619
Chain-attached,0.8,23.6,0.6049781478904331,-0.5025629407929759,-0.5025629407929757
Chain-attached,0.8,23.650000000000002,0.6046041010865423,-0.5031814135196222,-0.5031814135196215
Chain-attached,0.8,23.700000000000003,0.6042302855490305,-0.5037998862460109,-0.5037998862460099
Chain-attached,0.8,23.75,0.6038567011349024,-0.5044183589721541,-0.5044183589721524
Chain-attached,0.8,23.8,0.6034833477012533,-0.5050368316980608,-0.5050368316980592
Chain-attached,0.8,23.85,0.6031102251052658,-0.5056553044237413,-0.5056553044237411
Chain-attached,0.8,23.900000000000002,0.6027373332042099,-0.5062737771492074,-0.5062737771492076
Chain-attached,0.8,23.950000000000003,0.6023646718554461,-0.5068922498744672,-0.5068922498744681
Chain-attached,0.8,24.0,0.601992240916422,-0.5075107225995307,-0.5075107225995312
Chain-attached,0.8,24.05,0.601620040244675,-0.5081291953244054,-0.5081291953244057
Chain-attached,0.8,24.1,0.6012480696978303,-0.5087476680490989,-0.5087476680491
Chain-attached,0.8,24.150000000000002,0.6008763291336,-0.5093661407736209,-0.5093661407736211
Chain-attached,0.8,24.200000000000003,0.6005048184097864,-0.5099846134979772,-0.5099846134979772
Chain-attached,0.8,24.25,0.6001335373842775,-0.5106030862221775,-0.5106030862221748
Chain-attached,0.8,24.3,0.5997624859150531,-0.5112215589462252,-0.5112215589462216
Chain-attached,0.8,24.35,0.5993916638601776,-0.5118400316701286,-0.5118400316701234
Chain-attached,0.8,24.400000000000002,0.5990210710778037,-0.5124585043938951,-0.5124585043938872
Chain-attached,0.8,24.450000000000003,0.5986507074261739,-0.513076977117529,-0.5130769771175187
Chain-attached,0.8,24.5,0.5982805727636162,-0.5136954498410379,-0.5136954498410237
Chain-attached,0.8,24.55,0.5979106669485488,-0.5143139225644252,-0.5143139225644083
Chain-attached,0.8,24.6,0.5975409898394766,-0.5149323952876957,-0.5149323952876778
Chain-attached,0.8,24.650000000000002,0.59717154129499,-0.5155508680108574,-0.5155508680108372
Chain-attached,0.8,24.700000000000003,0.59680232117377,-0.5161693407339131,-0.5161693407338911
Chain-attached,0.8,24.75,0.5964333293345828,-0.516787813456869,-0.516787813456845
Chain-attached,0.8,24.8,0.5960645656362846,-0.5174062861797274,-0.517406286179703
Chain-attached,0.8,24.85,0.5956960299378177,-0.5180247589024922,-0.5180247589024694
Chain-attached,0.8,24.900000000000002,0.59532772209821,-0.5186432316251699,-0.5186432316251481
Chain-attached,0.8,24.950000000000003,0.5949596419765792,-0.5192617043477626,-0.5192617043477435
Chain-attached,0.8,25.0,0.5945917894321283,-0.5198801770702761,-0.5198801770702589
Chain-attached,0.8,25.05,0.5942241643241498,-0.5204986497927109,-0.5204986497926978
Chain-attached,0.8,25.1,0.5938567665120215,-0.5211171225150715,-0.5211171225150635
Chain-attached,0.8,25.150000000000002,0.5934895958552078,-0.521735595237362,-0.521735595237359
Chain-attached,0.8,25.200000000000003,0.5931226522132615,-0.5223540679595845,-0.5223540679595874
Chain-attached,0.8,25.25,0.5927559354458211,-0.5229725406817436,-0.5229725406817513
Chain-attached,0.8,25.3,0.5923894454126134,-0.5235910134038402,-0.5235910134038531
Chain-attached,0.8,25.35,0.5920231819734515,-0.5242094861258764,-0.5242094861258956
Chain-attached,0.8,25.400000000000002,0.5916571449882342,-0.5248279588478563,-0.5248279588478805
Chain-attached,0.8,25.450000000000003,0.5912913343169472,-0.5254464315697829,-0.5254464315698106
Chain-attached,0.8,25.5,0.5909257498196635,-0.5260649042916588,-0.5260649042916876
Chain-attached,0.8,25.55,0.5905603913565436,-0.5266833770134839,-0.5266833770135135
Chain-attached,0.8,25.6,0.5901952587878332,-0.5273018497352611,-0.527301849735291
Chain-attached,0.8,25.650000000000002,0.5898303519738637,-0.5279203224569939,-0.5279203224570213
Chain-attached,0.8,25.700000000000003,0.5894656707750547,-0.5285387951786831,-0.5285387951787069
Chain-attached,0.8,25.75,0.5891012150519107,-0.529157267900332,-0.5291572679003498
Chain-attached,0.8,25.8,0.5887369846650248,-0.5297757406219393,-0.5297757406219521
Chain-attached,0.8,25.85,0.588372979475073,-0.5303942133435098,-0.5303942133435166
Chain-attached,0.8,25.900000000000002,0.5880091993428187,-0.5310126860650459,-0.5310126860650458
Chain-attached,0.8,25.950000000000003,0.5876456441291155,-0.5316311587865432,-0.5316311587865427
Chain-attached,0.8,26.0,0.5872823136948955,-0.5322496315080101,-0.532249631508009
Chain-attached,0.8,26.05,0.5869192079011827,-0.5328681042294446,-0.5328681042294433
Chain-attached,0.8,26.1,0.5865563266090847,-0.5334865769508491,-0.5334865769508474
Chain-attached,0.8,26.150000000000002,0.5861936696797945,-0.5341050496722267,-0.5341050496722225
Chain-attached,0.8,26.200000000000003,0.5858312369745956,-0.5347235223935723,-0.5347235223935701
Chain-attached,0.8,26.25,0.5854690283548498,-0.5353419951148937,-0.5353419951148913
Chain-attached,0.8,26.3,0.5851070436820102,-0.5359604678361896,-0.5359604678361873
Chain-attached,0.8,26.35,0.5847452828176134,-0.5365789405574612,-0.5365789405574594
Chain-attached,0.8,26.400000000000002,0.5843837456232813,-0.5371974132787116,-0.5371974132787081
Chain-attached,0.8,26.450000000000003,0.5840224319607256,-0.5378158859999361,-0.5378158859999348
Chain-attached,0.8,26.5,0.5836613416917366,-0.5384343587211412,-0.5384343587211402
Chain-attached,0.8,26.55,0.5833004746781952,-0.5390528314423255,-0.539052831442325
Chain-attached,0.8,26.6,0.5829398307820658,-0.5396713041634906,-0.5396713041634902
Chain-attached,0.8,26.650000000000002,0.5825794098653982,-0.5402897768846376,-0.5402897768846365
Chain-attached,0.8,26.700000000000003,0.5822192117903285,-0.5409082496057666,-0.540908249605765
Chain-attached,0.8,26.75,0.5818592364190769,-0.5415267223268787,-0.541526722326876
Chain-attached,0.8,26.8,0.5814994836139497,-0.5421451950479744,-0.5421451950479703
Chain-attached,0.8,26.85,0.5811399532373377,-0.5427636677690546,-0.5427636677690492
Chain-attached,0.8,26.900000000000002,0.5807806451517171,-0.5433821404901199,-0.5433821404901126
Chain-attached,0.8,26.950000000000003,0.5804215592196491,-0.5440006132111712,-0.5440006132111611
Chain-attached,0.8,27.0,0.5800626953037801,-0.5446190859322086,-0.5446190859321962
Chain-attached,0.8,27.05,0.5797040532668408,-0.5452375586532333,-0.5452375586532183
Chain-attached,0.8,27.1,0.5793456329716475,-0.5458560313742457,-0.5458560313742278
Chain-attached,0.8,27.150000000000002,0.578987434281101,-0.5464745040952461,-0.5464745040952254
Chain-attached,0.8,27.200000000000003,0.578629457058187,-0.5470929768162351,-0.5470929768162114
Chain-attached,0.8,27.25,0.5782717011659759,-0.5477114495372133,-0.5477114495371871
Chain-attached,0.8,27.3,0.5779141664676231,-0.5483299222581806,-0.5483299222581525
Chain-attached,0.8,27.35,0.5775568528263674,-0.5489483949791383,-0.5489483949791086
Chain-attached,0.8,27.400000000000002,0.5771997601055333,-0.5495668677000868,-0.5495668677000555
Chain-attached,0.8,27.450000000000003,0.57684288816853,-0.5501853404210257,-0.5501853404209939
Chain-attached,0.8,27.5,0.5764862368788505,-0.5508038131419559,-0.5508038131419244
Chain-attached,0.8,27.55,0.5761298061000723,-0.5514222858628779,-0.551422285862847
Chain-attached,0.8,27.6,0.5757735956958572,-0.5520407585837921,-0.5520407585837627
Chain-attached,0.8,27.650000000000002,0.5754176055299517,-0.5526592313046987,-0.5526592313046713
Chain-attached,0.8,27.700000000000003,0.5750618354661863,-0.553277704025598,-0.5532777040255734
Chain-attached,0.8,27.75,0.5747062853684758,-0.5538961767464903,-0.5538961767464694
Chain-attached,0.8,27.8,0.5743509551008193,-0.5545146494673754,-0.5545146494673594
Chain-attached,0.8,27.85,0.5739958445272991,-0.5551331221882547,-0.5551331221882435
Chain-attached,0.8,27.900000000000002,0.5736409535120827,-0.5557515949091282,-0.5557515949091221
Chain-attached,0.8,27.950000000000003,0.5732862819194209,-0.5563700676299956,-0.5563700676299953
Chain-attached,0.8,28.0,0.572931829613649,-0.5569885403508572,-0.5569885403508629
Chain-attached,0.8,28.05,0.5725775964591854,-0.5576070130717137,-0.5576070130717254
Chain-attached,0.8,28.1,0.5722235823205329,-0.558225485792565,-0.5582254857925828
Chain-attached,0.8,28.150000000000002,0.5718697870622782,-0.5588439585134114,-0.5588439585134348
Chain-attached,0.8,28.200000000000003,0.5715162105490912,-0.5594624312342532,-0.559462431234282
Chain-attached,0.8,28.25,0.5711628526457257,-0.5600809039550905,-0.5600809039551236
Chain-attached,0.8,28.3,0.5708097132170193,-0.5606993766759236,-0.56069937667596
Chain-attached,0.8,28.35,0.5704567921278934,-0.5613178493967522,-0.5613178493967916
Chain-attached,0.8,28.400000000000002,0.570104089243352,-0.561936322117577,-0.5619363221176181
Chain-attached,0.8,28.450000000000003,0.5697516044284829,-0.5625547948383989,-0.5625547948384392
Chain-attached,0.8,28.5,0.5693993375484585,-0.5631732675592165,-0.5631732675592556
Chain-attached,0.8,28.55,0.5690472884685329,-0.563791740280031,-0.5637917402800674
Chain-attached,0.8,28.6,0.5686954570540446,-0.5644102130008422,-0.5644102130008742
Chain-attached,0.8,28.650000000000002,0.5683438431704148,-0.5650286857216501,-0.5650286857216771
Chain-attached,0.8,28.700000000000003,0.5679924466831484,-0.5656471584424547,-0.5656471584424762
Chain-attached,0.8,28.75,0.5676412674578326,-0.5662656311632572,-0.5662656311632721
Chain-attached,0.8,28.8,0.5672903053601391,-0.5668841038840561,-0.5668841038840657
Chain-attached,0.8,28.85,0.5669395602558208,-0.5675025766048534,-0.567502576604858
Chain-attached,0.8,28.900000000000002,0.566589032010716,-0.568121049325647,-0.5681210493256499
Chain-attached,0.8,28.950000000000003,0.566238720490743,-0.5687395220464395,-0.5687395220464413
Chain-attached,0.8,29.0,0.565888625561906,-0.5693579947672286,-0.5693579947672308
Chain-attached,0.8,29.05,0.5655387470902898,-0.5699764674880161,-0.5699764674880179
Chain-attached,0.8,29.1,0.5651890849420629,-0.5705949402088019,-0.5705949402088031
Chain-attached,0.8,29.150000000000002,0.5648396389834772,-0.5712134129295848,-0.571213412929586
Chain-attached,0.8,29.200000000000003,0.5644904090808658,-0.5718318856503665,-0.5718318856503675
Chain-attached,0.8,29.25,0.5641413951006458,-0.5724503583711458,-0.5724503583711469
Chain-attached,0.8,29.3,0.5637925969093158,-0.5730688310919236,-0.5730688310919245
Chain-attached,0.8,29.35,0.5634440143734576,-0.5736873038127002,-0.5736873038127006
Chain-attached,0.8,29.400000000000002,0.563095647359736,-0.5743057765334743,-0.5743057765334753
Chain-attached,0.8,29.450000000000003,0.5627474957348967,-0.5749242492542477,-0.5749242492542481
Chain-attached,0.8,29.5,0.5623995593657695,-0.575542721975019,-0.5755427219750197
Chain-attached,0.8,29.55,0.5620518381192653,-0.5761611946957887,-0.5761611946957901
Chain-attached,0.8,29.6,0.5617043318623772,-0.5767796674165584,-0.576779667416559
Chain-attached,0.8,29.650000000000002,0.5613570404621826,-0.5773981401373252,-0.5773981401373263
Chain-attached,0.8,29.700000000000003,0.5610099637858377,-0.5780166128580921,-0.5780166128580926
Chain-attached,0.8,29.75,0.5606631017005843,-0.5786350855788567,-0.5786350855788578
Chain-attached,0.8,29.8,0.5603164540737436,-0.5792535582996208,-0.5792535582996217
Chain-attached,0.8,29.85,0.5599700207727198,-0.5798720310203846,-0.5798720310203844
Chain-attached,0.8,29.900000000000002,0.5596238016650006,-0.5804905037411459,-0.5804905037411461
Chain-attached,0.8,29.950000000000003,0.5592777966181526,-0.5811089764619072,-0.5811089764619066
Chain-attached,0.8,30.0,0.558932005499827,-0.5817274491826666,-0.5817274491826661
Chain-attached,0.8,30.05,0.5585864281777553,-0.5823459219034252,-0.5823459219034249
Chain-attached,0.8,30.1,0.5582410645197503,-0.5829643946241845,-0.5829643946241826
Chain-attached,0.8,30.150000000000002,0.5578959143937092,-0.5835828673449412,-0.5835828673449395
Chain-attached,0.8,30.200000000000003,0.5575509776676078,-0.5842013400656985,-0.5842013400656954
Chain-attached,0.8,30.25,0.5572062542095053,-0.5848198127864543,-0.5848198127864506
Chain-attached,0.8,30.3,0.5568617438875423,-0.5854382855072093,-0.585438285507205
Chain-attached,0.8,30.35,0.55651744656994,-0.5860567582279641,-0.5860567582279587
Chain-attached,0.8,30.400000000000002,0.5561733621250025,-0.5866752309487175,-0.5866752309487118
Chain-attached,0.8,30.450000000000003,0.5558294904211136,-0.5872937036694712,-0.5872937036694643
Chain-attached,0.8,30.5,0.5554858313267406,-0.5879121763902233,-0.5879121763902161
Chain-attached,0.8,30.55,0.5551423847104299,-0.5885306491109754,-0.5885306491109674
Chain-attached,0.8,30.6,0.5547991504408109,-0.5891491218317266,-0.5891491218317183
Chain-attached,0.8,30.650000000000002,0.5544561283865924,-0.5897675945524787,-0.5897675945524689
Chain-attached,0.8,30.700000000000003,0.5541133184165675,-0.5903860672732284,-0.5903860672732186
Chain-attached,0.8,30.75,0.5537707203996071,-0.5910045399939783,-0.5910045399939685
Chain-attached,0.8,30.8,0.5534283342046646,-0.5916230127147278,-0.5916230127147177
Chain-attached,0.8,30.85,0.5530861597007747,-0.5922414854354769,-0.5922414854354665
Chain-attached,0.8,30.900000000000002,0.5527441967570521,-0.5928599581562264,-0.5928599581562153
Chain-attached,0.8,30.950000000000003,0.5524024452426944,-0.5934784308769738,-0.5934784308769638
Chain-attached,0.8,31.0,0.5520609050269776,-0.5940969035977215,-0.5940969035977121
Chain-attached,0.8,31.05,0.5517195759792596,-0.5947153763184693,-0.5947153763184599
Chain-attached,0.8,31.1,0.5513784579689798,-0.5953338490392162,-0.5953338490392076
Chain-attached,0.8,31.150000000000002,0.5510375508656564,-0.595952321759964,-0.5959523217599555
Chain-attached,0.8,31.200000000000003,0.5506968545388917,-0.5965707944807093,-0.5965707944807028
Chain-attached,0.8,31.25,0.5503563688583644,-0.5971892672014558,-0.5971892672014503
Chain-attached,0.8,31.3,0.5500160936938366,-0.5978077399222017,-0.5978077399221973
Chain-attached,0.8,31.35,0.5496760289151496,-0.5984262126429485,-0.5984262126429445
Chain-attached,0.8,31.400000000000002,0.5493361743922268,-0.5990446853636937,-0.5990446853636915
Chain-attached,0.8,31.450000000000003,0.5489965299950709,-0.5996631580844377,-0.5996631580844382
Chain-attached,0.8,31.5,0.548657095593764,-0.6002816308051826,-0.6002816308051846
Chain-attached,0.8,31.55,0.54831787105847,-0.600900103525927,-0.600900103525931
Chain-attached,0.8,31.6,0.5479788562594319,-0.6015185762466726,-0.601518576246677
Chain-attached,0.8,31.650000000000002,0.5476400510669751,-0.6021370489674167,-0.602137048967423
Chain-attached,0.8,31.700000000000003,0.5473014553515035,-0.6027555216881597,-0.6027555216881686
Chain-attached,0.8,31.75,0.5469630689835004,-0.6033739944089036,-0.6033739944089141
Chain-attached,0.8,31.8,0.5466248918335305,-0.6039924671296473,-0.6039924671296591
Chain-attached,0.8,31.85,0.5462869237722381,-0.604610939850391,-0.6046109398504039
Chain-attached,0.8,31.900000000000002,0.5459491646703477,-0.6052294125711346,-0.6052294125711484
Chain-attached,0.8,31.950000000000003,0.5456116143986645,-0.6058478852918765,-0.6058478852918924
Chain-attached,0.8,32.0,0.5452742728280708,-0.6064663580126194,-0.6064663580126362
Chain-attached,0.8,32.050000000000004,0.5449371398295315,-0.6070848307333624,-0.6070848307333794
Chain-attached,0.8,32.1,0.5446002152740899,-0.607703303454106,-0.6077033034541222
Chain-attached,0.8,32.15,0.5442634990328705,-0.6083217761748481,-0.6083217761748646
Chain-attached,0.8,32.2,0.5439269909770762,-0.6089402488955896,-0.6089402488956066
Chain-attached,0.8,32.25,0.5435906909779891,-0.6095587216163316,-0.6095587216163479
Chain-attached,0.8,32.300000000000004,0.5432545989069717,-0.610177194337074,-0.6101771943370893
Chain-attached,0.8,32.35,0.5429187146354659,-0.6107956670578166,-0.6107956670578301
Chain-attached,0.8,32.4,0.5425830380349936,-0.6114141397785587,-0.6114141397785705
Chain-attached,0.8,32.45,0.5422475689771562,-0.6120326124992994,-0.6120326124993105
Chain-attached,0.8,32.5,0.5419123073336323,-0.6126510852200414,-0.6126510852200504
Chain-attached,0.8,32.550000000000004,0.5415772529761826,-0.6132695579407825,-0.6132695579407903
Chain-attached,0.8,32.6,0.5412424057766448,-0.6138880306615252,-0.6138880306615301
Chain-attached,0.8,32.65,0.5409077656069387,-0.6145065033822665,-0.6145065033822701
Chain-attached,0.8,32.7,0.540573332339061,-0.6151249761030069,-0.6151249761030105
Chain-attached,0.8,32.75,0.5402391058450875,-0.6157434488237478,-0.6157434488237513
Chain-attached,0.8,32.800000000000004,0.5399050859971738,-0.6163619215444891,-0.6163619215444915
Chain-attached,0.8,32.85,0.5395712726675544,-0.6169803942652308,-0.6169803942652299
Chain-attached,0.8,32.9,0.5392376657285436,-0.617598866985972,-0.6175988669859673
Chain-attached,0.8,32.95,0.5389042650525339,-0.6182173397067121,-0.6182173397067044
Chain-attached,0.8,33.0,0.5385710705119958,-0.618835812427453,-0.6188358124274412
Chain-attached,0.8,33.050000000000004,0.5382380819794801,-0.6194542851481937,-0.6194542851481785
Chain-attached,0.8,33.1,0.5379052993276151,-0.6200727578689356,-0.6200727578689157
Chain-attached,0.8,33.15,0.53757272242911,-0.6206912305896759,-0.6206912305896537
Chain-attached,0.8,33.2,0.5372403511567508,-0.6213097033104158,-0.6213097033103923
Chain-attached,0.8,33.25,0.5369081853834021,-0.6219281760311564,-0.6219281760311315
Chain-attached,0.8,33.300000000000004,0.536576224982008,-0.6225466487518969,-0.6225466487518714
Chain-attached,0.8,33.35,0.5362444698255904,-0.6231651214726381,-0.6231651214726122
Chain-attached,0.8,33.4,0.5359129197872506,-0.6237835941933789,-0.6237835941933533
Chain-attached,0.8,33.45,0.5355815747401689,-0.6244020669141179,-0.624402066914095
Chain-attached,0.8,33.5,0.5352504345576011,-0.6250205396348583,-0.625020539634837
Chain-attached,0.8,33.550000000000004,0.5349194991128841,-0.6256390123555987,-0.6256390123555791
Chain-attached,0.8,33.6,0.5345887682794316,-0.62625748507634,-0.6262574850763215
Chain-attached,0.8,33.65,0.5342582419307375,-0.6268759577970803,-0.6268759577970636
Chain-attached,0.8,33.7,0.5339279199403727,-0.6274944305178192,-0.6274944305178058
Chain-attached,0.8,33.75,0.5335978021819846,-0.6281129032385597,-0.6281129032385475
Chain-attached,0.8,33.800000000000004,0.5332678885293017,-0.6287313759592996,-0.6287313759592889
Chain-attached,0.8,33.85,0.5329381788561282,-0.6293498486800407,-0.6293498486800295
Chain-attached,0.8,33.9,0.5326086730363485,-0.6299683214007806,-0.6299683214007692
Chain-attached,0.8,33.95,0.5322793709439235,-0.6305867941215201,-0.6305867941215083
Chain-attached,0.8,34.0,0.531950272452892,-0.63120526684226,-0.6312052668422463
Chain-attached,0.8,34.050000000000004,0.531621377437371,-0.6318237395629999,-0.6318237395629833
Chain-attached,0.8,34.1,0.531292685771555,-0.6324422122837408,-0.6324422122837191
Chain-attached,0.8,34.15,0.5309641973297177,-0.6330606850044806,-0.6330606850044533
Chain-attached,0.8,34.2,0.5306359119862091,-0.63367915772522,-0.6336791577251867
Chain-attached,0.8,34.25,0.5303078296154572,-0.634297630445959,-0.6342976304459187
Chain-attached,0.8,34.300000000000004,0.529979950091967,-0.6349161031666992,-0.6349161031666494
Chain-attached,0.8,34.35,0.5296522732903218,-0.6355345758874402,-0.6355345758873788
Chain-attached,0.8,34.4,0.5293247990851838,-0.6361530486081799,-0.6361530486081071
Chain-attached,0.8,34.45,0.5289975273512908,-0.6367715213289191,-0.6367715213288341
Chain-attached,0.8,34.5,0.5286704579634578,-0.637389994049659,-0.63738999404956
Chain-attached,0.8,34.550000000000004,0.5283435907965786,-0.6380084667703987,-0.638008466770285
Chain-attached,0.8,34.6,0.5280169257256231,-0.6386269394911392,-0.6386269394910087
Chain-attached,0.8,34.65,0.5276904626256405,-0.639245412211878,-0.6392454122117319
Chain-attached,0.8,34.7,0.5273642013717544,-0.6398638849326179,-0.6398638849324543
Chain-attached,0.8,34.75,0.5270381418391668,-0.6404823576533596,-0.6404823576531762
Chain-attached,0.8,34.800000000000004,0.5267122839031602,-0.641100830374097,-0.6411008303738976
Chain-attached,0.8,34.85,0.5263866274390876,-0.641719303094837,-0.6417193030946189
Chain-attached,0.8,34.9,0.5260611723223843,-0.6423377758155766,-0.6423377758153401
Chain-attached,0.8,34.95,0.5257359184285605,-0.6429562485363165,-0.6429562485360617
Chain-attached,0.8,35.0,0.5254108656332032,-0.6435747212570577,-0.6435747212567833
Chain-attached,0.8,35.050000000000004,0.5250860138119794,-0.6441931939777958,-0.6441931939775057
Chain-attached,0.8,35.1,0.5247613628406281,-0.6448116666985353,-0.6448116666982288
Chain-attached,0.8,35.15,0.5244369125949682,-0.6454301394192751,-0.6454301394189528
Chain-attached,0.8,35.2,0.5241126629508946,-0.6460486121400147,-0.6460486121396779
Chain-attached,0.8,35.25,0.5237886137843786,-0.6466670848607561,-0.6466670848604044
Chain-attached,0.8,35.300000000000004,0.5234647649714709,-0.6472855575814942,-0.6472855575811323
Chain-attached,0.8,35.35,0.5231411163882942,-0.6479040303022335,-0.6479040303018619
Chain-attached,0.8,35.4,0.522817667911051,-0.6485225030229727,-0.6485225030225935
Chain-attached,0.8,35.45,0.5224944194160192,-0.6491409757437123,-0.6491409757433271
Chain-attached,0.8,35.5,0.5221713707795536,-0.6497594484644522,-0.6497594484640627
Chain-attached,0.8,35.550000000000004,0.5218485218780855,-0.6503779211851918,-0.6503779211848009
Chain-attached,0.8,35.6,0.5215258725881224,-0.6509963939059313,-0.6509963939055414
Chain-attached,0.8,35.65,0.5212034227862482,-0.6516148666266708,-0.6516148666262845
Chain-attached,0.8,35.7,0.5208811723491231,-0.6522333393474105,-0.6522333393470303
Chain-attached,0.8,35.75,0.5205591211534837,-0.6528518120681497,-0.6528518120677788
Chain-attached,0.8,35.800000000000004,0.5202372690761421,-0.6534702847888896,-0.65347028478853
Chain-attached,0.8,35.85,0.5199156159939881,-0.6540887575096287,-0.6540887575092839
Chain-attached,0.8,35.9,0.5195941617839857,-0.6547072302303686,-0.6547072302300406
Chain-attached,0.8,35.95,0.5192729063231765,-0.655325702951108,-0.6553257029508002
Chain-attached,0.8,36.0,0.5189518494886772,-0.6559441756718477,-0.6559441756715624
Chain-attached,0.8,36.050000000000004,0.5186309911576813,-0.6565626483925872,-0.6565626483923273
Chain-attached,0.8,36.1,0.5183103312074573,-0.6571811211133268,-0.6571811211130947
Chain-attached,0.8,36.15,0.5179898695153503,-0.6577995938340662,-0.6577995938338641
Chain-attached,0.8,36.2,0.517669605958781,-0.6584180665548055,-0.6584180665546361
Chain-attached,0.8,36.25,0.5173495404152453,-0.6590365392755455,-0.6590365392754102
Chain-attached,0.8,36.300000000000004,0.5170296727623163,-0.6596550119962848,-0.659655011996186
Chain-attached,0.8,36.35,0.5167100028776414,-0.6602734847170242,-0.6602734847169633
Chain-attached,0.8,36.4,0.516390530638944,-0.6608919574377636,-0.6608919574377421
Chain-attached,0.8,36.45,0.5160712559240234,-0.6615104301585035,-0.6615104301585221
Chain-attached,0.8,36.5,0.5157521786107546,-0.6621289028792428,-0.6621289028793026
Chain-attached,0.8,36.550000000000004,0.5154332985770874,-0.6627473755999823,-0.6627473756000839
Chain-attached,0.8,36.6,0.5151146157010476,-0.6633658483207219,-0.6633658483208651
Chain-attached,0.8,36.65,0.5147961298607366,-0.6639843210414608,-0.6639843210416461
Chain-attached,0.8,36.7,0.5144778409343301,-0.6646027937622005,-0.6646027937624261
Chain-attached,0.8,36.75,0.5141597488000806,-0.6652212664829399,-0.6652212664832056
Chain-attached,0.8,36.800000000000004,0.5138418533363146,-0.6658397392036799,-0.6658397392039833
Chain-attached,0.8,36.85,0.513524154421435,-0.6664582119244193,-0.6664582119247594
Chain-attached,0.8,36.9,0.5132066519339189,-0.6670766846451586,-0.6670766846455334
Chain-attached,0.8,36.95,0.5128893457523189,-0.6676951573658978,-0.6676951573663046
Chain-attached,0.8,37.0,0.5125722357552626,-0.6683136300866375,-0.668313630087073
Chain-attached,0.8,37.050000000000004,0.5122553218214527,-0.6689321028073769,-0.6689321028078379
Chain-attached,0.8,37.1,0.5119386038296672,-0.6695505755281166,-0.6695505755285991
Chain-attached,0.8,37.15,0.5116220816587586,-0.6701690482488559,-0.6701690482493562
Chain-attached,0.8,37.2,0.5113057551876546,-0.670787520969595,-0.6707875209701091
Chain-attached,0.8,37.25,0.5109896242953574,-0.6714059936903345,-0.6714059936908572
Chain-attached,0.8,37.300000000000004,0.510673688860944,-0.6720244664110746,-0.6720244664116007
Chain-attached,0.8,37.35,0.5103579487635672,-0.6726429391318138,-0.6726429391323391
Chain-attached,0.8,37.4,0.5100424038824533,-0.6732614118525531,-0.6732614118530726
Chain-attached,0.8,37.45,0.5097270540969033,-0.673879884573293,-0.6738798845738009
Chain-attached,0.8,37.5,0.5094118992862939,-0.6744983572940323,-0.6744983572945238
Chain-attached,0.8,37.550000000000004,0.5090969393300754,-0.6751168300147717,-0.6751168300152421
Chain-attached,0.8,37.6,0.508782174107773,-0.6757353027355109,-0.6757353027359554
Chain-attached,0.8,37.65,0.5084676034989862,-0.6763537754562502,-0.6763537754566642
Chain-attached,0.8,37.7,0.5081532273833888,-0.6769722481769902,-0.676972248177369
Chain-attached,0.8,37.75,0.5078390456407302,-0.6775907208977288,-0.6775907208980705
Chain-attached,0.8,37.800000000000004,0.5075250581508317,-0.6782091936184693,-0.6782091936187695
Chain-attached,0.8,37.85,0.507211264793592,-0.6788276663392082,-0.6788276663394662
Chain-attached,0.8,37.9,0.5068976654489816,-0.6794461390599476,-0.6794461390601623
Chain-attached,0.8,37.95,0.506584259997046,-0.6800646117806874,-0.6800646117808589
Chain-attached,0.8,38.0,0.5062710483179057,-0.6806830845014263,-0.680683084501557
Chain-attached,0.8,38.050000000000004,0.5059580302917535,-0.6813015572221663,-0.6813015572222585
Chain-attached,0.8,38.1,0.5056452057988582,-0.6819200299429055,-0.6819200299429653
Chain-attached,0.8,38.15,0.5053325747195614,-0.6825385026636448,-0.6825385026636792
Chain-attached,0.8,38.2,0.5050201369342788,-0.6831569753843847,-0.6831569753844029
Chain-attached,0.8,38.25,0.5047078923235011,-0.6837754481051237,-0.6837754481051399
Chain-attached,0.8,38.300000000000004,0.5043958407677913,-0.6843939208258633,-0.684393920825904
Chain-attached,0.8,38.35,0.5040839821477873,-0.6850123935466028,-0.6850123935466905
Chain-attached,0.8,38.400000000000006,0.5037723163442007,-0.6856308662673417,-0.6856308662674895
Chain-attached,0.8,38.45,0.5034608432378158,-0.6862493389880822,-0.6862493389882929
Chain-attached,0.8,38.5,0.5031495627094931,-0.6868678117088208,-0.686867811709095
Chain-attached,0.8,38.550000000000004,0.5028384746401634,-0.6874862844295608,-0.6874862844298912
Chain-attached,0.8,38.6,0.5025275789108344,-0.6881047571502995,-0.6881047571506781
Chain-attached,0.8,38.650000000000006,0.5022168754025846,-0.6887232298710393,-0.6887232298714532
Chain-attached,0.8,38.7,0.5019063639965676,-0.6893417025917794,-0.6893417025922158
Chain-attached,0.8,38.75,0.501596044574011,-0.6899601753125183,-0.6899601753129658
Chain-attached,0.8,38.800000000000004,0.5012859170162137,-0.6905786480332581,-0.6905786480337038
Chain-attached,0.8,38.85,0.5009759812045503,-0.6911971207539971,-0.6911971207544307
Chain-attached,0.8,38.900000000000006,0.5006662370204672,-0.6918155934747363,-0.6918155934751491
Chain-attached,0.8,38.95,0.5003566843454842,-0.6924340661954764,-0.6924340661958599
Chain-attached,0.8,39.0,0.5000473230611959,-0.6930525389162152,-0.6930525389165662
Chain-attached,0.8,39.050000000000004,0.4997381530492678,-0.6936710116369551,-0.6936710116372705
Chain-attached,0.8,39.1,0.4994291741914405,-0.6942894843576943,-0.6942894843579759
Chain-attached,0.8,39.150000000000006,0.49912038636952666,-0.6949079570784339,-0.6949079570786845
Chain-attached,0.8,39.2,0.49881178946541227,-0.6955264297991735,-0.6955264297993995
Chain-attached,0.8,39.25,0.4985033833610569,-0.6961449025199123,-0.6961449025201234
Chain-attached,0.8,39.300000000000004,0.49819516793849156,-0.6967633752406523,-0.696763375240859
Chain-attached,0.8,39.35,0.49788714307982224,-0.6973818479613915,-0.6973818479616081
Chain-attached,0.8,39.400000000000006,0.49757930866722627,-0.6980003206821309,-0.6980003206823735
Chain-attached,0.8,39.45,0.4972716645829545,-0.6986187934028703,-0.6986187934031561
Chain-attached,0.8,39.5,0.4969642107093301,-0.6992372661236104,-0.6992372661239585
Chain-attached,0.8,39.550000000000004,0.4966569469287504,-0.699855738844349,-0.6998557388447814
Chain-attached,0.8,39.6,0.4963498731236833,-0.7004742115650885,-0.7004742115656253
Chain-attached,0.8,39.650000000000006,0.4960429891766706,-0.7010926842858282,-0.7010926842864913
Chain-attached,0.8,39.7,0.4957362949703271,-0.7017111570065674,-0.7017111570073794
Chain-attached,0.8,39.75,0.4954297903873388,-0.7023296297273077,-0.7023296297282893
Chain-attached,0.8,39.800000000000004,0.49512347531046674,-0.7029481024480458,-0.7029481024492206
Chain-attached,0.8,39.85,0.4948173496225409,-0.7035665751687855,-0.7035665751701722
Chain-attached,0.8,39.900000000000006,0.4945114132064666,-0.704185047889525,-0.704185047891143
Chain-attached,0.8,39.95,0.49420566594522025,-0.7048035206102643,-0.7048035206121313
Chain-attached,0.8,40.0,0.4939001077218505,-0.7054219933310049,-0.7054219933331347
Chain-attached,0.8,40.050000000000004,0.49359473841948037,-0.7060404660517431,-0.7060404660541519
Chain-attached,0.8,40.1,0.49328955792130164,-0.7066589387724828,-0.70665893877518
Chain-attached,0.8,40.150000000000006,0.492984566110581,-0.7072774114932222,-0.7072774114962159
Chain-attached,0.8,40.2,0.492679762870656,-0.7078958842139624,-0.7078958842172571
Chain-attached,0.8,40.25,0.49237514808493765,-0.7085143569347018,-0.7085143569383001
Chain-attached,0.8,40.300000000000004,0.49207072163690807,-0.7091328296554404,-0.7091328296593418
Chain-attached,0.8,40.35,0.49176648341012086,-0.7097513023761798,-0.7097513023803785
Chain-attached,0.8,40.400000000000006,0.4914624332882026,-0.7103697750969192,-0.710369775101407
Chain-attached,0.8,40.45,0.4911585711548512,-0.7109882478176596,-0.7109882478224234
Chain-attached,0.8,40.5,0.4908548968938375,-0.7116067205383992,-0.7116067205434239
Chain-attached,0.8,40.550000000000004,0.4905514103890038,-0.7122251932591377,-0.7122251932644049
Chain-attached,0.8,40.6,0.49024811152426284,-0.712843665979877,-0.7128436659853634
Chain-attached,0.8,40.650000000000006,0.48994500018360077,-0.7134621387006165,-0.7134621387062954
Chain-attached,0.8,40.7,0.4896420762510744,-0.7140806114213567,-0.7140806114271977
Chain-attached,0.8,40.75,0.48933933961081355,-0.7146990841420963,-0.7146990841480669
Chain-attached,0.8,40.800000000000004,0.4890367901470191,-0.7153175568628347,-0.7153175568689005
Chain-attached,0.8,40.85,0.4887344277439623,-0.715936029583574,-0.7159360295896955
Chain-attached,0.8,40.900000000000006,0.4884322522859873,-0.7165545023043135,-0.7165545023104491
Chain-attached,0.8,40.95,0.48813026365750906,-0.717172975025054,-0.7171729750311595
Chain-attached,0.8,41.0,0.4878284617430152,-0.7177914477457935,-0.7177914477518248
Chain-attached,0.8,41.050000000000004,0.48752684642706423,-0.7184099204665317,-0.7184099204724439
Chain-attached,0.8,41.1,0.48722541759428445,-0.719028393187271,-0.719028393193015
Chain-attached,0.8,41.150000000000006,0.4869241751293771,-0.7196468659080109,-0.7196468659135382
Chain-attached,0.8,41.2,0.4866231189171142,-0.7202653386287514,-0.7202653386340129
Chain-attached,0.8,41.25,0.4863222488423402,-0.7208838113494906,-0.7208838113544395
Chain-attached,0.8,41.300000000000004,0.4860215647899696,-0.721502284070229,-0.7215022840748186
Chain-attached,0.8,41.35,0.48572106664498704,-0.7221207567909687,-0.7221207567951518
Chain-attached,0.8,41.400000000000006,0.4854207542924503,-0.7227392295117079,-0.722739229515441
Chain-attached,0.8,41.45,0.4851206276174865,-0.7233577022324484,-0.7233577022356882
Chain-attached,0.8,41.5,0.48482068650529586,-0.7239761749531877,-0.7239761749558961
Chain-attached,0.8,41.550000000000004,0.48452093084114806,-0.7245946476739263,-0.7245946476760681
Chain-attached,0.8,41.6,0.48422136051038334,-0.7252131203946657,-0.7252131203962081
Chain-attached,0.8,41.650000000000006,0.4839219753984138,-0.7258315931154051,-0.7258315931163206
Chain-attached,0.8,41.7,0.48362277539072174,-0.7264500658361455,-0.7264500658364101
Chain-attached,0.8,41.75,0.48332376037286157,-0.7270685385568846,-0.7270685385564818
Chain-attached,0.8,41.800000000000004,0.4830249302304569,-0.7276870112776237,-0.7276870112765419
Chain-attached,0.8,41.85,0.48272628484920266,-0.7283054839983629,-0.7283054839965956
Chain-attached,0.8,41.900000000000006,0.4824278241148644,-0.7289239567191024,-0.7289239567166502
Chain-attached,0.8,41.95,0.4821295479132779,-0.7295424294398428,-0.7295424294367119
Chain-attached,0.8,42.0,0.4818314561303511,-0.730160902160582,-0.7301609021567875
Chain-attached,0.8,42.050000000000004,0.4815335486520611,-0.7307793748813205,-0.7307793748768847
Chain-attached,0.8,42.1,0.4812358253644548,-0.7313978476020603,-0.7313978475970101
Chain-attached,0.8,42.150000000000006,0.4809382861536515,-0.7320163203227993,-0.7320163203171717
Chain-attached,0.8,42.2,0.48064093090583876,-0.7326347930435397,-0.7326347930373766
Chain-attached,0.8,42.25,0.48034375950727687,-0.7332532657642793,-0.7332532657576315
Chain-attached,0.8,42.300000000000004,0.48004677184429545,-0.7338717384850175,-0.7338717384779438
Chain-attached,0.8,42.35,0.47974996780329293,-0.734490211205757,-0.7344902111983196
Chain-attached,0.8,42.400000000000006,0.47945334727073985,-0.7351086839264964,-0.7351086839187654
Chain-attached,0.8,42.45,0.4791569101331758,-0.735727156647237,-0.7357271566392867
Chain-attached,0.8,42.5,0.47886065627721197,-0.7363456293679767,-0.7363456293598882
Chain-attached,0.8,42.550000000000004,0.478564585589529,-0.7369641020887149,-0.736964102080574
Chain-attached,0.8,42.6,0.47826869795687615,-0.7375825748094543,-0.737582574801347
Chain-attached,0.8,42.650000000000006,0.47797299326607456,-0.7382010475301934,-0.7382010475222089
Chain-attached,0.8,42.7,0.4776774714040138,-0.738819520250934,-0.7388195202431602
Chain-attached,0.8,42.75,0.47738213225765547,-0.7394379929716733,-0.7394379929641999
Chain-attached,0.8,42.800000000000004,0.47708697571402964,-0.7400564656924121,-0.740056465685325
Chain-attached,0.8,42.85,0.47679200166023566,-0.7406749384131517,-0.7406749384065304
Chain-attached,0.8,42.900000000000006,0.476497209983444,-0.7412934111338909,-0.74129341112781
Chain-attached,0.8,42.95,0.4762026005708937,-0.7419118838546314,-0.7419118838491539
Chain-attached,0.8,43.0,0.47590817330989527,-0.7425303565753705,-0.7425303565705502
Chain-attached,0.8,43.050000000000004,0.47561392808782715,-0.7431488292961095,-0.7431488292919842
Chain-attached,0.8,43.1,0.4753198647921383,-0.743767302016848,-0.7437673020134379
Chain-attached,0.8,43.150000000000006,0.47502598331034596,-0.7443857747375882,-0.7443857747348903
Chain-attached,0.8,43.2,0.4747322835300386,-0.7450042474583285,-0.7450042474563155
Chain-attached,0.8,43.25,0.4744387653388742,-0.7456227201790679,-0.745622720177685
Chain-attached,0.8,43.300000000000004,0.47414542862457953,-0.7462411928998063,-0.7462411928989656
Chain-attached,0.8,43.35,0.47385227327494966,-0.746859665620546,-0.7468596656201186
Chain-attached,0.8,43.400000000000006,0.473559299177851,-0.7474781383412854,-0.7474781383411009
Chain-attached,0.8,43.45,0.47326650622121785,-0.7480966110620256,-0.7480966110618832
Chain-attached,0.8,43.5,0.4729738942930558,-0.7487150837827639,-0.7487150837825824
Chain-attached,0.8,43.550000000000004,0.4726814632814366,-0.7493335565035036,-0.7493335565032495
Chain-attached,0.8,43.6,0.47238921307450304,-0.7499520292242448,-0.7499520292239036
Chain-attached,0.8,43.650000000000006,0.4720971435604694,-0.750570501944982,-0.7505705019445592
Chain-attached,0.8,43.7,0.4718052546276135,-0.7511889746657217,-0.7511889746652263
Chain-attached,0.8,43.75,0.47151354616428665,-0.7518074473864612,-0.7518074473859112
Chain-attached,0.8,43.800000000000004,0.47122201805890773,-0.7524259201072009,-0.7524259201066178
Chain-attached,0.8,43.85,0.47093067019996415,-0.753044392827942,-0.7530443928273465
Chain-attached,0.8,43.900000000000006,0.4706395024760152,-0.7536628655486795,-0.7536628655480964
Chain-attached,0.8,43.95,0.47034851477568423,-0.7542813382694189,-0.7542813382688643
Chain-attached,0.8,44.0,0.4700577069876668,-0.7548998109901583,-0.7548998109896459
Chain-attached,0.8,44.050000000000004,0.4697670790007264,-0.7555182837108979,-0.7555182837104364
Chain-attached,0.8,44.1,0.4694766307036947,-0.756136756431639,-0.7561367564312291
Chain-attached,0.8,44.150000000000006,0.46918636198547514,-0.7567552291523767,-0.7567552291520188
Chain-attached,0.8,44.2,0.468896272735035,-0.757373701873116,-0.7573737018727991
Chain-attached,0.8,44.25,0.4686063628414135,-0.7579921745938553,-0.757992174593564
Chain-attached,0.8,44.300000000000004,0.4683166321937176,-0.7586106473145944,-0.7586106473143079
Chain-attached,0.8,44.35,0.46802708068112264,-0.7592291200353342,-0.7592291200350259
Chain-attached,0.8,44.400000000000006,0.46773770819287314,-0.7598475927560735,-0.759847592755713
Chain-attached,0.8,44.45,0.46744851461828124,-0.7604660654768132,-0.7604660654763664
Chain-attached,0.8,44.5,0.4671594998467284,-0.7610845381975523,-0.7610845381969829
Chain-attached,0.8,44.550000000000004,0.4668706637676635,-0.761703010918292,-0.7617030109175605
Chain-attached,0.8,44.6,0.46658200627060475,-0.7623214836390311,-0.7623214836380985
Chain-attached,0.8,44.650000000000006,0.46629352724513784,-0.7629399563597706,-0.7629399563585976
Chain-attached,0.8,44.7,0.46600522658091725,-0.76355842908051,-0.7635584290790586
Chain-attached,0.8,44.75,0.46571710416766543,-0.7641769018012495,-0.7641769017994833
Chain-attached,0.8,44.800000000000004,0.4654291598951732,-0.764795374521989,-0.7647953745198753
Chain-attached,0.8,44.85,0.46514139365329926,-0.7654138472427287,-0.7654138472402381
Chain-attached,0.8,44.900000000000006,0.46485380533197085,-0.7660323199634681,-0.7660323199605771
Chain-attached,0.8,44.95,0.4645663948211828,-0.7666507926842075,-0.7666507926808976
Chain-attached,0.8,45.0,0.4642791620109984,-0.7672692654049466,-0.7672692654012059
Chain-attached,0.8,45.050000000000004,0.4639921067915482,-0.767887738125686,-0.7678877381215089
Chain-attached,0.8,45.1,0.46370522905303124,-0.7685062108464257,-0.768506210841814
Chain-attached,0.8,45.150000000000006,0.46341852868571465,-0.769124683567165,-0.7691246835621289
Chain-attached,0.8,45.2,0.4631320055799328,-0.7697431562879046,-0.7697431562824616
Chain-attached,0.8,45.25,0.4628456596260885,-0.7703616290086436,-0.7703616290028197
Chain-attached,0.8,45.300000000000004,0.4625594907146514,-0.7709801017293834,-0.7709801017232121
Chain-attached,0.8,45.35,0.46227349873616,-0.7715985744501227,-0.7715985744436455
Chain-attached,0.8,45.400000000000006,0.4619876835812198,-0.7722170471708621,-0.772217047164129
Chain-attached,0.8,45.45,0.46170204514050384,-0.7728355198916017,-0.7728355198846691
Chain-attached,0.8,45.5,0.4614165833047535,-0.7734539926123406,-0.7734539926052724
Chain-attached,0.8,45.550000000000004,0.4611312979647764,-0.7740724653330804,-0.7740724653259451
Chain-attached,0.8,45.6,0.46084618901144914,-0.7746909380538197,-0.7746909380466929
Chain-attached,0.8,45.650000000000006,0.4605612563357147,-0.7753094107745595,-0.7753094107675196
Chain-attached,0.8,45.7,0.46027649982858415,-0.7759278834952992,-0.7759278834884291
Chain-attached,0.8,45.75,0.4599919193811359,-0.7765463562160382,-0.7765463562094237
Chain-attached,0.8,45.800000000000004,0.4597075148845152,-0.7771648289367774,-0.7771648289305046
Chain-attached,0.8,45.85,0.45942328622993467,-0.7777833016575173,-0.7777833016516715
Chain-attached,0.8,45.900000000000006,0.45913923330867507,-0.7784017743782564,-0.7784017743729235
Chain-attached,0.8,45.95,0.45885535601208316,-0.779020247098996,-0.7790202470942571
Chain-attached,0.8,46.0,0.4585716542315737,-0.7796387198197354,-0.7796387198156686
Chain-attached,0.8,46.050000000000004,0.45828812785862855,-0.7802571925404744,-0.7802571925371529
Chain-attached,0.8,46.1,0.458004776784796,-0.780875665261214,-0.7808756652587022
Chain-attached,0.8,46.150000000000006,0.45772160090169184,-0.781494137981954,-0.7814941379803089
Chain-attached,0.8,46.2,0.4574386001009995,-0.7821126107026932,-0.7821126107019627
Chain-attached,0.8,46.25,0.45715577427446835,-0.7827310834234326,-0.7827310834236529
Chain-attached,0.8,46.300000000000004,0.45687312331391494,-0.7833495561441722,-0.7833495561453674
Chain-attached,0.8,46.35,0.4565906471112234,-0.7839680288649113,-0.7839680288670922
Chain-attached,0.8,46.400000000000006,0.4563083455583436,-0.7845865015856508,-0.784586501588814
Chain-attached,0.8,46.45,0.4560262185472931,-0.7852049743063902,-0.7852049743105171
Chain-attached,0.8,46.5,0.4557442659701559,-0.7858234470271295,-0.7858234470321861
Chain-attached,0.8,46.550000000000004,0.45546248771908243,-0.7864419197478693,-0.7864419197538048
Chain-attached,0.8,46.6,0.4551808836862909,-0.787060392468608,-0.7870603924753572
Chain-attached,0.8,46.650000000000006,0.45489945376406404,-0.7876788651893484,-0.7876788651968272
Chain-attached,0.8,46.7,0.454618197844754,-0.7882973379100873,-0.7882973379181994
Chain-attached,0.8,46.75,0.45433711582077707,-0.7889158106308266,-0.7889158106394587
Chain-attached,0.8,46.800000000000004,0.45405620758461696,-0.7895342833515666,-0.7895342833605924
Chain-attached,0.8,46.85,0.45377547302882465,-0.7901527560723054,-0.790152756081588
Chain-attached,0.8,46.900000000000006,0.4534949120460157,-0.7907712287930453,-0.7907712288024364
Chain-attached,0.8,46.95,0.4532145245288742,-0.7913897015137843,-0.7913897015231303
Chain-attached,0.8,47.0,0.4529343103701487,-0.7920081742345239,-0.792008174243666
Chain-attached,0.8,47.050000000000004,0.4526542694626552,-0.7926266469552636,-0.7926266469640433
Chain-attached,0.8,47.1,0.45237440169927606,-0.7932451196760025,-0.7932451196842666
Chain-attached,0.8,47.150000000000006,0.45209470697295867,-0.7938635923967424,-0.7938635924043461
Chain-attached,0.8,47.2,0.4518151851767182,-0.7944820651174815,-0.7944820651242964
Chain-attached,0.8,47.25,0.45153583620363485,-0.7951005378382207,-0.7951005378441403
Chain-attached,0.8,47.300000000000004,0.45125665994685477,-0.7957190105589609,-0.7957190105639069
Chain-attached,0.8,47.35,0.4509776562995918,-0.7963374832796997,-0.796337483283634
Chain-attached,0.8,47.400000000000006,0.45069882515512344,-0.7969559560004397,-0.7969559560033693
Chain-attached,0.8,47.45,0.4504201664067955,-0.7975744287211786,-0.79757442872317
Chain-attached,0.8,47.5,0.4501416799480179,-0.7981929014419179,-0.7981929014431051
Chain-attached,0.8,47.550000000000004,0.449863365672267,-0.7988113741626582,-0.7988113741632558
Chain-attached,0.8,47.6,0.4495852234730862,-0.7994298468833971,-0.7994298468837169
Chain-attached,0.8,47.650000000000006,0.44930725324408277,-0.800048319604137,-0.8000483196044761
Chain-attached,0.8,47.7,0.4490294548789315,-0.8006667923248761,-0.8006667923253397
Chain-attached,0.8,47.75,0.4487518282713718,-0.801285265045615,-0.8012852650462553
Chain-attached,0.8,47.800000000000004,0.4484743733152085,-0.8019037377663553,-0.8019037377671855
Chain-attached,0.8,47.85,0.448197089904314,-0.802522210487094,-0.802522210488102
Chain-attached,0.8,47.900000000000006,0.44791997793262384,-0.803140683207834,-0.8031406832089864
Chain-attached,0.8,47.95,0.44764303729414123,-0.8037591559285732,-0.8037591559298272
Chain-attached,0.8,48.0,0.4473662678829336,-0.8043776286493123,-0.8043776286506189
Chain-attached,0.8,48.050000000000004,0.4470896695931339,-0.8049961013700523,-0.8049961013713628
Chain-attached,0.8,48.1,0.44681324231894193,-0.8056145740907911,-0.805614574092062
Chain-attached,0.8,48.150000000000006,0.44653698595462077,-0.8062330468115311,-0.8062330468127256
Chain-attached,0.8,48.2,0.44626090039450095,-0.8068515195322702,-0.8068515195333631
Chain-attached,0.8,48.25,0.44598498553297694,-0.8074699922530095,-0.8074699922539867
Chain-attached,0.8,48.300000000000004,0.4457092412645089,-0.808088464973749,-0.80808846497461
Chain-attached,0.8,48.35,0.4454336674836222,-0.8087069376944891,-0.8087069376952457
Chain-attached,0.8,48.400000000000006,0.44515826408490833,-0.8093254104152277,-0.8093254104159079
Chain-attached,0.8,48.45,0.44488303096302195,-0.8099438831359677,-0.8099438831366093
Chain-attached,0.8,48.5,0.44460796801268504,-0.8105623558567069,-0.8105623558573614
Chain-attached,0.8,48.550000000000004,0.44433307512868325,-0.811180828577446,-0.8111808285781754
Chain-attached,0.8,48.6,0.4440583522058672,-0.8117993012981864,-0.8117993012990598
Chain-attached,0.8,48.650000000000006,0.4437837991391545,-0.8124177740189248,-0.8124177740200222
Chain-attached,0.8,48.7,0.44350941582352493,-0.8130362467396641,-0.8130362467410677
Chain-attached,0.8,48.75,0.44323520215402473,-0.8136547194604039,-0.8136547194621991
Chain-attached,0.8,48.800000000000004,0.4429611580257653,-0.814273192181143,-0.8142731921834178
Chain-attached,0.8,48.85,0.4426872833339216,-0.8148916649018835,-0.8148916649047222
Chain-attached,0.8,48.900000000000006,0.44241357797373565,-0.8155101376226221,-0.815510137626109
Chain-attached,0.8,48.95,0.4421400418405116,-0.8161286103433616,-0.8161286103475726
Chain-attached,0.8,49.0,0.44186667482961994,-0.8167470830641009,-0.816747083069105
Chain-attached,0.8,49.050000000000004,0.44159347683649497,-0.8173655557848414,-0.8173655557906971
Chain-attached,0.8,49.1,0.4413204477566371,-0.8179840285055806,-0.8179840285123371
Chain-attached,0.8,49.150000000000006,0.44104758748561024,-0.8186025012263192,-0.8186025012340122
Chain-attached,0.8,49.2,0.4407748959190422,-0.8192209739470587,-0.8192209739557081
Chain-attached,0.8,49.25,0.4405023729526266,-0.8198394466677981,-0.819839446677409
Chain-attached,0.8,49.300000000000004,0.4402300184821208,-0.8204579193885383,-0.8204579193990985
Chain-attached,0.8,49.35,0.43995783240334735,-0.8210763921092779,-0.8210763921207593
Chain-attached,0.8,49.400000000000006,0.43968581461219314,-0.8216948648300163,-0.8216948648423741
Chain-attached,0.8,49.45,0.43941396500460794,-0.8223133375507559,-0.8223133375639243
Chain-attached,0.8,49.5,0.4391422834766075,-0.8229318102714955,-0.8229318102853929
Chain-attached,0.8,49.550000000000004,0.4388707699242711,-0.8235502829922356,-0.8235502830067624
Chain-attached,0.8,49.6,0.4385994242437431,-0.8241687557129749,-0.8241687557280164
Chain-attached,0.8,49.650000000000006,0.4383282463312313,-0.8247872284337135,-0.8247872284491395
Chain-attached,0.8,49.7,0.43805723608300734,-0.8254057011544529,-0.825405701170117
Chain-attached,0.8,49.75,0.43778639339540765,-0.8260241738751926,-0.8260241738909364
Chain-attached,0.8,49.800000000000004,0.4375157181648325,-0.8266426465959328,-0.8266426466115868
Chain-attached,0.8,49.85,0.4372452102877468,-0.8272611193166721,-0.8272611193320595
Chain-attached,0.8,49.900000000000006,0.4369748696606792,-0.8278795920374105,-0.8278795920523474
Chain-attached,0.8,49.95,0.4367046961802212,-0.8284980647581499,-0.8284980647724467
Chain-attached,0.8,50.0,0.43643468974302935,-0.8291165374788896,-0.8291165374923558
Chain-attached,0.8,50.050000000000004,0.43616485024582374,-0.8297350101996301,-0.829735010212076
Chain-attached,0.8,50.1,0.4358951775853895,-0.8303534829203691,-0.8303534829316114
Chain-attached,0.8,50.150000000000006,0.4356256716585739,-0.8309719556411079,-0.8309719556509696
Chain-attached,0.8,50.2,0.4353563323622883,-0.8315904283618475,-0.831590428370161
Chain-attached,0.8,50.25,0.4350871595935086,-0.8322089010825867,-0.8322089010891989
Chain-attached,0.8,50.300000000000004,0.43481815324927314,-0.8328273738033272,-0.8328273738080999
Chain-attached,0.8,50.35,0.43454931322668583,-0.8334458465240664,-0.833445846526884
Chain-attached,0.8,50.400000000000006,0.43428063942291273,-0.8340643192448051,-0.834064319245573
Chain-attached,0.8,50.45,0.4340121317351835,-0.8346827919655442,-0.8346827919641931
Chain-attached,0.8,50.5,0.43374379006079156,-0.8353012646862837,-0.835301264682772
Chain-attached,0.8,50.550000000000004,0.4334756142970939,-0.8359197374070239,-0.8359197374013396
Chain-attached,0.8,50.6,0.43320760434151157,-0.8365382101277634,-0.8365382101199285
Chain-attached,0.8,50.650000000000006,0.4329397600915285,-0.8371566828485021,-0.8371566828385723
Chain-attached,0.8,50.7,0.4326720814446912,-0.8377751555692419,-0.8377751555573061
Chain-attached,0.8,50.75,0.4324045682986111,-0.8383936282899809,-0.8383936282761647
Chain-attached,0.8,50.800000000000004,0.43213722055096115,-0.8390121010107215,-0.8390121009951842
Chain-attached,0.8,50.85,0.43187003809947994,-0.8396305737314604,-0.8396305737143994
Chain-attached,0.8,50.900000000000006,0.4316030208419671,-0.8402490464521994,-0.8402490464338443
Chain-attached,0.8,50.95,0.4313361686762861,-0.8408675191729391,-0.8408675191535495
Chain-attached,0.8,51.0,0.4310694815003642,-0.8414859918936781,-0.8414859918735434
Chain-attached,0.8,51.050000000000004,0.43080295921219053,-0.8421044646144185,-0.8421044645938502
Chain-attached,0.8,51.1,0.4305366017098188,-0.8427229373351581,-0.8427229373144889
Chain-attached,0.8,51.150000000000006,0.4302704088913654,-0.8433414100558961,-0.8433414100354724
Chain-attached,0.8,51.2,0.43000438065500796,-0.8439598827766359,-0.8439598827568051
Chain-attached,0.8,51.25,0.4297385168989894,-0.844578355497375,-0.8445783554784838
Chain-attached,0.8,51.300000000000004,0.42947281752161365,-0.8451968282181155,-0.8451968282004941
Chain-attached,0.8,51.35,0.42920728242124945,-0.8458153009388552,-0.8458153009228097
Chain-attached,0.8,51.400000000000006,0.42894191149632754,-0.8464337736595935,-0.8464337736453906
Chain-attached,0.8,51.45,0.4286767046453402,-0.847052246380333,-0.847052246368182
Chain-attached,0.8,51.5,0.4284116617668443,-0.847670719101072,-0.8476707190911112
Chain-attached,0.8,51.550000000000004,0.4281467827594577,-0.8482891918218126,-0.8482891918140867
Chain-attached,0.8,51.6,0.4278820675218632,-0.8489076645425522,-0.848907664536995
Chain-attached,0.8,51.650000000000006,0.4276175159528048,-0.8495261372632907,-0.8495261372596995
Chain-attached,0.8,51.7,0.4273531279510885,-0.8501446099840304,-0.8501446099820377
Chain-attached,0.8,51.75,0.42708890341558414,-0.8507630827047696,-0.8507630827038181
Chain-attached,0.8,51.800000000000004,0.42682484224522305,-0.8513815554255101,-0.8513815554248501
Chain-attached,0.8,51.85,0.4265609443390005,-0.8520000281462494,-0.8520000281455726
Chain-attached,0.8,51.900000000000006,0.42629720959597306,-0.852618500866988,-0.8526185008662378
Chain-attached,0.8,51.95,0.4260336379152596,-0.853236973587727,-0.8532369735868802
Chain-attached,0.8,52.0,0.4257702291960415,-0.8538554463084665,-0.8538554463075245
Chain-attached,0.8,52.050000000000004,0.4255069833375626,-0.8544739190292072,-0.8544739190281885
Chain-attached,0.8,52.1,0.42524390023913006,-0.8550923917499464,-0.8550923917488817
Chain-attached,0.8,52.150000000000006,0.42498097980011207,-0.855710864470685,-0.855710864469609
Chain-attached,0.8,52.2,0.42471822191993863,-0.8563293371914247,-0.85632933719037
Chain-attached,0.8,52.25,0.4244556264981032,-0.8569478099121639,-0.8569478099111612
Chain-attached,0.8,52.300000000000004,0.4241931934341602,-0.8575662826329041,-0.8575662826319752
Chain-attached,0.8,52.35,0.4239309226277279,-0.8581847553536426,-0.8581847553528037
Chain-attached,0.8,52.400000000000006,0.42366881397848427,-0.8588032280743823,-0.8588032280736371
Chain-attached,0.8,52.45,0.42340686738617034,-0.8594217007951235,-0.859421700794464
Chain-attached,0.8,52.5,0.4231450827505917,-0.8600401735158606,-0.8600401735152737
Chain-attached,0.8,52.550000000000004,0.4228834599716106,-0.8606586462366006,-0.8606586462360565
Chain-attached,0.8,52.6,0.4226219989491555,-0.8612771189573399,-0.8612771189568018
Chain-attached,0.8,52.650000000000006,0.42236069958321504,-0.8618955916780794,-0.8618955916775015
Chain-attached,0.8,52.7,0.42209956177383917,-0.862514064398821,-0.8625140643981488
Chain-attached,0.8,52.75,0.4218385854211433,-0.863132537119558,-0.8631325371187373
Chain-attached,0.8,52.800000000000004,0.42157777042529865,-0.8637510098402975,-0.8637510098392631
Chain-attached,0.8,52.85,0.4213171166865424,-0.864369482561037,-0.8643694825597249
Chain-attached,0.8,52.900000000000006,0.4210566241051723,-0.8649879552817765,-0.8649879552801224
Chain-attached,0.8,52.95,0.4207962925815468,-0.8656064280025181,-0.8656064280004573
Chain-attached,0.8,53.0,0.4205361220160896,-0.8662249007232554,-0.8662249007207335
Chain-attached,0.8,53.050000000000004,0.4202761123092806,-0.8668433734439946,-0.8668433734409565
Chain-attached,0.8,53.1,0.4200162633616646,-0.867461846164734,-0.8674618461611339
Chain-attached,0.8,53.150000000000006,0.41975657507384734,-0.8680803188854731,-0.8680803188812743
Chain-attached,0.8,53.2,0.41949704734649546,-0.8686987916062129,-0.8686987916013886
Chain-attached,0.8,53.25,0.41923768008033785,-0.8693172643269522,-0.8693172643214879
Chain-attached,0.8,53.300000000000004,0.418978473176164,-0.8699357370476919,-0.869935737041585
Chain-attached,0.8,53.35,0.4187194265348254,-0.8705542097684311,-0.8705542097616936
Chain-attached,0.8,53.400000000000006,0.4184605400572341,-0.8711726824891708,-0.8711726824818276
Chain-attached,0.8,53.45,0.4182018136443643,-0.8717911552099099,-0.8717911552020012
Chain-attached,0.8,53.5,0.41794324719725057,-0.8724096279306492,-0.8724096279222285
Chain-attached,0.8,53.550000000000004,0.4176848406169891,-0.8730281006513887,-0.873028100642524
Chain-attached,0.8,53.6,0.4174265938047371,-0.8736465733721281,-0.8736465733629009
Chain-attached,0.8,53.650000000000006,0.4171685066617131,-0.8742650460928678,-0.8742650460833721
Chain-attached,0.8,53.7,0.41691057908919654,-0.8748835188136074,-0.8748835188039491
Chain-attached,0.8,53.75,0.416652810988528,-0.8755019915343468,-0.8755019915246423
Chain-attached,0.8,53.800000000000004,0.41639520226110893,-0.8761204642550863,-0.8761204642454603
Chain-attached,0.8,53.85,0.41613775280840193,-0.8767389369758254,-0.8767389369664098
Chain-attached,0.8,53.900000000000006,0.41588046253193006,-0.8773574096965648,-0.8773574096874962
Chain-attached,0.8,53.95,0.4156233313332777,-0.8779758824173045,-0.8779758824087218
Chain-attached,0.8,54.0,0.4153663591140902,-0.8785943551380438,-0.8785943551300865
Chain-attached,0.8,54.050000000000004,0.4151095457760734,-0.8792128278587832,-0.8792128278515886
Chain-attached,0.8,54.1,0.41485289122099395,-0.8798313005795224,-0.8798313005732229
Chain-attached,0.8,54.150000000000006,0.4145963953506792,-0.880449773300262,-0.8804497732949819
Chain-attached,0.8,54.2,0.4143400580670174,-0.8810682460210015,-0.8810682460168546
Chain-attached,0.8,54.25,0.41408387927195744,-0.881686718741741,-0.8816867187388284
Chain-attached,0.8,54.300000000000004,0.4138278588675087,-0.8823051914624803,-0.8823051914608877
Chain-attached,0.8,54.35,0.41357199675574124,-0.8829236641832194,-0.8829236641830138
Chain-attached,0.8,54.400000000000006,0.4133162928387854,-0.883542136903959,-0.8835421369051857
Chain-attached,0.8,54.45,0.41306074701883244,-0.8841606096246984,-0.884160609627381
Chain-attached,0.8,54.5,0.41280535919813377,-0.8847790823454381,-0.8847790823495739
Chain-attached,0.8,54.550000000000004,0.41255012927900153,-0.8853975550661776,-0.885397555071739
Chain-attached,0.8,54.6,0.41229505716380815,-0.8860160277869169,-0.8860160277938478
Chain-attached,0.8,54.650000000000006,0.41204014275498624,-0.8866345005076562,-0.886634500515872
Chain-attached,0.8,54.7,0.4117853859550288,-0.8872529732283958,-0.8872529732377832
Chain-attached,0.8,54.75,0.41153078666648935,-0.8878714459491351,-0.8878714459595531
Chain-attached,0.8,54.800000000000004,0.4112763447919814,-0.8884899186698746,-0.8884899186811555
Chain-attached,0.8,54.85,0.4110220602341787,-0.8891083913906143,-0.8891083914025643
Chain-attached,0.8,54.900000000000006,0.41076793289581554,-0.8897268641113534,-0.8897268641237579
Chain-attached,0.8,54.95,0.4105139626796857,-0.8903453368320927,-0.8903453368447183
Chain-attached,0.8,55.0,0.4102601494886434,-0.8909638095528325,-0.8909638095654311
Chain-attached,0.8,55.050000000000004,0.4100064932256034,-0.8915822822735716,-0.8915822822858892
Chain-attached,0.8,55.1,0.4097529937935394,-0.8922007549943113,-0.8922007550060922
Chain-attached,0.8,55.150000000000006,0.40949965109548614,-0.8928192277150507,-0.8928192277260483
Chain-attached,0.8,55.2,0.40924646503453777,-0.8934377004357902,-0.8934377004457759
Chain-attached,0.8,55.25,0.4089934355138484,-0.8940561731565295,-0.8940561731653051
Chain-attached,0.8,55.300000000000004,0.40874056243663215,-0.894674645877269,-0.8946746458846789
Chain-attached,0.8,55.35,0.40848784570616287,-0.8952931185980083,-0.8952931186039559
Chain-attached,0.8,55.400000000000006,0.4082352852257742,-0.895911591318748,-0.8959115913232117
Chain-attached,0.8,55.45,0.4079828808988599,-0.8965300640394869,-0.8965300640425408
Chain-attached,0.8,55.5,0.40773063262887266,-0.8971485367602268,-0.8971485367620591
Chain-attached,0.8,55.550000000000004,0.40747854031932584,-0.897767009480966,-0.8977670094819061
Chain-attached,0.8,55.6,0.4072266038737918,-0.8983854822017052,-0.8983854822022475
Chain-attached,0.8,55.650000000000006,0.40697482319590234,-0.8990039549224453,-0.8990039549229768
Chain-attached,0.8,55.7,0.4067231981893501,-0.8996224276431842,-0.8996224276437639
Chain-attached,0.8,55.75,0.4064717287578855,-0.9002409003639238,-0.9002409003645773
Chain-attached,0.8,55.800000000000004,0.40622041480531984,-0.9008593730846631,-0.9008593730853947
Chain-attached,0.8,55.85,0.40596925623552327,-0.9014778458054022,-0.9014778458062005
Chain-attached,0.8,55.900000000000006,0.40571825295242503,-0.9020963185261425,-0.9020963185269852
Chain-attached,0.8,55.95,0.40546740486001515,-0.9027147912468814,-0.9027147912477438
Chain-attached,0.8,56.0,0.4052167118623413,-0.903333263967621,-0.9033332639684751
Chain-attached,0.8,56.050000000000004,0.4049661738635117,-0.9039517366883605,-0.9039517366891815
Chain-attached,0.8,56.1,0.40471579076769343,-0.9045702094090995,-0.9045702094098673
Chain-attached,0.8,56.150000000000006,0.4044655624791123,-0.9051886821298396,-0.9051886821305395
Chain-attached,0.8,56.2,0.4042154889020547,-0.9058071548505785,-0.9058071548512051
Chain-attached,0.8,56.25,0.4039655699408645,-0.9064256275713184,-0.9064256275718727
Chain-attached,0.8,56.300000000000004,0.4037158054999465,-0.9070441002920572,-0.907044100292551
Chain-attached,0.8,56.35,0.40346619548376284,-0.9076625730127966,-0.9076625730132484
Chain-attached,0.8,56.400000000000006,0.40321673979683553,-0.908281045733537,-0.9082810457339727
Chain-attached,0.8,56.45,0.40296743834374654,-0.9088995184542759,-0.9088995184547308
Chain-attached,0.8,56.5,0.40271829102913503,-0.9095179911750157,-0.9095179911755291
Chain-attached,0.8,56.550000000000004,0.40246929775770074,-0.9101364638957546,-0.9101364638963725
Chain-attached,0.8,56.6,0.40222045843420134,-0.9107549366164935,-0.9107549366172643
Chain-attached,0.8,56.650000000000006,0.40197177296345293,-0.911373409337234,-0.9113734093382068
Chain-attached,0.8,56.7,0.40172324125033265,-0.9119918820579725,-0.9119918820592006
Chain-attached,0.8,56.75,0.40147486319977355,-0.9126103547787128,-0.9126103547802444
Chain-attached,0.8,56.800000000000004,0.40122663871677006,-0.9132288274994519,-0.9132288275013358
Chain-attached,0.8,56.85,0.40097856770637363,-0.9138473002201911,-0.9138473002224712
Chain-attached,0.8,56.900000000000006,0.40073065007369485,-0.914465772940931,-0.914465772943645
Chain-attached,0.8,56.95,0.4004828857239036,-0.9150842456616701,-0.9150842456648504
Chain-attached,0.8,57.0,0.4002352745622275,-0.9157027183824098,-0.9157027183860793
Chain-attached,0.8,57.050000000000004,0.3999878164939535,-0.9163211911031489,-0.9163211911073232
Chain-attached,0.8,57.1,0.3997405114244265,-0.9169396638238883,-0.9169396638285723
Chain-attached,0.8,57.150000000000006,0.39949335925905033,-0.9175581365446277,-0.9175581365498159
Chain-attached,0.8,57.2,0.3992463599032867,-0.918176609265368,-0.9181766092710433
Chain-attached,0.8,57.25,0.39899951326265765,-0.9187950819861063,-0.918795081992243
Chain-attached,0.8,57.300000000000004,0.39875281924274064,-0.919413554706846,-0.9194135547134037
Chain-attached,0.8,57.35,0.39850627774917385,-0.9200320274275856,-0.9200320274345142
Chain-attached,0.8,57.400000000000006,0.39825988868765316,-0.9206505001483247,-0.9206505001555639
Chain-attached,0.8,57.45,0.3980136519639319,-0.9212689728690652,-0.9212689728765419
Chain-attached,0.8,57.5,0.39776756748382397,-0.9218874455898033,-0.9218874455974391
Chain-attached,0.8,57.550000000000004,0.3975216351531983,-0.922505918310543,-0.9225059183182468
Chain-attached,0.8,57.6,0.39727585487798445,-0.9231243910312825,-0.9231243910389579
Chain-attached,0.8,57.650000000000006,0.3970302265641694,-0.9237428637520217,-0.923742863759566
Chain-attached,0.8,57.7,0.39678475011779757,-0.9243613364727624,-0.9243613364800674
Chain-attached,0.8,57.75,0.3965394254449735,-0.9249798091935009,-0.9249798092004585
Chain-attached,0.8,57.800000000000004,0.3962942524518572,-0.9255982819142403,-0.9255982819207393
Chain-attached,0.8,57.85,0.3960492310446683,-0.9262167546349797,-0.9262167546409102
Chain-attached,0.8,57.900000000000006,0.39580436112968376,-0.9268352273557199,-0.9268352273609751
Chain-attached,0.8,57.95,0.3955596426132392,-0.9274537000764594,-0.9274537000809391
Chain-attached,0.8,58.0,0.39531507540172806,-0.9280721727971977,-0.9280721728008093
Chain-attached,0.8,58.050000000000004,0.3950706594016001,-0.9286906455179376,-0.9286906455205961
Chain-attached,0.8,58.1,0.394826394519365,-0.9293091182386767,-0.9293091182403108
Chain-attached,0.8,58.150000000000006,0.39458228066158874,-0.9299275909594171,-0.9299275909599676
Chain-attached,0.8,58.2,0.39433831773489636,-0.9305460636801566,-0.9305460636795821
Chain-attached,0.8,58.25,0.39409450564597,-0.9311645364008954,-0.931164536399172
Chain-attached,0.8,58.300000000000004,0.39385084430154904,-0.9317830091216344,-0.9317830091187568
Chain-attached,0.8,58.35,0.3936073336084308,-0.9324014818423739,-0.9324014818383569
Chain-attached,0.8,58.400000000000006,0.39336397347347035,-0.9330199545631142,-0.9330199545579939
Chain-attached,0.8,58.45,0.39312076380358096,-0.9336384272838536,-0.9336384272776903
Chain-attached,0.8,58.5,0.3928777045057327,-0.9342569000045924,-0.934256899997469
Chain-attached,0.8,58.550000000000004,0.3926347954869531,-0.9348753727253315,-0.9348753727173521
Chain-attached,0.8,58.6,0.3923920366543272,-0.9354938454460711,-0.9354938454373611
Chain-attached,0.8,58.650000000000006,0.39214942791499763,-0.9361123181668114,-0.9361123181575168
Chain-attached,0.8,58.7,0.3919069691761652,-0.9367307908875506,-0.9367307908778375
Chain-attached,0.8,58.75,0.39166466034508723,-0.9373492636082891,-0.9373492635983388
Chain-attached,0.8,58.800000000000004,0.3914225013290778,-0.9379677363290286,-0.9379677363190332
Chain-attached,0.8,58.85,0.3911804920355096,-0.938586209049768,-0.9385862090399277
Chain-attached,0.8,58.900000000000006,0.3909386323718114,-0.9392046817705082,-0.9392046817610251
Chain-attached,0.8,58.95,0.39069692224547053,-0.939823154491248,-0.9398231544823211
Chain-attached,0.8,59.0,0.39045536156403104,-0.9404416272119867,-0.9404416272038041
Chain-attached,0.8,59.050000000000004,0.39021395023509303,-0.9410600999327262,-0.9410600999254533
Chain-attached,0.8,59.1,0.38997268816631525,-0.9416785726534653,-0.9416785726472383
Chain-attached,0.8,59.150000000000006,0.3897315752654121,-0.9422970453742059,-0.9422970453691168
Chain-attached,0.8,59.2,0.3894906114401569,-0.9429155180949451,-0.9429155180910338
Chain-attached,0.8,59.25,0.38924979659837877,-0.9435339908156835,-0.9435339908129191
Chain-attached,0.8,59.300000000000004,0.3890091306479633,-0.9441524635364229,-0.9441524635346876
Chain-attached,0.8,59.35,0.388768613496854,-0.9447709362571624,-0.9447709362562342
Chain-attached,0.8,59.400000000000006,0.38852824505305084,-0.9453894089779026,-0.9453894089774355
Chain-attached,0.8,59.45,0.38828802522461137,-0.946007881698642,-0.9460078816981916
Chain-attached,0.8,59.5,0.3880479539196494,-0.9466263544193808,-0.946626354418658
Chain-attached,0.8,59.550000000000004,0.3878080310463352,-0.9472448271401203,-0.9472448271389675
Chain-attached,0.8,59.6,0.3875682565128964,-0.9478632998608596,-0.9478632998592148
Chain-attached,0.8,59.650000000000006,0.38732863022761677,-0.9484817725816002,-0.9484817725794714
Chain-attached,0.8,59.7,0.3870891520988381,-0.9491002453023395,-0.9491002452997882
Chain-attached,0.8,59.75,0.38684982203495794,-0.9497187180230778,-0.9497187180201989
Chain-attached,0.8,59.800000000000004,0.3866106399444295,-0.9503371907438176,-0.9503371907407218
Chain-attached,0.8,59.85,0.3863716057357645,-0.9509556634645566,-0.9509556634613632
Chain-attached,0.8,59.900000000000006,0.3861327193175294,-0.9515741361852972,-0.9515741361821181
Chain-attached,0.8,59.95,0.38589398059834906,-0.9521926089060369,-0.9521926089029735
Chain-attached,0.8,60.0,0.3856553894869043,-0.9528110816267745,-0.9528110816239097
Chain-attached,0.8,60.050000000000004,0.3854169458919303,-0.9534295543475144,-0.9534295543449023
Chain-attached,0.8,60.1,0.3851786497222216,-0.9540480270682536,-0.9540480270659235
Chain-attached,0.8,60.150000000000006,0.3849405008866271,-0.9546664997889941,-0.9546664997869426
Chain-attached,0.8,60.2,0.3847024992940536,-0.9552849725097338,-0.9552849725079294
Chain-attached,0.8,60.25,0.3844646448534637,-0.9559034452304719,-0.9559034452288531
Chain-attached,0.8,60.300000000000004,0.38422693747387493,-0.9565219179512117,-0.9565219179496846
Chain-attached,0.8,60.35,0.38398937706436304,-0.9571403906719507,-0.9571403906703962
Chain-attached,0.8,60.400000000000006,0.3837519635340583,-0.9577588633926912,-0.9577588633909646
Chain-attached,0.8,60.45,0.38351469679214917,-0.9583773361134305,-0.958377336111368
Chain-attached,0.8,60.5,0.38327757674787855,-0.9589958088341695,-0.9589958088315893
Chain-attached,0.8,60.550000000000004,0.3830406033105458,-0.9596142815549089,-0.9596142815516159
Chain-attached,0.8,60.6,0.38280377638950686,-0.9602327542756481,-0.9602327542714392
Chain-attached,0.8,60.650000000000006,0.38256709589417287,-0.9608512269963885,-0.9608512269910561
Chain-attached,0.8,60.7,0.38233056173401236,-0.9614696997171278,-0.9614696997104666
Chain-attached,0.8,60.75,0.3820941738185488,-0.9620881724378665,-0.9620881724296775
Chain-attached,0.8,60.800000000000004,0.3818579320573615,-0.9627066451586055,-0.9627066451486989
Chain-attached,0.8,60.85,0.3816218363600858,-0.9633251178793453,-0.963325117867546
Chain-attached,0.8,60.900000000000006,0.3813858866364131,-0.9639435906000855,-0.9639435905862385
Chain-attached,0.8,60.95,0.3811500827960912,-0.964562063320825,-0.9645620633047997
Chain-attached,0.8,61.0,0.3809144247489232,-0.9651805360415635,-0.9651805360232566
Chain-attached,0.8,61.050000000000004,0.380678912404767,-0.9657990087623032,-0.9657990087416404
Chain-attached,0.8,61.1,0.3804435456735377,-0.9664174814830424,-0.9664174814599841
Chain-attached,0.8,61.150000000000006,0.3802083244652051,-0.9670359542037827,-0.9670359541783236
Chain-attached,0.8,61.2,0.379973248689796,-0.9676544269245215,-0.967654426896697
Chain-attached,0.8,61.25,0.3797383182573911,-0.9682728996452608,-0.9682728996151435
Chain-attached,0.8,61.300000000000004,0.379503533078127,-0.968891372366002,-0.9688913723337031
Chain-attached,0.8,61.35,0.3792688930621986,-0.9695098450867393,-0.9695098450524167
Chain-attached,0.8,61.400000000000006,0.3790343981198516,-0.9701283178074791,-0.9701283177713239
Chain-attached,0.8,61.45,0.3788000481613909,-0.9707467905282186,-0.9707467904904642
Chain-attached,0.8,61.5,0.3785658430971754,-0.971365263248958,-0.9713652632098753
Chain-attached,0.8,61.550000000000004,0.37833178283761887,-0.9719837359696994,-0.9719837359295925
Chain-attached,0.8,61.6,0.3780978672931938,-0.9726022086904367,-0.9726022086496492
Chain-attached,0.8,61.650000000000006,0.37786409637442286,-0.9732206814111761,-0.9732206813700751
Chain-attached,0.8,61.7,0.37763046999188765,-0.9738391541319156,-0.9738391540908966
Chain-attached,0.8,61.75,0.377396988056224,-0.9744576268526551,-0.9744576268121345
Chain-attached,0.8,61.800000000000004,0.37716365047812256,-0.9750760995733962,-0.9750760995338069
Chain-attached,0.8,61.85,0.37693045716833157,-0.9756945722941339,-0.9756945722559252
Chain-attached,0.8,61.900000000000006,0.3766974080376507,-0.9763130450148733,-0.9763130449784954
Chain-attached,0.8,61.95,0.37646450299693734,-0.9769315177356126,-0.9769315177015184
Chain-attached,0.8,62.0,0.3762317419571033,-0.9775499904563518,-0.9775499904249879
Chain-attached,0.8,62.050000000000004,0.3759991248291153,-0.9781684631770916,-0.9781684631488918
Chain-attached,0.8,62.1,0.37576665152399563,-0.978786935897831,-0.9787869358732105
Chain-attached,0.8,62.150000000000006,0.37553432195282105,-0.9794054086185704,-0.9794054085979191
Chain-attached,0.8,62.2,0.3753021360267237,-0.9800238813393098,-0.9800238813229842
Chain-attached,0.8,62.25,0.3750700936568903,-0.9806423540600493,-0.9806423540483671
Chain-attached,0.8,62.300000000000004,0.37483819475456287,-0.9812608267807886,-0.9812608267740219
Chain-attached,0.8,62.35,0.37460643923103804,-0.9818792995015277,-0.9818792994998967
Chain-attached,0.8,62.400000000000006,0.37437482699766705,-0.9824977722222674,-0.9824977722259332
Chain-attached,0.8,62.45,0.3741433579658567,-0.9831162449430068,-0.9831162449520678
Chain-attached,0.8,62.5,0.37391203204706774,-0.9837347176637463,-0.983734717678232
Chain-attached,0.8,62.550000000000004,0.37368084915281624,-0.984353190384486,-0.984353190404353
Chain-attached,0.8,62.6,0.37344980919467297,-0.984971663105225,-0.9849716631303541
Chain-attached,0.8,62.650000000000006,0.37321891208426267,-0.9855901358259647,-0.9855901358561567
Chain-attached,0.8,62.7,0.37298815773326566,-0.9862086085467039,-0.98620860858168
Chain-attached,0.8,62.75,0.37275754605341627,-0.9868270812674432,-0.9868270813068433
Chain-attached,0.8,62.800000000000004,0.3725270769565034,-0.987445553988183,-0.9874455540315664
Chain-attached,0.8,62.85,0.37229675035437104,-0.9880640267089222,-0.9880640267557719
Chain-attached,0.8,62.900000000000006,0.37206656615891703,-0.9886824994296617,-0.9886824994793866
Chain-attached,0.8,62.95,0.371836524282094,-0.989300972150401,-0.9893009722023425
Chain-attached,0.8,63.0,0.371606624635909,-0.9899194448711406,-0.9899194449245801
Chain-attached,0.8,63.050000000000004,0.37137686713242346,-0.99053791759188,-0.9905379176460495
Chain-attached,0.8,63.1,0.37114725168375323,-0.9911563903126193,-0.9911563903667133
Chain-attached,0.8,63.150000000000006,0.3709177782020682,-0.991774863033359,-0.9917748630865488
Chain-attached,0.8,63.2,0.37068844659959327,-0.992393335754098,-0.9923933358055504
Chain-attached,0.8,63.25,0.3704592567886067,-0.9930118084748376,-0.9930118085237332
Chain-attached,0.8,63.300000000000004,0.3702302086814417,-0.9936302811955768,-0.9936302812411357
Chain-attached,0.8,63.35,0.3700013021904851,-0.9942487539163166,-0.994248753957822
Chain-attached,0.8,63.400000000000006,0.3697725372281786,-0.9948672266370561,-0.9948672266738879
Chain-attached,0.8,63.45,0.36954391370701745,-0.9954856993577955,-0.995485699389462
Chain-attached,0.8,63.5,0.3693154315395514,-0.9961041720785346,-0.9961041721047108
Chain-attached,0.8,63.550000000000004,0.3690870906383837,-0.9967226447992743,-0.9967226448198423
Chain-attached,0.8,63.6,0.3688588909161724,-0.9973411175200136,-0.9973411175351112
Chain-attached,0.8,63.650000000000006,0.3686308322856288,-0.9979595902407533,-0.9979595902508233
Chain-attached,0.8,63.7,0.3684029146595189,-0.9985780629614928,-0.9985780629673395
Chain-attached,0.8,63.75,0.3681751379506622,-0.9991965356822318,-0.9991965356850812
Chain-attached,0.8,63.800000000000004,0.3679475020719319,-0.9998150084029713,-0.9998150084045374
Chain-attached,0.8,63.85,0.36772000693625534,-1.0004334811237112,-1.0004334811253162
Chain-attached,0.8,63.900000000000006,0.3674926524566141,-1.0010519538444504,-1.0010519538463678
Chain-attached,0.8,63.95,0.3672654385460428,-1.00167042656519,-1.0016704265675482
Chain-attached,0.8,64.0,0.36703836511763044,-1.0022888992859291,-1.0022888992887522
Chain-attached,0.8,64.05,0.3668114320845193,-1.0029073720066686,-1.0029073720099044
Chain-attached,0.8,64.10000000000001,0.3665846393599055,-1.003525844727408,-1.003525844730956
Chain-attached,0.8,64.15,0.3663579868570391,-1.0041443174481475,-1.0041443174518805
Chain-attached,0.8,64.2,0.36613147448922345,-1.0047627901688867,-1.0047627901726695
Chain-attached,0.8,64.25,0.36590510216981553,-1.0053812628896266,-1.0053812628933292
Chain-attached,0.8,64.3,0.36567886981222647,-1.0059997356103656,-1.005999735613878
Chain-attached,0.8,64.35000000000001,0.3654527773299197,-1.0066182083311057,-1.0066182083343431
Chain-attached,0.8,64.4,0.365226824636414,-1.0072366810518443,-1.0072366810547584
Chain-attached,0.8,64.45,0.3650010116452794,-1.007855153772584,-1.0078551537751612
Chain-attached,0.8,64.5,0.3647753382701411,-1.0084736264933236,-1.0084736264955911
Chain-attached,0.8,64.55,0.36454980442467727,-1.0090920992140626,-1.0090920992160881
Chain-attached,0.8,64.60000000000001,0.36432441002261856,-1.0097105719348027,-1.0097105719366903
Chain-attached,0.8,64.65,0.36409915497775075,-1.0103290446555415,-1.0103290446574331
Chain-attached,0.8,64.7,0.363874039203911,-1.010947517376281,-1.0109475173783482
Chain-attached,0.8,64.75,0.36364906261499075,-1.0115659900970209,-1.0115659900994622
Chain-attached,0.8,64.8,0.3634242251249351,-1.0121844628177596,-1.012184462820797
Chain-attached,0.8,64.85000000000001,0.363199526647741,-1.0128029355384995,-1.012802935542367
Chain-attached,0.8,64.9,0.3629749670974599,-1.013421408259239,-1.0134214082641806
Chain-attached,0.8,64.95,0.3627505463881958,-1.0140398809799782,-1.0140398809862399
Chain-attached,0.8,65.0,0.3625262644341055,-1.014658353700718,-1.0146583537085396
Chain-attached,0.8,65.05,0.36230212114939997,-1.015276826421457,-1.0152768264310683
Chain-attached,0.8,65.10000000000001,0.36207811644834165,-1.0158952991421968,-1.0158952991538075
Chain-attached,0.8,65.15,0.36185425024524753,-1.0165137718629358,-1.0165137718767319
Chain-attached,0.8,65.2,0.36163052245448646,-1.0171322445836752,-1.0171322445998119
Chain-attached,0.8,65.25,0.36140693299048043,-1.0177507173044156,-1.017750717323011
Chain-attached,0.8,65.3,0.36118348176770554,-1.0183691900251541,-1.0183691900462888
Chain-attached,0.8,65.35000000000001,0.3609601687006886,-1.0189876627458943,-1.0189876627696015
Chain-attached,0.8,65.4,0.3607369937040115,-1.019606135466633,-1.019606135492901
Chain-attached,0.8,65.45,0.3605139566923073,-1.0202246081873723,-1.0202246082161364
Chain-attached,0.8,65.5,0.3602910575802622,-1.0208430809081124,-1.0208430809392566
Chain-attached,0.8,65.55,0.3600682962826163,-1.0214615536288512,-1.021461553662209
Chain-attached,0.8,65.60000000000001,0.35984567271416046,-1.0220800263495913,-1.0220800263849414
Chain-attached,0.8,65.65,0.35962318678974015,-1.0226984990703303,-1.0226984991074024
Chain-attached,0.8,65.7,0.35940083842425213,-1.0233169717910697,-1.0233169718295432
Chain-attached,0.8,65.75,0.3591786275326461,-1.0239354445118096,-1.0239354445513174
Chain-attached,0.8,65.8,0.35895655402992527,-1.0245539172325484,-1.0245539172726827
Chain-attached,0.8,65.85000000000001,0.3587346178311437,-1.0251723899532883,-1.0251723899936025
Chain-attached,0.8,65.9,0.3585128188514096,-1.0257908626740273,-1.025790862714044
Chain-attached,0.8,65.95,0.35829115700588243,-1.0264093353947672,-1.026409335433982
Chain-attached,0.8,66.0,0.3580696322097752,-1.0270278081155062,-1.0270278081533983
Chain-attached,0.8,66.05,0.35784824437835205,-1.0276462808362465,-1.0276462808722822
Chain-attached,0.8,66.10000000000001,0.35762699342693133,-1.028264753556985,-1.0282647535906322
Chain-attached,0.8,66.15,0.35740587927088163,-1.0288832262777248,-1.0288832263084537
Chain-attached,0.8,66.2,0.3571849018256254,-1.0295016989984642,-1.0295016990257637
Chain-attached,0.8,66.25,0.3569640610066369,-1.0301201717192034,-1.030120171742587
Chain-attached,0.8,66.3,0.3567433567294422,-1.0307386444399436,-1.0307386444589586
Chain-attached,0.8,66.35000000000001,0.3565227889096209,-1.0313571171606821,-1.0313571171749238
Chain-attached,0.8,66.4,0.35630235746280314,-1.0319755898814214,-1.0319755898905358
Chain-attached,0.8,66.45,0.35608206230467204,-1.0325940626021612,-1.0325940626058585
Chain-attached,0.8,66.5,0.35586190335096335,-1.0332125353229005,-1.0332125353209642
Chain-attached,0.8,66.55,0.35564188051746354,-1.033831008043641,-1.0338310080359325
Chain-attached,0.8,66.60000000000001,0.35542199372001343,-1.0344494807643794,-1.0344494807508522
Chain-attached,0.8,66.65,0.35520224287450314,-1.0350679534851188,-1.0350679534658158
Chain-attached,0.8,66.7,0.3549826278968765,-1.0356864262058583,-1.0356864261809235
Chain-attached,0.8,66.75,0.3547631487031287,-1.0363048989265986,-1.0363048988962775
Chain-attached,0.8,66.8,0.3545438052093078,-1.0369233716473376,-1.0369233716119823
Chain-attached,0.8,66.85000000000001,0.35432459733151256,-1.0375418443680764,-1.037541844328143
Chain-attached,0.8,66.9,0.35410552498589387,-1.038160317088816,-1.038160317044862
Chain-attached,0.8,66.95,0.35388658808865525,-1.0387787898095548,-1.0387787897622376
Chain-attached,0.8,67.0,0.3536677865560504,-1.0393972625302956,-1.0393972624803607
Chain-attached,0.8,67.05,0.35344912030438713,-1.040015735251035,-1.0400157351993116
Chain-attached,0.8,67.10000000000001,0.3532305892500234,-1.040634207971774,-1.0406342079191586
Chain-attached,0.8,67.15,0.353012193309369,-1.041252680692513,-1.0412526806399511
Chain-attached,0.8,67.2,0.35279393239888546,-1.0418711534132528,-1.0418711533617193
Chain-attached,0.8,67.25,0.3525758064350863,-1.0424896261339927,-1.0424896260844672
Chain-attached,0.8,67.3,0.35235781533453664,-1.043108098854732,-1.0431080988081693
Chain-attached,0.8,67.35000000000001,0.3521399590138532,-1.0437265715754707,-1.0437265715327668
Chain-attached,0.8,67.4,0.35192223738970346,-1.0443450442962101,-1.0443450442581594
Chain-attached,0.8,67.45,0.3517046503788074,-1.0449635170169496,-1.0449635169842026
Chain-attached,0.8,67.5,0.35148719789793575,-1.04558198973769,-1.0455819897107002
Chain-attached,0.8,67.55,0.3512698798639118,-1.0462004624584293,-1.0462004624373984
Chain-attached,0.8,67.60000000000001,0.35105269619360957,-1.0468189351791677,-1.0468189351639792
Chain-attached,0.8,67.65,0.3508356468039537,-1.0474374078999071,-1.0474374078900521
Chain-attached,0.8,67.7,0.3506187316119211,-1.048055880620647,-1.048055880615148
Chain-attached,0.8,67.75,0.35040195053454004,-1.0486743533413871,-1.048674353338711
Chain-attached,0.8,67.8,0.35018530348889026,-1.0492928260621264,-1.049292826060209
Chain-attached,0.8,67.85000000000001,0.3499687903921022,-1.0499112987828654,-1.0499112987809784
Chain-attached,0.8,67.9,0.34975241116135763,-1.0505297715036046,-1.0505297715016508
Chain-attached,0.8,67.95,0.34953616571388957,-1.051148244224344,-1.0511482442222866
Chain-attached,0.8,68.0,0.3493200539669821,-1.0517667169450844,-1.0517667169429281
Chain-attached,0.8,68.05,0.3491040758379714,-1.0523851896658236,-1.052385189663604
Chain-attached,0.8,68.10000000000001,0.34888823124424373,-1.0530036623865622,-1.0530036623843297
Chain-attached,0.8,68.15,0.3486725201032362,-1.0536221351073016,-1.0536221351051105
Chain-attached,0.8,68.2,0.3484569423324377,-1.0542406078280413,-1.0542406078259439
Chain-attached,0.8,68.25,0.3482414978493879,-1.0548590805487812,-1.0548590805468212
Chain-attached,0.8,68.3,0.3480261865716776,-1.0554775532695209,-1.0554775532677285
Chain-attached,0.8,68.35000000000001,0.3478110084169487,-1.0560960259902594,-1.05609602598865
Chain-attached,0.8,68.4,0.34759596330289294,-1.056714498710999,-1.0567144987095665
Chain-attached,0.8,68.45,0.3473810511472543,-1.0573329714317383,-1.057332971430459
Chain-attached,0.8,68.5,0.34716627186782656,-1.0579514441524787,-1.0579514441513085
Chain-attached,0.8,68.55,0.34695162538245544,-1.0585699168732179,-1.0585699168720977
Chain-attached,0.8,68.60000000000001,0.34673711160903675,-1.0591883895939567,-1.0591883895928107
Chain-attached,0.8,68.65,0.3465227304655167,-1.0598068623146961,-1.0598068623134342
Chain-attached,0.8,68.7,0.34630848186989294,-1.0604253350354353,-1.0604253350339574
Chain-attached,0.8,68.75,0.34609436574021313,-1.0610438077561757,-1.0610438077543736
Chain-attached,0.8,68.8,0.34588038199457677,-1.0616622804769151,-1.0616622804746785
Chain-attached,0.8,68.85000000000001,0.3456665305511333,-1.0622807531976535,-1.0622807531948726
Chain-attached,0.8,68.9,0.3454528113280818,-1.0628992259183931,-1.0628992259149586
Chain-attached,0.8,68.95,0.34523922424367354,-1.0635176986391324,-1.0635176986349442
Chain-attached,0.8,69.0,0.3450257692162091,-1.0641361713598727,-1.0641361713548392
Chain-attached,0.8,69.05,0.3448124461640407,-1.0647546440806124,-1.0647546440746576
Chain-attached,0.8,69.10000000000001,0.3445992550055707,-1.0653731168013507,-1.0653731167944163
Chain-attached,0.8,69.15,0.34438619565925077,-1.0659915895220904,-1.0659915895141339
Chain-attached,0.8,69.2,0.34417326804358456,-1.0666100622428294,-1.0666100622338321
Chain-attached,0.8,69.25,0.34396047207712466,-1.06722853496357,-1.0672285349535344
Chain-attached,0.8,69.3,0.3437478076784759,-1.067847007684309,-1.0678470076732647
Chain-attached,0.8,69.35000000000001,0.34353527476629175,-1.068465480405048,-1.0684654803930487
Chain-attached,0.8,69.4,0.34332287325927646,-1.0690839531257876,-1.0690839531129122
Chain-attached,0.8,69.45,0.34311060307618485,-1.0697024258465269,-1.0697024258328804
Chain-attached,0.8,69.5,0.34289846413582137,-1.0703208985672672,-1.0703208985529777
Chain-attached,0.8,69.55,0.3426864563570417,-1.0709393712880066,-1.0709393712732278
Chain-attached,0.8,69.60000000000001,0.34247457965875094,-1.0715578440087454,-1.0715578439936526
Chain-attached,0.8,69.65,0.3422628339599045,-1.0721763167294838,-1.0721763167142706
Chain-attached,0.8,69.7,0.3420512191795069,-1.0727947894502239,-1.0727947894350987
Chain-attached,0.8,69.75,0.34183973523661443,-1.0734132621709642,-1.073413262156149
Chain-attached,0.8,69.8,0.34162838205033286,-1.0740317348917037,-1.074031734877432
Chain-attached,0.8,69.85000000000001,0.3414171595398179,-1.0746502076124425,-1.074650207598952
Chain-attached,0.8,69.9,0.3412060676242745,-1.075268680333182,-1.0752686803207099
Chain-attached,0.8,69.95,0.34099510622295864,-1.0758871530539211,-1.0758871530427017
Chain-attached,0.8,70.0,0.3407842752551753,-1.0765056257746615,-1.0765056257649184
Chain-attached,0.8,70.05,0.3405735746402808,-1.0771240984954,-1.077124098487346
Chain-attached,0.8,70.10000000000001,0.3403630042976795,-1.0777425712161395,-1.0777425712099653
Chain-attached,0.8,70.15,0.34015256414682615,-1.0783610439368807,-1.0783610439327522
Chain-attached,0.8,70.2,0.3399422541072274,-1.0789795166576182,-1.0789795166556768
Chain-attached,0.8,70.25,0.3397320740984359,-1.0795979893783578,-1.0795979893787055
Chain-attached,0.8,70.3,0.3395220240400568,-1.0802164620990973,-1.0802164621018
Chain-attached,0.8,70.35000000000001,0.3393121038517442,-1.0808349348198367,-1.080834934824918
Chain-attached,0.8,70.4,0.339102313453201,-1.0814534075405782,-1.0814534075480133
Chain-attached,0.8,70.45,0.3388926527641828,-1.0820718802613154,-1.0820718802710378
Chain-attached,0.8,70.5,0.3386831217044904,-1.0826903529820546,-1.0826903529939411
Chain-attached,0.8,70.55,0.3384737201939771,-1.083308825702794,-1.0833088257166725
Chain-attached,0.8,70.60000000000001,0.33826444815254486,-1.083927298423534,-1.0839272984391817
Chain-attached,0.8,70.65,0.33805530550014523,-1.084545771144275,-1.0845457711614188
Chain-attached,0.8,70.7,0.3378462921567807,-1.0851642438650129,-1.0851642438833387
Chain-attached,0.8,70.75,0.33763740804250036,-1.085782716585752,-1.0857827166049
Chain-attached,0.8,70.8,0.3374286530774048,-1.0864011893064913,-1.0864011893260686
Chain-attached,0.8,70.85000000000001,0.3372200271816434,-1.0870196620272308,-1.0870196620468187
Chain-attached,0.8,70.9,0.3370115302754149,-1.0876381347479702,-1.0876381347671353
Chain-attached,0.8,70.95,0.33680316227896756,-1.08825660746871,-1.0882566074870172
Chain-attached,0.8,71.0,0.336594923112599,-1.0888750801894491,-1.0888750802064788
Chain-attached,0.8,71.05,0.33638681269665577,-1.0894935529101883,-1.0894935529255534
Chain-attached,0.8,71.10000000000001,0.3361788309515338,-1.090112025630928,-1.0901120256442967
Chain-attached,0.8,71.15,0.33597097779767854,-1.0907304983516672,-1.0907304983627886
Chain-attached,0.8,71.2,0.3357632531555841,-1.091348971072407,-1.0913489710811386
Chain-attached,0.8,71.25,0.33555565694579437,-1.091967443793146,-1.091967443799489
Chain-attached,0.8,71.3,0.3353481890889017,-1.0925859165138856,-1.0925859165180183
Chain-attached,0.8,71.35000000000001,0.335140849505548,-1.093204389234625,-1.0932043892369465
Chain-attached,0.8,71.4,0.3349336381164241,-1.0938228619553647,-1.0938228619565384
Chain-attached,0.8,71.45,0.33472655484227004,-1.0944413346761042,-1.0944413346770343
Chain-attached,0.8,71.5,0.3345195996038745,-1.0950598073968436,-1.0950598073979472
Chain-attached,0.8,71.55,0.33431277232207557,-1.0956782801175826,-1.0956782801190217
Chain-attached,0.8,71.60000000000001,0.3341060729177598,-1.096296752838322,-1.09629675284016
Chain-attached,0.8,71.65,0.33389950131186286,-1.0969152255590617,-1.0969152255612897
Chain-attached,0.8,71.7,0.3336930574253696,-1.0975336982798012,-1.0975336982823605
Chain-attached,0.8,71.75,0.3334867411793134,-1.0981521710005406,-1.0981521710033404
Chain-attached,0.8,71.8,0.3332805524947765,-1.0987706437212799,-1.0987706437242142
Chain-attached,0.8,71.85000000000001,0.3330744912928899,-1.0993891164420193,-1.099389116444979
Chain-attached,0.8,71.9,0.3328685574948335,-1.100007589162759,-1.1000075891656422
Chain-attached,0.8,71.95,0.33266275102183596,-1.1006260618834984,-1.1006260618862207
Chain-attached,0.8,72.0,0.3324570717951745,-1.1012445346042377,-1.1012445346067368
Chain-attached,0.8,72.05,0.33225151973617506,-1.1018630073249769,-1.1018630073272178
Chain-attached,0.8,72.10000000000001,0.33204609476621205,-1.1024814800457166,-1.1024814800476932
Chain-attached,0.8,72.15,0.3318407968067089,-1.1030999527664558,-1.1030999527681942
Chain-attached,0.8,72.2,0.33163562577913724,-1.1037184254871955,-1.1037184254887515
Chain-attached,0.8,72.25,0.33143058160501754,-1.104336898207935,-1.1043368982093946
Chain-attached,0.8,72.3,0.3312256642059187,-1.1049553709286741,-1.1049553709301516
Chain-attached,0.8,72.35000000000001,0.3310208735034578,-1.1055738436494136,-1.1055738436510472
Chain-attached,0.8,72.4,0.33081620941930084,-1.1061923163701533,-1.106192316372101
Chain-attached,0.8,72.45,0.3306116718751621,-1.1068107890908925,-1.1068107890933307
Chain-attached,0.8,72.5,0.3304072607928041,-1.1074292618116321,-1.107429261814747
Chain-attached,0.8,72.55,0.3302029760940379,-1.1080477345323716,-1.1080477345363577
Chain-attached,0.8,72.60000000000001,0.3299988177007231,-1.1086662072531106,-1.1086662072581643
Chain-attached,0.8,72.65,0.329794785534767,-1.10928467997385,-1.109284679980163
Chain-attached,0.8,72.7,0.3295908795181256,-1.10990315269459,-1.1099031527023455
Chain-attached,0.8,72.75,0.3293870995728033,-1.1105216254153294,-1.1105216254246983
Chain-attached,0.8,72.8,0.3291834456208526,-1.1111400981360686,-1.1111400981472024
Chain-attached,0.8,72.85000000000001,0.3289799175843739,-1.1117585708568083,-1.1117585708698354
Chain-attached,0.8,72.9,0.3287765153855162,-1.1123770435775473,-1.1123770435925702
Chain-attached,0.8,72.95,0.3285732389464763,-1.1129955162982867,-1.1129955163153757
Chain-attached,0.8,73.0,0.32837008818949903,-1.1136139890190264,-1.1136139890382182
Chain-attached,0.8,73.05,0.3281670630368779,-1.1142324617397656,-1.1142324617610613
Chain-attached,0.8,73.10000000000001,0.3279641634109537,-1.1148509344605055,-1.1148509344838662
Chain-attached,0.8,73.15,0.327761389234116,-1.1154694071812445,-1.115469407206593
Chain-attached,0.8,73.2,0.3275587404288015,-1.1160878799019844,-1.1160878799292007
Chain-attached,0.8,73.25,0.32735621691749583,-1.1167063526227232,-1.1167063526516487
Chain-attached,0.8,73.3,0.3271538186227315,-1.1173248253434627,-1.1173248253738963
Chain-attached,0.8,73.35000000000001,0.3269515454670895,-1.1179432980642026,-1.1179432980959052
Chain-attached,0.8,73.4,0.3267493973731991,-1.1185617707849416,-1.1185617708176374
Chain-attached,0.8,73.45,0.32654737426373626,-1.1191802435056815,-1.1191802435390594
Chain-attached,0.8,73.5,0.3263454760614261,-1.1197987162264205,-1.1197987162601395
Chain-attached,0.8,73.55,0.3261437026890404,-1.1204171889471597,-1.120417188980851
Chain-attached,0.8,73.60000000000001,0.32594205406939897,-1.1210356616678998,-1.1210356617011712
Chain-attached,0.8,73.65,0.3257405301253702,-1.1216541343886386,-1.1216541344210817
Chain-attached,0.8,73.7,0.3255391307798686,-1.1222726071093785,-1.1222726071405718
Chain-attached,0.8,73.75,0.3253378559558579,-1.1228910798301177,-1.1228910798596354
Chain-attached,0.8,73.8,0.32513670557634855,-1.1235095525508567,-1.123509552578273
Chain-attached,0.8,73.85000000000001,0.3249356795643983,-1.124128025271597,-1.1241280252964925
Chain-attached,0.8,73.9,0.324734777843114,-1.1247464979923358,-1.1247464980143083
Chain-attached,0.8,73.95,0.324534000335648,-1.125364970713076,-1.1253649707317428
Chain-attached,0.8,74.0,0.32433334696520216,-1.1259834434338145,-1.1259834434488245
Chain-attached,0.8,74.05,0.32413281765502405,-1.1266019161545542,-1.1266019161655905
Chain-attached,0.8,74.10000000000001,0.3239324123284096,-1.1272203888752945,-1.1272203888820846
Chain-attached,0.8,74.15,0.32373213090870273,-1.1278388615960333,-1.1278388615983574
Chain-attached,0.8,74.2,0.3235319733192933,-1.1284573343167732,-1.1284573343144664
Chain-attached,0.8,74.25,0.32333193948362005,-1.129075807037512,-1.1290758070304747
Chain-attached,0.8,74.3,0.3231320293251678,-1.1296942797582512,-1.1296942797464515
Chain-attached,0.8,74.35000000000001,0.322932242767469,-1.1303127524789915,-1.1303127524624708
Chain-attached,0.8,74.4,0.3227325797341046,-1.13093122519973,-1.1309312251786092
Chain-attached,0.8,74.45,0.3225330401487006,-1.13154969792047,-1.1315496978949473
Chain-attached,0.8,74.5,0.32233362393493215,-1.1321681706412094,-1.1321681706115672
Chain-attached,0.8,74.55,0.3221343310165208,-1.1327866433619485,-1.1327866433285494
Chain-attached,0.8,74.60000000000001,0.3219351613172349,-1.1334051160826883,-1.1334051160459757
Chain-attached,0.8,74.65,0.32173611476089076,-1.1340235888034276,-1.1340235887639212
Chain-attached,0.8,74.7,0.3215371912713511,-1.1346420615241672,-1.1346420614824577
Chain-attached,0.8,74.75,0.3213383907725264,-1.135260534244906,-1.13526053420165
Chain-attached,0.8,74.8,0.3211397131883732,-1.1358790069656457,-1.1358790069215512
Chain-attached,0.8,74.85000000000001,0.320941158442896,-1.1364974796863851,-1.1364974796422032
Chain-attached,0.8,74.9,0.32074272646014557,-1.1371159524071255,-1.1371159523636316
Chain-attached,0.8,74.95,0.32054441716422083,-1.1377344251278638,-1.1377344250858448
Chain-attached,0.8,75.0,0.3203462304792658,-1.1383528978486037,-1.1383528978088275
Chain-attached,0.8,75.05,0.32014816632947296,-1.138971370569343,-1.1389713705325413
Chain-attached,0.8,75.10000000000001,0.31995022463908085,-1.1395898432900824,-1.1395898432569167
Chain-attached,0.8,75.15,0.31975240533237487,-1.1402083160108227,-1.1402083159818523
Chain-attached,0.8,75.2,0.3195547083336885,-1.1408267887315608,-1.1408267887072083
Chain-attached,0.8,75.25,0.31935713356739975,-1.1414452614523,-1.1414452614328028
Chain-attached,0.8,75.3,0.3191596809579349,-1.14206373417304,-1.142063734158407
Chain-attached,0.8,75.35000000000001,0.3189623504297669,-1.1426822068937794,-1.14268220688374
Chain-attached,0.8,75.4,0.3187651419074147,-1.1433006796145198,-1.1433006796084615
Chain-attached,0.8,75.45,0.3185680553154453,-1.143919152335258,-1.1439191523321692
Chain-attached,0.8,75.5,0.31837109057847046,-1.1445376250559975,-1.1445376250543906
Chain-attached,0.8,75.55,0.3181742476211498,-1.145156097776737,-1.145156097775232
Chain-attached,0.8,75.60000000000001,0.3179775263681889,-1.1457745704974776,-1.1457745704958626
Chain-attached,0.8,75.65,0.3177809267443409,-1.1463930432182168,-1.14639304321641
Chain-attached,0.8,75.7,0.3175844486744047,-1.1470115159389551,-1.1470115159369387
Chain-attached,0.8,75.75,0.31738809208322505,-1.1476299886596948,-1.147629988657494
Chain-attached,0.8,75.8,0.3171918568956944,-1.148248461380434,-1.1482484613781057
Chain-attached,0.8,75.85000000000001,0.31699574303675054,-1.1488669341011748,-1.148866934098788
Chain-attached,0.8,75.9,0.31679975043137915,-1.149485406821914,-1.1494854068195457
Chain-attached,0.8,75.95,0.3166038790046112,-1.1501038795426528,-1.1501038795403733
Chain-attached,0.8,76.0,0.3164081286815238,-1.1507223522633918,-1.1507223522612582
Chain-attached,0.8,76.05,0.3162124993872408,-1.1513408249841315,-1.1513408249821833
Chain-attached,0.8,76.10000000000001,0.31601699104693226,-1.1519592977048716,-1.1519592977031285
Chain-attached,0.8,76.15,0.315821603585815,-1.152577770425611,-1.1525777704240696
Chain-attached,0.8,76.2,0.31562633692915165,-1.1531962431463498,-1.1531962431449838
Chain-attached,0.8,76.25,0.3154311910022508,-1.1538147158670888,-1.1538147158658465
Chain-attached,0.8,76.3,0.31523616573046725,-1.1544331885878285,-1.1544331885866368
Chain-attached,0.8,76.35000000000001,0.3150412610392023,-1.1550516613085686,-1.1550516613073345
Chain-attached,0.8,76.4,0.31484647685390366,-1.155670134029308,-1.155670134027922
Chain-attached,0.8,76.45,0.31465181310006457,-1.1562886067500469,-1.1562886067483857
Chain-attached,0.8,76.5,0.3144572697032243,-1.1569070794707859,-1.1569070794687153
Chain-attached,0.8,76.55,0.3142628465889682,-1.1575255521915255,-1.1575255521889052
Chain-attached,0.8,76.60000000000001,0.31406854368292764,-1.158144024912266,-1.1581440249089536
Chain-attached,0.8,76.65,0.3138743609107808,-1.1587624976330055,-1.1587624976288626
Chain-attached,0.8,76.7,0.313680298198251,-1.159380970353744,-1.159380970348639
Chain-attached,0.8,76.75,0.3134863554711072,-1.1599994430744833,-1.1599994430682938
Chain-attached,0.8,76.80000000000001,0.3132925326551646,-1.160617915795223,-1.1606179157878418
Chain-attached,0.8,76.85000000000001,0.3130988296762844,-1.1612363885159631,-1.1612363885073014
Chain-attached,0.8,76.9,0.3129052464603738,-1.1618548612367028,-1.1618548612266943
Chain-attached,0.8,76.95,0.3127117829333859,-1.1624733339574411,-1.1624733339460454
Chain-attached,0.8,77.0,0.31251843902131854,-1.1630918066781804,-1.1630918066653813
Chain-attached,0.8,77.05000000000001,0.3123252146502161,-1.16371027939892,-1.1637102793847318
Chain-attached,0.8,77.10000000000001,0.31213210974616873,-1.1643287521196601,-1.1643287521041268
Chain-attached,0.8,77.15,0.31193912423531234,-1.1649472248403998,-1.1649472248235975
Chain-attached,0.8,77.2,0.3117462580438286,-1.1655656975611381,-1.165565697543176
Chain-attached,0.8,77.25,0.31155351109794377,-1.1661841702818778,-1.1661841702628928
Chain-attached,0.8,77.30000000000001,0.3113608833239311,-1.166802643002617,-1.1668026429827787
Chain-attached,0.8,77.35000000000001,0.31116837464810815,-1.1674211157233576,-1.167421115702862
Chain-attached,0.8,77.4,0.3109759849968396,-1.1680395884440968,-1.1680395884231696
Chain-attached,0.8,77.45,0.31078371429653456,-1.1686580611648354,-1.168658061143724
Chain-attached,0.8,77.5,0.31059156247364733,-1.169276533885575,-1.1692765338645472
Chain-attached,0.8,77.55000000000001,0.3103995294546787,-1.1698950066063143,-1.1698950065856544
Chain-attached,0.8,77.60000000000001,0.31020761516617384,-1.1705134793270544,-1.1705134793070582
Chain-attached,0.8,77.65,0.3100158195347245,-1.171131952047794,-1.1711319520287657
Chain-attached,0.8,77.7,0.3098241424869674,-1.1717504247685324,-1.1717504247507797
Chain-attached,0.8,77.75,0.3096325839495836,-1.172368897489272,-1.1723688974730964
Chain-attached,0.8,77.80000000000001,0.30944114384930094,-1.1729873702100113,-1.1729873701957063
Chain-attached,0.8,77.85000000000001,0.30924982211289137,-1.1736058429307517,-1.1736058429185945
Chain-attached,0.8,77.9,0.30905861866717343,-1.174224315651491,-1.1742243156417405
Chain-attached,0.8,77.95,0.3088675334390101,-1.1748427883722297,-1.174842788365116
Chain-attached,0.8,78.0,0.3086765663553091,-1.1754612610929691,-1.1754612610886888
Chain-attached,0.8,78.05000000000001,0.3084857173430242,-1.1760797338137086,-1.1760797338124198
Chain-attached,0.8,78.10000000000001,0.30829498632915386,-1.1766982065344487,-1.176698206536264
Chain-attached,0.8,78.15,0.3081043732407422,-1.177316679255188,-1.1773166792601724
Chain-attached,0.8,78.2,0.30791387800487807,-1.1779351519759267,-1.1779351519840915
Chain-attached,0.8,78.25,0.30772350054869496,-1.1785536246966664,-1.1785536247079633
Chain-attached,0.8,78.30000000000001,0.3075332407993723,-1.1791720974174056,-1.1791720974317281
Chain-attached,0.8,78.35000000000001,0.3073430986841335,-1.1797905701381461,-1.179790570155323
Chain-attached,0.8,78.4,0.3071530741302485,-1.1804090428588854,-1.1804090428786855
Chain-attached,0.8,78.45,0.30696316706503096,-1.1810275155796242,-1.1810275156017536
Chain-attached,0.8,78.5,0.3067733774158397,-1.181645988300363,-1.1816459883244663
Chain-attached,0.8,78.55000000000001,0.3065837051100781,-1.182264461021103,-1.1822644610467687
Chain-attached,0.8,78.60000000000001,0.3063941500751954,-1.1828829337418432,-1.1828829337686095
Chain-attached,0.8,78.65,0.30620471223868534,-1.1835014064625824,-1.1835014064899467
Chain-attached,0.8,78.7,0.30601539152808627,-1.1841198791833212,-1.1841198792107472
Chain-attached,0.8,78.75,0.3058261878709811,-1.1847383519040604,-1.1847383519309922
Chain-attached,0.8,78.80000000000001,0.3056371011949978,-1.1853568246248,-1.1853568246506767
Chain-attached,0.8,78.85000000000001,0.3054481314278092,-1.1859752973455402,-1.1859752973698148
Chain-attached,0.8,78.9,0.30525927849713325,-1.186593770066279,-1.186593770088442
Chain-attached,0.8,78.95,0.3050705423307314,-1.1872122427870184,-1.1872122428066192
Chain-attached,0.8,79.0,0.3048819228564103,-1.1878307155077594,-1.1878307155244354
Chain-attached,0.8,79.05000000000001,0.3046934200020228,-1.188449188228497,-1.188449188242013
Chain-attached,0.8,79.10000000000001,0.3045050336954635,-1.1890676609492365,-1.1890676609595099
Chain-attached,0.8,79.15,0.3043167638646735,-1.189686133669976,-1.189686133677127
Chain-attached,0.8,79.2,0.3041286104376379,-1.1903046063907157,-1.1903046063951108
Chain-attached,0.8,79.25,0.30394057334238606,-1.190923079111457,-1.1909230791137582
Chain-attached,0.8,79.30000000000001,0.3037526525069938,-1.1915415518321943,-1.1915415518334243
Chain-attached,0.8,79.35000000000001,0.30356484785957805,-1.1921600245529336,-1.192160024554032
Chain-attached,0.8,79.4,0.3033771593283025,-1.192778497273673,-1.1927784972746855
Chain-attached,0.8,79.45,0.30318958684137465,-1.1933969699944125,-1.193396969995346
Chain-attached,0.8,79.5,0.303002130327046,-1.1940154427151537,-1.1940154427160126
Chain-attached,0.8,79.55000000000001,0.30281478971361436,-1.1946339154358914,-1.194633915436685
Chain-attached,0.8,79.60000000000001,0.30262756492941884,-1.1952523881566308,-1.1952523881573625
Chain-attached,0.8,79.65,0.30244045590284485,-1.19587086087737,-1.1958708608780448
Chain-attached,0.8,79.7,0.30225346256232155,-1.1964893335981093,-1.1964893335987317
Chain-attached,0.8,79.75,0.3020665848363224,-1.1971078063188487,-1.1971078063194227
Chain-attached,0.8,79.80000000000001,0.30187982265336505,-1.1977262790395884,-1.1977262790401175
Chain-attached,0.8,79.85000000000001,0.30169317594201156,-1.1983447517603276,-1.198344751760816
Chain-attached,0.8,79.9,0.30150664463086774,-1.198963224481067,-1.1989632244815176
Chain-attached,0.8,79.95,0.3013202286485839,-1.1995816972018065,-1.1995816972022224
Chain-attached,0.8,80.0,0.30113392792385424,-1.200200169922546,-1.2002001699229297
Chain-attached,0.9,0.0,0.9999999999999999,-1.1102230246251565e-16,-1.1102230246251565e-16
Chain-attached,0.9,0.05,0.9952614263509351,-0.004749836282475876,-0.00474983628248014
Chain-attached,0.9,0.1,0.9910269616778158,-0.009013538485594545,-0.009013538484892558
Chain-attached,0.9,0.15000000000000002,0.9872698123774508,-0.012811910769134984,-0.012811910770248805
Chain-attached,0.9,0.2,0.9839648512762923,-0.016165102815537305,-0.016165102815513768
Chain-attached,0.9,0.25,0.9810885047179726,-0.019092604609623573,-0.01909260460908837
Chain-attached,0.9,0.30000000000000004,0.9786186478979576,-0.02161324461895369,-0.021613244619751046
Chain-attached,0.9,0.35000000000000003,0.9765345078106156,-0.023745191030066067,-0.02374519103002009
Chain-attached,0.9,0.4,0.9748165732244832,-0.025505955709134054,-0.02550595570867209
Chain-attached,0.9,0.45,0.973446511147911,-0.026912400571128023,-0.026912400571617437
Chain-attached,0.9,0.5,0.9724070892899038,-0.02798074605882188,-0.027980746058781328
Chain-attached,0.9,0.55,0.9716821040601538,-0.028726581451392653,-0.02872658145118217
Chain-attached,0.9,0.6000000000000001,0.9712563136882826,-0.029164876741452267,-0.029164876741207046
Chain-attached,0.9,0.65,0.9711153760754079,-0.029309995838754502,-0.0293099958392367
Chain-attached,0.9,0.7000000000000001,0.9712457910215927,-0.029175710878171474,-0.029175710878148242
Chain-attached,0.9,0.75,0.9716348465007089,-0.028775217428597052,-0.02877521742788544
Chain-attached,0.9,0.8,0.9722705686799795,-0.028121150417959886,-0.0281211504188989
Chain-attached,0.9,0.8500000000000001,0.9731416754051272,-0.027225600607357167,-0.027225600607287084
Chain-attached,0.9,0.9,0.9742375328938117,-0.026100131464326853,-0.026100131464052045
Chain-attached,0.9,0.9500000000000001,0.9755481154000596,-0.024755796301359004,-0.02475579630094392
Chain-attached,0.9,1.0,0.9770639676308016,-0.023203155560848704,-0.023203155561777933
Chain-attached,0.9,1.05,0.9787761697125757,-0.021452294141777628,-0.02145229414172331
Chain-attached,0.9,1.1,0.9806763045220427,-0.01951283867647445,-0.019512838675881397
Chain-attached,0.9,1.1500000000000001,0.9827564272083049,-0.017393974677839263,-0.017393974677872265
Chain-attached,0.9,1.2000000000000002,0.9850090367482328,-0.01510446348844427,-0.015104463489047482
Chain-attached,0.9,1.25,0.9874270493881471,-0.012652658973000608,-0.012652658972958364
Chain-attached,0.9,1.3,0.99000377383641,-0.010046523904797183,-0.01004652390408095
Chain-attached,0.9,1.35,0.9927328880817791,-0.007293646004974841,-0.0072936460050129215
Chain-attached,0.9,1.4000000000000001,0.9956084177218681,-0.004401253600911065,-0.004401253601735711
Chain-attached,0.9,1.4500000000000002,0.9986247156948064,-0.0013762308766231135,-0.0013762308765578324
Chain-attached,0.9,1.5,1.0017764433152447,0.0017748673060032083,0.001774867306593375
Chain-attached,0.9,1.55,1.0050585525232774,0.005045801031111574,0.005045801031624247
Chain-attached,0.9,1.6,1.0084662692616941,0.008430631409248907,0.008430631407803174
Chain-attached,0.9,1.6500000000000001,1.0119950779032718,0.01192370712150101,0.011923707121608396
Chain-attached,0.9,1.7000000000000002,1.0156407066556579,0.015519651431184778,0.015519651431393777
Chain-attached,0.9,1.75,1.0193991138767162,0.019213349663779772,0.019213349664855467
Chain-attached,0.9,1.8,1.023266475238205,0.02299993715321272,0.022999937152228422
Chain-attached,0.9,1.85,1.0272391716801714,0.02687478765030399,0.026874787650059212
Chain-attached,0.9,1.9000000000000001,1.0313137781026906,0.030833502187315953,0.030833502187372852
Chain-attached,0.9,1.9500000000000002,1.0354870527454485,0.034871898390928746,0.03487189839157759
Chain-attached,0.9,2.0,1.0397559272092634,0.0389860002346509,0.03898600023535853
Chain-attached,0.9,2.0500000000000003,1.0441174970769402,0.04317202822057778,0.04317202821906574
Chain-attached,0.9,2.1,1.0485690130939445,0.04742638997957632,0.04742638997965734
Chain-attached,0.9,2.15,1.05310787287216,0.05174567127824556,0.051745671278301514
Chain-attached,0.9,2.2,1.057731613082659,0.05612662742054217,0.05612662742134708
Chain-attached,0.9,2.25,1.0624379021058,0.06056617503156059,0.06056617503193826
Chain-attached,0.9,2.3000000000000003,1.067224533109191,0.065061384210714,0.0650613842092908
Chain-attached,0.9,2.35,1.072089417526167,0.06960947104145795,0.06960947104154788
Chain-attached,0.9,2.4000000000000004,1.077030578909282,0.07420779044461528,0.07420779044467976
Chain-attached,0.9,2.45,1.0820461471351364,0.07885382936244154,0.07885382936316568
Chain-attached,0.9,2.5,1.0871343529384594,0.08354520026064371,0.08354520026100745
Chain-attached,0.9,2.5500000000000003,1.0922935227549087,0.08827963493575172,0.08827963493451554
Chain-attached,0.9,2.6,1.0975220738534386,0.09305497861544221,0.09305497861551892
Chain-attached,0.9,2.6500000000000004,1.1028185097403824,0.09786918433965516,0.0978691843397092
Chain-attached,0.9,2.7,1.1081814158186332,0.10272030761065548,0.10272030761118339
Chain-attached,0.9,2.75,1.1136094552863713,0.10760650130045199,0.10760650130096674
Chain-attached,0.9,2.8000000000000003,1.119101365260888,0.11252601080436375,0.11252601080342353
Chain-attached,0.9,2.85,1.1246559531139548,0.11747716942981568,0.1174771694297986
Chain-attached,0.9,2.9000000000000004,1.1302720930061203,0.12245839400982772,0.12245839400988817
Chain-attached,0.9,2.95,1.1359487226081435,0.12746818073101518,0.12746818073130164
Chain-attached,0.9,3.0,1.1416848399985102,0.13250510116625516,0.132505101166865
Chain-attached,0.9,3.0500000000000003,1.1474795007267407,0.1375677985025728,0.1375677985021356
Chain-attached,0.9,3.1,1.1533318150328196,0.1426549839551246,0.1426549839546106
Chain-attached,0.9,3.1500000000000004,1.1592409452137244,0.1477654333585393,0.1477654333586165
Chain-attached,0.9,3.2,1.1652061031285976,0.15289798392721912,0.152897983927312
Chain-attached,0.9,3.25,1.1712265478346269,0.1580515311765398,0.1580515311770373
Chain-attached,0.9,3.3000000000000003,1.1773015833462235,0.16322502599724784,0.1632250259973907
Chain-attached,0.9,3.35,1.1834305565105343,0.16841747187566877,0.16841747187495162
Chain-attached,0.9,3.4000000000000004,1.1896128549927452,0.1736279222526525,0.1736279222527048
Chain-attached,0.9,3.45,1.1958479053650741,0.17885547801452734,0.17885547801456983
Chain-attached,0.9,3.5,1.202135171293683,0.1840992851095943,0.18409928510981569
Chain-attached,0.9,3.5500000000000003,1.2084741518181166,0.18935853228401867,0.1893585322844586
Chain-attached,0.9,3.6,1.214864379718199,0.19463244893124193,0.1946324489310027
Chain-attached,0.9,3.6500000000000004,1.2213054199636062,0.19992030304930652,0.19992030304883257
Chain-attached,0.9,3.7,1.2277968682416542,0.20522139930076866,0.20522139930082622
Chain-attached,0.9,3.75,1.2343383495590554,0.21053507717008707,0.21053507717012732
Chain-attached,0.9,3.8000000000000003,1.2409295169137073,0.21586070921366607,0.21586070921394895
Chain-attached,0.9,3.85,1.2475700500327505,0.22119769939791561,0.22119769939822584
Chain-attached,0.9,3.9000000000000004,1.2542596541734023,0.22654548152095166,0.22654548152058948
Chain-attached,0.9,3.95,1.2609980589832313,0.2319035177137399,0.2319035177134731
Chain-attached,0.9,4.0,1.2677850174167657,0.23727129701671787,0.23727129701676866
Chain-attached,0.9,4.05,1.274620304705479,0.2426483340280983,0.24264833402814187
Chain-attached,0.9,4.1000000000000005,1.2815037173783865,0.248034167620268,0.24803416762054015
Chain-attached,0.9,4.15,1.2884350723306304,0.2534283597208522,0.25342835972110317
Chain-attached,0.9,4.2,1.2954142059375693,0.25883049415518944,0.2588304941548565
Chain-attached,0.9,4.25,1.3024409732120574,0.264240175547133,0.2642401755468927
Chain-attached,0.9,4.3,1.3095152470026903,0.2696570282752344,0.2696570282752786
Chain-attached,0.9,4.3500000000000005,1.316636917230947,0.27508069548151953,0.2750806954815529
Chain-attached,0.9,4.4,1.3238058901652572,0.2805108381302071,0.28051083813042477
Chain-attached,0.9,4.45,1.3310220877301178,0.2859471341138376,0.2859471341141029
Chain-attached,0.9,4.5,1.3382854468485266,0.2913892774044388,0.2913892774042304
Chain-attached,0.9,4.55,1.3455959188160416,0.29683697724743574,0.2968369772471027
Chain-attached,0.9,4.6000000000000005,1.3529534687049087,0.3022899573961578,0.30228995739619396
Chain-attached,0.9,4.65,1.3603580747967536,0.3077479553848851,0.30774795538490735
Chain-attached,0.9,4.7,1.3678097280424284,0.31321072183848586,0.3132107218386141
Chain-attached,0.9,4.75,1.3753084315476911,0.31867801981681027,0.3186780198170903
Chain-attached,0.9,4.800000000000001,1.3828542000834232,0.3241496241920613,0.32414962419207227
Chain-attached,0.9,4.8500000000000005,1.3904470596192118,0.32962532105749853,0.32962532105712367
Chain-attached,0.9,4.9,1.3980870468791347,0.3351049071658728,0.3351049071658534
Chain-attached,0.9,4.95,1.405774208918693,0.340588189396107,0.34058818939613933
Chain-attached,0.9,5.0,1.4135086027218442,0.34607498424677907,0.3460749842468166
Chain-attached,0.9,5.050000000000001,1.4212902948171835,0.3515651173550671,0.35156511735526724
Chain-attached,0.9,5.1000000000000005,1.4291193609123478,0.3570584230398657,0.35705842304008484
Chain-attached,0.9,5.15,1.436995885545756,0.36255474386784525,0.3625547438676934
Chain-attached,0.9,5.2,1.444919961754871,0.36805393024130784,0.36805393024098515
Chain-attached,0.9,5.25,1.4528916907601952,0.3735558400067361,0.37355584000676006
Chain-attached,0.9,5.300000000000001,1.4609111816642373,0.3790603380829831,0.3790603380830061
Chain-attached,0.9,5.3500000000000005,1.468978551164755,0.38456729610812324,0.3845672961081769
Chain-attached,0.9,5.4,1.4770939232815876,0.39007659210401346,0.3900765921042223
Chain-attached,0.9,5.45,1.4852574290964455,0.3955881101576799,0.3955881101578621
Chain-attached,0.9,5.5,1.4934692065050383,0.4011017401186733,0.40110174011850336
Chain-attached,0.9,5.550000000000001,1.501729399980973,0.4066173773115984,0.4066173773113011
Chain-attached,0.9,5.6000000000000005,1.5100381603508573,0.41213492226304216,0.4121349222630645
Chain-attached,0.9,5.65,1.5183956445800912,0.41765428044218067,0.41765428044220326
Chain-attached,0.9,5.7,1.526802015568853,0.4231753620143783,0.4231753620144188
Chain-attached,0.9,5.75,1.5352574419578013,0.42869808160712364,0.42869808160730155
Chain-attached,0.9,5.800000000000001,1.5437620979430284,0.4342223580876723,0.434222358087878
Chain-attached,0.9,5.8500000000000005,1.5523161630998734,0.4397481143518299,0.43974811435175465
Chain-attached,0.9,5.9,1.560919822215131,0.44527527712328285,0.4452752771229691
Chain-attached,0.9,5.95,1.5695732651273226,0.4508037767629789,0.45080377676294764
Chain-attached,0.9,6.0,1.578276686574623,0.45633354708803064,0.4563335470880579
Chain-attached,0.9,6.050000000000001,1.5870302860501047,0.4618645251996729,0.4618645251996897
Chain-attached,0.9,6.1000000000000005,1.5958342676639627,0.46739665131981767,0.46739665131992236
Chain-attached,0.9,6.15,1.6046888400123958,0.4729298686357708,0.4729298686359874
Chain-attached,0.9,6.2,1.613594216052844,0.47846412315270737,0.47846412315280984
Chain-attached,0.9,6.25,1.6225506129852958,0.48399936355351336,0.4839993635533021
Chain-attached,0.9,6.300000000000001,1.631558252139377,0.48953554106562114,0.48953554106536923
Chain-attached,0.9,6.3500000000000005,1.6406173588669768,0.4950726093344962,0.49507260933451497
Chain-attached,0.9,6.4,1.6497281624401294,0.5006105243034261,0.5006105243034478
Chain-attached,0.9,6.45,1.6588908959539581,0.50614924409932,0.5061492440993431
Chain-attached,0.9,6.5,1.6681057962344008,0.5116887289241893,0.5116887289243143
Chain-attached,0.9,6.550000000000001,1.6773731037505475,0.5172289409520487,0.5172289409522604
Chain-attached,0.9,6.6000000000000005,1.686693062531361,0.5227698442309596,0.5227698442310345
Chain-attached,0.9,6.65,1.6960659200865598,0.5283114045899371,0.528311404589722
Chain-attached,0.9,6.7,1.705491927331535,0.5338535895505181,0.5338535895502731
Chain-attached,0.9,6.75,1.7149713385160623,0.5393963682427201,0.5393963682427373
Chain-attached,0.9,6.800000000000001,1.724504411156672,0.5449397113251908,0.5449397113252135
Chain-attached,0.9,6.8500000000000005,1.7340914059725119,0.5504835909093374,0.5504835909093538
Chain-attached,0.9,6.9,1.7437325868245173,0.5560279804872217,0.5560279804873182
Chain-attached,0.9,6.95,1.7534282206577891,0.5615728548630567,0.5615728548632543
Chain-attached,0.9,7.0,1.7631785774469975,0.5671181900881055,0.5671181900882429
Chain-attached,0.9,7.050000000000001,1.7729839301446944,0.5726639633988211,0.5726639633987051
Chain-attached,0.9,7.1000000000000005,1.782844554632406,0.5782101531580641,0.5782101531577811
Chain-attached,0.9,7.15,1.7927607296743717,0.5837567387992408,0.583756738799169
Chain-attached,0.9,7.2,1.8027327368738246,0.5893037007732221,0.5893037007732446
Chain-attached,0.9,7.25,1.812760860631703,0.5948510204979025,0.594851020497916
Chain-attached,0.9,7.300000000000001,1.8228453881076712,0.6003986803102642,0.6003986803103001
Chain-attached,0.9,7.3500000000000005,1.8329866091833622,0.6059466634208245,0.6059466634209583
Chain-attached,0.9,7.4,1.8431848164277267,0.61149495387034,0.6114949538705385
Chain-attached,0.9,7.45,1.8534403050644463,0.6170435364886824,0.6170435364887663
Chain-attached,0.9,7.5,1.8637533729412274,0.6225923968557248,0.6225923968555603
Chain-attached,0.9,7.550000000000001,1.8741243205010114,0.6281415212642052,0.628141521263936
Chain-attached,0.9,7.6000000000000005,1.8845534507549146,0.6336908966844096,0.633690896684365
Chain-attached,0.9,7.65,1.8950410692568709,0.6392405107306124,0.6392405107306347
Chain-attached,0.9,7.7,1.9055874840799334,0.6447903516292004,0.6447903516292122
Chain-attached,0.9,7.75,1.9161930057940706,0.6503404081883495,0.6503404081883786
Chain-attached,0.9,7.800000000000001,1.9268579474455068,0.6558906697692346,0.6558906697693518
Chain-attached,0.9,7.8500000000000005,1.937582624537453,0.6614411262586526,0.6614411262588431
Chain-attached,0.9,7.9,1.9483673550121945,0.6669917680429994,0.6669917680431255
Chain-attached,0.9,7.95,1.9592124592345184,0.6725425859835579,0.6725425859834677
Chain-attached,0.9,8.0,1.9701182599763376,0.6780935713929835,0.6780935713927202
Chain-attached,0.9,8.05,1.9810850824025725,0.683644716012988,0.6836447160128343
Chain-attached,0.9,8.1,1.9921132540581148,0.6891960119930984,0.6891960119931146
Chain-attached,0.9,8.15,2.0032031048559347,0.6947474518704917,0.6947474518705113
Chain-attached,0.9,8.200000000000001,2.014354967066216,0.7002990285508177,0.7002990285508285
Chain-attached,0.9,8.25,2.0255691753065013,0.7058507352899754,0.7058507352900292
Chain-attached,0.9,8.3,2.0368460665328105,0.7114025656767946,0.7114025656769388
Chain-attached,0.9,8.35,2.048185980031672,0.7169545136165716,0.716954513616757
Chain-attached,0.9,8.4,2.0595892574130494,0.7225065733154239,0.7225065733155114
Chain-attached,0.9,8.450000000000001,2.0710562426041124,0.728058739265417,0.7280587392652955
Chain-attached,0.9,8.5,2.0825872818438267,0.733611006230432,0.7336110062301717
Chain-attached,0.9,8.55,2.094182723678323,0.7391633692327285,0.7391633692325875
Chain-attached,0.9,8.6,2.1058429189570167,0.7447158235401755,0.7447158235401912
Chain-attached,0.9,8.65,2.1175682208294506,0.7502683646541162,0.7502683646541355
Chain-attached,0.9,8.700000000000001,2.1293589847428165,0.7558209882978266,0.755820988297836
Chain-attached,0.9,8.75,2.141215568440157,0.7613736904055549,0.7613736904055931
Chain-attached,0.9,8.8,2.1531383319591937,0.7669264671120982,0.7669264671122147
Chain-attached,0.9,8.85,2.165127637631763,0.7724793147428923,0.7724793147430716
Chain-attached,0.9,8.9,2.1771838500838525,0.7780322298046002,0.7780322298047394
Chain-attached,0.9,8.950000000000001,2.1893073362361855,0.7835852089761559,0.7835852089761327
Chain-attached,0.9,9.0,2.2014984653053604,0.7891382491002603,0.7891382491000527
Chain-attached,0.9,9.05,2.213757608805511,0.7946913471752949,0.7946913471750597
Chain-attached,0.9,9.1,2.226085140550459,0.8002445003476312,0.800244500347584
Chain-attached,0.9,9.15,2.238481436656358,0.8057977059043274,0.8057977059043457
Chain-attached,0.9,9.200000000000001,2.2509468755447983,0.811350961266181,0.8113509612661971
Chain-attached,0.9,9.25,2.263481837946358,0.8169042639811273,0.8169042639811376
Chain-attached,0.9,9.3,2.2760867069045907,0.8224576117179649,0.8224576117180094
Chain-attached,0.9,9.35,2.288761867780413,0.8280110022603875,0.8280110022605056
Chain-attached,0.9,9.4,2.3015077082569135,0.8335644335013181,0.8335644335014913
Chain-attached,0.9,9.450000000000001,2.3143246183445254,0.8391179034375145,0.8391179034376552
Chain-attached,0.9,9.5,2.3272129903865837,0.8446714101644477,0.8446714101644496
Chain-attached,0.9,9.55,2.3401732190652362,0.8502249518714311,0.8502249518712583
Chain-attached,0.9,9.600000000000001,2.353205701407701,0.8557785268369902,0.8557785268367479
Chain-attached,0.9,9.65,2.366310836792857,0.8613321334244625,0.8613321334243496
Chain-attached,0.9,9.700000000000001,2.3794890269581597,0.8668857700778129,0.8668857700778273
Chain-attached,0.9,9.75,2.392740676006863,0.8724394353176572,0.8724394353176765
Chain-attached,0.9,9.8,2.4060661904155474,0.8779931277374815,0.8779931277374916
Chain-attached,0.9,9.850000000000001,2.4194659790419384,0.8835468460000475,0.8835468460000654
Chain-attached,0.9,9.9,2.432940453133007,0.8891005888339791,0.8891005888340445
Chain-attached,0.9,9.950000000000001,2.4464900263333345,0.8946543550305093,0.8946543550306437
Chain-attached,0.9,10.0,2.4601151146937683,0.9002081434404015,0.9002081434405699
Chain-attached,0.9,10.05,2.47381613668029,0.9057619529710046,0.9057619529711257
Chain-attached,0.9,10.100000000000001,2.487593513183178,0.9113157825834712,0.9113157825834582
Chain-attached,0.9,10.15,2.501447667526378,0.9168696312901008,0.916869631289932
Chain-attached,0.9,10.200000000000001,2.5153790254771287,0.9224234981518217,0.922423498151588
Chain-attached,0.9,10.25,2.5293880152557984,0.9279773822757913,0.9279773822756614
Chain-attached,0.9,10.3,2.543475067545952,0.933531282813119,0.9335312828131328
Chain-attached,0.9,10.350000000000001,2.557640615504637,0.939085198956702,0.9390851989567204
Chain-attached,0.9,10.4,2.571885094772859,0.9446391299391605,0.9446391299391734
Chain-attached,0.9,10.450000000000001,2.5862089434862865,0.9501930750308873,0.9501930750308976
Chain-attached,0.9,10.5,2.6006126022861356,0.9557470335381821,0.9557470335382191
Chain-attached,0.9,10.55,2.6150965143302485,0.9613010048014823,0.9613010048015761
Chain-attached,0.9,10.600000000000001,2.6296611253043762,0.9668549881936848,0.9668549881938322
Chain-attached,0.9,10.65,2.6443068834336185,0.9724089831185412,0.9724089831186976
Chain-attached,0.9,10.700000000000001,2.6590342394940762,0.9779629890091454,0.977962989009235
Chain-attached,0.9,10.75,2.673843646824644,0.98351700532648,0.98351700532644
Chain-attached,0.9,10.8,2.6887355613390067,0.9890710315580504,0.9890710315578772
Chain-attached,0.9,10.850000000000001,2.703710441537776,0.9946250672165726,0.9946250672163521
Chain-attached,0.9,10.9,2.7187687485208123,1.0001791118387349,1.0001791118386076
Chain-attached,0.9,10.950000000000001,2.7339109459996944,1.0057331649840162,1.0057331649840258
Chain-attached,0.9,11.0,2.7491375003103533,1.0112872262335642,1.0112872262335817
Chain-attached,0.9,11.05,2.7644488804258587,1.0168412951891281,1.016841295189143
Chain-attached,0.9,11.100000000000001,2.7798455579693573,1.0223953714720453,1.0223953714720535
Chain-attached,0.9,11.15,2.7953280072271567,1.0279494547222747,1.0279494547222956
Chain-attached,0.9,11.200000000000001,2.810896705161968,1.0335035445974834,1.0335035445975442
Chain-attached,0.9,11.25,2.8265521314262734,1.0390576407721712,1.0390576407722851
Chain-attached,0.9,11.3,2.842294768375851,1.0446117429368442,1.044611742936994
Chain-attached,0.9,11.350000000000001,2.8581251010834396,1.0501658507972285,1.0501658507973648
Chain-attached,0.9,11.4,2.874043617352527,1.0557199640735173,1.055719964073578
Chain-attached,0.9,11.450000000000001,2.8900508077312845,1.0612740824996614,1.0612740824996023
Chain-attached,0.9,11.5,2.906147165526639,1.0668282058226919,1.0668282058225205
Chain-attached,0.9,11.55,2.922333186818464,1.0723823338020757,1.0723823338018672
Chain-attached,0.9,11.600000000000001,2.938609370473914,1.0779364662091044,1.0779364662089739
Chain-attached,0.9,11.65,2.9549762181618777,1.0834906028263116,1.0834906028263103
Chain-attached,0.9,11.700000000000001,2.9714342343675693,1.089044743446921,1.089044743446937
Chain-attached,0.9,11.75,2.987983926407237,1.0945988878743205,1.0945988878743367
Chain-attached,0.9,11.8,3.0046258044429988,1.100153035921561,1.1001530359215694
Chain-attached,0.9,11.850000000000001,3.021360381497792,1.1057071874108788,1.1057071874108892
Chain-attached,0.9,11.9,3.038188173470477,1.1112613421732496,1.1112613421732833
Chain-attached,0.9,11.950000000000001,3.0551096991510267,1.1168155000479552,1.1168155000480304
Chain-attached,0.9,12.0,3.0721254802358504,1.1223696608821738,1.122369660882293
Chain-attached,0.9,12.05,3.0892360413432445,1.1279238245305947,1.127923824530736
Chain-attached,0.9,12.100000000000001,3.106441910028943,1.1334779908550445,1.133477990855166
Chain-attached,0.9,12.15,3.12374361680182,1.1390321597241433,1.1390321597241946
Chain-attached,0.9,12.200000000000001,3.141141695139659,1.1445863310129618,1.1445863310129099
Chain-attached,0.9,12.25,3.1586366815050897,1.1501405046027111,1.15014050460256
Chain-attached,0.9,12.3,3.176229115361606,1.1556946803804367,1.1556946803802406
Chain-attached,0.9,12.350000000000001,3.193919539189715,1.161248858238733,1.1612488582385825
Chain-attached,0.9,12.4,3.211708498503202,1.1668030380754724,1.166803038075435
Chain-attached,0.9,12.450000000000001,3.2295965418655013,1.1723572197935428,1.1723572197935546
Chain-attached,0.9,12.5,3.2475842209061803,1.1779114033006017,1.1779114033006164
Chain-attached,0.9,12.55,3.2656720903375467,1.1834655885088416,1.1834655885088536
Chain-attached,0.9,12.600000000000001,3.2838607079713715,1.18901977533477,1.1890197753347778
Chain-attached,0.9,12.65,3.3021506347357117,1.1945739636989947,1.1945739636990078
Chain-attached,0.9,12.700000000000001,3.3205424346918426,1.2001281535260204,1.2001281535260562
Chain-attached,0.9,12.75,3.339036675051328,1.205682344744061,1.2056823447441327
Chain-attached,0.9,12.8,3.3576339261931754,1.2112365372848544,1.2112365372849638
Chain-attached,0.9,12.850000000000001,3.376334761681129,1.216790731083493,1.2167907310836226
Chain-attached,0.9,12.9,3.3951397582810423,1.2223449260782537,1.222344926078372
Chain-attached,0.9,12.950000000000001,3.414049495978394,1.2278991222104452,1.2278991222105144
Chain-attached,0.9,13.0,3.4330645579959023,1.2334533194242585,1.233453319424247
Chain-attached,0.9,13.05,3.4521855308112444,1.2390075176666229,1.2390075176665227
Chain-attached,0.9,13.100000000000001,3.4714130041749094,1.2445617168870755,1.2445617168869099
Chain-attached,0.9,13.15,3.4907475711281393,1.2501159170376301,1.250115917037456
Chain-attached,0.9,13.200000000000001,3.510189828020991,1.255670118072655,1.2556701180725436
Chain-attached,0.9,13.25,3.5297403745305216,1.2612243199487603,1.261224319948745
Chain-attached,0.9,13.3,3.5493998136790688,1.2667785226246846,1.266778522624696
Chain-attached,0.9,13.350000000000001,3.569168751852656,1.272332726061193,1.2723327260612067
Chain-attached,0.9,13.4,3.589047798819504,1.2778869302209763,1.277886930220987
Chain-attached,0.9,13.450000000000001,3.6090375677486572,1.2834411350685564,1.283441135068562
Chain-attached,0.9,13.5,3.629138675228716,1.2889953405701948,1.2889953405702035
Chain-attached,0.9,13.55,3.6493517412867065,1.2945495466938122,1.294549546693836
Chain-attached,0.9,13.600000000000001,3.6696773894070334,1.3001037534089022,1.3001037534089517
Chain-attached,0.9,13.65,3.6901162465505553,1.3056579606864545,1.3056579606865355
Chain-attached,0.9,13.700000000000001,3.7106689431737907,1.3112121684988833,1.3112121684989906
Chain-attached,0.9,13.75,3.7313361132482212,1.3167663768199573,1.3167663768200737
Chain-attached,0.9,13.8,3.7521183942797074,1.3223205856247304,1.3223205856248308
Chain-attached,0.9,13.850000000000001,3.7730164273280393,1.3278747948894827,1.3278747948895386
Chain-attached,0.9,13.9,3.79403085702658,1.3334290045916573,1.3334290045916464
Chain-attached,0.9,13.950000000000001,3.815162331602036,1.3389832147098037,1.3389832147097194
Chain-attached,0.9,14.0,3.8364115028943413,1.3445374252235245,1.3445374252233822
Chain-attached,0.9,14.05,3.8577790263766594,1.3500916361134219,1.3500916361132613
Chain-attached,0.9,14.100000000000001,3.879265561175507,1.355645847361052,1.3556458473609252
Chain-attached,0.9,14.15,3.9008717700909807,1.3612000589488746,1.3612000589488227
Chain-attached,0.9,14.200000000000001,3.9225983196171037,1.3667542708602085,1.3667542708602165
Chain-attached,0.9,14.25,3.9444458799623185,1.3723084830791934,1.3723084830792036
Chain-attached,0.9,14.3,3.9664151250700486,1.377862695590744,1.377862695590756
Chain-attached,0.9,14.350000000000001,3.98850673263944,1.3834169083805195,1.3834169083805277
Chain-attached,0.9,14.4,4.01072138414615,1.3889711214348774,1.3889711214348823
Chain-attached,0.9,14.450000000000001,4.03305976486333,1.3945253347408486,1.3945253347408546
Chain-attached,0.9,14.5,4.0555225638826675,1.4000795482860968,1.4000795482861133
Chain-attached,0.9,14.55,4.078110474135591,1.405633762058892,1.4056337620589292
Chain-attached,0.9,14.600000000000001,4.100824192414589,1.4111879760480823,1.4111879760481436
Chain-attached,0.9,14.65,4.12366441939461,1.4167421902430588,1.4167421902431434
Chain-attached,0.9,14.700000000000001,4.146631859654644,1.4222964046337336,1.4222964046338333
Chain-attached,0.9,14.75,4.169727221699398,1.427850619210515,1.4278506192106146
Chain-attached,0.9,14.8,4.192951217981093,1.4334048339642806,1.4334048339643612
Chain-attached,0.9,14.850000000000001,4.216304564921392,1.4389590488863568,1.4389590488863977
Chain-attached,0.9,14.9,4.239787982933446,1.4445132639684928,1.44451326396848
Chain-attached,0.9,14.950000000000001,4.263402196444078,1.4500674792028445,1.450067479202774
Chain-attached,0.9,15.0,4.287147933916081,1.4556216945819518,1.4556216945818334
Chain-attached,0.9,15.05,4.311025927870643,1.4611759100987192,1.4611759100985795
Chain-attached,0.9,15.100000000000001,4.335036914909919,1.4667301257464025,1.4667301257462766
Chain-attached,0.9,15.15,4.359181635739688,1.4722843415185844,1.4722843415185078
Chain-attached,0.9,15.200000000000001,4.383460835192184,1.4778385574091637,1.4778385574091495
Chain-attached,0.9,15.25,4.407875262249031,1.4833927734123378,1.4833927734123464
Chain-attached,0.9,15.3,4.432425670064325,1.4889469895225909,1.4889469895226015
Chain-attached,0.9,15.350000000000001,4.457112815987819,1.4945012057346765,1.4945012057346854
Chain-attached,0.9,15.4,4.481937461588237,1.5000554220436007,1.500055422043608
Chain-attached,0.9,15.450000000000001,4.506900372676804,1.505609638444623,1.5056096384446265
Chain-attached,0.9,15.5,4.5320023193307515,1.5111638549332262,1.5111638549332316
Chain-attached,0.9,15.55,4.557244075917132,1.5167180715051232,1.5167180715051343
Chain-attached,0.9,15.600000000000001,4.582626421116618,1.5222722881562314,1.5222722881562543
Chain-attached,0.9,15.65,4.608150137947515,1.5278265048826676,1.5278265048827089
Chain-attached,0.9,15.700000000000001,4.633816013789927,1.5333807216807451,1.5333807216808042
Chain-attached,0.9,15.75,4.659624840409957,1.5389349385469497,1.5389349385470261
Chain-attached,0.9,15.8,4.6855774139841815,1.5444891554779467,1.5444891554780327
Chain-attached,0.9,15.850000000000001,4.711674535124144,1.5500433724705618,1.5500433724706455
Chain-attached,0.9,15.9,4.737917008901032,1.5555975895217742,1.555597589521843
Chain-attached,0.9,15.950000000000001,4.764305644870532,1.5611518066287156,1.561151806628755
Chain-attached,0.9,16.0,4.7908412570977355,1.5667060237886532,1.5667060237886543
Chain-attached,0.9,16.05,4.81752466418228,1.5722602409989934,1.5722602409989508
Chain-attached,0.9,16.1,4.8443566892835515,1.577814458257266,1.577814458257182
Chain-attached,0.9,16.150000000000002,4.871338160146077,1.5833686755611227,1.5833686755610106
Chain-attached,0.9,16.2,4.8984699091250405,1.5889228929083306,1.588922892908211
Chain-attached,0.9,16.25,4.9257527732119595,1.5944771102967679,1.594477110296666
Chain-attached,0.9,16.3,4.953187594060459,1.6000313277244131,1.6000313277243519
Chain-attached,0.9,16.35,4.980775218012254,1.6055855451893462,1.6055855451893328
Chain-attached,0.9,16.400000000000002,5.008516496123237,1.611139762689742,1.6111397626897475
Chain-attached,0.9,16.45,5.036412284189702,1.6166939802238616,1.616693980223868
Chain-attached,0.9,16.5,5.064463442774764,1.6222481977900545,1.6222481977900616
Chain-attached,0.9,16.55,5.092670837234871,1.6278024153867494,1.6278024153867554
Chain-attached,0.9,16.6,5.121035337746498,1.6333566330124527,1.6333566330124563
Chain-attached,0.9,16.650000000000002,5.149557819332983,1.6389108506657437,1.6389108506657457
Chain-attached,0.9,16.7,5.178239161891501,1.6444650683452702,1.6444650683452737
Chain-attached,0.9,16.75,5.207080250220216,1.650019286049749,1.6500192860497571
Chain-attached,0.9,16.8,5.236081974045551,1.6555735037779573,1.6555735037779746
Chain-attached,0.9,16.85,5.265245228049628,1.6611277215287326,1.6611277215287623
Chain-attached,0.9,16.900000000000002,5.294570911897879,1.6666819393009709,1.6666819393010142
Chain-attached,0.9,16.95,5.324059930266761,1.6722361570936197,1.6722361570936761
Chain-attached,0.9,17.0,5.3537131928716875,1.6777903749056808,1.6777903749057468
Chain-attached,0.9,17.05,5.383531614495064,1.683344592736203,1.6833445927362731
Chain-attached,0.9,17.1,5.413516115014511,1.688898810584282,1.6888988105843488
Chain-attached,0.9,17.150000000000002,5.443667619431234,1.694453028449058,1.6944530284491133
Chain-attached,0.9,17.2,5.473987057898553,1.7000072463297138,1.7000072463297484
Chain-attached,0.9,17.25,5.504475365750593,1.7055614642254722,1.7055614642254797
Chain-attached,0.9,17.3,5.535133483531126,1.711115682135594,1.7111156821355695
Chain-attached,0.9,17.35,5.565962357022579,1.7166699000593744,1.716669900059319
Chain-attached,0.9,17.400000000000002,5.596962937275221,1.7222241179961455,1.722224117996065
Chain-attached,0.9,17.45,5.628136180636479,1.7277783359452707,1.7277783359451755
Chain-attached,0.9,17.5,5.659483048780456,1.7333325539061466,1.733332553906051
Chain-attached,0.9,17.55,5.691004508737565,1.7388867718781964,1.738886771878117
Chain-attached,0.9,17.6,5.722701532924386,1.7444409898608735,1.744440989860824
Chain-attached,0.9,17.650000000000002,5.754575099173641,1.7499952078536576,1.7499952078536425
Chain-attached,0.9,17.7,5.786626190764361,1.7555494258560533,1.7555494258560578
Chain-attached,0.9,17.75,5.818855796452227,1.7611036438675913,1.7611036438675962
Chain-attached,0.9,17.8,5.851264910500048,1.7666578618878237,1.766657861887829
Chain-attached,0.9,17.85,5.883854532708437,1.7722120799163237,1.772212079916329
Chain-attached,0.9,17.900000000000002,5.916625668446668,1.777766297952688,1.7777662979526916
Chain-attached,0.9,17.95,5.949579328683653,1.7833205159965295,1.783320515996532
Chain-attached,0.9,18.0,5.982716530019177,1.788874734047485,1.7888747340474862
Chain-attached,0.9,18.05,6.016038294715197,1.7944289521052041,1.7944289521052061
Chain-attached,0.9,18.1,6.049545650727429,1.7999831701693574,1.799983170169362
Chain-attached,0.9,18.150000000000002,6.083239631737012,1.8055373882396284,1.805537388239638
Chain-attached,0.9,18.2,6.117121277182426,1.8110916063157174,1.8110916063157343
Chain-attached,0.9,18.25,6.151191632291553,1.816645824397341,1.8166458243973662
Chain-attached,0.9,18.3,6.1854517481139,1.822200042484228,1.8222000424842628
Chain-attached,0.9,18.35,6.219902681553032,1.8277542605761201,1.827754260576163
Chain-attached,0.9,18.400000000000002,6.2545454953991735,1.833308478672772,1.8333084786728222
Chain-attached,0.9,18.45,6.289381258362006,1.8388626967739519,1.8388626967740056
Chain-attached,0.9,18.5,6.3244110451036155,1.8444169148794383,1.8444169148794904
Chain-attached,0.9,18.55,6.35963593627164,1.8499711329890185,1.8499711329890653
Chain-attached,0.9,18.6,6.3950570185326425,1.8555253511024952,1.8555253511025303
Chain-attached,0.9,18.650000000000002,6.430675384605567,1.8610795692196738,1.8610795692196942
Chain-attached,0.9,18.7,6.466492133295522,1.8666337873403755,1.8666337873403769
Chain-attached,0.9,18.75,6.502508369527625,1.872188005464428,1.8721880054644087
Chain-attached,0.9,18.8,6.5387252043811,1.8777422235916665,1.8777422235916266
Chain-attached,0.9,18.85,6.575143755123558,1.8832964417219358,1.8832964417218778
Chain-attached,0.9,18.900000000000002,6.611765145245452,1.8888506598550867,1.8888506598550163
Chain-attached,0.9,18.95,6.648590504494751,1.8944048779909788,1.8944048779909035
Chain-attached,0.9,19.0,6.685620968911777,1.899959096129478,1.8999590961294068
Chain-attached,0.9,19.05,6.722857680864246,1.905513314270456,1.9055133142703986
Chain-attached,0.9,19.1,6.760301789082534,1.9110675324137922,1.911067532413756
Chain-attached,0.9,19.150000000000002,6.797954448695082,1.9166217505593712,1.9166217505593575
Chain-attached,0.9,19.200000000000003,6.835816821264043,1.9221759687070825,1.9221759687070838
Chain-attached,0.9,19.25,6.873890074821126,1.9277301868568224,1.9277301868568242
Chain-attached,0.9,19.3,6.912175383903605,1.933284405008491,1.933284405008494
Chain-attached,0.9,19.35,6.9506739295905815,1.938838623161995,1.9388386231619976
Chain-attached,0.9,19.400000000000002,6.989386899539379,1.944392841317243,1.9443928413172455
Chain-attached,0.9,19.450000000000003,7.02831548802223,1.949947059474152,1.9499470594741535
Chain-attached,0.9,19.5,7.067460895963065,1.9555012776326384,1.9555012776326388
Chain-attached,0.9,19.55,7.106824330974601,1.9610554957926256,1.9610554957926256
Chain-attached,0.9,19.6,7.146407007395589,1.9666097139540417,1.9666097139540415
Chain-attached,0.9,19.650000000000002,7.186210146328235,1.972163932116814,1.9721639321168156
Chain-attached,0.9,19.700000000000003,7.226234975675935,1.9777181502808787,1.9777181502808823
Chain-attached,0.9,19.75,7.266482730181096,1.9832723684461708,1.9832723684461782
Chain-attached,0.9,19.8,7.306954651463272,1.9888265866126322,1.9888265866126429
Chain-attached,0.9,19.85,7.347651988057417,1.9943808047802039,1.9943808047802198
Chain-attached,0.9,19.900000000000002,7.38857599545245,1.999935022948832,1.9999350229488533
Chain-attached,0.9,19.950000000000003,7.429727936129962,2.0054892411184655,2.0054892411184917
Chain-attached,0.9,20.0,7.471109079603151,2.011043459289054,2.0110434592890845
Chain-attached,0.9,20.05,7.512720702456021,2.0165976774605516,2.016597677460585
Chain-attached,0.9,20.1,7.55456408838272,2.022151895632913,2.0221518956329487
Chain-attached,0.9,20.150000000000002,7.596640528227183,2.0277061138060977,2.0277061138061323
Chain-attached,0.9,20.200000000000003,7.638951320022917,2.033260331980064,2.033260331980095
Chain-attached,0.9,20.25,7.681497769033059,2.0388145501547736,2.0388145501547985
Chain-attached,0.9,20.3,7.724281187790664,2.044368768330192,2.044368768330208
Chain-attached,0.9,20.35,7.767302896139129,2.0499229865062802,2.0499229865062873
Chain-attached,0.9,20.400000000000002,7.810564221273018,2.0554772046830103,2.0554772046830054
Chain-attached,0.9,20.450000000000003,7.854066497778898,2.0610314228603492,2.061031422860332
Chain-attached,0.9,20.5,7.89781106767655,2.066585641038266,2.066585641038236
Chain-attached,0.9,20.55,7.941799280460385,2.072139859216732,2.072139859216693
Chain-attached,0.9,20.6,7.986032493141081,2.0776940773957224,2.077694077395676
Chain-attached,0.9,20.650000000000002,8.030512070287397,2.0832482955752107,2.0832482955751597
Chain-attached,0.9,20.700000000000003,8.075239384068317,2.088802513755173,2.0888025137551214
Chain-attached,0.9,20.75,8.120215814295348,2.0943567319355854,2.0943567319355383
Chain-attached,0.9,20.8,8.165442748465102,2.099910950116425,2.0999109501163877
Chain-attached,0.9,20.85,8.210921581802122,2.1054651682976733,2.105465168297648
Chain-attached,0.9,20.900000000000002,8.256653717301864,2.1110193864793083,2.1110193864792968
Chain-attached,0.9,20.950000000000003,8.302640565774048,2.1165736046613133,2.116573604661311
Chain-attached,0.9,21.0,8.348883545886101,2.122127822843667,2.1221278228436677
Chain-attached,0.9,21.05,8.39538408420701,2.127682041026354,2.1276820410263553
Chain-attached,0.9,21.1,8.442143615251274,2.133236259209359,2.1332362592093603
Chain-attached,0.9,21.150000000000002,8.48916358152316,2.138790477392665,2.138790477392666
Chain-attached,0.9,21.200000000000003,8.536445433561227,2.144344695576258,2.144344695576259
Chain-attached,0.9,21.25,8.583990629983047,2.149898913760123,2.1498989137601234
Chain-attached,0.9,21.3,8.631800637530239,2.1554531319442476,2.1554531319442476
Chain-attached,0.9,21.35,8.679876931113679,2.161007350128619,2.1610073501286187
Chain-attached,0.9,21.400000000000002,8.72822099385902,2.1665615683132255,2.166561568313224
Chain-attached,0.9,21.450000000000003,8.77683431715244,2.172115786498055,2.172115786498054
Chain-attached,0.9,21.5,8.825718400686643,2.1776700046830957,2.1776700046830952
Chain-attached,0.9,21.55,8.874874752507148,2.183224222868338,2.18322422286834
Chain-attached,0.9,21.6,8.924304889058806,2.188778441053774,2.188778441053777
Chain-attached,0.9,21.650000000000002,8.974010335232526,2.1943326592393917,2.1943326592393975
Chain-attached,0.9,21.700000000000003,9.0239926244124,2.199886877425183,2.1998868774251923
Chain-attached,0.9,21.75,9.07425329852296,2.20544109561114,2.2054410956111523
Chain-attached,0.9,21.8,9.124793908076736,2.2109953137972527,2.2109953137972695
Chain-attached,0.9,21.85,9.17561601222214,2.216549531983516,2.216549531983536
Chain-attached,0.9,21.900000000000002,9.226721178791504,2.222103750169922,2.2221037501699445
Chain-attached,0.9,21.950000000000003,9.278110984349473,2.2276579683564623,2.2276579683564877
Chain-attached,0.9,22.0,9.329787014241651,2.233212186543131,2.233212186543158
Chain-attached,0.9,22.05,9.381750862643488,2.238766404729921,2.23876640472995
Chain-attached,0.9,22.1,9.434004132609502,2.244320622916829,2.2443206229168573
Chain-attached,0.9,22.150000000000002,9.486548436122659,2.249874841103847,2.2498748411038734
Chain-attached,0.9,22.200000000000003,9.539385394144153,2.25542905929097,2.2554290592909934
Chain-attached,0.9,22.25,9.592516636663419,2.260983277478193,2.2609832774782115
Chain-attached,0.9,22.3,9.645943802748375,2.2665374956655104,2.266537495665524
Chain-attached,0.9,22.35,9.699668540596043,2.27209171385292,2.272091713852926
Chain-attached,0.9,22.400000000000002,9.753692507583324,2.2776459320404148,2.277645932040413
Chain-attached,0.9,22.450000000000003,9.808017370318188,2.2832001502279917,2.283200150227982
Chain-attached,0.9,22.5,9.862644804691053,2.2887543684156455,2.2887543684156273
Chain-attached,0.9,22.55,9.917576495926498,2.294308586603372,2.294308586603348
Chain-attached,0.9,22.6,9.972814138635302,2.299862804791172,2.2998628047911405
Chain-attached,0.9,22.650000000000002,10.028359436866587,2.305417022979038,2.3054170229790008
Chain-attached,0.9,22.700000000000003,10.08421410416051,2.310971241166967,2.3109712411669268
Chain-attached,0.9,22.75,10.140379863601101,2.3165254593549576,2.3165254593549154
Chain-attached,0.9,22.8,10.196858447869362,2.3220796775430044,2.322079677542965
Chain-attached,0.9,22.85,10.25365159929681,2.327633895731107,2.3276338957310707
Chain-attached,0.9,22.900000000000002,10.31076106991914,2.3331881139192623,2.3331881139192316
Chain-attached,0.9,22.950000000000003,10.368188621530315,2.3387423321074663,2.3387423321074445
Chain-attached,0.9,23.0,10.425936025736924,2.3442965502957174,2.3442965502957036
Chain-attached,0.9,23.05,10.484005064012813,2.349850768484013,2.349850768484007
Chain-attached,0.9,23.1,10.542397527754082,2.3554049866723523,2.35540498667235
Chain-attached,0.9,23.150000000000002,10.601115218334272,2.3609592048607317,2.3609592048607295
Chain-attached,0.9,23.200000000000003,10.660159947160016,2.36651342304915,2.3665134230491476
Chain-attached,0.9,23.25,10.719533535726864,2.372067641237603,2.3720676412376016
Chain-attached,0.9,23.3,10.779237815675549,2.377621859426093,2.3776218594260916
Chain-attached,0.9,23.35,10.839274628848392,2.3831760776146167,2.3831760776146145
Chain-attached,0.9,23.400000000000002,10.899645827346156,2.3887302958031698,2.388730295803168
Chain-attached,0.9,23.450000000000003,10.960353273585278,2.3942845139917552,2.3942845139917526
Chain-attached,0.9,23.5,11.021398840355136,2.3998387321803665,2.3998387321803647
Chain-attached,0.9,23.55,11.082784410876034,2.4053929503690066,2.405392950369005
Chain-attached,0.9,23.6,11.144511878857147,2.4109471685576738,2.41094716855767
Chain-attached,0.9,23.650000000000002,11.206583148554943,2.416501386746363,2.416501386746361
Chain-attached,0.9,23.700000000000003,11.269000134832071,2.422055604935078,2.4220556049350748
Chain-attached,0.9,23.75,11.331764763216247,2.4276098231238135,2.4276098231238104
Chain-attached,0.9,23.8,11.39487896995979,2.4331640413125695,2.433164041312568
Chain-attached,0.9,23.85,11.45834470209933,2.4387182595013477,2.438718259501346
Chain-attached,0.9,23.900000000000002,11.522163917515778,2.444272477690143,2.444272477690143
Chain-attached,0.9,23.950000000000003,11.586338584994898,2.4498266958789596,2.4498266958789587
Chain-attached,0.9,24.0,11.650870684287813,2.45538091406779,2.4553809140677916
Chain-attached,0.9,24.05,11.715762206172347,2.4609351322566377,2.460935132256641
Chain-attached,0.9,24.1,11.78101515251423,2.466489350445502,2.466489350445506
Chain-attached,0.9,24.150000000000002,11.846631536328925,2.4720435686343807,2.472043568634386
Chain-attached,0.9,24.200000000000003,11.912613381843752,2.4775977868232735,2.47759778682328
Chain-attached,0.9,24.25,11.9789627245603,2.4831520050121796,2.483152005012187
Chain-attached,0.9,24.3,12.045681611317248,2.488706223201099,2.4887062232011075
Chain-attached,0.9,24.35,12.112772100353467,2.49426044139003,2.4942604413900393
Chain-attached,0.9,24.400000000000002,12.180236261371578,2.4998146595789734,2.4998146595789827
Chain-attached,0.9,24.450000000000003,12.248076175601733,2.5053688777679275,2.5053688777679373
Chain-attached,0.9,24.5,12.316293935865861,2.5109230959568913,2.5109230959569007
Chain-attached,0.9,24.55,12.38489164664224,2.5164773141458654,2.5164773141458743
Chain-attached,0.9,24.6,12.453871424130394,2.5220315323348497,2.5220315323348577
Chain-attached,0.9,24.650000000000002,12.523235396316366,2.527585750523843,2.527585750523849
Chain-attached,0.9,24.700000000000003,12.592985703038382,2.5331399687128435,2.5331399687128484
Chain-attached,0.9,24.75,12.6631244960529,2.538694186901853,2.5386941869018558
Chain-attached,0.9,24.8,12.73365393910092,2.5442484050908707,2.5442484050908707
Chain-attached,0.9,24.85,12.80457620797477,2.549802623279895,2.5498026232798927
Chain-attached,0.9,24.900000000000002,12.875893490585254,2.5553568414689267,2.5553568414689214
Chain-attached,0.9,24.950000000000003,12.947607987029102,2.560911059657966,2.5609110596579576
Chain-attached,0.9,25.0,13.019721909656825,2.56646527784701,2.5664652778469987
Chain-attached,0.9,25.05,13.092237483141076,2.5720194960360607,2.572019496036047
Chain-attached,0.9,25.1,13.165156944545153,2.577573714225118,2.5775737142251014
Chain-attached,0.9,25.150000000000002,13.238482543392047,2.583127932414179,2.5831279324141616
Chain-attached,0.9,25.200000000000003,13.312216541733912,2.5886821506032462,2.588682150603227
Chain-attached,0.9,25.25,13.386361214221731,2.594236368792318,2.594236368792298
Chain-attached,0.9,25.3,13.460918848175595,2.5997905869813955,2.5997905869813747
Chain-attached,0.9,25.35,13.535891743655162,2.6053448051704766,2.605344805170456
Chain-attached,0.9,25.400000000000002,13.611282213530707,2.6108990233595617,2.610899023359543
Chain-attached,0.9,25.450000000000003,13.687092583554435,2.6164532415486517,2.616453241548635
Chain-attached,0.9,25.5,13.763325192432193,2.6220074597377447,2.6220074597377305
Chain-attached,0.9,25.55,13.839982391895687,2.627561677926842,2.62756167792683
Chain-attached,0.9,25.6,13.917066546774981,2.633115896115943,2.633115896115934
Chain-attached,0.9,25.650000000000002,13.994580035071447,2.638670114305046,2.6386701143050404
Chain-attached,0.9,25.700000000000003,14.07252524803118,2.644224332494153,2.644224332494149
Chain-attached,0.9,25.75,14.150904590218708,2.649778550683263,2.6497785506832594
Chain-attached,0.9,25.8,14.229720479591203,2.655332768872376,2.6553327688723716
Chain-attached,0.9,25.85,14.308975347573044,2.6608869870614913,2.660886987061485
Chain-attached,0.9,25.900000000000002,14.38867163913087,2.6664412052506092,2.6664412052506012
Chain-attached,0.9,25.950000000000003,14.468811812848973,2.67199542343973,2.67199542343972
Chain-attached,0.9,26.0,14.549398341005137,2.6775496416288522,2.677549641628841
Chain-attached,0.9,26.05,14.63043370964695,2.6831038598179773,2.6831038598179653
Chain-attached,0.9,26.1,14.71192041866845,2.688658078007105,2.6886580780070926
Chain-attached,0.9,26.150000000000002,14.793860981887258,2.6942122961962345,2.694212296196222
Chain-attached,0.9,26.200000000000003,14.876257927122136,2.6997665143853653,2.6997665143853538
Chain-attached,0.9,26.25,14.959113796270975,2.705320732574498,2.705320732574487
Chain-attached,0.9,26.3,15.042431145389209,2.7108749507636327,2.710874950763623
Chain-attached,0.9,26.35,15.126212544768636,2.716429168952769,2.71642916895276
Chain-attached,0.9,26.400000000000002,15.210460579016752,2.7219833871419064,2.7219833871418984
Chain-attached,0.9,26.450000000000003,15.295177847136479,2.727537605331046,2.727537605331038
Chain-attached,0.9,26.5,15.380366962606297,2.7330918235201866,2.7330918235201778
Chain-attached,0.9,26.55,15.466030553460923,2.738646041709328,2.7386460417093184
Chain-attached,0.9,26.6,15.552171262372394,2.7442002598984723,2.7442002598984603
Chain-attached,0.9,26.650000000000002,15.638791746731497,2.749754478087617,2.7497544780876018
Chain-attached,0.9,26.700000000000003,15.725894678729855,2.7553086962767623,2.7553086962767437
Chain-attached,0.9,26.75,15.813482745442313,2.7608629144659087,2.760862914465885
Chain-attached,0.9,26.8,15.901558648909855,2.766417132655057,2.7664171326550275
Chain-attached,0.9,26.85,15.99012510622292,2.771971350844206,2.77197135084417
Chain-attached,0.9,26.900000000000002,16.079184849605248,2.7775255690333553,2.777525569033312
Chain-attached,0.9,26.950000000000003,16.168740626498195,2.783079787222506,2.783079787222455
Chain-attached,0.9,27.0,16.25879519964543,2.7886340054116574,2.7886340054115974
Chain-attached,0.9,27.05,16.349351347178224,2.7941882236008095,2.794188223600741
Chain-attached,0.9,27.1,16.440411862701126,2.7997424417899635,2.799742441789886
Chain-attached,0.9,27.150000000000002,16.5319795553781,2.805296659979117,2.8052966599790317
Chain-attached,0.9,27.200000000000003,16.624057250019295,2.8108508781682717,2.8108508781681776
Chain-attached,0.9,27.25,16.716647787168068,2.8164050963574265,2.8164050963573253
Chain-attached,0.9,27.3,16.809754023188713,2.821959314546582,2.8219593145464748
Chain-attached,0.9,27.35,16.903378830354516,2.827513532735739,2.827513532735626
Chain-attached,0.9,27.400000000000002,16.99752509693637,2.833067750924896,2.8330677509247786
Chain-attached,0.9,27.450000000000003,17.092195727291916,2.8386219691140537,2.838621969113934
Chain-attached,0.9,27.5,17.187393641955083,2.844176187303212,2.844176187303091
Chain-attached,0.9,27.55,17.283121777726215,2.84973040549237,2.8497304054922505
Chain-attached,0.9,27.6,17.379383087762715,2.8552846236815292,2.855284623681413
Chain-attached,0.9,27.650000000000002,17.476180541670043,2.8608388418706885,2.860838841870577
Chain-attached,0.9,27.700000000000003,17.573517125593426,2.866393060059848,2.8663930600597443
Chain-attached,0.9,27.75,17.67139584230992,2.8719472782490083,2.8719472782489137
Chain-attached,0.9,27.8,17.769819711321087,2.8775014964381698,2.877501496438086
Chain-attached,0.9,27.85,17.868791768946064,2.8830557146273303,2.8830557146272597
Chain-attached,0.9,27.900000000000002,17.968315068415354,2.888609932816492,2.888609932816436
Chain-attached,0.9,27.950000000000003,18.068392679964923,2.894164151005654,2.8941641510056146
Chain-attached,0.9,28.0,18.169027690930914,2.8997183691948156,2.899718369194794
Chain-attached,0.9,28.05,18.27022320584498,2.9052725873839784,2.905272587383975
Chain-attached,0.9,28.1,18.37198234652993,2.9108268055731403,2.910826805573157
Chain-attached,0.9,28.150000000000002,18.474308252196167,2.9163810237623036,2.9163810237623395
Chain-attached,0.9,28.200000000000003,18.57720407953841,2.9219352419514673,2.921935241951522
Chain-attached,0.9,28.25,18.680673002833135,2.92748946014063,2.9274894601407038
Chain-attached,0.9,28.3,18.784718214036545,2.933043678329794,2.933043678329885
Chain-attached,0.9,28.35,18.889342922882907,2.938597896518957,2.938597896519065
Chain-attached,0.9,28.400000000000002,18.994550356983765,2.944152114708122,2.944152114708243
Chain-attached,0.9,28.450000000000003,19.10034376192729,2.9497063328972866,2.949706332897419
Chain-attached,0.9,28.5,19.20672640137856,2.9552605510864507,2.955260551086591
Chain-attached,0.9,28.55,19.3137015571802,2.960814769275615,2.960814769275761
Chain-attached,0.9,28.6,19.42127252945362,2.9663689874647794,2.9663689874649273
Chain-attached,0.9,28.650000000000002,19.529442636700818,2.9719232056539444,2.97192320565409
Chain-attached,0.9,28.700000000000003,19.638215215906747,2.9774774238431094,2.977477423843249
Chain-attached,0.9,28.75,19.747593622642288,2.983031642032275,2.9830316420324046
Chain-attached,0.9,28.8,19.85758123116772,2.98858586022144,2.9885858602215567
Chain-attached,0.9,28.85,19.968181434536884,2.9941400784106054,2.9941400784107057
Chain-attached,0.9,28.900000000000002,20.079397644701796,2.9996942965997713,2.999694296599853
Chain-attached,0.9,28.950000000000003,20.19123329261792,3.0052485147889376,3.005248514789
Chain-attached,0.9,29.0,20.303691828349997,3.0108027329781035,3.0108027329781453
Chain-attached,0.9,29.05,20.416776721178515,3.0163569511672685,3.0163569511672934
Chain-attached,0.9,29.1,20.530491459706766,3.0219111693564353,3.021911169356446
Chain-attached,0.9,29.150000000000002,20.644839551968325,3.027465387545602,3.0274653875456043
Chain-attached,0.9,29.200000000000003,20.75982452553539,3.033019605734768,3.033019605734797
Chain-attached,0.9,29.25,20.875449927627614,3.0385738239239344,3.038573823924067
Chain-attached,0.9,29.3,20.99171932522146,3.0441280421131007,3.044128042113387
Chain-attached,0.9,29.35,21.1086363051603,3.049682260302267,3.049682260302729
Chain-attached,0.9,29.400000000000002,21.226204474265046,3.0552364784914343,3.055236478492072
Chain-attached,0.9,29.450000000000003,21.344427459445388,3.060790696680601,3.060790696681402
Chain-attached,0.9,29.5,21.463308907811715,3.066344914869767,3.0663449148707045
Chain-attached,0.9,29.55,21.58285248678767,3.0718991330589334,3.071899133059976
Chain-attached,0.9,29.6,21.703061884223228,3.077453351248101,3.0774533512492113
Chain-attached,0.9,29.650000000000002,21.823940808508425,3.0830075694372683,3.0830075694384096
Chain-attached,0.9,29.700000000000003,21.945492988687825,3.0885617876264346,3.088561787627573
Chain-attached,0.9,29.75,22.067722174575632,3.0941160058156028,3.0941160058167045
Chain-attached,0.9,29.8,22.190632136871123,3.0996702240047687,3.09967022400581
Chain-attached,0.9,29.85,22.314226667275314,3.1052244421939363,3.105224442194896
Chain-attached,0.9,29.900000000000002,22.438509578607608,3.1107786603831036,3.11077866038397
Chain-attached,0.9,29.950000000000003,22.563484704923646,3.1163328785722717,3.1163328785730404
Chain-attached,0.9,30.0,22.68915590163341,3.1218870967614385,3.121887096762115
Chain-attached,0.9,30.05,22.815527045620332,3.1274413149506053,3.127441314951203
Chain-attached,0.9,30.1,22.942602035360807,3.132995533139773,3.132995533140313
Chain-attached,0.9,30.150000000000002,23.070384791044425,3.138549751328941,3.1385497513294522
Chain-attached,0.9,30.200000000000003,23.19887925469493,3.1441039695181083,3.1441039695186284
Chain-attached,0.9,30.25,23.328089390291897,3.149658187707276,3.1496581877078484
Chain-attached,0.9,30.3,23.458019183892908,3.155212405896443,3.1552124058971187
Chain-attached,0.9,30.35,23.58867264375666,3.160766624085611,3.160766624086444
Chain-attached,0.9,30.400000000000002,23.720053800466438,3.1663208422747786,3.1663208422758276
Chain-attached,0.9,30.450000000000003,23.8521667070546,3.1718750604639463,3.171875060465274
Chain-attached,0.9,30.5,23.985015439127565,3.177429278653114,3.1774292786547833
Chain-attached,0.9,30.55,24.118604094991493,3.1829834968422803,3.1829834968443578
Chain-attached,0.9,30.6,24.25293679577888,3.1885377150314484,3.1885377150339957
Chain-attached,0.9,30.650000000000002,24.388017685575456,3.1940919332206166,3.194091933223696
Chain-attached,0.9,30.700000000000003,24.52385093154818,3.1996461514097843,3.1996461514134555
Chain-attached,0.9,30.75,24.660440724073773,3.205200369598952,3.2052003696032703
Chain-attached,0.9,30.8,24.797791276867976,3.210754587788119,3.2107545877931356
Chain-attached,0.9,30.85,24.93590682711558,3.2163088059772877,3.216308805983045
Chain-attached,0.9,30.900000000000002,25.074791635601013,3.2218630241664554,3.2218630241729915
Chain-attached,0.9,30.950000000000003,25.214449986839952,3.2274172423556236,3.227417242362968
Chain-attached,0.9,31.0,25.354886189211374,3.2329714605447912,3.232971460552964
Chain-attached,0.9,31.05,25.496104575090516,3.238525678733958,3.2385256787429713
Chain-attached,0.9,31.1,25.638109500982615,3.244079896923127,3.2440798969329805
Chain-attached,0.9,31.150000000000002,25.78090534765705,3.249634115112295,3.2496341151229804
Chain-attached,0.9,31.200000000000003,25.924496520282748,3.2551883333014633,3.2551883333129594
Chain-attached,0.9,31.25,26.06888744856391,3.2607425514906296,3.260742551502908
Chain-attached,0.9,31.3,26.21408258687688,3.2662967696797978,3.266296769692814
Chain-attached,0.9,31.35,26.360086414407288,3.2718509878689668,3.2718509878826665
Chain-attached,0.9,31.400000000000002,26.506903435288308,3.2774052060581336,3.277405206072454
Chain-attached,0.9,31.450000000000003,26.654538178739873,3.2829594242473035,3.282959424262167
Chain-attached,0.9,31.5,26.802995199207864,3.28851364243647,3.288513642451794
Chain-attached,0.9,31.55,26.95227907650524,3.2940678606256375,3.294067860641325
Chain-attached,0.9,31.6,27.10239441595288,3.2996220788148065,3.299622078830752
Chain-attached,0.9,31.650000000000002,27.25334584852172,3.305176297003974,3.3051762970200658
Chain-attached,0.9,31.700000000000003,27.405138030975813,3.3107305151931428,3.3107305152092588
Chain-attached,0.9,31.75,27.557775646015745,3.3162847333823104,3.3162847333983243
Chain-attached,0.9,31.8,27.71126340242327,3.3218389515714777,3.3218389515872575
Chain-attached,0.9,31.85,27.865606035206557,3.3273931697606467,3.3273931697760544
Chain-attached,0.9,31.900000000000002,28.020808305746062,3.332947387949814,3.3329473879647113
Chain-attached,0.9,31.950000000000003,28.176875001941774,3.338501606138984,3.338501606153228
Chain-attached,0.9,32.0,28.33381093836043,3.34405582432815,3.3440558243416025
Chain-attached,0.9,32.050000000000004,28.491620956384644,3.3496100425173188,3.349610042529838
Chain-attached,0.9,32.1,28.65030992436171,3.355164260706487,3.3551642607179377
Chain-attached,0.9,32.15,28.809882737754084,3.360718478895654,3.3607184789059046
Chain-attached,0.9,32.2,28.97034431929042,3.366272697084823,3.3662726970937475
Chain-attached,0.9,32.25,29.131699619117175,3.3718269152739904,3.3718269152814724
Chain-attached,0.9,32.300000000000004,29.29395361495171,3.3773811334631594,3.3773811334690915
Chain-attached,0.9,32.35,29.45711131223542,3.3829353516523266,3.382935351656613
Chain-attached,0.9,32.4,29.621177744288552,3.3884895698414947,3.388489569844052
Chain-attached,0.9,32.45,29.78615797246521,3.3940437880306638,3.3940437880314236
Chain-attached,0.9,32.5,29.9520570863095,3.399598006219831,3.3995980062187416
Chain-attached,0.9,32.550000000000004,30.118880203712795,3.4051522244089996,3.4051522244060255
Chain-attached,0.9,32.6,30.286632471071268,3.4107064425981672,3.4107064425932925
Chain-attached,0.9,32.65,30.455319063444946,3.4162606607873354,3.4162606607805626
Chain-attached,0.9,32.7,30.624945184717188,3.4218148789765035,3.421814878967858
Chain-attached,0.9,32.75,30.795516067755276,3.4273690971656716,3.427369097155198
Chain-attached,0.9,32.800000000000004,30.96703697457187,3.43292331535484,3.4329233153426073
Chain-attached,0.9,32.85,31.13951319648724,3.438477533544008,3.438477533530105
Chain-attached,0.9,32.9,31.31295005429265,3.444031751733175,3.4440317517177155
Chain-attached,0.9,32.95,31.487352898414457,3.449585969922344,3.4495859699054625
Chain-attached,0.9,33.0,31.66272710907898,3.455140188111512,3.4551401880933645
Chain-attached,0.9,33.050000000000004,31.839078096478794,3.4606944063006804,3.460694406281445
Chain-attached,0.9,33.1,32.016411300939374,3.466248624489849,3.4662486244697215
Chain-attached,0.9,33.15,32.194732193086985,3.4718028426790157,3.4718028426582124
Chain-attached,0.9,33.2,32.37404627401768,3.4773570608681847,3.4773570608469346
Chain-attached,0.9,33.25,32.55435907546655,3.482911279057352,3.482911279035899
Chain-attached,0.9,33.300000000000004,32.73567615997887,3.4884654972465214,3.4884654972251177
Chain-attached,0.9,33.35,32.91800312108124,3.494019715435689,3.4940197154145944
Chain-attached,0.9,33.4,33.10134558345451,3.4995739336248564,3.4995739336043328
Chain-attached,0.9,33.45,33.2857092031072,3.5051281518140254,3.5051281517943305
Chain-attached,0.9,33.5,33.47109966754976,3.510682370003193,3.5106823699845764
Chain-attached,0.9,33.550000000000004,33.65752269597037,3.5162365881923616,3.516236588175058
Chain-attached,0.9,33.6,33.844984039411116,3.5217908063815297,3.5217908063657526
Chain-attached,0.9,33.65,34.0334894809455,3.527345024570697,3.52734502455663
Chain-attached,0.9,33.7,34.22304483585695,3.5328992427598656,3.5328992427476535
Chain-attached,0.9,33.75,34.413655951817994,3.538453460949034,3.538453460938774
Chain-attached,0.9,33.800000000000004,34.60532870907079,3.5440076791382022,3.5440076791299333
Chain-attached,0.9,33.85,34.798069020608544,3.54956189732737,3.549561897321062
Chain-attached,0.9,33.9,34.9918828323579,3.5551161155165376,3.5551161155120785
Chain-attached,0.9,33.95,35.18677612336237,3.560670333705706,3.560670333702889
Chain-attached,0.9,34.0,35.38275490596671,3.5662245518948743,3.5662245518933804
Chain-attached,0.9,34.050000000000004,35.57982522600253,3.571778770084043,3.5717787700834305
Chain-attached,0.9,34.1,35.77799316297466,3.577332988273211,3.577332988272898
Chain-attached,0.9,34.15,35.97726483024885,3.582887206462379,3.5828872064620785
Chain-attached,0.9,34.2,36.17764637524024,3.588441424651547,3.5884414246512435
Chain-attached,0.9,34.25,36.379143979603086,3.5939956428407145,3.593995642840402
Chain-attached,0.9,34.300000000000004,36.58176385942146,3.5995498610298835,3.5995498610295638
Chain-attached,0.9,34.35,36.78551226540083,3.605104079219051,3.6051040792187306
Chain-attached,0.9,34.4,36.990395483061185,3.6106582974082184,3.610658297407905
Chain-attached,0.9,34.45,37.196419832930836,3.6162125155973874,3.6162125155970886
Chain-attached,0.9,34.5,37.403591670741164,3.6217667337865556,3.621766733786278
Chain-attached,0.9,34.550000000000004,37.611917387623045,3.6273209519757237,3.6273209519754728
Chain-attached,0.9,34.6,37.821403410303816,3.6328751701648923,3.6328751701646684
Chain-attached,0.9,34.65,38.032056201305494,3.6384293883540595,3.638429388353862
Chain-attached,0.9,34.7,38.24388225914443,3.6439836065432285,3.643983606543051
Chain-attached,0.9,34.75,38.456888118531296,3.649537824732396,3.6495378247322314
Chain-attached,0.9,34.800000000000004,38.67108035057319,3.6550920429215648,3.6550920429214004
Chain-attached,0.9,34.85,38.88646556297597,3.6606462611107324,3.6606462611105552
Chain-attached,0.9,34.9,39.1030504002483,3.6662004792998997,3.666200479299694
Chain-attached,0.9,34.95,39.32084154390668,3.671754697489069,3.6717546974888173
Chain-attached,0.9,35.0,39.539845712681206,3.677308915678237,3.6773089156779215
Chain-attached,0.9,35.050000000000004,39.760069662723346,3.6828631338674054,3.6828631338670097
Chain-attached,0.9,35.1,39.98152018781395,3.6884173520565735,3.688417352056081
Chain-attached,0.9,35.15,40.204204119573056,3.693971570245741,3.6939715702451372
Chain-attached,0.9,35.2,40.42812832767064,3.6995257884349098,3.6995257884341815
Chain-attached,0.9,35.25,40.65329972003835,3.7050800066240774,3.7050800066232163
Chain-attached,0.9,35.300000000000004,40.87972524308287,3.710634224813246,3.7106342248122464
Chain-attached,0.9,35.35,41.107411881899985,3.7161884430024137,3.716188443001273
Chain-attached,0.9,35.4,41.33636666049024,3.7217426611915814,3.721742661190302
Chain-attached,0.9,35.45,41.566596641975586,3.7272968793807504,3.727296879379339
Chain-attached,0.9,35.5,41.79810892881709,3.7328510975699185,3.732851097568386
Chain-attached,0.9,35.550000000000004,42.030910663034355,3.7384053157590866,3.7384053157574497
Chain-attached,0.9,35.6,42.265009026425595,3.7439595339482548,3.7439595339465335
Chain-attached,0.9,35.65,42.50041124078928,3.749513752137422,3.7495137521356408
Chain-attached,0.9,35.7,42.73712456814706,3.7550679703265906,3.7550679703247773
Chain-attached,0.9,35.75,42.97515631096746,3.7606221885157587,3.760622188513945
Chain-attached,0.9,35.800000000000004,43.21451381239153,3.7661764067049277,3.7661764067031474
Chain-attached,0.9,35.85,43.45520445645901,3.7717306248940954,3.771730624892384
Chain-attached,0.9,35.9,43.697235668336475,3.777284843083263,3.777284843081658
Chain-attached,0.9,35.95,43.94061491454627,3.782839061272432,3.78283906127097
Chain-attached,0.9,36.0,44.18534970319662,3.7883932794615998,3.7883932794603172
Chain-attached,0.9,36.050000000000004,44.43144758421369,3.793947497650769,3.7939474976496994
Chain-attached,0.9,36.1,44.678916149573894,3.799501715839935,3.799501715839112
Chain-attached,0.9,36.15,44.92776303353897,3.8050559340291037,3.8050559340285526
Chain-attached,0.9,36.2,45.17799591289063,3.810610152218273,3.8106101522180165
Chain-attached,0.9,36.25,45.42962250716768,3.8161643704074404,3.816164370407495
Chain-attached,0.9,36.300000000000004,45.682650578904536,3.8217185885966094,3.8217185885969847
Chain-attached,0.9,36.35,45.93708793387006,3.827272806785777,3.827272806786476
Chain-attached,0.9,36.4,46.192942421308885,3.8328270249749448,3.83282702497596
Chain-attached,0.9,36.45,46.450221934183354,3.8383812431641138,3.8383812431654305
Chain-attached,0.9,36.5,46.70893440941685,3.8439354613532815,3.843935461354875
Chain-attached,0.9,36.550000000000004,46.969087828138974,3.849489679542449,3.849489679544288
Chain-attached,0.9,36.6,47.23069021593154,3.855043897731617,3.8550438977336583
Chain-attached,0.9,36.65,47.49374964307621,3.860598115920784,3.860598115922977
Chain-attached,0.9,36.7,47.75827422480359,3.8661523341099535,3.8661523341122406
Chain-attached,0.9,36.75,48.024272121543184,3.8717065522991216,3.8717065523014407
Chain-attached,0.9,36.800000000000004,48.291751539175564,3.877260770488289,3.8772607704905733
Chain-attached,0.9,36.85,48.56072072928547,3.8828149886774574,3.882814988679639
Chain-attached,0.9,36.9,48.83118798941607,3.8883692068666256,3.8883692068686386
Chain-attached,0.9,36.95,49.10316166332524,3.893923425055794,3.893923425057578
Chain-attached,0.9,37.0,49.37665014124274,3.8994776432449623,3.8994776432464673
Chain-attached,0.9,37.050000000000004,49.65166186012929,3.905031861434131,3.9050318614353228
Chain-attached,0.9,37.1,49.92820530393652,3.910586079623298,3.910586079624164
Chain-attached,0.9,37.15,50.20628900386915,3.9161402978124666,3.9161402978130213
Chain-attached,0.9,37.2,50.48592153864771,3.9216945160016357,3.921694516001932
Chain-attached,0.9,37.25,50.767111534773335,3.9272487341908033,3.9272487341909383
Chain-attached,0.9,37.300000000000004,51.04986766679415,3.932802952379972,3.9328029523800767
Chain-attached,0.9,37.35,51.33419865757246,3.9383571705691396,3.938357170569244
Chain-attached,0.9,37.4,51.620113278554165,3.9439113887583073,3.9439113887584143
Chain-attached,0.9,37.45,51.90762035003927,3.949465606947476,3.9494656069475877
Chain-attached,0.9,37.5,52.19672874145381,3.955019825136644,3.9550198251367585
Chain-attached,0.9,37.550000000000004,52.48744737162367,3.960574043325811,3.960574043325926
Chain-attached,0.9,37.6,52.77978520904979,3.9661282615149798,3.966128261515091
Chain-attached,0.9,37.65,53.073751272184474,3.971682479704147,3.971682479704252
Chain-attached,0.9,37.7,53.36935462971014,3.977236697893316,3.9772366978934115
Chain-attached,0.9,37.75,53.6666044008185,3.9827909160824846,3.982790916082569
Chain-attached,0.9,37.800000000000004,53.96550975549225,3.988345134271652,3.9883451342717264
Chain-attached,0.9,37.85,54.26607991478805,3.9938993524608204,3.9938993524608852
Chain-attached,0.9,37.9,54.56832415112059,3.9994535706499885,3.9994535706500463
Chain-attached,0.9,37.95,54.87225178854904,4.0050077888391575,4.005007788839212
Chain-attached,0.9,38.0,55.177872203064325,4.010562007028326,4.010562007028382
Chain-attached,0.9,38.050000000000004,55.48519482287872,4.016116225217494,4.016116225217559
Chain-attached,0.9,38.1,55.79422912871644,4.021670443406661,4.02167044340674
Chain-attached,0.9,38.15,56.10498465410637,4.027224661595829,4.02722466159593
Chain-attached,0.9,38.2,56.41747098567592,4.032778879784998,4.032778879785128
Chain-attached,0.9,38.25,56.73169776344677,4.038333097974166,4.03833309797433
Chain-attached,0.9,38.300000000000004,57.047674681132484,4.043887316163334,4.0438873161635405
Chain-attached,0.9,38.35,57.36541148643741,4.0494415343525025,4.049441534352756
Chain-attached,0.9,38.400000000000006,57.68491798135737,4.054995752541671,4.054995752541975
Chain-attached,0.9,38.45,58.00620402248211,4.060549970730839,4.0605499707311985
Chain-attached,0.9,38.5,58.32927952129927,4.066104188920006,4.066104188920422
Chain-attached,0.9,38.550000000000004,58.65415444450039,4.071658407109174,4.0716584071096475
Chain-attached,0.9,38.6,58.98083881428805,4.077212625298342,4.077212625298871
Chain-attached,0.9,38.650000000000006,59.30934270868524,4.08276684348751,4.08276684348809
Chain-attached,0.9,38.7,59.63967626184626,4.0883210616766785,4.088321061677305
Chain-attached,0.9,38.75,59.971849664369344,4.0938752798658475,4.093875279866512
Chain-attached,0.9,38.800000000000004,60.30587316361081,4.099429498055015,4.09942949805571
Chain-attached,0.9,38.85,60.64175706400171,4.104983716244183,4.104983716244899
Chain-attached,0.9,38.900000000000006,60.97951172736526,4.110537934433353,4.110537934434076
Chain-attached,0.9,38.95,61.31914757323632,4.11609215262252,4.116092152623238
Chain-attached,0.9,39.0,61.66067507918364,4.121646370811688,4.121646370812387
Chain-attached,0.9,39.050000000000004,62.00410478113229,4.127200589000856,4.127200589001522
Chain-attached,0.9,39.1,62.34944727368898,4.1327548071900235,4.132754807190641
Chain-attached,0.9,39.150000000000006,62.69671321046913,4.1383090253791925,4.138309025379747
Chain-attached,0.9,39.2,63.04591330442502,4.1438632435683616,4.143863243568837
Chain-attached,0.9,39.25,63.39705832817649,4.149417461757528,4.1494174617579125
Chain-attached,0.9,39.300000000000004,63.75015911434386,4.154971679946697,4.1549716799469785
Chain-attached,0.9,39.35,64.10522655588105,4.160525898135866,4.160525898136033
Chain-attached,0.9,39.400000000000006,64.4622716064122,4.166080116325033,4.166080116325079
Chain-attached,0.9,39.45,64.82130528056996,4.171634334514202,4.1716343345141205
Chain-attached,0.9,39.5,65.1823386543343,4.177188552703369,4.177188552703159
Chain-attached,0.9,39.550000000000004,65.54538286537517,4.182742770892537,4.182742770892197
Chain-attached,0.9,39.6,65.91044911339574,4.188296989081707,4.18829698908124
Chain-attached,0.9,39.650000000000006,66.2775486604773,4.193851207270874,4.19385120727029
Chain-attached,0.9,39.7,66.64669283142787,4.199405425460043,4.199405425459352
Chain-attached,0.9,39.75,67.01789301413044,4.20495964364921,4.204959643648428
Chain-attached,0.9,39.800000000000004,67.39116065989508,4.210513861838377,4.210513861837523
Chain-attached,0.9,39.85,67.76650728381192,4.216068080027546,4.216068080026639
Chain-attached,0.9,39.900000000000006,68.14394446510612,4.221622298216715,4.221622298215779
Chain-attached,0.9,39.95,68.52348384749534,4.227176516405883,4.227176516404945
Chain-attached,0.9,40.0,68.90513713954905,4.232730734595051,4.232730734594138
Chain-attached,0.9,40.050000000000004,69.28891611504973,4.23828495278422,4.238284952783358
Chain-attached,0.9,40.1,69.67483261335556,4.243839170973387,4.243839170972603
Chain-attached,0.9,40.150000000000006,70.06289853976655,4.249393389162556,4.249393389161873
Chain-attached,0.9,40.2,70.45312586589087,4.254947607351724,4.254947607351159
Chain-attached,0.9,40.25,70.84552663001482,4.260501825540891,4.260501825540456
Chain-attached,0.9,40.300000000000004,71.24011293747414,4.26605604373006,4.266056043729755
Chain-attached,0.9,40.35,71.636896961027,4.271610261919228,4.271610261919042
Chain-attached,0.9,40.400000000000006,72.03589094123008,4.277164480108397,4.277164480108301
Chain-attached,0.9,40.45,72.43710718681581,4.282718698297565,4.282718698297511
Chain-attached,0.9,40.5,72.84055807507221,4.288272916486732,4.288272916486657
Chain-attached,0.9,40.550000000000004,73.24625605222498,4.293827134675901,4.293827134675759
Chain-attached,0.9,40.6,73.6542136338208,4.299381352865069,4.299381352864838
Chain-attached,0.9,40.650000000000006,74.06444340511412,4.304935571054237,4.304935571053912
Chain-attached,0.9,40.7,74.47695802145503,4.310489789243405,4.310489789242996
Chain-attached,0.9,40.75,74.89177020867977,4.316044007432573,4.316044007432097
Chain-attached,0.9,40.800000000000004,75.30889276350331,4.321598225621742,4.321598225621222
Chain-attached,0.9,40.85,75.72833855391406,4.327152443810909,4.32715244381037
Chain-attached,0.9,40.900000000000006,76.1501205195712,4.332706662000079,4.332706661999541
Chain-attached,0.9,40.95,76.57425167220295,4.338260880189246,4.338260880188732
Chain-attached,0.9,41.0,77.0007450960092,4.343815098378414,4.343815098377939
Chain-attached,0.9,41.050000000000004,77.42961394806426,4.349369316567583,4.349369316567157
Chain-attached,0.9,41.1,77.86087145872287,4.35492353475675,4.354923534756376
Chain-attached,0.9,41.150000000000006,78.29453093202886,4.360477752945918,4.360477752945594
Chain-attached,0.9,41.2,78.73060574612498,4.366031971135087,4.366031971134802
Chain-attached,0.9,41.25,79.16910935366579,4.371586189324254,4.371586189323993
Chain-attached,0.9,41.300000000000004,79.61005528223303,4.377140407513423,4.377140407513162
Chain-attached,0.9,41.35,80.05345713475226,4.382694625702592,4.382694625702301
Chain-attached,0.9,41.400000000000006,80.49932858991289,4.388248843891759,4.388248843891408
Chain-attached,0.9,41.45,80.94768340259046,4.393803062080927,4.393803062080479
Chain-attached,0.9,41.5,81.39853540427038,4.399357280270095,4.399357280269509
Chain-attached,0.9,41.550000000000004,81.85189850347496,4.404911498459263,4.404911498458499
Chain-attached,0.9,41.6,82.30778668619239,4.410465716648432,4.410465716647446
Chain-attached,0.9,41.650000000000006,82.76621401630824,4.4160199348376,4.416019934836351
Chain-attached,0.9,41.7,83.22719463603933,4.421574153026768,4.421574153025217
Chain-attached,0.9,41.75,83.6907427663699,4.427128371215936,4.427128371214046
Chain-attached,0.9,41.800000000000004,84.15687270749048,4.432682589405104,4.432682589402841
Chain-attached,0.9,41.85,84.62559883923893,4.438236807594272,4.4382368075916085
Chain-attached,0.9,41.900000000000006,85.09693562154415,4.443791025783441,4.443791025780355
Chain-attached,0.9,41.95,85.57089759487172,4.4493452439726076,4.449345243969082
Chain-attached,0.9,42.0,86.04749938067363,4.454899462161777,4.454899462157803
Chain-attached,0.9,42.050000000000004,86.52675568183773,4.460453680350945,4.460453680346524
Chain-attached,0.9,42.1,87.00868128314255,4.466007898540113,4.466007898535251
Chain-attached,0.9,42.150000000000006,87.49329105171297,4.471562116729282,4.471562116723997
Chain-attached,0.9,42.2,87.98059993747864,4.47711633491845,4.4771163349127665
Chain-attached,0.9,42.25,88.47062297363547,4.482670553107616,4.4826705531015705
Chain-attached,0.9,42.300000000000004,88.96337527710983,4.488224771296785,4.488224771290419
Chain-attached,0.9,42.35,89.45887204902374,4.493778989485954,4.493778989479318
Chain-attached,0.9,42.400000000000006,89.95712857516459,4.499333207675122,4.499333207668277
Chain-attached,0.9,42.45,90.45816022645694,4.50488742586429,4.504887425857304
Chain-attached,0.9,42.5,90.96198245943599,4.510441644053457,4.510441644046404
Chain-attached,0.9,42.550000000000004,91.46861081672515,4.515995862242626,4.515995862235585
Chain-attached,0.9,42.6,91.97806092751462,4.521550080431794,4.52155008042485
Chain-attached,0.9,42.650000000000006,92.49034850804445,4.527104298620962,4.527104298614204
Chain-attached,0.9,42.7,93.00548936208884,4.53265851681013,4.532658516803648
Chain-attached,0.9,42.75,93.52349938144383,4.5382127349992984,4.538212734993185
Chain-attached,0.9,42.800000000000004,94.04439454641758,4.543766953188467,4.543766953182814
Chain-attached,0.9,42.85,94.56819092632325,4.549321171377635,4.549321171372532
Chain-attached,0.9,42.900000000000006,95.09490467997496,4.554875389566804,4.554875389562338
Chain-attached,0.9,42.95,95.62455205618572,4.560429607755971,4.560429607752223
Chain-attached,0.9,43.0,96.1571493942696,4.565983825945139,4.565983825942183
Chain-attached,0.9,43.050000000000004,96.69271312454507,4.571538044134308,4.571538044132211
Chain-attached,0.9,43.1,97.23125976884175,4.577092262323475,4.577092262322293
Chain-attached,0.9,43.150000000000006,97.7728059410111,4.582646480512644,4.582646480512422
Chain-attached,0.9,43.2,98.31736834743762,4.5882006987018125,4.5882006987025825
Chain-attached,0.9,43.25,98.86496378755517,4.59375491689098,4.59375491689276
Chain-attached,0.9,43.300000000000004,99.41560915436517,4.599309135080149,4.599309135082941
Chain-attached,0.9,43.35,99.969321434957,4.604863353269317,4.604863353273108
Chain-attached,0.9,43.400000000000006,100.5261177110329,4.610417571458485,4.610417571463244
Chain-attached,0.9,43.45,101.0860151594345,4.615971789647653,4.615971789653331
Chain-attached,0.9,43.5,101.64903105267275,4.621526007836821,4.621526007843351
Chain-attached,0.9,43.550000000000004,102.21518275946087,4.627080226025989,4.6270802260332875
Chain-attached,0.9,43.6,102.78448774525009,4.6326344442151575,4.632634444223123
Chain-attached,0.9,43.650000000000006,103.35696357276835,4.638188662404325,4.638188662412839
Chain-attached,0.9,43.7,103.93262790256249,4.643742880593493,4.643742880602423
Chain-attached,0.9,43.75,104.51149849354255,4.649297098782661,4.649297098791859
Chain-attached,0.9,43.800000000000004,105.09359320353002,4.65485131697183,4.654851316981139
Chain-attached,0.9,43.85,105.67892998980834,4.660405535160998,4.660405535170254
Chain-attached,0.9,43.900000000000006,106.26752690967736,4.665959753350166,4.6659597533592
Chain-attached,0.9,43.95,106.85940212101008,4.671513971539334,4.671513971547975
Chain-attached,0.9,44.0,107.4545738828129,4.6770681897285025,4.677068189736588
Chain-attached,0.9,44.050000000000004,108.05306055578896,4.6826224079176715,4.6826224079250505
Chain-attached,0.9,44.1,108.65488060290404,4.688176626106838,4.688176626113376
Chain-attached,0.9,44.150000000000006,109.2600525899575,4.693730844296007,4.693730844301596
Chain-attached,0.9,44.2,109.86859518615313,4.699285062485175,4.699285062489743
Chain-attached,0.9,44.25,110.48052716467659,4.704839280674343,4.70483928067786
Chain-attached,0.9,44.300000000000004,111.09586740327397,4.710393498863512,4.710393498866007
Chain-attached,0.9,44.35,111.71463488483381,4.715947717052679,4.715947717054249
Chain-attached,0.9,44.400000000000006,112.33684869797374,4.7215019352418475,4.721501935242668
Chain-attached,0.9,44.45,112.96252803762835,4.7270561534310165,4.727056153431362
Chain-attached,0.9,44.5,113.59169220564146,4.732610371620184,4.732610371620434
Chain-attached,0.9,44.550000000000004,114.22436061136244,4.738164589809352,4.7381645898098474
Chain-attached,0.9,44.6,114.86055277224378,4.743718807998519,4.743718807999448
Chain-attached,0.9,44.650000000000006,115.50028831444425,4.749273026187687,4.749273026189122
Chain-attached,0.9,44.7,116.14358697343363,4.754827244376856,4.754827244378781
Chain-attached,0.9,44.75,116.79046859460158,4.760381462566024,4.760381462568368
Chain-attached,0.9,44.800000000000004,117.4409531338703,4.765935680755192,4.7659356807578455
Chain-attached,0.9,44.85,118.09506065831006,4.77148989894436,4.7714898989471966
Chain-attached,0.9,44.900000000000006,118.752811346758,4.777044117133529,4.777044117136418
Chain-attached,0.9,44.95,119.41422549044046,4.782598335322697,4.782598335325519
Chain-attached,0.9,45.0,120.0793234935996,4.788152553511865,4.7881525535145215
Chain-attached,0.9,45.050000000000004,120.74812587412252,4.793706771701034,4.7937067717034525
Chain-attached,0.9,45.1,121.42065326417365,4.7992609898902,4.7992609898923435
Chain-attached,0.9,45.150000000000006,122.09692641083299,4.80481520807937,4.804815208081232
Chain-attached,0.9,45.2,122.77696617673354,4.810369426268538,4.810369426270151
Chain-attached,0.9,45.25,123.4607935407071,4.815923644457706,4.815923644459141
Chain-attached,0.9,45.300000000000004,124.14842959843074,4.821477862646874,4.821477862648235
Chain-attached,0.9,45.35,124.83989556307733,4.827032080836043,4.8270320808374665
Chain-attached,0.9,45.400000000000006,125.53521276596994,4.832586299025211,4.832586299026862
Chain-attached,0.9,45.45,126.2344026572404,4.838140517214379,4.838140517216446
Chain-attached,0.9,45.5,126.93748680649048,4.843694735403546,4.8436947354062365
Chain-attached,0.9,45.550000000000004,127.64448690345785,4.8492489535927135,4.8492489535962475
Chain-attached,0.9,45.6,128.35542475868493,4.8548031717818825,4.854803171786484
Chain-attached,0.9,45.650000000000006,129.0703223041912,4.860357389971051,4.860357389976948
Chain-attached,0.9,45.7,129.78920159415065,4.865911608160219,4.865911608167633
Chain-attached,0.9,45.75,130.51208480557173,4.871465826349387,4.871465826358528
Chain-attached,0.9,45.800000000000004,131.2389942389815,4.877020044538555,4.877020044549615
Chain-attached,0.9,45.85,131.96995231911367,4.882574262727723,4.882574262740869
Chain-attached,0.9,45.900000000000006,132.70498159560043,4.888128480916892,4.888128480932265
Chain-attached,0.9,45.95,133.44410474366754,4.893682699106059,4.893682699123764
Chain-attached,0.9,46.0,134.1873445648351,4.8992369172952275,4.899236917315333
Chain-attached,0.9,46.050000000000004,134.93472398761955,4.904791135484396,4.9047911355069305
Chain-attached,0.9,46.1,135.68626606824182,4.910345353673563,4.910345353698509
Chain-attached,0.9,46.150000000000006,136.4419939913389,4.915899571862733,4.9158995718900265
Chain-attached,0.9,46.2,137.20193107067757,4.921453790051901,4.921453790081432
Chain-attached,0.9,46.25,137.96610074987527,4.927008008241068,4.9270080082726775
Chain-attached,0.9,46.300000000000004,138.73452660312302,4.932562226430237,4.932562226463717
Chain-attached,0.9,46.35,139.50723233591157,4.938116444619405,4.938116444654502
Chain-attached,0.9,46.400000000000006,140.28424178576395,4.943670662808573,4.943670662844986
Chain-attached,0.9,46.45,141.06557892297022,4.9492248809977415,4.949224881035129
Chain-attached,0.9,46.5,141.85126785132704,4.954779099186909,4.95477909922489
Chain-attached,0.9,46.550000000000004,142.64133280888143,4.960333317376076,4.960333317414237
Chain-attached,0.9,46.6,143.4357981686786,4.965887535565245,4.965887535603139
Chain-attached,0.9,46.650000000000006,144.23468843951292,4.971441753754413,4.971441753791572
Chain-attached,0.9,46.7,145.0380282666852,4.976995971943581,4.97699597197952
Chain-attached,0.9,46.75,145.84584243276237,4.982550190132749,4.982550190166972
Chain-attached,0.9,46.800000000000004,146.65815585834216,4.9881044083219175,4.988104408353925
Chain-attached,0.9,46.85,147.4749936028217,4.993658626511086,4.993658626540386
Chain-attached,0.9,46.900000000000006,148.29638086517107,4.999212844700255,4.999212844726369
Chain-attached,0.9,46.95,149.12234298470963,5.004767062889422,5.004767062911894
Chain-attached,0.9,47.0,149.95290544188927,5.01032128107859,5.010321281096995
Chain-attached,0.9,47.050000000000004,150.78809385907925,5.015875499267759,5.015875499281711
Chain-attached,0.9,47.1,151.6279340013566,5.021429717456926,5.0214297174660905
Chain-attached,0.9,47.150000000000006,152.47245177730233,5.026983935646095,5.026983935650192
Chain-attached,0.9,47.2,153.32167323979883,5.032538153835264,5.032538153834079
Chain-attached,0.9,47.25,154.17562458683446,5.038092372024431,5.038092372017825
Chain-attached,0.9,47.300000000000004,155.03433216231278,5.043646590213599,5.0436465902015115
Chain-attached,0.9,47.35,155.89782245686362,5.049200808402769,5.049200808385223
Chain-attached,0.9,47.400000000000006,156.76612210866003,5.054755026591935,5.054755026569048
Chain-attached,0.9,47.45,157.6392579042429,5.060309244781105,5.060309244753084
Chain-attached,0.9,47.5,158.51725677934323,5.065863462970272,5.0658634629374255
Chain-attached,0.9,47.550000000000004,159.40014581971664,5.071417681159439,5.071417681122169
Chain-attached,0.9,47.6,160.28795226197738,5.076971899348608,5.076971899307411
Chain-attached,0.9,47.650000000000006,161.18070349443778,5.082526117537776,5.082526117493243
Chain-attached,0.9,47.7,162.07842705795537,5.0880803357269455,5.088080335679751
Chain-attached,0.9,47.75,162.98115064677967,5.093634553916113,5.093634553867013
Chain-attached,0.9,47.800000000000004,163.88890210940934,5.09918877210528,5.099188772055096
Chain-attached,0.9,47.85,164.8017094494499,5.104742990294449,5.10474299024405
Chain-attached,0.9,47.900000000000006,165.71960082647698,5.110297208483617,5.110297208433911
Chain-attached,0.9,47.95,166.64260455690658,5.115851426672786,5.115851426624688
Chain-attached,0.9,48.0,167.57074911486708,5.121405644861953,5.121405644816371
Chain-attached,0.9,48.050000000000004,168.50406313307946,5.126959863051122,5.126959863008917
Chain-attached,0.9,48.1,169.44257540373826,5.13251408124029,5.132514081202246
Chain-attached,0.9,48.150000000000006,170.38631487940242,5.138068299429459,5.138068299396245
Chain-attached,0.9,48.2,171.33531067388594,5.143622517618627,5.143622517590748
Chain-attached,0.9,48.25,172.28959206315776,5.149176735807794,5.149176735785545
Chain-attached,0.9,48.300000000000004,173.24918848624475,5.154730953996963,5.15473095398037
Chain-attached,0.9,48.35,174.21412954613857,5.160285172186131,5.1602851721748895
Chain-attached,0.9,48.400000000000006,175.18444501071045,5.165839390375299,5.1658393903687045
Chain-attached,0.9,48.45,176.16016481362868,5.171393608564467,5.17139360856134
Chain-attached,0.9,48.5,177.14131905528217,5.176947826753635,5.176947826752235
Chain-attached,0.9,48.550000000000004,178.12793800370972,5.182502044942804,5.182502044941545
Chain-attached,0.9,48.6,179.12005209553212,5.188056263131972,5.188056263130713
Chain-attached,0.9,48.650000000000006,180.11769193689287,5.19361048132114,5.193610481319846
Chain-attached,0.9,48.7,181.12088830440146,5.199164699510308,5.1991646995089775
Chain-attached,0.9,48.75,182.12967214608298,5.204718917699476,5.20471891769813
Chain-attached,0.9,48.800000000000004,183.14407458233268,5.210273135888643,5.2102731358873156
Chain-attached,0.9,48.85,184.16412690687662,5.2158273540778115,5.215827354076536
Chain-attached,0.9,48.900000000000006,185.18986058773643,5.2213815722669805,5.2213815722657895
Chain-attached,0.9,48.95,186.22130726819984,5.226935790456149,5.226935790455062
Chain-attached,0.9,49.0,187.2584987677977,5.232490008645316,5.232490008644348
Chain-attached,0.9,49.050000000000004,188.30146708328564,5.238044226834485,5.2380442268336305
Chain-attached,0.9,49.1,189.35024438962975,5.243598445023653,5.243598445022894
Chain-attached,0.9,49.150000000000006,190.40486304100074,5.249152663212821,5.249152663212127
Chain-attached,0.9,49.2,191.46535557177128,5.254706881401989,5.254706881401313
Chain-attached,0.9,49.25,192.53175469751963,5.2602610995911565,5.260261099590443
Chain-attached,0.9,49.300000000000004,193.60409331603975,5.2658153177803255,5.265815317779509
Chain-attached,0.9,49.35,194.68240450835447,5.271369535969494,5.271369535968503
Chain-attached,0.9,49.400000000000006,195.76672153973777,5.276923754158662,5.276923754157423
Chain-attached,0.9,49.45,196.85707786074005,5.28247797234783,5.2824779723462685
Chain-attached,0.9,49.5,197.95350710822032,5.288032190536998,5.288032190535042
Chain-attached,0.9,49.550000000000004,199.05604310638387,5.293586408726166,5.293586408723751
Chain-attached,0.9,49.6,200.16471986782562,5.299140626915334,5.299140626912404
Chain-attached,0.9,49.650000000000006,201.27957159457955,5.304694845104502,5.304694845101013
Chain-attached,0.9,49.7,202.40063267917373,5.3102490632936705,5.310249063289593
Chain-attached,0.9,49.75,203.52793770569122,5.315803281482839,5.315803281478159
Chain-attached,0.9,49.800000000000004,204.66152145083714,5.321357499672007,5.32135749966673
Chain-attached,0.9,49.85,205.80141888501146,5.326911717861175,5.326911717855324
Chain-attached,0.9,49.900000000000006,206.9476651733879,5.332465936050344,5.332465936043962
Chain-attached,0.9,49.95,208.10029567699772,5.33802015423951,5.338020154232661
Chain-attached,0.9,50.0,209.25934595382344,5.343574372428679,5.343574372421442
Chain-attached,0.9,50.050000000000004,210.42485175989208,5.349128590617848,5.3491285906103245
Chain-attached,0.9,50.1,211.59684905038029,5.3546828088070155,5.354682808799321
Chain-attached,0.9,50.150000000000006,212.77537398072423,5.3602370269961845,5.36023702698845
Chain-attached,0.9,50.2,213.96046290773276,5.365791245185353,5.365791245177721
Chain-attached,0.9,50.25,215.15215239071054,5.371345463374519,5.371345463367143
Chain-attached,0.9,50.300000000000004,216.3504791925867,5.376899681563688,5.376899681556724
Chain-attached,0.9,50.35,217.5554802810463,5.382453899752857,5.382453899746461
Chain-attached,0.9,50.400000000000006,218.76719282967235,5.388008117942024,5.388008117936356
Chain-attached,0.9,50.45,219.98565421909365,5.393562336131192,5.393562336126399
Chain-attached,0.9,50.5,221.21090203813569,5.39911655432036,5.3991165543165796
Chain-attached,0.9,50.550000000000004,222.44297408498238,5.404670772509529,5.4046707725068845
Chain-attached,0.9,50.6,223.6819083683402,5.410224990698698,5.410224990697291
Chain-attached,0.9,50.650000000000006,224.92774310861157,5.415779208887865,5.415779208887773
Chain-attached,0.9,50.7,226.18051673907496,5.421333427077033,5.421333427078306
Chain-attached,0.9,50.75,227.4402679070688,5.426887645266201,5.426887645268855
Chain-attached,0.9,50.800000000000004,228.70703547518474,5.432441863455369,5.4324418634593865
Chain-attached,0.9,50.85,229.98085852246626,5.437996081644537,5.437996081649862
Chain-attached,0.9,50.900000000000006,231.26177634561446,5.443550299833706,5.443550299840245
Chain-attached,0.9,50.95,232.5498284601994,5.449104518022874,5.449104518030493
Chain-attached,0.9,51.0,233.845054601881,5.454658736212042,5.454658736220572
Chain-attached,0.9,51.050000000000004,235.14749472763327,5.460212954401211,5.460212954410445
Chain-attached,0.9,51.1,236.4571890169767,5.465767172590378,5.465767172600078
Chain-attached,0.9,51.150000000000006,237.77417787322008,5.471321390779547,5.4713213907894485
Chain-attached,0.9,51.2,239.09850192470378,5.476875608968715,5.476875608978536
Chain-attached,0.9,51.25,240.43020202605535,5.482429827157882,5.482429827167333
Chain-attached,0.9,51.300000000000004,241.76931925944984,5.487984045347051,5.487984045355846
Chain-attached,0.9,51.35,243.11589493587527,5.4935382635362195,5.493538263544094
Chain-attached,0.9,51.400000000000006,244.46997059640907,5.499092481725388,5.4990924817321165
Chain-attached,0.9,51.45,245.83158801349867,5.504646699914556,5.504646699919973
Chain-attached,0.9,51.5,247.20078919225028,5.510200918103724,5.51020091810775
Chain-attached,0.9,51.550000000000004,248.57761637172453,5.515755136292891,5.515755136295564
Chain-attached,0.9,51.6,249.96211202624065,5.52130935448206,5.521309354483562
Chain-attached,0.9,51.650000000000006,251.35431886668428,5.526863572671227,5.526863572671932
Chain-attached,0.9,51.7,252.75427984182826,5.5324177908603955,5.532417790860871
Chain-attached,0.9,51.75,254.16203813965507,5.537972009049564,5.5379720090500255
Chain-attached,0.9,51.800000000000004,255.57763718869052,5.543526227238733,5.5435262272392025
Chain-attached,0.9,51.85,257.00112065934235,5.549080445427901,5.549080445428387
Chain-attached,0.9,51.900000000000006,258.4325324652488,5.554634663617069,5.554634663617567
Chain-attached,0.9,51.95,259.87191676463226,5.560188881806236,5.560188881806735
Chain-attached,0.9,52.0,261.3193179616624,5.565743099995404,5.56574309999589
Chain-attached,0.9,52.050000000000004,262.77478070782564,5.571297318184574,5.571297318185033
Chain-attached,0.9,52.1,264.23834990330056,5.5768515363737405,5.576851536374164
Chain-attached,0.9,52.150000000000006,265.71007069834815,5.5824057545629096,5.58240575456329
Chain-attached,0.9,52.2,267.1899884946989,5.587959972752078,5.587959972752413
Chain-attached,0.9,52.25,268.6781489469573,5.593514190941246,5.59351419094154
Chain-attached,0.9,52.300000000000004,270.1745979640089,5.599068409130415,5.599068409130678
Chain-attached,0.9,52.35,271.67938171043573,5.604622627319582,5.60462262731983
Chain-attached,0.9,52.400000000000006,273.19254660794275,5.61017684550875,5.6101768455090015
Chain-attached,0.9,52.45,274.7141393367877,5.615731063697918,5.615731063698196
Chain-attached,0.9,52.5,276.24420683722224,5.621285281887086,5.621285281887416
Chain-attached,0.9,52.550000000000004,277.7827963109397,5.6268395000762546,5.626839500076666
Chain-attached,0.9,52.6,279.32995522253134,5.632393718265422,5.632393718265944
Chain-attached,0.9,52.650000000000006,280.88573130095097,5.63794793645459,5.637947936455249
Chain-attached,0.9,52.7,282.4501725409866,5.643502154643758,5.643502154644581
Chain-attached,0.9,52.75,284.0233272047418,5.649056372832927,5.649056372833936
Chain-attached,0.9,52.800000000000004,285.60524382312315,5.654610591022094,5.654610591023311
Chain-attached,0.9,52.85,287.19597119733993,5.660164809211262,5.6601648092126995
Chain-attached,0.9,52.900000000000006,288.7955584004075,5.665719027400431,5.665719027402097
Chain-attached,0.9,52.95,290.4040547786612,5.6712732455895996,5.671273245591495
Chain-attached,0.9,53.0,292.02150995328,5.676827463778768,5.676827463780888
Chain-attached,0.9,53.050000000000004,293.64797382181627,5.682381681967936,5.68238168197027
Chain-attached,0.9,53.1,295.28349655973517,5.687935900157103,5.687935900159629
Chain-attached,0.9,53.150000000000006,296.92812862196394,5.693490118346273,5.693490118348963
Chain-attached,0.9,53.2,298.58192074444486,5.699044336535441,5.699044336538261
Chain-attached,0.9,53.25,300.24492394570433,5.704598554724608,5.704598554727516
Chain-attached,0.9,53.300000000000004,301.91718952842547,5.710152772913776,5.710152772916726
Chain-attached,0.9,53.35,303.5987690810298,5.7157069911029454,5.715706991105883
Chain-attached,0.9,53.400000000000006,305.2897144792691,5.721261209292114,5.721261209294983
Chain-attached,0.9,53.45,306.99007788782643,5.726815427481281,5.7268154274840235
Chain-attached,0.9,53.5,308.69991176192553,5.732369645670449,5.732369645673004
Chain-attached,0.9,53.550000000000004,310.4192688489475,5.737923863859616,5.737923863861924
Chain-attached,0.9,53.6,312.1482021900604,5.743478082048785,5.743478082050785
Chain-attached,0.9,53.650000000000006,313.88676512185236,5.749032300237953,5.749032300239591
Chain-attached,0.9,53.7,315.63501127798,5.754586518427121,5.754586518428347
Chain-attached,0.9,53.75,317.3929945908217,5.76014073661629,5.76014073661706
Chain-attached,0.9,53.800000000000004,319.16076929314073,5.765694954805457,5.7656949548057375
Chain-attached,0.9,53.85,320.9383899197603,5.771249172994625,5.771249172994391
Chain-attached,0.9,53.900000000000006,322.72591130924417,5.776803391183795,5.776803391183034
Chain-attached,0.9,53.95,324.5233886055873,5.782357609372962,5.782357609371673
Chain-attached,0.9,54.0,326.33087725992095,5.78791182756213,5.787911827560329
Chain-attached,0.9,54.050000000000004,328.1484330322198,5.793466045751298,5.793466045749013
Chain-attached,0.9,54.1,329.97611199302315,5.7990202639404655,5.799020263937739
Chain-attached,0.9,54.150000000000006,331.8139705251661,5.8045744821296354,5.804574482126525
Chain-attached,0.9,54.2,333.6620653255152,5.810128700318804,5.810128700315382
Chain-attached,0.9,54.25,335.5204534067216,5.815682918507971,5.815682918504324
Chain-attached,0.9,54.300000000000004,337.38919209897836,5.821237136697139,5.821237136693364
Chain-attached,0.9,54.35,339.26833905178853,5.826791354886308,5.826791354882508
Chain-attached,0.9,54.400000000000006,341.15795223574315,5.832345573075476,5.832345573071763
Chain-attached,0.9,54.45,343.0580899443114,5.837899791264644,5.837899791261127
Chain-attached,0.9,54.5,344.9688107956373,5.843454009453811,5.843454009450598
Chain-attached,0.9,54.550000000000004,346.8901737343493,5.849008227642979,5.849008227640164
Chain-attached,0.9,54.6,348.8222380333783,5.854562445832148,5.8545624458298064
Chain-attached,0.9,54.650000000000006,350.76506329578456,5.860116664021316,5.860116664019497
Chain-attached,0.9,54.7,352.71870945659896,5.865670882210484,5.865670882209197
Chain-attached,0.9,54.75,354.6832367846704,5.871225100399652,5.871225100398856
Chain-attached,0.9,54.800000000000004,356.6587058845256,5.87677931858882,5.876779318588411
Chain-attached,0.9,54.85,358.64517769823857,5.882333536777988,5.882333536777782
Chain-attached,0.9,54.900000000000006,360.64271350731093,5.887887754967157,5.887887754966955
Chain-attached,0.9,54.95,362.65137493456086,5.893441973156325,5.893441973156067
Chain-attached,0.9,55.0,364.6712239460273,5.898996191345493,5.898996191345158
Chain-attached,0.9,55.050000000000004,366.7023228528784,5.904550409534661,5.904550409534247
Chain-attached,0.9,55.1,368.7447343133354,5.910104627723829,5.9101046277233475
Chain-attached,0.9,55.150000000000006,370.79852133460554,5.915658845912998,5.9156588459124695
Chain-attached,0.9,55.2,372.8637472748245,5.921213064102166,5.921213064101616
Chain-attached,0.9,55.25,374.9404758450126,5.926767282291333,5.926767282290787
Chain-attached,0.9,55.300000000000004,377.0287711110404,5.932321500480501,5.932321500479982
Chain-attached,0.9,55.35,379.1286974956035,5.9378757186696705,5.937875718669192
Chain-attached,0.9,55.400000000000006,381.2403197802098,5.943429936858838,5.943429936858412
Chain-attached,0.9,55.45,383.36370310718127,5.948984155048007,5.9489841550476354
Chain-attached,0.9,55.5,385.4989129816585,5.954538373237174,5.954538373236852
Chain-attached,0.9,55.550000000000004,387.64601527362663,5.960092591426342,5.960092591426055
Chain-attached,0.9,55.6,389.8050762199439,5.965646809615511,5.9656468096152375
Chain-attached,0.9,55.650000000000006,391.97616242638503,5.971201027804678,5.9712010278043905
Chain-attached,0.9,55.7,394.1593408696998,5.976755245993848,5.976755245993509
Chain-attached,0.9,55.75,396.3546788996727,5.9823094641830155,5.982309464182588
Chain-attached,0.9,55.800000000000004,398.5622442412075,5.987863682372183,5.987863682371625
Chain-attached,0.9,55.85,400.78210499641307,5.993417900561352,5.993417900560616
Chain-attached,0.9,55.900000000000006,403.01432964670295,5.99897211875052,5.998972118749562
Chain-attached,0.9,55.95,405.2589870549114,6.004526336939689,6.004526336938463
Chain-attached,0.9,56.0,407.51614646741416,6.010080555128856,6.010080555127323
Chain-attached,0.9,56.050000000000004,409.78587751626924,6.015634773318025,6.015634773316147
Chain-attached,0.9,56.1,412.0682502213593,6.021188991507192,6.0211889915049355
Chain-attached,0.9,56.150000000000006,414.3633349925576,6.026743209696361,6.026743209693701
Chain-attached,0.9,56.2,416.67120263189497,6.0322974278855295,6.0322974278824475
Chain-attached,0.9,56.25,418.991924335747,6.037851646074697,6.037851646071185
Chain-attached,0.9,56.300000000000004,421.3255716970312,6.043405864263866,6.043405864259925
Chain-attached,0.9,56.35,423.6722167074116,6.048960082453034,6.048960082448676
Chain-attached,0.9,56.400000000000006,426.0319317595238,6.054514300642202,6.0545143006374476
Chain-attached,0.9,56.45,428.4047896492061,6.06006851883137,6.060068518826252
Chain-attached,0.9,56.5,430.7908635777454,6.065622737020537,6.0656227370151
Chain-attached,0.9,56.550000000000004,433.19022715413695,6.0711769552097055,6.0711769552040025
Chain-attached,0.9,56.6,435.60295439735256,6.076731173398874,6.076731173392968
Chain-attached,0.9,56.650000000000006,438.02911973862626,6.082285391588043,6.082285391582006
Chain-attached,0.9,56.7,440.46879802374815,6.08783960977721,6.087839609771124
Chain-attached,0.9,56.75,442.9220645153774,6.093393827966379,6.0933938279603295
Chain-attached,0.9,56.800000000000004,445.3889948953583,6.098948046155546,6.098948046149628
Chain-attached,0.9,56.85,447.869665267061,6.104502264344714,6.104502264339024
Chain-attached,0.9,56.900000000000006,450.36415215772524,6.110056482533883,6.110056482528519
Chain-attached,0.9,56.95,452.8725325208211,6.1156107007230505,6.11561070071811
Chain-attached,0.9,57.0,455.3948837384266,6.121164918912219,6.1211649189078
Chain-attached,0.9,57.050000000000004,457.93128362361125,6.126719137101388,6.1267191370975835
Chain-attached,0.9,57.1,460.4818104228371,6.132273355290556,6.132273355287452
Chain-attached,0.9,57.150000000000006,463.0465428183745,6.137827573479724,6.137827573477401
Chain-attached,0.9,57.2,465.6255599307277,6.143381791668892,6.143381791667417
Chain-attached,0.9,57.25,468.2189413210758,6.148936009858059,6.148936009857486
Chain-attached,0.9,57.300000000000004,470.82676699372917,6.154490228047228,6.154490228047599
Chain-attached,0.9,57.35,473.44911739859344,6.160044446236396,6.160044446237734
Chain-attached,0.9,57.400000000000006,476.0860734336554,6.1655986644255645,6.165598664427875
Chain-attached,0.9,57.45,478.73771644747666,6.171152882614733,6.171152882618002
Chain-attached,0.9,57.5,481.40412824170363,6.176707100803901,6.176707100808095
Chain-attached,0.9,57.550000000000004,484.085391073591,6.182261318993069,6.1822613189981315
Chain-attached,0.9,57.6,486.7815876585392,6.187815537182237,6.187815537188091
Chain-attached,0.9,57.650000000000006,489.49280117264647,6.193369755371405,6.193369755377953
Chain-attached,0.9,57.7,492.2191152552745,6.198923973560573,6.1989239735676955
Chain-attached,0.9,57.75,494.9606140116287,6.204478191749741,6.2044781917573
Chain-attached,0.9,57.800000000000004,497.717382015353,6.2100324099389095,6.21003240994675
Chain-attached,0.9,57.85,500.4895043111381,6.215586628128077,6.215586628136033
Chain-attached,0.9,57.900000000000006,503.277066417348,6.221140846317247,6.22114084632514
Chain-attached,0.9,57.95,506.080154328651,6.226695064506413,6.226695064514064
Chain-attached,0.9,58.0,508.8988545186833,6.232249282695581,6.232249282702807
Chain-attached,0.9,58.050000000000004,511.73325394270756,6.23780350088475,6.237803500891381
Chain-attached,0.9,58.1,514.5834400402985,6.243357719073918,6.243357719079801
Chain-attached,0.9,58.150000000000006,517.4495007380418,6.248911937263087,6.248911937268094
Chain-attached,0.9,58.2,520.3315244522444,6.254466155452255,6.2544661554563
Chain-attached,0.9,58.25,523.2296000916625,6.260020373641422,6.260020373644469
Chain-attached,0.9,58.300000000000004,526.1438170602484,6.265574591830591,6.265574591832671
Chain-attached,0.9,58.35,529.0742652599005,6.271128810019759,6.2711288100209845
Chain-attached,0.9,58.400000000000006,532.0210350932434,6.276683028208927,6.276683028209514
Chain-attached,0.9,58.45,534.9842174664149,6.282237246398095,6.28223724639838
Chain-attached,0.9,58.5,537.9639037918686,6.287791464587262,6.287791464587556
Chain-attached,0.9,58.550000000000004,540.9601859911982,6.293345682776431,6.2933456827768115
Chain-attached,0.9,58.6,543.973156497967,6.2988999009655995,6.298899900966096
Chain-attached,0.9,58.650000000000006,547.0029082605654,6.304454119154768,6.304454119155382
Chain-attached,0.9,58.7,550.0495347450748,6.310008337343936,6.310008337344648
Chain-attached,0.9,58.75,553.1131299381522,6.315562555533104,6.315562555533882
Chain-attached,0.9,58.800000000000004,556.1937883499293,6.321116773722272,6.3211167737230785
Chain-attached,0.9,58.85,559.2916050169282,6.32667099191144,6.326670991912238
Chain-attached,0.9,58.900000000000006,562.4066755049939,6.332225210100609,6.332225210101366
Chain-attached,0.9,58.95,565.5390959122395,6.337779428289776,6.337779428290468
Chain-attached,0.9,59.0,568.6889628720163,6.3433336464789445,6.343333646479557
Chain-attached,0.9,59.050000000000004,571.8563735558896,6.3488878646681135,6.348887864668645
Chain-attached,0.9,59.1,575.0414256766376,6.354442082857281,6.35444208285774
Chain-attached,0.9,59.150000000000006,578.2442174912694,6.35999630104645,6.359996301046858
Chain-attached,0.9,59.2,581.4648478040504,6.365550519235618,6.36555051923601
Chain-attached,0.9,59.25,584.7034159695543,6.371104737424785,6.3711047374252034
Chain-attached,0.9,59.300000000000004,587.9600218957286,6.376658955613953,6.3766589556144515
Chain-attached,0.9,59.35,591.2347660469741,6.382213173803122,6.382213173803758
Chain-attached,0.9,59.400000000000006,594.5277494472434,6.3877673919922895,6.387767391993129
Chain-attached,0.9,59.45,597.8390736831631,6.393321610181458,6.393321610182567
Chain-attached,0.9,59.5,601.1688409071617,6.398875828370627,6.3988758283720735
Chain-attached,0.9,59.550000000000004,604.5171538406221,6.404430046559794,6.404430046561645
Chain-attached,0.9,59.6,607.8841157770548,6.409984264748963,6.409984264751279
Chain-attached,0.9,59.650000000000006,611.2698305852774,6.41553848293813,6.415538482940969
Chain-attached,0.9,59.7,614.6744027126263,6.421092701127298,6.421092701130705
Chain-attached,0.9,59.75,618.0979371881729,6.426646919316466,6.426646919320478
Chain-attached,0.9,59.800000000000004,621.5405396259666,6.4322011375056345,6.432201137510277
Chain-attached,0.9,59.85,625.0023162282927,6.437755355694803,6.437755355700087
Chain-attached,0.9,59.900000000000006,628.4833737889484,6.443309573883972,6.443309573889896
Chain-attached,0.9,59.95,631.9838196965354,6.448863792073139,6.448863792079685
Chain-attached,0.9,60.0,635.5037619377779,6.454418010262307,6.45441801026944
Chain-attached,0.9,60.050000000000004,639.0433091008496,6.459972228451477,6.459972228459145
Chain-attached,0.9,60.1,642.6025703787203,6.465526446640643,6.465526446648784
Chain-attached,0.9,60.150000000000006,646.1816555725368,6.471080664829812,6.471080664838342
Chain-attached,0.9,60.2,649.7806750949953,6.47663488301898,6.476634883027804
Chain-attached,0.9,60.25,653.399739973758,6.4821891012081485,6.4821891012171555
Chain-attached,0.9,60.300000000000004,657.0389618548738,6.4877433193973175,6.487743319406388
Chain-attached,0.9,60.35,660.698453006222,6.493297537586485,6.4932975375954864
Chain-attached,0.9,60.400000000000006,664.3783263209801,6.498851755775653,6.498851755784447
Chain-attached,0.9,60.45,668.0786953211013,6.504405973964821,6.504405973973262
Chain-attached,0.9,60.5,671.7996741608193,6.509960192153989,6.5099601921619294
Chain-attached,0.9,60.550000000000004,675.5413776301693,6.515514410343157,6.51551441035045
Chain-attached,0.9,60.6,679.303921158529,6.5210686285323245,6.521068628538827
Chain-attached,0.9,60.650000000000006,683.0874208181813,6.526622846721493,6.526622846727065
Chain-attached,0.9,60.7,686.8919933278918,6.532177064910661,6.5321770649151745
Chain-attached,0.9,60.75,690.7177560565127,6.53773128309983,6.537731283103168
Chain-attached,0.9,60.800000000000004,694.5648270265996,6.543285501288997,6.543285501291063
Chain-attached,0.9,60.85,698.4333249180586,6.548839719478165,6.5488397194788766
Chain-attached,0.9,60.900000000000006,702.323369071802,6.554393937667334,6.554393937666633
Chain-attached,0.9,60.95,706.2350794934299,6.559948155856501,6.559948155854355
Chain-attached,0.9,61.0,710.1685768569388,6.56550237404567,6.565502374042071
Chain-attached,0.9,61.050000000000004,714.1239825084349,6.5710565922348385,6.571056592229811
Chain-attached,0.9,61.1,718.1014184698847,6.576610810424006,6.576610810417604
Chain-attached,0.9,61.150000000000006,722.101007442879,6.582165028613176,6.582165028605485
Chain-attached,0.9,61.2,726.1228728124103,6.587719246802343,6.587719246793483
Chain-attached,0.9,61.25,730.1671386506908,6.593273464991511,6.593273464981631
Chain-attached,0.9,61.300000000000004,734.2339297209714,6.598827683180679,6.59882768316996
Chain-attached,0.9,61.35,738.323371481394,6.604381901369847,6.604381901358496
Chain-attached,0.9,61.400000000000006,742.4355900888613,6.609936119559016,6.609936119547265
Chain-attached,0.9,61.45,746.5707124029262,6.6154903377481835,6.6154903377362855
Chain-attached,0.9,61.5,750.7288659897118,6.621044555937352,6.621044555925572
Chain-attached,0.9,61.550000000000004,754.9101791258388,6.626598774126519,6.626598774115129
Chain-attached,0.9,61.6,759.1147808023902,6.632152992315688,6.632152992304953
Chain-attached,0.9,61.650000000000006,763.3428007288821,6.637707210504855,6.637707210495033
Chain-attached,0.9,61.7,767.594369337275,6.643261428694023,6.643261428685338
Chain-attached,0.9,61.75,771.8696177859899,6.648815646883192,6.648815646875827
Chain-attached,0.9,61.800000000000004,776.1686779639559,6.6543698650723595,6.65436986506644
Chain-attached,0.9,61.85,780.4916824946836,6.659924083261528,6.659924083257098
Chain-attached,0.9,61.900000000000006,784.8387647403517,6.6654783014506975,6.665478301447702
Chain-attached,0.9,61.95,789.2100588059185,6.671032519639865,6.671032519638121
Chain-attached,0.9,62.0,793.605699543269,6.676586737829033,6.676586737828205
Chain-attached,0.9,62.050000000000004,798.0258225553653,6.682140956018201,6.6821409560177685
Chain-attached,0.9,62.1,802.4705642004335,6.687695174207368,6.687695174206922
Chain-attached,0.9,62.150000000000006,806.9400615961738,6.693249392396538,6.693249392396002
Chain-attached,0.9,62.2,811.4344526239806,6.698803610585706,6.698803610585052
Chain-attached,0.9,62.25,815.9538759332066,6.7043578287748735,6.7043578287741035
Chain-attached,0.9,62.300000000000004,820.4984709454371,6.7099120469640425,6.709912046963181
Chain-attached,0.9,62.35,825.0683778587859,6.715466265153211,6.715466265152295
Chain-attached,0.9,62.400000000000006,829.6637376522267,6.721020483342379,6.72102048334145
Chain-attached,0.9,62.45,834.2846920899392,6.726574701531547,6.726574701530643
Chain-attached,0.9,62.5,838.9313837256824,6.732128919720714,6.732128919719869
Chain-attached,0.9,62.550000000000004,843.6039559071949,6.737683137909882,6.737683137909118
Chain-attached,0.9,62.6,848.302552780613,6.74323735609905,6.743237356098378
Chain-attached,0.9,62.650000000000006,853.0273192949205,6.7487915742882185,6.748791574287635
Chain-attached,0.9,62.7,857.77840120642,6.7543457924773875,6.754345792476875
Chain-attached,0.9,62.75,862.5559450832257,6.759900010666555,6.759900010666086
Chain-attached,0.9,62.800000000000004,867.3600983097928,6.765454228855723,6.765454228855253
Chain-attached,0.9,62.85,872.1910090914563,6.771008447044891,6.771008447044368
Chain-attached,0.9,62.900000000000006,877.0488264590078,6.77656266523406,6.776562665233421
Chain-attached,0.9,62.95,881.9337002732887,6.782116883423227,6.782116883422404
Chain-attached,0.9,63.0,886.8457812298199,6.787671101612395,6.7876711016113145
Chain-attached,0.9,63.050000000000004,891.7852208634454,6.793225319801564,6.79322531980015
Chain-attached,0.9,63.1,896.7521715530054,6.798779537990732,6.798779537988911
Chain-attached,0.9,63.150000000000006,901.7467865260463,6.804333756179901,6.804333756177604
Chain-attached,0.9,63.2,906.7692198635356,6.809887974369069,6.809887974366231
Chain-attached,0.9,63.25,911.8196265046238,6.815442192558236,6.815442192554803
Chain-attached,0.9,63.300000000000004,916.8981622514231,6.820996410747404,6.820996410743333
Chain-attached,0.9,63.35,922.0049837738113,6.826550628936574,6.82655062893183
Chain-attached,0.9,63.400000000000006,927.1402486142607,6.83210484712574,6.832104847120313
Chain-attached,0.9,63.45,932.3041151927137,6.837659065314909,6.837659065308794
Chain-attached,0.9,63.5,937.4967428114504,6.8432132835040775,6.843213283497294
Chain-attached,0.9,63.550000000000004,942.7182916600165,6.848767501693245,6.848767501685828
Chain-attached,0.9,63.6,947.9689228201622,6.854321719882414,6.854321719874416
Chain-attached,0.9,63.650000000000006,953.2487982708052,6.859875938071581,6.859875938063076
Chain-attached,0.9,63.7,958.5580808930388,6.86543015626075,6.865430156251824
Chain-attached,0.9,63.75,963.8969344751446,6.870984374449918,6.8709843744406776
Chain-attached,0.9,63.800000000000004,969.2655237176538,6.876538592639085,6.876538592629652
Chain-attached,0.9,63.85,974.6640142384279,6.882092810828254,6.882092810818762
Chain-attached,0.9,63.900000000000006,980.0925725777603,6.8876470290174225,6.887647029008016
Chain-attached,0.9,63.95,985.5513662035237,6.8932012472065916,6.893201247197423
Chain-attached,0.9,64.0,991.0405635163272,6.898755465395759,6.898755465386991
Chain-attached,0.9,64.05,996.5603338547212,6.904309683584927,6.904309683576721
Chain-attached,0.9,64.10000000000001,1002.1108475004138,6.909863901774096,6.909863901766614
Chain-attached,0.9,64.15,1007.6922756835243,6.915418119963264,6.915418119956664
Chain-attached,0.9,64.2,1013.3047905878701,6.920972338152432,6.920972338146864
Chain-attached,0.9,64.25,1018.9485653562743,6.926526556341599,6.9265265563372
Chain-attached,0.9,64.3,1024.6237740959114,6.9320807745307675,6.932080774527661
Chain-attached,0.9,64.35000000000001,1030.3305918836736,6.9376349927199366,6.937634992718226
Chain-attached,0.9,64.4,1036.0691947715723,6.943189210909105,6.94318921090887
Chain-attached,0.9,64.45,1041.839759792173,6.948743429098273,6.948743429099569
Chain-attached,0.9,64.5,1047.6424649640535,6.95429764728744,6.954297647290292
Chain-attached,0.9,64.55,1053.4774892972985,6.959851865476608,6.959851865481009
Chain-attached,0.9,64.60000000000001,1059.3450127990186,6.965406083665777,6.965406083671686
Chain-attached,0.9,64.65,1065.2452164789029,6.970960301854945,6.970960301862285
Chain-attached,0.9,64.7,1071.178282354807,6.9765145200441125,6.976514520052772
Chain-attached,0.9,64.75,1077.1443934583679,6.982068738233281,6.98206873824311
Chain-attached,0.9,64.8,1083.1437338406447,6.987622956422448,6.987622956433264
Chain-attached,0.9,64.85000000000001,1089.1764885778068,6.993177174611618,6.993177174623203
Chain-attached,0.9,64.9,1095.2428437768278,6.998731392800786,6.998731392812895
Chain-attached,0.9,64.95,1101.3429865812418,7.004285610989953,7.004285611002317
Chain-attached,0.9,65.0,1107.4771051769126,7.009839829179121,7.00983982919145
Chain-attached,0.9,65.05,1113.6453887978334,7.015394047368289,7.015394047380287
Chain-attached,0.9,65.10000000000001,1119.8480277319727,7.020948265557459,7.020948265568827
Chain-attached,0.9,65.15,1126.0852133271324,7.026502483746627,7.026502483757083
Chain-attached,0.9,65.2,1132.3571379968685,7.032056701935795,7.032056701945082
Chain-attached,0.9,65.25,1138.6639952264109,7.037610920124962,7.0376109201328685
Chain-attached,0.9,65.3,1145.0059795786433,7.04316513831413,7.043165138320507
Chain-attached,0.9,65.35000000000001,1151.3832867000979,7.048719356503299,7.048719356508084
Chain-attached,0.9,65.4,1157.796113326992,7.054273574692467,7.054273574695709
Chain-attached,0.9,65.45,1164.2446572913027,7.059827792881635,7.059827792883523
Chain-attached,0.9,65.5,1170.7291175268645,7.065382011070803,7.065382011071698
Chain-attached,0.9,65.55,1177.2496940755068,7.070936229259971,7.0709362292604405
Chain-attached,0.9,65.60000000000001,1183.8065880932322,7.076490447449141,7.0764904474496255
Chain-attached,0.9,65.65,1190.4000018564054,7.082044665638308,7.082044665638892
Chain-attached,0.9,65.7,1197.0301387680142,7.087598883827476,7.087598883828193
Chain-attached,0.9,65.75,1203.6972033639292,7.093153102016644,7.093153102017489
Chain-attached,0.9,65.8,1210.4014013192186,7.098707320205811,7.098707320206756
Chain-attached,0.9,65.85000000000001,1217.1429394544973,7.10426153839498,7.104261538395987
Chain-attached,0.9,65.9,1223.922025742298,7.109815756584149,7.109815756585169
Chain-attached,0.9,65.95,1230.7388693134906,7.115369974773316,7.115369974774307
Chain-attached,0.9,66.0,1237.5936804637452,7.120924192962485,7.12092419296341
Chain-attached,0.9,66.05,1244.4866706599976,7.126478411151652,7.126478411152488
Chain-attached,0.9,66.10000000000001,1251.418052546995,7.132032629340821,7.132032629341555
Chain-attached,0.9,66.15,1258.3880399538396,7.13758684752999,7.137586847530624
Chain-attached,0.9,66.2,1265.3968479005907,7.143141065719157,7.143141065719712
Chain-attached,0.9,66.25,1272.4446926049036,7.148695283908324,7.1486952839088325
Chain-attached,0.9,66.3,1279.531791488694,7.1542495020974926,7.1542495020980015
Chain-attached,0.9,66.35000000000001,1286.6583631848446,7.159803720286662,7.15980372028723
Chain-attached,0.9,66.4,1293.8246275439494,7.16535793847583,7.165357938476528
Chain-attached,0.9,66.45,1301.0308056411018,7.170912156664998,7.170912156665902
Chain-attached,0.9,66.5,1308.2771197827076,7.176466374854165,7.176466374855357
Chain-attached,0.9,66.55,1315.5637935133507,7.182020593043333,7.182020593044896
Chain-attached,0.9,66.60000000000001,1322.8910516226833,7.187574811232503,7.18757481123452
Chain-attached,0.9,66.65,1330.2591201523549,7.19312902942167,7.193129029424218
Chain-attached,0.9,66.7,1337.6682264030032,7.198683247610838,7.198683247613988
Chain-attached,0.9,66.75,1345.1185989412509,7.204237465800007,7.2042374658038195
Chain-attached,0.9,66.8,1352.6104676067605,7.209791683989174,7.209791683993698
Chain-attached,0.9,66.85000000000001,1360.1440635193323,7.215345902178344,7.215345902183614
Chain-attached,0.9,66.9,1367.7196190860172,7.220900120367512,7.220900120373545
Chain-attached,0.9,66.95,1375.3373680083043,7.226454338556679,7.226454338563476
Chain-attached,0.9,67.0,1382.9975452893245,7.232008556745847,7.232008556753388
Chain-attached,0.9,67.05,1390.7003872410949,7.237562774935015,7.23756277494326
Chain-attached,0.9,67.10000000000001,1398.4461314918158,7.243116993124184,7.243116993133074
Chain-attached,0.9,67.15,1406.235016993193,7.248671211313352,7.248671211322807
Chain-attached,0.9,67.2,1414.0672840278244,7.254225429502521,7.254225429512441
Chain-attached,0.9,67.25,1421.9431742165918,7.259779647691688,7.259779647701955
Chain-attached,0.9,67.3,1429.8629305261347,7.265333865880855,7.265333865891337
Chain-attached,0.9,67.35000000000001,1437.8267972763363,7.270888084070024,7.27088808408057
Chain-attached,0.9,67.4,1445.8350201478547,7.276442302259192,7.276442302269641
Chain-attached,0.9,67.45,1453.8878461897143,7.28199652044836,7.28199652045854
Chain-attached,0.9,67.5,1461.985523826921,7.287550738637529,7.287550738647261
Chain-attached,0.9,67.55,1470.1283028681198,7.293104956826696,7.2931049568358
Chain-attached,0.9,67.60000000000001,1478.3164345133225,7.298659175015866,7.298659175024163
Chain-attached,0.9,67.65,1486.550171361624,7.304213393205033,7.304213393212347
Chain-attached,0.9,67.7,1494.829767419026,7.3097676113942,7.309767611400365
Chain-attached,0.9,67.75,1503.155478106259,7.315321829583369,7.31532182958823
Chain-attached,0.9,67.8,1511.5275602666552,7.320876047772536,7.320876047775958
Chain-attached,0.9,67.85000000000001,1519.9462721740917,7.326430265961706,7.326430265963573
Chain-attached,0.9,67.9,1528.4118735409334,7.331984484150874,7.331984484151097
Chain-attached,0.9,67.95,1536.9246255260643,7.337538702340042,7.337538702338561
Chain-attached,0.9,68.0,1545.484790742941,7.34309292052921,7.343092920525998
Chain-attached,0.9,68.05,1554.092633267686,7.348647138718379,7.348647138713443
Chain-attached,0.9,68.10000000000001,1562.7484186472368,7.354201356907546,7.354201356900935
Chain-attached,0.9,68.15,1571.4524139075484,7.359755575096715,7.359755575088512
Chain-attached,0.9,68.2,1580.2048875618134,7.365309793285883,7.365309793276214
Chain-attached,0.9,68.25,1589.0061096187587,7.37086401147505,7.370864011464081
Chain-attached,0.9,68.3,1597.8563515909746,7.3764182296642185,7.376418229652155
Chain-attached,0.9,68.35000000000001,1606.7558865032834,7.3819724478533875,7.381972447840471
Chain-attached,0.9,68.4,1615.704988901164,7.387526666042556,7.387526666029059
Chain-attached,0.9,68.45,1624.703934859227,7.393080884231724,7.393080884217948
Chain-attached,0.9,68.5,1633.7530019897258,7.398635102420891,7.398635102407158
Chain-attached,0.9,68.55,1642.8524694511252,7.404189320610058,7.404189320596698
Chain-attached,0.9,68.60000000000001,1652.0026179567137,7.409743538799228,7.4097435387865715
Chain-attached,0.9,68.65,1661.203729783248,7.415297756988395,7.415297756976757
Chain-attached,0.9,68.7,1670.456088779688,7.4208519751775635,7.420851975167229
Chain-attached,0.9,68.75,1679.7599803759313,7.426406193366732,7.426406193357936
Chain-attached,0.9,68.8,1689.1156915916267,7.431960411555899,7.431960411548806
Chain-attached,0.9,68.85000000000001,1698.5235110450358,7.437514629745069,7.437514629739748
Chain-attached,0.9,68.9,1707.983728961915,7.443068847934237,7.443068847930631
Chain-attached,0.9,68.95,1717.4966371844923,7.448623066123404,7.448623066121302
Chain-attached,0.9,69.0,1727.0625291804624,7.454177284312572,7.454177284311569
Chain-attached,0.9,69.05,1736.6817000520339,7.45973150250174,7.4597315025012
Chain-attached,0.9,69.10000000000001,1746.3544465450411,7.465285720690909,7.465285720690239
Chain-attached,0.9,69.15,1756.0810670580904,7.4708399388800775,7.470839938879026
Chain-attached,0.9,69.2,1765.861861651775,7.476394157069246,7.4763941570677055
Chain-attached,0.9,69.25,1775.6971320579237,7.481948375258413,7.4819483752563825
Chain-attached,0.9,69.3,1785.5871816889178,7.487502593447581,7.4875025934451305
Chain-attached,0.9,69.35000000000001,1795.5323156470417,7.49305681163675,7.493056811633993
Chain-attached,0.9,69.4,1805.5328407338973,7.498611029825918,7.498611029822991
Chain-attached,0.9,69.45,1815.5890654598745,7.504165248015086,7.504165248012127
Chain-attached,0.9,69.5,1825.7013000536635,7.509719466204254,7.509719466201389
Chain-attached,0.9,69.55,1835.8698564718231,7.515273684393421,7.515273684390752
Chain-attached,0.9,69.60000000000001,1846.0950484084221,7.5208279025825915,7.520827902580185
Chain-attached,0.9,69.65,1856.3771913046749,7.526382120771758,7.526382120769648
Chain-attached,0.9,69.7,1866.716602358727,7.531936338960926,7.531936338959102
Chain-attached,0.9,69.75,1877.1136005354008,7.537490557150095,7.5374905571485025
Chain-attached,0.9,69.8,1887.5685065760426,7.543044775339261,7.54304477533781
Chain-attached,0.9,69.85000000000001,1898.0816430084415,7.548598993528431,7.548598993526987
Chain-attached,0.9,69.9,1908.6533341567379,7.554153211717599,7.554153211715997
Chain-attached,0.9,69.95,1919.2839061514649,7.5597074299067675,7.559707429904812
Chain-attached,0.9,70.0,1929.9736869395924,7.565261648095936,7.565261648093408
Chain-attached,0.9,70.05,1940.723006294645,7.570815866285103,7.57081586628177
Chain-attached,0.9,70.10000000000001,1951.532195826885,7.576370084474272,7.57637008446989
Chain-attached,0.9,70.15,1962.4015889935256,7.581924302663441,7.581924302657763
Chain-attached,0.9,70.2,1973.331521109027,7.587478520852608,7.587478520845397
Chain-attached,0.9,70.25,1984.3223293554508,7.593032739041776,7.593032739032804
Chain-attached,0.9,70.3,1995.3743527928416,7.5985869572309435,7.5985869572200055
Chain-attached,0.9,70.35000000000001,2006.4879323697085,7.604141175420113,7.60414117540703
Chain-attached,0.9,70.4,2017.6634109335137,7.609695393609281,7.609695393593909
Chain-attached,0.9,70.45,2028.9011332412867,7.61524961179845,7.615249611780682
Chain-attached,0.9,70.5,2040.2014459702248,7.620803829987617,7.620803829967392
Chain-attached,0.9,70.55,2051.564697728412,7.626358048176783,7.62635804815409
Chain-attached,0.9,70.60000000000001,2062.9912390655713,7.631912266365953,7.631912266340828
Chain-attached,0.9,70.65,2074.481422483854,7.637466484555121,7.637466484527656
Chain-attached,0.9,70.7,2086.0356024487464,7.643020702744289,7.643020702714631
Chain-attached,0.9,70.75,2097.654135399987,7.6485749209334575,7.64857492090181
Chain-attached,0.9,70.8,2109.337379762563,7.654129139122624,7.6541291390892425
Chain-attached,0.9,70.85000000000001,2121.085695957789,7.659683357311795,7.659683357276988
Chain-attached,0.9,70.9,2132.899446414379,7.665237575500963,7.665237575465089
Chain-attached,0.9,70.95,2144.778995579673,7.67079179369013,7.670791793653593
Chain-attached,0.9,71.0,2156.724709930866,7.676346011879298,7.676346011842541
Chain-attached,0.9,71.05,2168.7369579863007,7.681900230068465,7.681900230031967
Chain-attached,0.9,71.10000000000001,2180.8161103168563,7.687454448257634,7.687454448221899
Chain-attached,0.9,71.15,2192.962539557359,7.6930086664468025,7.693008666412355
Chain-attached,0.9,71.2,2205.176620418097,7.6985628846359715,7.698562884603346
Chain-attached,0.9,71.25,2217.4587296963614,7.704117102825138,7.704117102794872
Chain-attached,0.9,71.3,2229.8092462880963,7.709671321014306,7.709671320986928
Chain-attached,0.9,71.35000000000001,2242.2285511995638,7.715225539203476,7.715225539179494
Chain-attached,0.9,71.4,2254.7170275590925,7.720779757392642,7.720779757372541
Chain-attached,0.9,71.45,2267.2750606289383,7.726333975581812,7.726333975566028
Chain-attached,0.9,71.5,2279.903037817111,7.731888193770979,7.731888193759906
Chain-attached,0.9,71.55,2292.601348689376,7.737442411960147,7.737442411954115
Chain-attached,0.9,71.60000000000001,2305.370384981255,7.742996630149317,7.742996630148585
Chain-attached,0.9,71.65,2318.210540610079,7.748550848338484,7.748550848343232
Chain-attached,0.9,71.7,2331.122211687207,7.754105066527653,7.754105066537971
Chain-attached,0.9,71.75,2344.1057965301784,7.75965928471682,7.759659284732704
Chain-attached,0.9,71.8,2357.1616956750445,7.765213502905986,7.765213502927329
Chain-attached,0.9,71.85000000000001,2370.2903118887234,7.770767721095158,7.770767721121743
Chain-attached,0.9,71.9,2383.4920501813745,7.776321939284325,7.77632193931583
Chain-attached,0.9,71.95,2396.7673178189666,7.781876157473493,7.781876157509482
Chain-attached,0.9,72.0,2410.116524335791,7.7874303756626615,7.787430375702591
Chain-attached,0.9,72.05,2423.5400815471103,7.792984593851829,7.792984593895053
Chain-attached,0.9,72.10000000000001,2437.038403561875,7.798538812040999,7.798538812086771
Chain-attached,0.9,72.15,2450.611906795461,7.804093030230165,7.804093030277655
Chain-attached,0.9,72.2,2464.2610099825697,7.809647248419333,7.8096472484676385
Chain-attached,0.9,72.25,2477.9861341901,7.815201466608501,7.815201466656669
Chain-attached,0.9,72.3,2491.78770283016,7.820755684797669,7.820755684844714
Chain-attached,0.9,72.35000000000001,2505.6661416731276,7.826309902986839,7.826309903031778
Chain-attached,0.9,72.4,2519.6218788607684,7.831864121176007,7.831864121217887
Chain-attached,0.9,72.45,2533.655344919467,7.837418339365174,7.837418339403113
Chain-attached,0.9,72.5,2547.7669727735065,7.842972557554342,7.8429725575875775
Chain-attached,0.9,72.55,2561.957197758403,7.84852677574351,7.848526775771446
Chain-attached,0.9,72.60000000000001,2576.226457634357,7.85408099393268,7.854080993954947
Chain-attached,0.9,72.65,2590.5751925997365,7.859635212121848,7.859635212138374
Chain-attached,0.9,72.7,2605.0038453046827,7.865189430311016,7.865189430322094
Chain-attached,0.9,72.75,2619.512860864744,7.8707436485001825,7.870743648506559
Chain-attached,0.9,72.8,2634.1026868746308,7.876297866689351,7.876297866692314
Chain-attached,0.9,72.85000000000001,2648.7737734219977,7.8818520848785205,7.881852084880004
Chain-attached,0.9,72.9,2663.5265731013315,7.887406303067689,7.887406303069207
Chain-attached,0.9,72.95,2678.3615410279363,7.892960521256857,7.8929605212586775
Chain-attached,0.9,73.0,2693.2791348519486,7.898514739446023,7.898514739448251
Chain-attached,0.9,73.05,2708.2798147724798,7.904068957635191,7.904068957637815
Chain-attached,0.9,73.10000000000001,2723.3640435517905,7.909623175824361,7.909623175827299
Chain-attached,0.9,73.15,2738.532286529562,7.915177394013528,7.915177394016656
Chain-attached,0.9,73.2,2753.7850116372906,7.920731612202697,7.920731612205872
Chain-attached,0.9,73.25,2769.1226894126758,7.9262858303918655,7.926285830394953
Chain-attached,0.9,73.3,2784.5457930141633,7.931840048581032,7.931840048583919
Chain-attached,0.9,73.35000000000001,2800.054798235554,7.937394266770202,7.937394266772811
Chain-attached,0.9,73.4,2815.65018352063,7.942948484959369,7.942948484961665
Chain-attached,0.9,73.45,2831.3324299779765,7.948502703148537,7.948502703150527
Chain-attached,0.9,73.5,2847.102021395786,7.954056921337706,7.954056921339444
Chain-attached,0.9,73.55,2862.959444256786,7.959611139526874,7.959611139528465
Chain-attached,0.9,73.60000000000001,2878.905187753259,7.9651653577160415,7.9651653577176305
Chain-attached,0.9,73.65,2894.9397438021315,7.97071957590521,7.970719575906979
Chain-attached,0.9,73.7,2911.06360706014,7.976273794094378,7.976273794096541
Chain-attached,0.9,73.75,2927.277274939098,7.981828012283546,7.981828012286341
Chain-attached,0.9,73.8,2943.5812476212386,7.987382230472714,7.987382230476393
Chain-attached,0.9,73.85000000000001,2959.9760280746477,7.992936448661882,7.992936448666702
Chain-attached,0.9,73.9,2976.462122068778,7.998490666851051,7.998490666857265
Chain-attached,0.9,73.95,2993.0400381900417,8.004044885040217,8.004044885048069
Chain-attached,0.9,74.0,3009.710287857537,8.009599103229387,8.009599103239093
Chain-attached,0.9,74.05,3026.473385338765,8.015153321418556,8.015153321430308
Chain-attached,0.9,74.10000000000001,3043.3298477655544,8.020707539607725,8.020707539621675
Chain-attached,0.9,74.15,3060.2801951499614,8.026261757796892,8.026261757813145
Chain-attached,0.9,74.2,3077.324950400365,8.031815975986058,8.031815976004674
Chain-attached,0.9,74.25,3094.464639337568,8.037370194175226,8.037370194196201
Chain-attached,0.9,74.3,3111.6997907110094,8.042924412364394,8.042924412387672
Chain-attached,0.9,74.35000000000001,3129.030936215107,8.048478630553566,8.048478630579023
Chain-attached,0.9,74.4,3146.458610505603,8.054032848742732,8.054032848770188
Chain-attached,0.9,74.45,3163.9833512161395,8.059587066931899,8.059587066961106
Chain-attached,0.9,74.5,3181.6056989747917,8.065141285121067,8.065141285151721
Chain-attached,0.9,74.55,3199.3261974207435,8.070695503310235,8.070695503341973
Chain-attached,0.9,74.60000000000001,3217.1453932210825,8.076249721499405,8.076249721531813
Chain-attached,0.9,74.65,3235.0638360876346,8.081803939688573,8.081803939721189
Chain-attached,0.9,74.7,3253.082078793957,8.087358157877741,8.087358157910066
Chain-attached,0.9,74.75,3271.200677192363,8.092912376066907,8.092912376098413
Chain-attached,0.9,74.8,3289.420190231098,8.098466594256076,8.09846659428621
Chain-attached,0.9,74.85000000000001,3307.7411799715533,8.104020812445246,8.10402081247345
Chain-attached,0.9,74.9,3326.164211605607,8.109575030634414,8.109575030660132
Chain-attached,0.9,74.95,3344.6898534730863,8.115129248823582,8.115129248846271
Chain-attached,0.9,75.0,3363.3186770792795,8.12068346701275,8.120683467031894
Chain-attached,0.9,75.05,3382.051257112566,8.126237685201916,8.12623768521704
Chain-attached,0.9,75.10000000000001,3400.888171462174,8.131791903391086,8.131791903401767
Chain-attached,0.9,75.15,3419.8300012359487,8.137346121580254,8.137346121586136
Chain-attached,0.9,75.2,3438.8773307783395,8.142900339769422,8.142900339770227
Chain-attached,0.9,75.25,3458.0307476883963,8.14845455795859,8.148454557954132
Chain-attached,0.9,75.3,3477.2908428378964,8.154008776147757,8.154008776137946
Chain-attached,0.9,75.35000000000001,3496.658210389604,8.159562994336927,8.159562994321789
Chain-attached,0.9,75.4,3516.1334478155363,8.165117212526095,8.165117212505768
Chain-attached,0.9,75.45,3535.71715591546,8.170671430715263,8.17067143069001
Chain-attached,0.9,75.5,3555.4099388353907,8.176225648904431,8.17622564887464
Chain-attached,0.9,75.55,3575.212404086241,8.1817798670936,8.181779867059781
Chain-attached,0.9,75.60000000000001,3595.1251625625578,8.187334085282767,8.187334085245553
Chain-attached,0.9,75.65,3615.1488285613714,8.192888303471936,8.19288830343207
Chain-attached,0.9,75.7,3635.2840198011436,8.198442521661104,8.198442521619432
Chain-attached,0.9,75.75,3655.531357440826,8.203996739850272,8.203996739807724
Chain-attached,0.9,75.8,3675.891466099021,8.20955095803944,8.209550957997005
Chain-attached,0.9,75.85000000000001,3696.364973873251,8.215105176228608,8.21510517618731
Chain-attached,0.9,75.9,3716.9525123593367,8.220659394417776,8.220659394378636
Chain-attached,0.9,75.95,3737.6547166708783,8.226213612606944,8.22621361257094
Chain-attached,0.9,76.0,3758.4722254588505,8.231767830796112,8.231767830764124
Chain-attached,0.9,76.05,3779.4056809313056,8.23732204898528,8.23732204895804
Chain-attached,0.9,76.10000000000001,3800.4557288731885,8.24287626717445,8.242876267152472
Chain-attached,0.9,76.15,3821.623018666228,8.248430485363617,8.248430485347113
Chain-attached,0.9,76.2,3842.908203309036,8.253984703552785,8.25398470354159
Chain-attached,0.9,76.25,3864.3119394371856,8.259538921741953,8.259538921735418
Chain-attached,0.9,76.3,3885.834887343501,8.265093139931121,8.265093139928004
Chain-attached,0.9,76.35000000000001,3907.4777109984266,8.270647358120291,8.270647358118635
Chain-attached,0.9,76.4,3929.2410780704845,8.27620157630946,8.27620157630785
Chain-attached,0.9,76.45,3951.125659946904,8.281755794498626,8.281755794496917
Chain-attached,0.9,76.5,3973.1321317543348,8.287310012687794,8.287310012685932
Chain-attached,0.9,76.55,3995.26117237964,8.292864230876962,8.292864230874956
Chain-attached,0.9,76.60000000000001,4017.513464490865,8.29841844906613,8.29841844906403
Chain-attached,0.9,76.65,4039.8896945582933,8.303972667255298,8.303972667253174
Chain-attached,0.9,76.7,4062.3905528756222,8.309526885444466,8.30952688544239
Chain-attached,0.9,76.75,4085.0167335812503,8.315081103633633,8.315081103631671
Chain-attached,0.9,76.80000000000001,4107.768934679728,8.320635321822802,8.320635321821008
Chain-attached,0.9,76.85000000000001,4130.647858063219,8.32618954001197,8.32618954001037
Chain-attached,0.9,76.9,4153.654209533223,8.331743758201139,8.331743758199735
Chain-attached,0.9,76.95,4176.788698822318,8.337297976390307,8.337297976389074
Chain-attached,0.9,77.0,4200.052039616049,8.342852194579473,8.34285219457836
Chain-attached,0.9,77.05000000000001,4223.444949574986,8.348406412768643,8.34840641276757
Chain-attached,0.9,77.10000000000001,4246.968150356787,8.353960630957811,8.353960630956676
Chain-attached,0.9,77.15,4270.622367638538,8.35951484914698,8.359514849145663
Chain-attached,0.9,77.2,4294.408331139098,8.365069067336147,8.365069067334517
Chain-attached,0.9,77.25,4318.326774641628,8.370623285525317,8.370623285523228
Chain-attached,0.9,77.30000000000001,4342.378436016192,8.376177503714484,8.376177503711794
Chain-attached,0.9,77.35000000000001,4366.564057242592,8.381731721903652,8.381731721900216
Chain-attached,0.9,77.4,4390.884384433184,8.38728594009282,8.387285940088507
Chain-attached,0.9,77.45,4415.34016785593,8.392840158281988,8.392840158276677
Chain-attached,0.9,77.5,4439.932161957541,8.398394376471156,8.398394376464745
Chain-attached,0.9,77.55000000000001,4464.661125386747,8.403948594660324,8.403948594652737
Chain-attached,0.9,77.60000000000001,4489.527821017702,8.409502812849492,8.409502812840682
Chain-attached,0.9,77.65,4514.533015973519,8.41505703103866,8.41505703102861
Chain-attached,0.9,77.7,4539.677481649934,8.420611249227829,8.420611249216556
Chain-attached,0.9,77.75,4564.961993739104,8.426165467416997,8.426165467404553
Chain-attached,0.9,77.80000000000001,4590.3873322535455,8.431719685606167,8.431719685592643
Chain-attached,0.9,77.85000000000001,4615.9542815501545,8.437273903795333,8.437273903780858
Chain-attached,0.9,77.9,4641.6636303544865,8.442828121984501,8.442828121969237
Chain-attached,0.9,77.95,4667.516171785008,8.44838234017367,8.448382340157815
Chain-attached,0.9,78.0,4693.512703377601,8.453936558362837,8.45393655834662
Chain-attached,0.9,78.05000000000001,4719.654027110169,8.459490776552007,8.459490776535683
Chain-attached,0.9,78.10000000000001,4745.940949427346,8.465044994741175,8.465044994725023
Chain-attached,0.9,78.15,4772.374281265412,8.470599212930342,8.470599212914658
Chain-attached,0.9,78.2,4798.954838077311,8.47615343111951,8.476153431104603
Chain-attached,0.9,78.25,4825.683439857773,8.481707649308678,8.48170764929486
Chain-attached,0.9,78.30000000000001,4852.560911168639,8.487261867497848,8.487261867485428
Chain-attached,0.9,78.35000000000001,4879.588081164267,8.492816085687016,8.492816085676292
Chain-attached,0.9,78.4,4906.7657836171575,8.498370303876184,8.498370303867436
Chain-attached,0.9,78.45,4934.094856943631,8.50392452206535,8.50392452205883
Chain-attached,0.9,78.5,4961.576144229742,8.509478740254519,8.509478740250444
Chain-attached,0.9,78.55000000000001,4989.210493257224,8.515032958443687,8.515032958442234
Chain-attached,0.9,78.60000000000001,5016.998756529699,8.520587176632857,8.520587176634148
Chain-attached,0.9,78.65,5044.9417912989275,8.526141394822025,8.526141394826126
Chain-attached,0.9,78.7,5073.040459591305,8.531695613011193,8.53169561301811
Chain-attached,0.9,78.75,5101.295628234414,8.53724983120036,8.537249831210024
Chain-attached,0.9,78.80000000000001,5129.70816888381,8.542804049389527,8.542804049401807
Chain-attached,0.9,78.85000000000001,5158.278958049863,8.548358267578697,8.548358267593379
Chain-attached,0.9,78.9,5187.008877124801,8.553912485767865,8.553912485784666
Chain-attached,0.9,78.95,5215.898812409946,8.559466703957034,8.559466703975598
Chain-attached,0.9,79.0,5244.949655143016,8.565020922146202,8.56502092216611
Chain-attached,0.9,79.05000000000001,5274.162301525619,8.570575140335368,8.57057514035614
Chain-attached,0.9,79.10000000000001,5303.537652750955,8.576129358524538,8.576129358545648
Chain-attached,0.9,79.15,5333.076615031512,8.581683576713706,8.581683576734596
Chain-attached,0.9,79.2,5362.7800996271235,8.587237794902874,8.587237794922972
Chain-attached,0.9,79.25,5392.649022873023,8.59279201309204,8.592792013110788
Chain-attached,0.9,79.30000000000001,5422.684306208157,8.598346231281209,8.598346231298082
Chain-attached,0.9,79.35000000000001,5452.886876203567,8.603900449470379,8.603900449484925
Chain-attached,0.9,79.4,5483.257664590959,8.609454667659545,8.609454667671429
Chain-attached,0.9,79.45,5513.797608291551,8.615008885848715,8.61500888585775
Chain-attached,0.9,79.5,5544.50764944482,8.620563104037881,8.620563104044098
Chain-attached,0.9,79.55000000000001,5575.388735437725,8.62611732222705,8.626117322230742
Chain-attached,0.9,79.60000000000001,5606.441818933826,8.63167154041622,8.631671540418017
Chain-attached,0.9,79.65,5637.667857902677,8.637225758605386,8.637225758606334
Chain-attached,0.9,79.7,5669.067815649478,8.642779976794555,8.642779976795415
Chain-attached,0.9,79.75,5700.642660844652,8.648334194983724,8.648334194984507
Chain-attached,0.9,79.80000000000001,5732.393367553838,8.653888413172892,8.653888413173608
Chain-attached,0.9,79.85000000000001,5764.320915267893,8.65944263136206,8.65944263136271
Chain-attached,0.9,79.9,5796.4262889331,8.664996849551226,8.66499684955182
Chain-attached,0.9,79.95,5828.710478981618,8.670551067740396,8.670551067740934
Chain-attached,0.9,80.0,5861.174481361919,8.676105285929564,8.676105285930054
Hub-attached,0.5,0.0,0.9999999999999999,-1.1102230246251565e-16,-1.1102230246251565e-16
Hub-attached,0.5,0.05,0.9753543641112599,-0.024954423645853728,-0.024954423645838254
Hub-attached,0.5,0.1,0.9514008840711395,-0.04981976575258244,-0.04981976575256749
Hub-attached,0.5,0.15000000000000002,0.9281155290454134,-0.074599061438652,-0.07459906143834866
Hub-attached,0.5,0.2,0.9054753252161521,-0.09929525192928923,-0.09929525192914607
Hub-attached,0.5,0.25,0.8834583003258486,-0.1239111866092096,-0.1239111866097514
Hub-attached,0.5,0.30000000000000004,0.8620434314273585,-0.14844962510120477,-0.14844962510122875
Hub-attached,0.5,0.35000000000000003,0.8412105956455282,-0.17291323936329503,-0.172913239363278
Hub-attached,0.5,0.4,0.8209405237684012,-0.19730461579772376,-0.19730461579759373
Hub-attached,0.5,0.45,0.8012147564971654,-0.22162625736561795,-0.22162625736491698
Hub-attached,0.5,0.5,0.7820156031945654,-0.24588058570165627,-0.24588058570134055
Hub-attached,0.5,0.55,0.7633261029814045,-0.2700699432235846,-0.2700699432246262
Hub-attached,0.5,0.6000000000000001,0.7451299880400438,-0.29419659523188263,-0.2941965952323192
Hub-attached,0.5,0.65,0.7274116489925043,-0.31826273199533506,-0.3182627319952834
Hub-attached,0.5,0.7000000000000001,0.7101561022289379,-0.34227047081866935,-0.3422704708186371
Hub-attached,0.5,0.75,0.6933489590698785,-0.36622185808882307,-0.3662218580882999
Hub-attached,0.5,0.8,0.6769763966528528,-0.3901188712967714,-0.390118871296081
Hub-attached,0.5,0.8500000000000001,0.6610251304406599,-0.4139634210321797,-0.4139634210326633
Hub-attached,0.5,0.9,0.6454823882549193,-0.4377573529484894,-0.43775735294957774
Hub-attached,0.5,0.9500000000000001,0.6303358857444091,-0.4615024496963243,-0.46150244969628945
Hub-attached,0.5,1.0,0.6155738032032538,-0.4852004328233957,-0.4852004328233685
Hub-attached,0.5,1.05,0.6011847636592142,-0.5088529646393422,-0.508852964639152
Hub-attached,0.5,1.1,0.5871578121572117,-0.5324616500441782,-0.5324616500434352
Hub-attached,0.5,1.1500000000000001,0.5734823961677847,-0.5560280383192495,-0.5560280383188214
Hub-attached,0.5,1.2000000000000002,0.5601483470544675,-0.5795536248797906,-0.5795536248806956
Hub-attached,0.5,1.25,0.547145862538093,-0.6030398529883794,-0.6030398529891625
Hub-attached,0.5,1.3,0.5344654900998037,-0.6264881154287436,-0.6264881154286801
Hub-attached,0.5,1.35,0.5220981112680793,-0.6498997561395378,-0.6498997561395138
Hub-attached,0.5,1.4000000000000001,0.5100349267384202,-0.6732760718078501,-0.6732760718075634
Hub-attached,0.5,1.4500000000000002,0.49826744227742814,-0.6966183134223315,-0.6966183134215387
Hub-attached,0.5,1.5,0.48678745536594925,-0.7199276877859558,-0.7199276877856203
Hub-attached,0.5,1.55,0.4755870425386883,-0.743205358988522,-0.743205358989485
Hub-attached,0.5,1.6,0.46465854738026485,-0.7664524498391138,-0.7664524498398668
Hub-attached,0.5,1.6500000000000001,0.4539945691400996,-0.789670043258814,-0.7896700432587447
Hub-attached,0.5,1.7000000000000002,0.4435879519307818,-0.8128591836340415,-0.8128591836340092
Hub-attached,0.5,1.75,0.4334317744766871,-0.8360208781309625,-0.8360208781307181
Hub-attached,0.5,1.8,0.42351934038161443,-0.8591560979714684,-0.8591560979707051
Hub-attached,0.5,1.85,0.41384416888607634,-0.8822657796712808,-0.8822657796707676
Hub-attached,0.5,1.9000000000000001,0.4043999860866341,-0.9053508262407816,-0.9053508262415084
Hub-attached,0.5,1.9500000000000002,0.3951807165913144,-0.9284121083492106,-0.9284121083502445
Hub-attached,0.5,2.0,0.3861804755866931,-0.9514504654529061,-0.9514504654528524
Hub-attached,0.5,2.0500000000000003,0.3773935612936835,-0.9744667068882847,-0.9744667068882248
Hub-attached,0.5,2.1,0.3688144477904252,-0.9974616129302961,-0.9974616129301885
Hub-attached,0.5,2.15,0.360437778181954,-1.0204359358170925,-1.0204359358165058
Hub-attached,0.5,2.2,0.3522583580975317,-1.0433904007416757,-1.043390400740896
Hub-attached,0.5,2.25,0.34427114949764365,-1.0663257068112952,-1.0663257068113938
Hub-attached,0.5,2.3000000000000003,0.33647126477372846,-1.08924252797538,-1.089242527976523
Hub-attached,0.5,2.35,0.3288539611247061,-1.1121415139227817,-1.1121415139232183
Hub-attached,0.5,2.4000000000000004,0.3214146351952922,-1.135023290949136,-1.1350232909490512
Hub-attached,0.5,2.45,0.3141488179619807,-1.157888462795104,-1.1578884627950656
Hub-attached,0.5,2.5,0.30705216985338335,-1.1807376114563088,-1.180737611456073
Hub-attached,0.5,2.5500000000000003,0.3001204760924026,-1.203571297965728,-1.203571297965001
Hub-attached,0.5,2.6,0.2933496422484355,-1.226390063149326,-1.226390063148668
Hub-attached,0.5,2.6500000000000004,0.28673568998848875,-1.2491944283556997,-1.2491944283560783
Hub-attached,0.5,2.7,0.28027475301673194,-1.2719848961604867,-1.2719848961616544
Hub-attached,0.5,2.75,0.27396307319261404,-1.2947619510462962,-1.2947619510465287
Hub-attached,0.5,2.8000000000000003,0.2677969968182408,-1.3175260600588907,-1.317526060058801
Hub-attached,0.5,2.85,0.26177297108623887,-1.3402776734403516,-1.340277673440312
Hub-attached,0.5,2.9000000000000004,0.25588754067983394,-1.3630172252399464,-1.363017225239701
Hub-attached,0.5,2.95,0.25013734451734904,-1.3857451339033784,-1.3857451339026616
Hub-attached,0.5,3.0,0.24451911263375725,-1.4084618028411318,-1.408461802840437
Hub-attached,0.5,3.0500000000000003,0.23902966319235505,-1.4311676209765596,-1.4311676209768003
Hub-attached,0.5,3.1,0.23366589962000378,-1.4538629632743807,-1.4538629632755198
Hub-attached,0.5,3.1500000000000004,0.2284248078597571,-1.4765481912502325,-1.4765481912507217
Hub-attached,0.5,3.2,0.2233034537350434,-1.4992236534618888,-1.4992236534618064
Hub-attached,0.5,3.25,0.2182989804198891,-1.5218896859827753,-1.5218896859827225
Hub-attached,0.5,3.3000000000000003,0.21340860600998565,-1.5445466128583527,-1.544546612858221
Hub-attached,0.5,3.35,0.2086296211896826,-1.567194746545964,-1.5671947465454086
Hub-attached,0.5,3.4000000000000004,0.2039593869902644,-1.5898343883387045,-1.5898343883378923
Hub-attached,0.5,3.45,0.19939533263512532,-1.6124658287738582,-1.612465828773593
Hub-attached,0.5,3.5,0.19493495346769407,-1.6350893480264352,-1.6350893480272455
Hub-attached,0.5,3.5500000000000003,0.1905758089581874,-1.6577052162883297,-1.65770521628938
Hub-attached,0.5,3.6,0.18631552078548613,-1.6803136941335948,-1.6803136941335908
Hub-attached,0.5,3.6500000000000004,0.18215177099062516,-1.7029150328703269,-1.7029150328702352
Hub-attached,0.5,3.7,0.17808230019858104,-1.7255094748796231,-1.725509474879581
Hub-attached,0.5,3.75,0.17410490590521455,-1.7480972539420838,-1.7480972539418551
Hub-attached,0.5,3.8000000000000003,0.1702174408263987,-1.7706785955522826,-1.7706785955516193
Hub-attached,0.5,3.85,0.16641781130651506,-1.7932537172216516,-1.7932537172208758
Hub-attached,0.5,3.9000000000000004,0.1627039757836534,-1.8158228287701905,-1.8158228287700813
Hub-attached,0.5,3.95,0.15907394330898947,-1.838386132607397,-1.8383861326082989
Hub-attached,0.5,4.0,0.15552577211794688,-1.8609438240028169,-1.8609438240038192
Hub-attached,0.5,4.05,0.152057568250875,-1.883496091346581,-1.8834960913465628
Hub-attached,0.5,4.1000000000000005,0.14866748422109094,-1.906043116400297,-1.9060431164002052
Hub-attached,0.5,4.15,0.14535371772824546,-1.928585074538651,-1.9285850745386082
Hub-attached,0.5,4.2,0.14211451041507733,-1.951122134982047,-1.9511221349818606
Hub-attached,0.5,4.25,0.1389481466657179,-1.9736544610206286,-1.9736544610200362
Hub-attached,0.5,4.3,0.1358529524438026,-1.996182210229985,-1.9961822102291749
Hub-attached,0.5,4.3500000000000005,0.1328272941687333,-2.0187055346788516,-2.018705534678497
Hub-attached,0.5,4.4,0.12986957762851575,-2.0412245811291077,-2.0412245811297276
Hub-attached,0.5,4.45,0.1269782469276805,-2.063739491228343,-2.0637394912294837
Hub-attached,0.5,4.5,0.12415178346886206,-2.086250401695283,-2.0862504016956653
Hub-attached,0.5,4.55,0.12138870496668851,-2.1087574444983206,-2.1087574444982393
Hub-attached,0.5,4.6000000000000005,0.11868756449269306,-2.1312607470274267,-2.131260747027359
Hub-attached,0.5,4.65,0.11604694955002626,-2.1537604322596744,-2.1537604322596087
Hub-attached,0.5,4.7,0.11346548117680327,-2.176256618918622,-2.176256618918288
Hub-attached,0.5,4.75,0.11094181307697869,-2.198749421627778,-2.1987494216270558
Hub-attached,0.5,4.800000000000001,0.10847463077769183,-2.221238951058373,-2.221238951057618
Hub-attached,0.5,4.8500000000000005,0.10606265081207747,-2.2437253140716495,-2.2437253140715168
Hub-attached,0.5,4.9,0.10370461992658152,-2.2662086138558775,-2.2662086138566786
Hub-attached,0.5,4.95,0.10139931431186862,-2.2886889500582868,-2.2886889500593943
Hub-attached,0.5,5.0,0.0991455388564481,-2.311166418912116,-2.311166418912381
Hub-attached,0.5,5.050000000000001,0.09694212642218682,-2.3336411133589534,-2.333641113358869
Hub-attached,0.5,5.1000000000000005,0.09478793714091409,-2.3561131231665446,-2.356113123166477
Hub-attached,0.5,5.15,0.09268185773135898,-2.3785825350422547,-2.3785825350421943
Hub-attached,0.5,5.2,0.09062280083569722,-2.40104943274232,-2.4010494327420258
Hub-attached,0.5,5.25,0.08860970437501287,-2.4235138971770764,-2.4235138971764028
Hub-attached,0.5,5.300000000000001,0.08664153092301445,-2.44597600651229,-2.4459760065114886
Hub-attached,0.5,5.3500000000000005,0.08471726709737129,-2.4684358362667567,-2.468435836266404
Hub-attached,0.5,5.4,0.08283592296806412,-2.4908934594063017,-2.49089345940683
Hub-attached,0.5,5.45,0.08099653148217119,-2.5133489464343155,-2.513348946435449
Hub-attached,0.5,5.5,0.07919814790453401,-2.5358023654789537,-2.5358023654796638
Hub-attached,0.5,5.550000000000001,0.07743984927377127,-2.5582537823771343,-2.5582537823770704
Hub-attached,0.5,5.6000000000000005,0.07572073387313179,-2.580703260755443,-2.5807032607553513
Hub-attached,0.5,5.65,0.07403992071569776,-2.603150862108076,-2.60315086210803
Hub-attached,0.5,5.7,0.0723965490434711,-2.625596645871912,-2.6255966458717976
Hub-attached,0.5,5.75,0.0707897778398929,-2.648040669498846,-2.6480406694984313
Hub-attached,0.5,5.800000000000001,0.06921878535536577,-2.670482988525465,-2.6704829885247126
Hub-attached,0.5,5.8500000000000005,0.06768276864536565,-2.6929236566401755,-2.6929236566394126
Hub-attached,0.5,5.9,0.06618094312074484,-2.715362725747892,-2.7153627257476547
Hub-attached,0.5,5.95,0.06471254210984632,-2.737800246032346,-2.7378002460329607
Hub-attached,0.5,6.0,0.06327681643206186,-2.760236266016137,-2.76023626601728
Hub-attached,0.5,6.050000000000001,0.061873033982481215,-2.782670832618593,-2.782670832619318
Hub-attached,0.5,6.1000000000000005,0.06050047932729496,-2.8051039912115203,-2.805103991211458
Hub-attached,0.5,6.15,0.05915845330962266,-2.827535785672942,-2.8275357856728482
Hub-attached,0.5,6.2,0.057846272665455174,-2.8499662584388727,-2.8499662584388203
Hub-attached,0.5,6.25,0.056563269649407104,-2.8723954505532263,-2.8723954505531504
Hub-attached,0.5,6.300000000000001,0.05530879166998964,-2.8948234017159127,-2.894823401715604
Hub-attached,0.5,6.3500000000000005,0.05408220093412347,-2.917250150329193,-2.9172501503285404
Hub-attached,0.5,6.4,0.05288287410062084,-2.9396757335423747,-2.939675733541552
Hub-attached,0.5,6.45,0.05171020194237809,-2.962100187294878,-2.962100187294325
Hub-attached,0.5,6.5,0.05056358901702644,-2.984523546357761,-2.984523546357918
Hub-attached,0.5,6.550000000000001,0.04944245334579904,-3.0069458443737567,-3.006945844374678
Hub-attached,0.5,6.6000000000000005,0.04834622610038158,-3.029367113895856,-3.029367113896975
Hub-attached,0.5,6.65,0.04727435129751959,-3.0517873864245257,-3.0517873864249667
Hub-attached,0.5,6.7,0.046226285501165976,-3.0742066924435805,-3.0742066924435125
Hub-attached,0.5,6.75,0.04520149753195749,-3.0966250614547812,-3.0966250614546897
Hub-attached,0.5,6.800000000000001,0.044199468183817855,-3.11904252201119,-3.119042522011142
Hub-attached,0.5,6.8500000000000005,0.043219689947490494,-3.14145910174934,-3.1414591017492564
Hub-attached,0.5,6.9,0.042261666740811075,-3.1638748274202633,-3.1638748274199533
Hub-attached,0.5,6.95,0.041324913645537045,-3.1862897249194093,-3.186289724918773
Hub-attached,0.5,7.0,0.04040895665055559,-3.2087038193155064,-3.208703819314681
Hub-attached,0.5,7.050000000000001,0.039513332401299096,-3.2311171348783962,-3.231117134877754
Hub-attached,0.5,7.1000000000000005,0.03863758795520122,-3.253529695105886,-3.253529695105845
Hub-attached,0.5,7.15,0.03778128054303294,-3.2759415227496524,-3.275941522750377
Hub-attached,0.5,7.2,0.036943977335962615,-3.298352639840232,-3.2983526398413856
Hub-attached,0.5,7.25,0.036125255218189274,-3.320763067711126,-3.3207630677119413
Hub-attached,0.5,7.300000000000001,0.03532470056500245,-3.343172827022067,-3.3431728270220824
Hub-attached,0.5,7.3500000000000005,0.03454190902612739,-3.3655819377814566,-3.3655819377813687
Hub-attached,0.5,7.4,0.03377648531421761,-3.3879904193680304,-3.3879904193679544
Hub-attached,0.5,7.45,0.03302804299836207,-3.410398290551756,-3.4103982905517145
Hub-attached,0.5,7.5,0.03229620430247781,-3.4328055695139965,-3.4328055695138713
Hub-attached,0.5,7.550000000000001,0.03158059990846212,-3.455212273866987,-3.4552122738666116
Hub-attached,0.5,7.6000000000000005,0.03088086876398355,-3.4776184206726124,-3.477618420671933
Hub-attached,0.5,7.65,0.03019665789479293,-3.500024026460551,-3.500024026459722
Hub-attached,0.5,7.7,0.029527622221440456,-3.5224291072457765,-3.522429107245139
Hub-attached,0.5,7.75,0.028873424380287598,-3.5448336785454546,-3.544833678545377
Hub-attached,0.5,7.800000000000001,0.028233734548705324,-3.5672377553952637,-3.5672377553959094
Hub-attached,0.5,7.8500000000000005,0.02760823027435468,-3.5896413523651387,-3.589641352366267
Hub-attached,0.5,7.9,0.026996596308446932,-3.6120444835744854,-3.612044483575458
Hub-attached,0.5,7.95,0.02639852444288494,-3.6344471627068646,-3.6344471627070924
Hub-attached,0.5,8.0,0.025813713351189545,-3.6568494030241654,-3.656849403024092
Hub-attached,0.5,8.05,0.025241868433116786,-3.679251217380311,-3.679251217380219
Hub-attached,0.5,8.1,0.024682701662876245,-3.701652618234471,-3.7016526182344185
Hub-attached,0.5,8.15,0.02413593144086089,-3.724053617663846,-3.7240536176637895
Hub-attached,0.5,8.200000000000001,0.02360128244880349,-3.746454227375999,-3.746454227375798
Hub-attached,0.5,8.25,0.02307848550827554,-3.7688544587207704,-3.7688544587203014
Hub-attached,0.5,8.3,0.022567277442447204,-3.7912543227018,-3.7912543227010636
Hub-attached,0.5,8.35,0.02206740094102992,-3.8136538299876346,-3.813653829986813
Hub-attached,0.5,8.4,0.021578604428323652,-3.836052990922486,-3.836052990921894
Hub-attached,0.5,8.450000000000001,0.02110064193429482,-3.8584518155366045,-3.8584518155365553
Hub-attached,0.5,8.5,0.020633272968611515,-3.8808503135563095,-3.880850313556937
Hub-attached,0.5,8.55,0.020176262397564815,-3.9032484944136905,-3.9032484944147927
Hub-attached,0.5,8.6,0.019729380323807832,-3.925646367255961,-3.925646367257003
Hub-attached,0.5,8.65,0.01929240196884417,-3.948043940954527,-3.9480439409549315
Hub-attached,0.5,8.700000000000001,0.018865107558201283,-3.970441224113721,-3.9704412241136557
Hub-attached,0.5,8.75,0.018447282209224106,-3.9928382250792667,-3.9928382250791743
Hub-attached,0.5,8.8,0.018038715821427107,-4.015234951946453,-4.015234951946382
Hub-attached,0.5,8.85,0.017639202969344236,-4.0376314125680315,-4.037631412567991
Hub-attached,0.5,8.9,0.01724854279781757,-4.06002761456186,-4.06002761456176
Hub-attached,0.5,8.950000000000001,0.016866538919667183,-4.082423565318285,-4.082423565317997
Hub-attached,0.5,9.0,0.01649299931568639,-4.104819272007277,-4.104819272006725
Hub-attached,0.5,9.05,0.016127736236907157,-4.127214741585348,-4.127214741584578
Hub-attached,0.5,9.1,0.015770566109083343,-4.14960998080221,-4.149609980801413
Hub-attached,0.5,9.15,0.01542130943933875,-4.1720049962072485,-4.172004996206705
Hub-attached,0.5,9.200000000000001,0.015079790724930549,-4.194399794155748,-4.1943997941557205
Hub-attached,0.5,9.25,0.014745838364077585,-4.216794380814942,-4.216794380815538
Hub-attached,0.5,9.3,0.014419284568806234,-4.239188762169855,-4.2391887621709134
Hub-attached,0.5,9.35,0.014099965279766747,-4.261582944028937,-4.261582944030021
Hub-attached,0.5,9.4,0.013787720082973808,-4.283976932029549,-4.283976932030129
Hub-attached,0.5,9.450000000000001,0.01348239212842759,-4.306370731643227,-4.306370731643198
Hub-attached,0.5,9.5,0.013183828050570721,-4.328764348180813,-4.32876434818073
Hub-attached,0.5,9.55,0.012891877890539414,-4.351157786797398,-4.3511577867973115
Hub-attached,0.5,9.600000000000001,0.01260639502016724,-4.3735510524971035,-4.373551052497053
Hub-attached,0.5,9.65,0.012327236067700713,-4.395944150137721,-4.395944150137672
Hub-attached,0.5,9.700000000000001,0.012054260845187572,-4.418337084435197,-4.418337084435049
Hub-attached,0.5,9.75,0.01178733227749939,-4.440729859967958,-4.440729859967611
Hub-attached,0.5,9.8,0.01152631633295042,-4.463122481181128,-4.463122481180538
Hub-attached,0.5,9.850000000000001,0.011271081955476672,-4.485514952390574,-4.485514952389806
Hub-attached,0.5,9.9,0.011021500998338894,-4.507907277786849,-4.507907277786079
Hub-attached,0.5,9.950000000000001,0.01077744815931488,-4.530299461438999,-4.530299461438466
Hub-attached,0.5,10.0,0.010538800917346904,-4.552691507298244,-4.552691507298172
Hub-attached,0.5,10.05,0.01030543947061091,-4.575083419201552,-4.575083419202045
Hub-attached,0.5,10.100000000000001,0.010077246675975282,-4.5974752008750865,-4.597475200876047
Hub-attached,0.5,10.15,0.009854107989817132,-4.619866855937552,-4.619866855938655
Hub-attached,0.5,10.200000000000001,0.009635911410165248,-4.642258387903442,-4.642258387904229
Hub-attached,0.5,10.25,0.009422547420139822,-4.664649800186157,-4.664649800186334
Hub-attached,0.5,10.3,0.009213908932658825,-4.687041096101059,-4.687041096100993
Hub-attached,0.5,10.350000000000001,0.009009891236382813,-4.709432278868401,-4.709432278868312
Hub-attached,0.5,10.4,0.008810391942869701,-4.731823351616171,-4.7318233516161
Hub-attached,0.5,10.450000000000001,0.008615310934911951,-4.7542143173828695,-4.754214317382829
Hub-attached,0.5,10.5,0.008424550316029799,-4.776605179120158,-4.776605179120099
Hub-attached,0.5,10.55,0.008238014361093718,-4.798995939695463,-4.798995939695299
Hub-attached,0.5,10.600000000000001,0.008055609468051042,-4.821386601894476,-4.821386601894124
Hub-attached,0.5,10.65,0.007877244110731417,-4.84377716842358,-4.843777168423015
Hub-attached,0.5,10.700000000000001,0.007702828792706783,-4.866167641912214,-4.866167641911487
Hub-attached,0.5,10.75,0.007532276002182205,-4.8885580249151355,-4.888558024914387
Hub-attached,0.5,10.8,0.007365500167893892,-4.910948319914645,-4.910948319914068
Hub-attached,0.5,10.850000000000001,0.007202417615992083,-4.9333385293227145,-4.933338529322504
Hub-attached,0.5,10.9,0.007042946527886194,-4.955728655483068,-4.955728655483348
Hub-attached,0.5,10.950000000000001,0.006887006899030803,-4.978118700673192,-4.978118700673946
Hub-attached,0.5,11.0,0.006734520498631125,-5.000508667106275,-5.000508667107312
Hub-attached,0.5,11.05,0.006585410830247235,-5.022898556933109,-5.0228985569340825
Hub-attached,0.5,11.100000000000001,0.00643960309327696,-5.045288372243905,-5.045288372244452
Hub-attached,0.5,11.15,0.006297024145297461,-5.067678115070073,-5.0676781150701
Hub-attached,0.5,11.200000000000001,0.006157602465246271,-5.090067787385946,-5.090067787385877
Hub-attached,0.5,11.25,0.006021268117423035,-5.112457391110435,-5.11245739111035
Hub-attached,0.5,11.3,0.005887952716293249,-5.134846928108654,-5.134846928108589
Hub-attached,0.5,11.350000000000001,0.005757589392076224,-5.157236400193486,-5.157236400193445
Hub-attached,0.5,11.4,0.005630112757099549,-5.179625809127089,-5.179625809127036
Hub-attached,0.5,11.450000000000001,0.005505458872902765,-5.202015156622389,-5.202015156622254
Hub-attached,0.5,11.5,0.0053835652180736935,-5.224404444344491,-5.224404444344204
Hub-attached,0.5,11.55,0.005264370656800688,-5.24679367391207,-5.246793673911597
Hub-attached,0.5,11.600000000000001,0.005147815408124979,-5.2691828468987145,-5.269182846898077
Hub-attached,0.5,11.65,0.005033841015877316,-5.291571964834222,-5.29157196483351
Hub-attached,0.5,11.700000000000001,0.004922390319283566,-5.31396102920587,-5.313961029205226
Hub-attached,0.5,11.75,0.004813407424224378,-5.336350041459635,-5.336350041459222
Hub-attached,0.5,11.8,0.004706837675134162,-5.358739003001385,-5.358739003001344
Hub-attached,0.5,11.850000000000001,0.004602627627525143,-5.381127915198026,-5.381127915198422
Hub-attached,0.5,11.9,0.004500725021122485,-5.403516779378624,-5.403516779379404
Hub-attached,0.5,11.950000000000001,0.004401078753596806,-5.425905596835485,-5.425905596836466
Hub-attached,0.5,12.0,0.004303638854880729,-5.448294368825213,-5.448294368826104
Hub-attached,0.5,12.05,0.0042083564620564295,-5.470683096569725,-5.470683096570238
Hub-attached,0.5,12.100000000000001,0.004115183794801401,-5.493071781257244,-5.493071781257296
Hub-attached,0.5,12.15,0.004024074131379992,-5.5154604240432565,-5.515460424043195
Hub-attached,0.5,12.200000000000001,0.003934981785168463,-5.537849026051448,-5.53784902605137
Hub-attached,0.5,12.25,0.003847862081701735,-5.560237588374604,-5.560237588374535
Hub-attached,0.5,12.3,0.0037626713362301136,-5.582626112075491,-5.582626112075447
Hub-attached,0.5,12.350000000000001,0.003679366831774642,-5.605014598187707,-5.60501459818767
Hub-attached,0.5,12.4,0.003597906797669944,-5.627403047716506,-5.627403047716428
Hub-attached,0.5,12.450000000000001,0.003518250388583681,-5.649791461639602,-5.649791461639426
Hub-attached,0.5,12.5,0.0034403576640020107,-5.672179840907946,-5.672179840907625
Hub-attached,0.5,12.55,0.0033641895681706,-5.694568186446487,-5.694568186446008
Hub-attached,0.5,12.600000000000001,0.0032897079104811365,-5.716956499154897,-5.716956499154292
Hub-attached,0.5,12.65,0.0032168753462932863,-5.739344779908289,-5.739344779907638
Hub-attached,0.5,12.700000000000001,0.0031456553581825056,-5.761733029557905,-5.761733029557324
Hub-attached,0.5,12.75,0.0030760122376041208,-5.78412124893179,-5.784121248931407
Hub-attached,0.5,12.8,0.003007911066964479,-5.806509438835442,-5.806509438835368
Hub-attached,0.5,12.850000000000001,0.002941317702090078,-5.828897600052442,-5.828897600052736
Hub-attached,0.5,12.9,0.0028761987550857816,-5.851285733345069,-5.8512857333457085
Hub-attached,0.5,12.950000000000001,0.002812521577573482,-5.873673839454901,-5.873673839455764
Hub-attached,0.5,13.0,0.002750254244302779,-5.896061919103386,-5.896061919104264
Hub-attached,0.5,13.05,0.002689365537125294,-5.918449972992411,-5.918449972993062
Hub-attached,0.5,13.100000000000001,0.002629824929324656,-5.94083800180484,-5.940838001805097
Hub-attached,0.5,13.15,0.002571602570294113,-5.963226006205053,-5.9632260062050095
Hub-attached,0.5,13.200000000000001,0.002514669270554139,-5.9856139868394544,-5.985613986839391
Hub-attached,0.5,13.25,0.0024589964871024267,-6.008001944336972,-6.008001944336901
Hub-attached,0.5,13.3,0.0024045563090888513,-6.03038987930955,-6.030389879309491
Hub-attached,0.5,13.350000000000001,0.00235132144380824,-6.052777792352613,-6.052777792352574
Hub-attached,0.5,13.4,0.0022992652030038303,-6.0751656840455235,-6.075165684045489
Hub-attached,0.5,13.450000000000001,0.0022483614894745147,-6.097553554952033,-6.097553554951966
Hub-attached,0.5,13.5,0.0021985847839791363,-6.11994140562071,-6.119941405620565
Hub-attached,0.5,13.55,0.002149910132431223,-6.142329236585361,-6.1423292365851
Hub-attached,0.5,13.600000000000001,0.0021023131333777092,-6.164717048365436,-6.164717048365042
Hub-attached,0.5,13.65,0.002055769925755318,-6.187104841466424,-6.187104841465914
Hub-attached,0.5,13.700000000000001,0.00201025717691845,-6.209492616380245,-6.209492616379667
Hub-attached,0.5,13.75,0.0019657520709325488,-6.231880373585612,-6.231880373585046
Hub-attached,0.5,13.8,0.0019222322971270184,-6.254268113548407,-6.25426811354795
Hub-attached,0.5,13.850000000000001,0.0018796760389019735,-6.276655836722023,-6.276655836721772
Hub-attached,0.5,13.9,0.001838061962783129,-6.299043543547714,-6.299043543547741
Hub-attached,0.5,13.950000000000001,0.001797369207719363,-6.321431234454923,-6.321431234455258
Hub-attached,0.5,14.0,0.0017575773746175383,-6.343818909861608,-6.343818909862218
Hub-attached,0.5,14.05,0.001718666516109313,-6.366206570174563,-6.366206570175342
Hub-attached,0.5,14.100000000000001,0.0016806171265448264,-6.388594215789708,-6.3885942157904925
Hub-attached,0.5,14.15,0.0016434101322081568,-6.410981847092401,-6.410981847093004
Hub-attached,0.5,14.200000000000001,0.0016070268817496831,-6.433369464457721,-6.4333694644580035
Hub-attached,0.5,14.25,0.0015714491368305243,-6.455757068250745,-6.455757068250736
Hub-attached,0.5,14.3,0.001536659062974316,-6.478144658826828,-6.478144658826777
Hub-attached,0.5,14.350000000000001,0.0015026392206217768,-6.500532236531862,-6.500532236531799
Hub-attached,0.5,14.4,0.0014693725563835096,-6.522919801702537,-6.522919801702478
Hub-attached,0.5,14.450000000000001,0.0014368423944866786,-6.545307354666589,-6.545307354666546
Hub-attached,0.5,14.5,0.0014050324284112347,-6.567694895743044,-6.5676948957430135
Hub-attached,0.5,14.55,0.0013739267127114965,-6.590082425242456,-6.59008242524242
Hub-attached,0.5,14.600000000000001,0.0013435096550189712,-6.612469943467136,-6.612469943467062
Hub-attached,0.5,14.65,0.00131376600822239,-6.634857450711374,-6.6348574507112295
Hub-attached,0.5,14.700000000000001,0.0012846808628210263,-6.657244947261661,-6.657244947261417
Hub-attached,0.5,14.75,0.0012562396394474723,-6.679632433396889,-6.679632433396538
Hub-attached,0.5,14.8,0.0012284280815560667,-6.702019909388574,-6.702019909388128
Hub-attached,0.5,14.850000000000001,0.0012012322482733676,-6.72440737550104,-6.724407375500535
Hub-attached,0.5,14.9,0.001174638507407011,-6.74679483199162,-6.746794831991114
Hub-attached,0.5,14.950000000000001,0.0011486335286094828,-6.769182279110843,-6.769182279110407
Hub-attached,0.5,15.0,0.0011232042766933536,-6.791569717102617,-6.791569717102327
Hub-attached,0.5,15.05,0.0010983380050946139,-6.813957146204415,-6.8139571462043325
Hub-attached,0.5,15.100000000000001,0.001074022249480847,-6.836344566647433,-6.836344566647597
Hub-attached,0.5,15.15,0.0010502448215009906,-6.858731978656774,-6.858731978657182
Hub-attached,0.5,15.200000000000001,0.0010269938026735838,-6.881119382451602,-6.881119382452205
Hub-attached,0.5,15.25,0.0010042575384104084,-6.903506778245306,-6.903506778246007
Hub-attached,0.5,15.3,0.0009820246321725244,-6.925894166245657,-6.925894166246324
Hub-attached,0.5,15.350000000000001,0.0009602839397557776,-6.948281546654952,-6.948281546655446
Hub-attached,0.5,15.4,0.0009390245637028879,-6.970668919670167,-6.970668919670394
Hub-attached,0.5,15.450000000000001,0.0009182358478393286,-6.993056285483098,-6.993056285483091
Hub-attached,0.5,15.5,0.0008979073719302462,-7.015443644280496,-7.015443644280451
Hub-attached,0.5,15.55,0.0008780289464557364,-7.037830996244209,-7.037830996244154
Hub-attached,0.5,15.600000000000001,0.0008585906075018584,-7.060218341551307,-7.060218341551253
Hub-attached,0.5,15.65,0.0008395826117648113,-7.082605680374213,-7.0826056803741695
Hub-attached,0.5,15.700000000000001,0.0008209954316657784,-7.104993012880825,-7.1049930128807945
Hub-attached,0.5,15.75,0.0008028197505739727,-7.127380339234637,-7.127380339234611
Hub-attached,0.5,15.8,0.0007850464581354941,-7.149767659594862,-7.149767659594818
Hub-attached,0.5,15.850000000000001,0.0007676666457056536,-7.172154974116536,-7.1721549741164505
Hub-attached,0.5,15.9,0.0007506716018824619,-7.194542282950637,-7.194542282950486
Hub-attached,0.5,15.950000000000001,0.000734052808139053,-7.216929586244193,-7.216929586243959
Hub-attached,0.5,16.0,0.0007178019345528434,-7.239316884140379,-7.2393168841400595
Hub-attached,0.5,16.05,0.000701910835629276,-7.2617041767786334,-7.261704176778239
Hub-attached,0.5,16.1,0.0006863715462180757,-7.284091464294742,-7.284091464294303
Hub-attached,0.5,16.150000000000002,0.0006711762775199352,-7.3064787468209484,-7.306478746820505
Hub-attached,0.5,16.2,0.0006563174131816573,-7.328866024486037,-7.3288660244856425
Hub-attached,0.5,16.25,0.00064178750547777,-7.351253297415431,-7.351253297415143
Hub-attached,0.5,16.3,0.0006275792715767106,-7.373640565731284,-7.373640565731151
Hub-attached,0.5,16.35,0.00061368558988971,-7.396027829552557,-7.396027829552615
Hub-attached,0.5,16.400000000000002,0.0006000994965005238,-7.418415088995115,-7.418415088995374
Hub-attached,0.5,16.45,0.0005868141816742452,-7.440802344171797,-7.440802344172238
Hub-attached,0.5,16.5,0.0005738229864434263,-7.463189595192507,-7.463189595193076
Hub-attached,0.5,16.55,0.000561119399269808,-7.485576842164282,-7.485576842164896
Hub-attached,0.5,16.6,0.0005486970527799769,-7.507964085191377,-7.507964085191932
Hub-attached,0.5,16.650000000000002,0.000536549720573314,-7.530351324375331,-7.530351324375726
Hub-attached,0.5,16.7,0.0005246713141006343,-7.552738559815039,-7.552738559815215
Hub-attached,0.5,16.75,0.0005130558796119458,-7.57512579160683,-7.575125791606822
Hub-attached,0.5,16.8,0.0005016975951718046,-7.597513019844525,-7.597513019844486
Hub-attached,0.5,16.85,0.0004905907677407653,-7.619900244619509,-7.619900244619463
Hub-attached,0.5,16.900000000000002,0.0004797298303214582,-7.642287466020792,-7.642287466020743
Hub-attached,0.5,16.95,0.00046910933916786957,-7.664674684135073,-7.66467468413503
Hub-attached,0.5,17.0,0.00045872397105641797,-7.687061899046799,-7.6870618990467685
Hub-attached,0.5,17.05,0.0004485685206174607,-7.7094491108382295,-7.709449110838206
Hub-attached,0.5,17.1,0.00043863789772589505,-7.731836319589489,-7.731836319589461
Hub-attached,0.5,17.150000000000002,0.0004289271249495386,-7.754223525378622,-7.754223525378572
Hub-attached,0.5,17.2,0.00041943133505401335,-7.776610728281653,-7.776610728281563
Hub-attached,0.5,17.25,0.0004101457685628804,-7.798997928372634,-7.798997928372488
Hub-attached,0.5,17.3,0.0004010657713718018,-7.821385125723704,-7.8213851257234905
Hub-attached,0.5,17.35,0.0003921867924155366,-7.843772320405127,-7.843772320404846
Hub-attached,0.5,17.400000000000002,0.0003835043813865903,-7.866159512485353,-7.866159512485015
Hub-attached,0.5,17.45,0.00037501418650438644,-7.888546702031062,-7.888546702030683
Hub-attached,0.5,17.5,0.0003667119523338341,-7.910933889107203,-7.9109338891068175
Hub-attached,0.5,17.55,0.0003585935176521963,-7.933321073777052,-7.933321073776697
Hub-attached,0.5,17.6,0.0003506548133631954,-7.9557082561022465,-7.955708256101962
Hub-attached,0.5,17.650000000000002,0.0003428918604573029,-7.978095436142831,-7.978095436142655
Hub-attached,0.5,17.7,0.000335300768017196,-8.000482613957297,-8.000482613957262
Hub-attached,0.5,17.75,0.00032787773126737485,-8.02286978960263,-8.022869789602755
Hub-attached,0.5,17.8,0.0003206190296669701,-8.045256963134342,-8.045256963134623
Hub-attached,0.5,17.85,0.00031352102504477754,-8.06764413460651,-8.067644134606926
Hub-attached,0.5,17.900000000000002,0.0003065801597755855,-8.090031304071822,-8.090031304072324
Hub-attached,0.5,17.95,0.00029979295499688827,-8.112418471581595,-8.11241847158212
Hub-attached,0.5,18.0,0.00029315600886507505,-8.134805637185835,-8.13480563718631
Hub-attached,0.5,18.05,0.00028666599485023905,-8.157192800933254,-8.157192800933602
Hub-attached,0.5,18.1,0.0002803196600687394,-8.179579962871308,-8.179579962871486
Hub-attached,0.5,18.150000000000002,0.00027411382365268066,-8.201967123046234,-8.201967123046252
Hub-attached,0.5,18.2,0.0002680453751554994,-8.224354281503071,-8.224354281503038
Hub-attached,0.5,18.25,0.00026211127299284793,-8.246741438285705,-8.246741438285666
Hub-attached,0.5,18.3,0.00025630854291800267,-8.269128593436891,-8.269128593436848
Hub-attached,0.5,18.35,0.0002506342765310308,-8.291515746998279,-8.291515746998238
Hub-attached,0.5,18.400000000000002,0.00024508562982095914,-8.313902899010452,-8.31390289901042
Hub-attached,0.5,18.45,0.000239659821740229,-8.336290049512947,-8.336290049512924
Hub-attached,0.5,18.5,0.00023435413281070624,-8.358677198544289,-8.35867719854427
Hub-attached,0.5,18.55,0.000229165903760565,-8.381064346142006,-8.381064346141981
Hub-attached,0.5,18.6,0.00022409253419134321,-8.403451492342667,-8.403451492342622
Hub-attached,0.5,18.650000000000002,0.0002191314812745169,-8.425838637181895,-8.42583863718182
Hub-attached,0.5,18.7,0.00021428025847692914,-8.448225780694406,-8.448225780694287
Hub-attached,0.5,18.75,0.0002095364343144422,-8.47061292291402,-8.47061292291385
Hub-attached,0.5,18.8,0.00020489763113318413,-8.493000063873687,-8.493000063873463
Hub-attached,0.5,18.85,0.0002003615239177769,-8.515387203605515,-8.515387203605242
Hub-attached,0.5,18.900000000000002,0.00019592583912595438,-8.537774342140786,-8.537774342140473
Hub-attached,0.5,18.95,0.00019158835354898048,-8.560161479509977,-8.560161479509645
Hub-attached,0.5,19.0,0.00018734689319729788,-8.582548615742791,-8.582548615742466
Hub-attached,0.5,19.05,0.00018319933221085143,-8.604935750868162,-8.604935750867872
Hub-attached,0.5,19.1,0.00017914359179353387,-8.627322884914287,-8.627322884914062
Hub-attached,0.5,19.150000000000002,0.0001751776391712276,-8.649710017908635,-8.6497100179085
Hub-attached,0.5,19.200000000000003,0.00017129948657291033,-8.672097149877978,-8.672097149877956
Hub-attached,0.5,19.25,0.00016750719023432442,-8.694484280848394,-8.694484280848496
Hub-attached,0.5,19.3,0.0001637988494237015,-8.716871410845302,-8.71687141084553
Hub-attached,0.5,19.35,0.00016017260548905975,-8.739258539893465,-8.7392585398938
Hub-attached,0.5,19.400000000000002,0.00015662664092659355,-8.76164566801701,-8.761645668017426
Hub-attached,0.5,19.450000000000003,0.00015315917846968813,-8.784032795239453,-8.784032795239902
Hub-attached,0.5,19.5,0.0001497684801981054,-8.806419921583698,-8.806419921584132
Hub-attached,0.5,19.55,0.00014645284666688877,-8.828807047072077,-8.828807047072438
Hub-attached,0.5,19.6,0.00014321061605455902,-8.851194171726341,-8.851194171726583
Hub-attached,0.5,19.650000000000002,0.00014004016333016495,-8.873581295567686,-8.873581295567789
Hub-attached,0.5,19.700000000000003,0.0001369398994387764,-8.895968418616768,-8.89596841861676
Hub-attached,0.5,19.75,0.0001339082705050114,-8.918355540893714,-8.918355540893685
Hub-attached,0.5,19.8,0.00013094375705419563,-8.940742662418137,-8.940742662418103
Hub-attached,0.5,19.85,0.00012804487325076584,-8.96312978320915,-8.963129783209114
Hub-attached,0.5,19.900000000000002,0.0001252101661535353,-8.985516903285374,-8.98551690328534
Hub-attached,0.5,19.950000000000003,0.00012243821498744595,-9.00790402266496,-9.007904022664931
Hub-attached,0.5,20.0,0.0001197276304314455,-9.030291141365588,-9.030291141365566
Hub-attached,0.5,20.05,0.00011707705392212835,-9.052678259404496,-9.05267825940448
Hub-attached,0.5,20.1,0.00011448515697279643,-9.075065376798477,-9.07506537679846
Hub-attached,0.5,20.150000000000002,0.0001119506405075935,-9.097452493563894,-9.097452493563866
Hub-attached,0.5,20.200000000000003,0.00010947223421038215,-9.119839609716694,-9.119839609716648
Hub-attached,0.5,20.25,0.00010704869588803644,-9.142226725272414,-9.14222672527234
Hub-attached,0.5,20.3,0.00010467881084782931,-9.164613840246206,-9.164613840246098
Hub-attached,0.5,20.35,0.00010236139128860848,-9.187000954652822,-9.187000954652673
Hub-attached,0.5,20.400000000000002,0.00010009527570544594,-9.209388068506644,-9.209388068506453
Hub-attached,0.5,20.450000000000003,9.787932830747173e-05,-9.231775181821689,-9.231775181821458
Hub-attached,0.5,20.5,9.571243844859549e-05,-9.254162294611612,-9.254162294611351
Hub-attached,0.5,20.55,9.359352007083103e-05,-9.276549406889725,-9.276549406889446
Hub-attached,0.5,20.6,9.152151115994553e-05,-9.298936518669,-9.29893651866872
Hub-attached,0.5,20.650000000000002,8.949537321316153e-05,-9.321323629962075,-9.321323629961812
Hub-attached,0.5,20.700000000000003,8.751409071864091e-05,-9.343710740781269,-9.343710740781045
Hub-attached,0.5,20.75,8.557667064649528e-05,-9.366097851138585,-9.36609785113842
Hub-attached,0.5,20.8,8.368214195106327e-05,-9.388484961045725,-9.388484961045638
Hub-attached,0.5,20.85,8.182955508420796e-05,-9.41087207051409,-9.410872070514094
Hub-attached,0.5,20.900000000000002,8.001798151938956e-05,-9.433259179554788,-9.43325917955489
Hub-attached,0.5,20.950000000000003,7.824651328627314e-05,-9.455646288178654,-9.45564628817885
Hub-attached,0.5,21.0,7.65142625156428e-05,-9.478033396396231,-9.478033396396512
Hub-attached,0.5,21.05,7.482036099438672e-05,-9.500420504217812,-9.500420504218159
Hub-attached,0.5,21.1,7.31639597303388e-05,-9.52280761165342,-9.522807611653798
Hub-attached,0.5,21.150000000000002,7.154422852675183e-05,-9.545194718712818,-9.545194718713194
Hub-attached,0.5,21.200000000000003,6.99603555661914e-05,-9.567581825405528,-9.567581825405863
Hub-attached,0.5,21.25,6.841154700364292e-05,-9.589968931740827,-9.589968931741083
Hub-attached,0.5,21.3,6.689702656862632e-05,-9.61235603772776,-9.612356037727913
Hub-attached,0.5,21.35,6.541603517611983e-05,-9.634743143375138,-9.634743143375186
Hub-attached,0.5,21.400000000000002,6.396783054609715e-05,-9.657130248691546,-9.657130248691528
Hub-attached,0.5,21.450000000000003,6.255168683148759e-05,-9.679517353685359,-9.679517353685334
Hub-attached,0.5,21.5,6.116689425437367e-05,-9.70190445836473,-9.7019044583647
Hub-attached,0.5,21.55,5.9812758750241486e-05,-9.724291562737612,-9.72429156273758
Hub-attached,0.5,21.6,5.8488601620108325e-05,-9.746678666811754,-9.746678666811723
Hub-attached,0.5,21.650000000000002,5.719375919035112e-05,-9.769065770594704,-9.769065770594679
Hub-attached,0.5,21.700000000000003,5.5927582480065566e-05,-9.791452874093828,-9.791452874093807
Hub-attached,0.5,21.75,5.468943687579085e-05,-9.813839977316295,-9.813839977316277
Hub-attached,0.5,21.8,5.3478701813434114e-05,-9.836227080269095,-9.836227080269081
Hub-attached,0.5,21.85,5.229477046723724e-05,-9.858614182959046,-9.858614182959029
Hub-attached,0.5,21.900000000000002,5.113704944563031e-05,-9.881001285392786,-9.88100128539276
Hub-attached,0.5,21.950000000000003,5.0004958493817266e-05,-9.90338838757679,-9.903388387576747
Hub-attached,0.5,22.0,4.8897930202947055e-05,-9.925775489517363,-9.925775489517296
Hub-attached,0.5,22.05,4.781540972572261e-05,-9.948162591220655,-9.94816259122056
Hub-attached,0.5,22.1,4.675685449830611e-05,-9.970549692692659,-9.970549692692533
Hub-attached,0.5,22.150000000000002,4.5721733968381425e-05,-9.992936793939213,-9.992936793939057
Hub-attached,0.5,22.200000000000003,4.470952932923591e-05,-10.015323894966015,-10.015323894965826
Hub-attached,0.5,22.25,4.371973325973063e-05,-10.037710995778605,-10.037710995778392
Hub-attached,0.5,22.3,4.2751849670025586e-05,-10.060098096382399,-10.060098096382168
Hub-attached,0.5,22.35,4.180539345293625e-05,-10.082485196782663,-10.082485196782423
Hub-attached,0.5,22.400000000000002,4.08798902407932e-05,-10.104872296984533,-10.1048722969843
Hub-attached,0.5,22.450000000000003,3.997487616768503e-05,-10.127259396993018,-10.127259396992805
Hub-attached,0.5,22.5,3.908989763696528e-05,-10.149646496812998,-10.149646496812817
Hub-attached,0.5,22.55,3.822451109390613e-05,-10.172033596449227,-10.172033596449097
Hub-attached,0.5,22.6,3.737828280338477e-05,-10.194420695906347,-10.194420695906274
Hub-attached,0.5,22.650000000000002,3.6550788632492935e-05,-10.21680779518887,-10.216807795188867
Hub-attached,0.5,22.700000000000003,3.574161383795743e-05,-10.239194894301203,-10.239194894301274
Hub-attached,0.5,22.75,3.49503528582679e-05,-10.26158199324764,-10.261581993247784
Hub-attached,0.5,22.8,3.417660911040669e-05,-10.283969092032363,-10.283969092032576
Hub-attached,0.5,22.85,3.341999479107821e-05,-10.30635619065945,-10.306356190659718
Hub-attached,0.5,22.900000000000002,3.268013068233925e-05,-10.328743289132877,-10.328743289133184
Hub-attached,0.5,22.950000000000003,3.195664596153229e-05,-10.35113038745652,-10.351130387456841
Hub-attached,0.5,23.0,3.124917801542674e-05,-10.373517485634151,-10.37351748563446
Hub-attached,0.5,23.05,3.0557372258474425e-05,-10.395904583669454,-10.395904583669726
Hub-attached,0.5,23.1,2.9880881955089044e-05,-10.418291681566018,-10.418291681566226
Hub-attached,0.5,23.150000000000002,2.9219368045860115e-05,-10.440678779327339,-10.440678779327465
Hub-attached,0.5,23.200000000000003,2.8572498977614087e-05,-10.463065876956824,-10.46306587695687
Hub-attached,0.5,23.25,2.79399505372377e-05,-10.485452974457795,-10.485452974457784
Hub-attached,0.5,23.3,2.732140568918018e-05,-10.507840071833495,-10.507840071833474
Hub-attached,0.5,23.35,2.6716554416553546e-05,-10.530227169087075,-10.530227169087052
Hub-attached,0.5,23.400000000000002,2.612509356574953e-05,-10.552614266221616,-10.55261426622159
Hub-attached,0.5,23.450000000000003,2.5546726694497694e-05,-10.575001363240114,-10.575001363240089
Hub-attached,0.5,23.5,2.4981163923286535e-05,-10.597388460145492,-10.597388460145469
Hub-attached,0.5,23.55,2.4428121790074066e-05,-10.619775556940603,-10.619775556940583
Hub-attached,0.5,23.6,2.388732310821522e-05,-10.642162653628223,-10.642162653628207
Hub-attached,0.5,23.650000000000002,2.3358496827534187e-05,-10.664549750211057,-10.664549750211044
Hub-attached,0.5,23.700000000000003,2.2841377898472457e-05,-10.686936846691745,-10.686936846691735
Hub-attached,0.5,23.75,2.2335707139244545e-05,-10.70932394307286,-10.709323943072848
Hub-attached,0.5,23.8,2.184123110593458e-05,-10.731711039356911,-10.73171103935689
Hub-attached,0.5,23.85,2.1357701965469038e-05,-10.754098135546338,-10.754098135546306
Hub-attached,0.5,23.900000000000002,2.088487737140114e-05,-10.776485231643523,-10.776485231643479
Hub-attached,0.5,23.950000000000003,2.0422520342445674e-05,-10.798872327650791,-10.798872327650727
Hub-attached,0.5,24.0,1.997039914370278e-05,-10.821259423570403,-10.821259423570318
Hub-attached,0.5,24.05,1.952828717051102e-05,-10.843646519404569,-10.843646519404459
Hub-attached,0.5,24.1,1.9095962834872184e-05,-10.866033615155436,-10.866033615155303
Hub-attached,0.5,24.150000000000002,1.867320945439004e-05,-10.888420710825102,-10.888420710824946
Hub-attached,0.5,24.200000000000003,1.825981514366814e-05,-10.91080780641561,-10.910807806415434
Hub-attached,0.5,24.25,1.785557270811179e-05,-10.93319490192895,-10.933194901928761
Hub-attached,0.5,24.3,1.7460279540080908e-05,-10.95558199736707,-10.955581997366872
Hub-attached,0.5,24.35,1.7073737517342496e-05,-10.977969092731854,-10.977969092731659
Hub-attached,0.5,24.400000000000002,1.669575290377034e-05,-11.000356188025153,-11.000356188024968
Hub-attached,0.5,24.450000000000003,1.632613625224385e-05,-11.022743283248763,-11.022743283248596
Hub-attached,0.5,24.5,1.5964702309696203e-05,-11.045130378404435,-11.045130378404298
Hub-attached,0.5,24.55,1.5611269924264452e-05,-11.067517473493883,-11.067517473493783
Hub-attached,0.5,24.6,1.5265661954495657e-05,-11.089904568518769,-11.089904568518715
Hub-attached,0.5,24.650000000000002,1.4927705180562582e-05,-11.112291663480717,-11.112291663480717
Hub-attached,0.5,24.700000000000003,1.4597230217445148e-05,-11.13467875838131,-11.134678758381366
Hub-attached,0.5,24.75,1.4274071430033964e-05,-11.157065853222093,-11.157065853222202
Hub-attached,0.5,24.8,1.395806685011323e-05,-11.179452948004567,-11.179452948004728
Hub-attached,0.5,24.85,1.3649058095181509e-05,-11.201840042730199,-11.201840042730405
Hub-attached,0.5,24.900000000000002,1.3346890289069767e-05,-11.224227137400419,-11.224227137400659
Hub-attached,0.5,24.950000000000003,1.3051411984316792e-05,-11.246614232016618,-11.24661423201688
Hub-attached,0.5,25.0,1.2762475086263016e-05,-11.269001326580154,-11.269001326580419
Hub-attached,0.5,25.05,1.247993477882478e-05,-11.291388421092355,-11.291388421092606
Hub-attached,0.5,25.1,1.2203649451912088e-05,-11.313775515554507,-11.313775515554726
Hub-attached,0.5,25.150000000000002,1.1933480630452849e-05,-11.33616260996787,-11.33616260996804
Hub-attached,0.5,25.200000000000003,1.1669292904988664e-05,-11.35854970433367,-11.35854970433378
Hub-attached,0.5,25.25,1.1410953863807118e-05,-11.3809367986531,-11.380936798653149
Hub-attached,0.5,25.3,1.1158334026576246e-05,-11.40332389292733,-11.403323892927332
Hub-attached,0.5,25.35,1.0911306779448818e-05,-11.425710987157492,-11.425710987157476
Hub-attached,0.5,25.400000000000002,1.0669748311602654e-05,-11.448098081344694,-11.448098081344677
Hub-attached,0.5,25.450000000000003,1.0433537553186288e-05,-11.470485175490017,-11.470485175489998
Hub-attached,0.5,25.5,1.0202556114638302e-05,-11.492872269594509,-11.49287226959449
Hub-attached,0.5,25.55,9.976688227349851e-06,-11.5152593636592,-11.51525936365918
Hub-attached,0.5,25.6,9.755820685641202e-06,-11.537646457685089,-11.53764645768507
Hub-attached,0.5,25.650000000000002,9.539842790022407e-06,-11.56003355167315,-11.560033551673135
Hub-attached,0.5,25.700000000000003,9.328646291710437e-06,-11.582420645624333,-11.58242064562432
Hub-attached,0.5,25.75,9.12212533837438e-06,-11.604807739539565,-11.604807739539554
Hub-attached,0.5,25.8,8.920176421081876e-06,-11.627194833419749,-11.62719483341974
Hub-attached,0.5,25.85,8.72269832242007e-06,-11.649581927265764,-11.649581927265755
Hub-attached,0.5,25.900000000000002,8.529592065765038e-06,-11.67196902107847,-11.671969021078457
Hub-attached,0.5,25.950000000000003,8.34076086567433e-06,-11.694356114858701,-11.694356114858683
Hub-attached,0.5,26.0,8.156110079377777e-06,-11.716743208607273,-11.716743208607246
Hub-attached,0.5,26.05,7.975547159342117e-06,-11.739130302324982,-11.739130302324945
Hub-attached,0.5,26.1,7.7989816068859e-06,-11.761517396012604,-11.761517396012552
Hub-attached,0.5,26.150000000000002,7.626324926821192e-06,-11.783904489670892,-11.783904489670824
Hub-attached,0.5,26.200000000000003,7.457490583099449e-06,-11.806291583300585,-11.8062915833005
Hub-attached,0.5,26.25,7.292393955439386e-06,-11.828678676902395,-11.828678676902294
Hub-attached,0.5,26.3,7.130952296914868e-06,-11.851065770477032,-11.851065770476914
Hub-attached,0.5,26.35,6.9730846924820305e-06,-11.87345286402517,-11.873452864025037
Hub-attached,0.5,26.400000000000002,6.818712018424227e-06,-11.895839957547476,-11.89583995754733
Hub-attached,0.5,26.450000000000003,6.667756902694999e-06,-11.9182270510446,-11.918227051044445
Hub-attached,0.5,26.5,6.5201436861389345e-06,-11.94061414451717,-11.94061414451701
Hub-attached,0.5,26.55,6.375798384570993e-06,-11.963001237965807,-11.96300123796565
Hub-attached,0.5,26.6,6.234648651695438e-06,-11.98538833139111,-11.985388331390958
Hub-attached,0.5,26.650000000000002,6.0966237428455855e-06,-12.007775424793664,-12.007775424793525
Hub-attached,0.5,26.700000000000003,5.9616544795263105e-06,-12.030162518174041,-12.03016251817392
Hub-attached,0.5,26.75,5.82967321474161e-06,-12.052549611532795,-12.0525496115327
Hub-attached,0.5,26.8,5.7006137990896185e-06,-12.07493670487047,-12.074936704870407
Hub-attached,0.5,26.85,5.574411547608355e-06,-12.097323798187597,-12.097323798187569
Hub-attached,0.5,26.900000000000002,5.4510032073554e-06,-12.119710891484688,-12.119710891484697
Hub-attached,0.5,26.950000000000003,5.330326925705268e-06,-12.142097984762248,-12.142097984762298
Hub-attached,0.5,27.0,5.212322219348717e-06,-12.164485078020764,-12.164485078020853
Hub-attached,0.5,27.05,5.096929943978231e-06,-12.186872171260719,-12.186872171260845
Hub-attached,0.5,27.1,4.984092264644795e-06,-12.209259264482574,-12.209259264482734
Hub-attached,0.5,27.150000000000002,4.873752626770749e-06,-12.231646357686785,-12.231646357686971
Hub-attached,0.5,27.200000000000003,4.7658557278044784e-06,-12.254033450873793,-12.254033450873997
Hub-attached,0.5,27.25,4.660347489502581e-06,-12.276420544044031,-12.276420544044242
Hub-attached,0.5,27.3,4.5571750308256695e-06,-12.298807637197921,-12.29880763719813
Hub-attached,0.5,27.35,4.456286641434251e-06,-12.32119473033587,-12.321194730336064
Hub-attached,0.5,27.400000000000002,4.3576317557712986e-06,-12.343581823458278,-12.343581823458447
Hub-attached,0.5,27.450000000000003,4.26116092771863e-06,-12.365968916565537,-12.36596891656567
Hub-attached,0.5,27.5,4.1668258058143984e-06,-12.388356009658022,-12.388356009658112
Hub-attached,0.5,27.55,4.074579109019102e-06,-12.41074310273611,-12.410743102736157
Hub-attached,0.5,27.6,3.984374603018249e-06,-12.43313019580016,-12.433130195800167
Hub-attached,0.5,27.650000000000002,3.896167077049563e-06,-12.45551728885052,-12.455517288850508
Hub-attached,0.5,27.700000000000003,3.8099123212431402e-06,-12.477904381887539,-12.477904381887525
Hub-attached,0.5,27.75,3.7255671044633923e-06,-12.500291474911547,-12.500291474911533
Hub-attached,0.5,27.8,3.6430891526414156e-06,-12.522678567922874,-12.522678567922858
Hub-attached,0.5,27.85,3.5624371275871345e-06,-12.545065660921834,-12.545065660921818
Hub-attached,0.5,27.900000000000002,3.483570606270422e-06,-12.56745275390874,-12.567452753908723
Hub-attached,0.5,27.950000000000003,3.406450060560984e-06,-12.589839846883892,-12.589839846883876
Hub-attached,0.5,28.0,3.3310368374167415e-06,-12.612226939847583,-12.61222693984757
Hub-attached,0.5,28.05,3.257293139510736e-06,-12.634614032800107,-12.634614032800094
Hub-attached,0.5,28.1,3.185182006287095e-06,-12.657001125741738,-12.657001125741727
Hub-attached,0.5,28.150000000000002,3.1146672954362076e-06,-12.67938821867275,-12.679388218672743
Hub-attached,0.5,28.200000000000003,3.0457136647801054e-06,-12.701775311593412,-12.701775311593405
Hub-attached,0.5,28.25,2.9782865545588724e-06,-12.724162404503979,-12.724162404503971
Hub-attached,0.5,28.3,2.912352170109141e-06,-12.74654949740471,-12.7465494974047
Hub-attached,0.5,28.35,2.8478774649261626e-06,-12.768936590295846,-12.768936590295832
Hub-attached,0.5,28.400000000000002,2.7848301241007474e-06,-12.79132368317763,-12.791323683177609
Hub-attached,0.5,28.450000000000003,2.7231785481229554e-06,-12.813710776050295,-12.813710776050266
Hub-attached,0.5,28.5,2.6628918370443166e-06,-12.836097868914067,-12.836097868914031
Hub-attached,0.5,28.55,2.603939774990662e-06,-12.858484961769175,-12.858484961769129
Hub-attached,0.5,28.6,2.546292815017884e-06,-12.880872054615834,-12.880872054615775
Hub-attached,0.5,28.650000000000002,2.4899220643028753e-06,-12.903259147454254,-12.903259147454182
Hub-attached,0.5,28.700000000000003,2.4347992696623698e-06,-12.925646240284642,-12.925646240284559
Hub-attached,0.5,28.75,2.3808968033923705e-06,-12.948033333107198,-12.948033333107105
Hub-attached,0.5,28.8,2.328187649421028e-06,-12.970420425922121,-12.970420425922018
Hub-attached,0.5,28.85,2.2766453897681455e-06,-12.992807518729602,-12.992807518729489
Hub-attached,0.5,28.900000000000002,2.2262441913043837e-06,-13.015194611529825,-13.015194611529704
Hub-attached,0.5,28.950000000000003,2.1769587928036146e-06,-13.037581704322973,-13.037581704322848
Hub-attached,0.5,29.0,2.128764492281924e-06,-13.059968797109223,-13.059968797109097
Hub-attached,0.5,29.05,2.081637134616902e-06,-13.082355889888749,-13.082355889888625
Hub-attached,0.5,29.1,2.0355530994410317e-06,-13.104742982661717,-13.1047429826616
Hub-attached,0.5,29.150000000000002,1.9904892893030686e-06,-13.127130075428294,-13.127130075428186
Hub-attached,0.5,29.200000000000003,1.946423118091543e-06,-13.149517168188641,-13.149517168188545
Hub-attached,0.5,29.25,1.9033324997145463e-06,-13.171904260942908,-13.171904260942828
Hub-attached,0.5,29.3,1.8611958370300721e-06,-13.194291353691254,-13.194291353691195
Hub-attached,0.5,29.35,1.8199920110215103e-06,-13.216678446433825,-13.21667844643379
Hub-attached,0.5,29.400000000000002,1.7797003702127128e-06,-13.239065539170763,-13.239065539170753
Hub-attached,0.5,29.450000000000003,1.7403007203174025e-06,-13.261452631902213,-13.261452631902229
Hub-attached,0.5,29.5,1.7017733141177589e-06,-13.283839724628306,-13.28383972462835
Hub-attached,0.5,29.55,1.6640988415670195e-06,-13.306226817349186,-13.306226817349257
Hub-attached,0.5,29.6,1.627258420111273e-06,-13.328613910064977,-13.328613910065073
Hub-attached,0.5,29.650000000000002,1.5912335852254305e-06,-13.351001002775806,-13.351001002775927
Hub-attached,0.5,29.700000000000003,1.5560062811587569e-06,-13.373388095481802,-13.37338809548194
Hub-attached,0.5,29.75,1.5215588518852946e-06,-13.39577518818308,-13.395775188183235
Hub-attached,0.5,29.8,1.4878740322545785e-06,-13.418162280879764,-13.418162280879926
Hub-attached,0.5,29.85,1.4549349393383258e-06,-13.440549373571965,-13.440549373572129
Hub-attached,0.5,29.900000000000002,1.4227250639686365e-06,-13.462936466259796,-13.462936466259956
Hub-attached,0.5,29.950000000000003,1.391228262463559e-06,-13.485323558943367,-13.485323558943515
Hub-attached,0.5,30.0,1.3604287485358358e-06,-13.507710651622782,-13.507710651622912
Hub-attached,0.5,30.05,1.3303110853807482e-06,-13.53009774429815,-13.530097744298255
Hub-attached,0.5,30.1,1.3008601779391698e-06,-13.55248483696957,-13.552484836969647
Hub-attached,0.5,30.150000000000002,1.2720612653318682e-06,-13.57487192963714,-13.574871929637187
Hub-attached,0.5,30.200000000000003,1.2438999134613e-06,-13.597259022300959,-13.597259022300976
Hub-attached,0.5,30.25,1.2163620077772136e-06,-13.619646114961116,-13.619646114961112
Hub-attached,0.5,30.3,1.1894337462023788e-06,-13.642033207617708,-13.642033207617697
Hub-attached,0.5,30.35,1.1631016322149623e-06,-13.664420300270821,-13.664420300270809
Hub-attached,0.5,30.400000000000002,1.1373524680840215e-06,-13.686807392920542,-13.68680739292053
Hub-attached,0.5,30.450000000000003,1.1121733482547604e-06,-13.709194485566957,-13.709194485566945
Hub-attached,0.5,30.5,1.087551652880235e-06,-13.731581578210148,-13.731581578210136
Hub-attached,0.5,30.55,1.0634750414962443e-06,-13.753968670850197,-13.753968670850185
Hub-attached,0.5,30.6,1.0399314468362535e-06,-13.776355763487183,-13.776355763487171
Hub-attached,0.5,30.650000000000002,1.016909068783251e-06,-13.798742856121182,-13.79874285612117
Hub-attached,0.5,30.700000000000003,9.94396368455489e-07,-13.821129948752265,-13.821129948752256
Hub-attached,0.5,30.75,9.723820624231573e-07,-13.843517041380512,-13.843517041380503
Hub-attached,0.5,30.8,9.508551170531115e-07,-13.865904134005987,-13.86590413400598
Hub-attached,0.5,30.85,9.298047429787643e-07,-13.888291226628766,-13.888291226628759
Hub-attached,0.5,30.900000000000002,9.092203896924428e-07,-13.91067831924891,-13.910678319248905
Hub-attached,0.5,30.950000000000003,8.890917402574258e-07,-13.93306541186649,-13.933065411866483
Hub-attached,0.5,31.0,8.694087061370778e-07,-13.955452504481567,-13.955452504481558
Hub-attached,0.5,31.05,8.501614221384373e-07,-13.977839597094205,-13.977839597094196
Hub-attached,0.5,31.1,8.313402414677565e-07,-14.000226689704466,-14.000226689704453
Hub-attached,0.5,31.150000000000002,8.129357308955034e-07,-14.022613782312407,-14.02261378231239
Hub-attached,0.5,31.200000000000003,7.949386660283919e-07,-14.045000874918088,-14.045000874918067
Hub-attached,0.5,31.25,7.773400266860982e-07,-14.067387967521563,-14.067387967521537
Hub-attached,0.5,31.3,7.601309923803088e-07,-14.089775060122893,-14.089775060122859
Hub-attached,0.5,31.35,7.433029378938805e-07,-14.112162152722126,-14.112162152722085
Hub-attached,0.5,31.400000000000002,7.268474289578462e-07,-14.134549245319315,-14.134549245319269
Hub-attached,0.5,31.450000000000003,7.107562180241341e-07,-14.156936337914514,-14.156936337914459
Hub-attached,0.5,31.5,6.950212401318831e-07,-14.179323430507768,-14.179323430507706
Hub-attached,0.5,31.55,6.796346088652458e-07,-14.201710523099132,-14.201710523099063
Hub-attached,0.5,31.6,6.64588612400709e-07,-14.22409761568865,-14.224097615688573
Hub-attached,0.5,31.650000000000002,6.498757096418979e-07,-14.246484708276368,-14.246484708276284
Hub-attached,0.5,31.700000000000003,6.35488526439956e-07,-14.26887180086233,-14.268871800862243
Hub-attached,0.5,31.75,6.214198518976013e-07,-14.291258893446583,-14.291258893446493
Hub-attached,0.5,31.8,6.076626347550085e-07,-14.313645986029167,-14.313645986029075
Hub-attached,0.5,31.85,5.942099798556882e-07,-14.336033078610127,-14.336033078610033
Hub-attached,0.5,31.900000000000002,5.810551446906254e-07,-14.358420171189499,-14.358420171189406
Hub-attached,0.5,31.950000000000003,5.681915360189038e-07,-14.380807263767325,-14.380807263767238
Hub-attached,0.5,32.0,5.556127065631621e-07,-14.403194356343644,-14.403194356343562
Hub-attached,0.5,32.050000000000004,5.433123517781947e-07,-14.425581448918495,-14.42558144891842
Hub-attached,0.5,32.1,5.312843066911023e-07,-14.44796854149191,-14.447968541491846
Hub-attached,0.5,32.15,5.195225428113811e-07,-14.47035563406393,-14.470355634063877
Hub-attached,0.5,32.2,5.080211651094321e-07,-14.492742726634589,-14.49274272663455
Hub-attached,0.5,32.25,4.967744090619552e-07,-14.515129819203917,-14.515129819203894
Hub-attached,0.5,32.300000000000004,4.857766377627467e-07,-14.537516911771956,-14.537516911771947
Hub-attached,0.5,32.35,4.7502233909747876e-07,-14.559904004338728,-14.559904004338737
Hub-attached,0.5,32.4,4.645061229809974e-07,-14.58229109690427,-14.582291096904296
Hub-attached,0.5,32.45,4.5422271865580357e-07,-14.604678189468613,-14.604678189468657
Hub-attached,0.5,32.5,4.4416697205033717e-07,-14.627065282031785,-14.627065282031845
Hub-attached,0.5,32.550000000000004,4.343338431957337e-07,-14.649452374593817,-14.649452374593894
Hub-attached,0.5,32.6,4.2471840369978594e-07,-14.671839467154735,-14.671839467154825
Hub-attached,0.5,32.65,4.153158342768111e-07,-14.694226559714568,-14.69422655971467
Hub-attached,0.5,32.7,4.0612142233221586e-07,-14.716613652273349,-14.716613652273459
Hub-attached,0.5,32.75,3.9713055960053384e-07,-14.739000744831095,-14.73900074483121
Hub-attached,0.5,32.800000000000004,3.883387398357416e-07,-14.761387837387836,-14.761387837387955
Hub-attached,0.5,32.85,3.797415565527192e-07,-14.7837749299436,-14.783774929943716
Hub-attached,0.5,32.9,3.71334700818711e-07,-14.806162022498405,-14.806162022498516
Hub-attached,0.5,32.95,3.6311395909366754e-07,-14.828549115052281,-14.828549115052382
Hub-attached,0.5,33.0,3.5507521111841644e-07,-14.850936207605246,-14.850936207605335
Hub-attached,0.5,33.050000000000004,3.4721442784956766e-07,-14.87332330015733,-14.873323300157402
Hub-attached,0.5,33.1,3.395276694401555e-07,-14.895710392708546,-14.895710392708601
Hub-attached,0.5,33.15,3.320110832649667e-07,-14.91809748525892,-14.918097485258956
Hub-attached,0.5,33.2,3.246609019895979e-07,-14.940484577808476,-14.940484577808494
Hub-attached,0.5,33.25,3.174734416822581e-07,-14.96287167035723,-14.962871670357233
Hub-attached,0.5,33.300000000000004,3.1044509996736783e-07,-14.985258762905207,-14.985258762905199
Hub-attached,0.5,33.35,3.035723542200425e-07,-15.007645855452422,-15.007645855452411
Hub-attached,0.5,33.4,2.96851759800539e-07,-15.030032947998894,-15.030032947998883
Hub-attached,0.5,33.45,2.902799483277936e-07,-15.052420040544643,-15.052420040544634
Hub-attached,0.5,33.5,2.8385362599118055e-07,-15.074807133089687,-15.074807133089676
Hub-attached,0.5,33.550000000000004,2.775695718996433e-07,-15.097194225634045,-15.097194225634034
Hub-attached,0.5,33.6,2.7142463646737755e-07,-15.11958131817773,-15.119581318177719
Hub-attached,0.5,33.65,2.6541573983524506e-07,-15.141968410720763,-15.14196841072075
Hub-attached,0.5,33.7,2.595398703271442e-07,-15.164355503263158,-15.164355503263149
Hub-attached,0.5,33.75,2.5379408294054606e-07,-15.186742595804933,-15.186742595804924
Hub-attached,0.5,33.800000000000004,2.481754978704529e-07,-15.209129688346103,-15.209129688346094
Hub-attached,0.5,33.85,2.4268129906603003e-07,-15.231516780886682,-15.231516780886674
Hub-attached,0.5,33.9,2.3730873281919503e-07,-15.253903873426683,-15.253903873426676
Hub-attached,0.5,33.95,2.3205510638444786e-07,-15.276290965966124,-15.276290965966119
Hub-attached,0.5,34.0,2.2691778662926338e-07,-15.298678058505017,-15.298678058505011
Hub-attached,0.5,34.050000000000004,2.218941987143537e-07,-15.32106515104338,-15.321065151043374
Hub-attached,0.5,34.1,2.1698182480315656e-07,-15.343452243581218,-15.343452243581211
Hub-attached,0.5,34.15,2.1217820279988289e-07,-15.36583933611855,-15.365839336118542
Hub-attached,0.5,34.2,2.0748092511550972e-07,-15.388226428655388,-15.388226428655381
Hub-attached,0.5,34.25,2.028876374610917e-07,-15.410613521191742,-15.410613521191733
Hub-attached,0.5,34.300000000000004,1.9839603766778047e-07,-15.433000613727629,-15.433000613727618
Hub-attached,0.5,34.35,1.9400387453297564e-07,-15.455387706263055,-15.455387706263043
Hub-attached,0.5,34.4,1.8970894669201214e-07,-15.477774798798034,-15.477774798798018
Hub-attached,0.5,34.45,1.8550910151483096e-07,-15.50016189133258,-15.50016189133256
Hub-attached,0.5,34.5,1.814022340270766e-07,-15.522548983866697,-15.522548983866674
Hub-attached,0.5,34.550000000000004,1.7738628585507447e-07,-15.544936076400402,-15.544936076400376
Hub-attached,0.5,34.6,1.7345924419417156e-07,-15.567323168933703,-15.56732316893367
Hub-attached,0.5,34.65,1.696191407999111e-07,-15.589710261466607,-15.589710261466571
Hub-attached,0.5,34.7,1.6586405100154206e-07,-15.61209735399913,-15.61209735399909
Hub-attached,0.5,34.75,1.6219209273737147e-07,-15.63448444653128,-15.634484446531234
Hub-attached,0.5,34.800000000000004,1.5860142561146756e-07,-15.656871539063063,-15.656871539063014
Hub-attached,0.5,34.85,1.5509024997124853e-07,-15.67925863159449,-15.679258631594436
Hub-attached,0.5,34.9,1.516568060054912e-07,-15.70164572412557,-15.70164572412551
Hub-attached,0.5,34.95,1.4829937286230942e-07,-15.724032816656312,-15.724032816656251
Hub-attached,0.5,35.0,1.4501626778665818e-07,-15.746419909186722,-15.746419909186658
Hub-attached,0.5,35.050000000000004,1.4180584527693026e-07,-15.768807001716814,-15.768807001716748
Hub-attached,0.5,35.1,1.3866649626022952e-07,-15.791194094246588,-15.791194094246523
Hub-attached,0.5,35.15,1.3559664728589507e-07,-15.813581186776057,-15.813581186775991
Hub-attached,0.5,35.2,1.325947597368852e-07,-15.835968279305233,-15.835968279305167
Hub-attached,0.5,35.25,1.296593290586202e-07,-15.858355371834111,-15.858355371834048
Hub-attached,0.5,35.300000000000004,1.267888840048901e-07,-15.880742464362713,-15.880742464362651
Hub-attached,0.5,35.35,1.23981985900468e-07,-15.903129556891034,-15.903129556890978
Hub-attached,0.5,35.4,1.2123722792003701e-07,-15.925516649419086,-15.925516649419034
Hub-attached,0.5,35.45,1.1855323438308734e-07,-15.947903741946877,-15.947903741946831
Hub-attached,0.5,35.5,1.1592866006442275e-07,-15.970290834474408,-15.970290834474369
Hub-attached,0.5,35.550000000000004,1.1336218951992622e-07,-15.992677927001694,-15.992677927001663
Hub-attached,0.5,35.6,1.1085253642725962e-07,-16.015065019528734,-16.01506501952871
Hub-attached,0.5,35.65,1.0839844294115295e-07,-16.037452112055533,-16.037452112055522
Hub-attached,0.5,35.7,1.0599867906296764e-07,-16.059839204582108,-16.059839204582104
Hub-attached,0.5,35.75,1.0365204202422193e-07,-16.082226297108452,-16.08222629710846
Hub-attached,0.5,35.800000000000004,1.0135735568375492e-07,-16.10461338963458,-16.104613389634597
Hub-attached,0.5,35.85,9.911346993824506e-08,-16.12700048216049,-16.12700048216052
Hub-attached,0.5,35.9,9.69192601457728e-08,-16.14938757468619,-16.149387574686227
Hub-attached,0.5,35.95,9.477362656214765e-08,-16.17177466721169,-16.171774667211736
Hub-attached,0.5,36.0,9.267549378971395e-08,-16.194161759736986,-16.194161759737042
Hub-attached,0.5,36.050000000000004,9.062381023835644e-08,-16.216548852262093,-16.216548852262157
Hub-attached,0.5,36.1,8.861754759844362e-08,-16.238935944787006,-16.238935944787077
Hub-attached,0.5,36.15,8.665570032543214e-08,-16.261323037311737,-16.26132303731181
Hub-attached,0.5,36.2,8.473728513588787e-08,-16.28371012983629,-16.28371012983637
Hub-attached,0.5,36.25,8.286134051466085e-08,-16.306097222360666,-16.306097222360744
Hub-attached,0.5,36.300000000000004,8.102692623297018e-08,-16.32848431488487,-16.328484314884953
Hub-attached,0.5,36.35,7.92331228771596e-08,-16.35087140740891,-16.350871407408988
Hub-attached,0.5,36.4,7.74790313878845e-08,-16.373258499932785,-16.37325849993286
Hub-attached,0.5,36.45,7.576377260950047e-08,-16.395645592456503,-16.39564559245657
Hub-attached,0.5,36.5,7.408648684942887e-08,-16.418032684980066,-16.418032684980126
Hub-attached,0.5,36.550000000000004,7.244633344727506e-08,-16.440419777503482,-16.440419777503532
Hub-attached,0.5,36.6,7.084249035348892e-08,-16.46280687002675,-16.46280687002679
Hub-attached,0.5,36.65,6.927415371734964e-08,-16.48519396254987,-16.4851939625499
Hub-attached,0.5,36.7,6.77405374840738e-08,-16.507581055072855,-16.507581055072873
Hub-attached,0.5,36.75,6.62408730008429e-08,-16.529968147595703,-16.52996814759571
Hub-attached,0.5,36.800000000000004,6.477440863155218e-08,-16.55235524011842,-16.552355240118416
Hub-attached,0.5,36.85,6.334040938008892e-08,-16.574742332641,-16.574742332640998
Hub-attached,0.5,36.9,6.193815652194888e-08,-16.59712942516346,-16.597129425163452
Hub-attached,0.5,36.95,6.056694724401073e-08,-16.6195165176858,-16.619516517685792
Hub-attached,0.5,37.0,5.9226094292284747e-08,-16.641903610208015,-16.641903610208004
Hub-attached,0.5,37.050000000000004,5.7914925627457356e-08,-16.664290702730113,-16.664290702730106
Hub-attached,0.5,37.1,5.663278408806428e-08,-16.6866777952521,-16.68667779525209
Hub-attached,0.5,37.15,5.537902706111927e-08,-16.70906488777397,-16.709064887773962
Hub-attached,0.5,37.2,5.415302616003391e-08,-16.731451980295738,-16.73145198029573
Hub-attached,0.5,37.25,5.295416690966996e-08,-16.753839072817396,-16.75383907281739
Hub-attached,0.5,37.300000000000004,5.178184843836063e-08,-16.776226165338958,-16.776226165338947
Hub-attached,0.5,37.35,5.0635483176754383e-08,-16.798613257860413,-16.798613257860403
Hub-attached,0.5,37.4,4.951449656332129e-08,-16.82100035038177,-16.821000350381762
Hub-attached,0.5,37.45,4.8418326756382093e-08,-16.843387442903033,-16.843387442903026
Hub-attached,0.5,37.5,4.734642435251175e-08,-16.865774535424208,-16.8657745354242
Hub-attached,0.5,37.550000000000004,4.6298252111177326e-08,-16.888161627945284,-16.88816162794528
Hub-attached,0.5,37.6,4.52732846854695e-08,-16.910548720466277,-16.91054872046627
Hub-attached,0.5,37.65,4.427100835879991e-08,-16.93293581298718,-16.932935812987175
Hub-attached,0.5,37.7,4.3290920787422416e-08,-16.955322905508,-16.955322905507998
Hub-attached,0.5,37.75,4.233253074865912e-08,-16.97770999802874,-16.977709998028736
Hub-attached,0.5,37.800000000000004,4.1395357894696556e-08,-17.0000970905494,-17.000097090549396
Hub-attached,0.5,37.85,4.0478932511835096e-08,-17.022484183069977,-17.022484183069974
Hub-attached,0.5,37.9,3.95827952850662e-08,-17.04487127559048,-17.044871275590474
Hub-attached,0.5,37.95,3.870649706786302e-08,-17.067258368110913,-17.067258368110906
Hub-attached,0.5,38.0,3.784959865706702e-08,-17.08964546063127,-17.089645460631264
Hub-attached,0.5,38.050000000000004,3.7011670572757526e-08,-17.112032553151558,-17.11203255315155
Hub-attached,0.5,38.1,3.619229284299548e-08,-17.134419645671777,-17.134419645671766
Hub-attached,0.5,38.15,3.5391054793332534e-08,-17.156806738191925,-17.156806738191914
Hub-attached,0.5,38.2,3.4607554840979095e-08,-17.179193830712013,-17.179193830712002
Hub-attached,0.5,38.25,3.384140029353092e-08,-17.201580923232036,-17.20158092323202
Hub-attached,0.5,38.300000000000004,3.3092207152149874e-08,-17.223968015751996,-17.223968015751982
Hub-attached,0.5,38.35,3.2359599919102714e-08,-17.246355108271896,-17.246355108271878
Hub-attached,0.5,38.400000000000006,3.16432114095606e-08,-17.26874220079174,-17.268742200791717
Hub-attached,0.5,38.45,3.0942682567565285e-08,-17.29112929331152,-17.291129293311496
Hub-attached,0.5,38.5,3.025766228606878e-08,-17.313516385831246,-17.31351638583122
Hub-attached,0.5,38.550000000000004,2.9587807230957623e-08,-17.33590347835092,-17.335903478350893
Hub-attached,0.5,38.6,2.8932781668973378e-08,-17.35829057087054,-17.358290570870512
Hub-attached,0.5,38.650000000000006,2.8292257299441326e-08,-17.38067766339011,-17.380677663390077
Hub-attached,0.5,38.7,2.766591308972595e-08,-17.403064755909625,-17.40306475590959
Hub-attached,0.5,38.75,2.7053435114327968e-08,-17.42545184842909,-17.425451848429052
Hub-attached,0.5,38.800000000000004,2.645451639754418e-08,-17.44783894094851,-17.447838940948472
Hub-attached,0.5,38.85,2.5868856759610556e-08,-17.47022603346788,-17.47022603346784
Hub-attached,0.5,38.900000000000006,2.5296162666250827e-08,-17.49261312598721,-17.492613125987166
Hub-attached,0.5,38.95,2.4736147081556893e-08,-17.515000218506486,-17.515000218506444
Hub-attached,0.5,39.0,2.41885293241249e-08,-17.53738731102572,-17.53738731102568
Hub-attached,0.5,39.050000000000004,2.3653034926377294e-08,-17.55977440354492,-17.55977440354488
Hub-attached,0.5,39.1,2.3129395496999383e-08,-17.58216149606407,-17.58216149606403
Hub-attached,0.5,39.150000000000006,2.2617348586419658e-08,-17.604548588583185,-17.604548588583146
Hub-attached,0.5,39.2,2.211663755527051e-08,-17.626935681102257,-17.626935681102218
Hub-attached,0.5,39.25,2.162701144575901e-08,-17.649322773621293,-17.649322773621254
Hub-attached,0.5,39.300000000000004,2.1148224855886715e-08,-17.67170986614029,-17.671709866140255
Hub-attached,0.5,39.35,2.0680037816453115e-08,-17.69409695865925,-17.694096958659216
Hub-attached,0.5,39.400000000000006,2.0222215670782583e-08,-17.716484051178178,-17.716484051178146
Hub-attached,0.5,39.45,1.977452895711373e-08,-17.738871143697068,-17.73887114369704
Hub-attached,0.5,39.5,1.9336753293592456e-08,-17.761258236215927,-17.7612582362159
Hub-attached,0.5,39.550000000000004,1.8908669265811295e-08,-17.78364532873475,-17.78364532873473
Hub-attached,0.5,39.6,1.8490062316837996e-08,-17.806032421253544,-17.806032421253526
Hub-attached,0.5,39.650000000000006,1.8080722639679413e-08,-17.828419513772303,-17.828419513772296
Hub-attached,0.5,39.7,1.7680445072125133e-08,-17.850806606291034,-17.850806606291027
Hub-attached,0.5,39.75,1.7289028993920047e-08,-17.873193698809732,-17.873193698809732
Hub-attached,0.5,39.800000000000004,1.6906278226212568e-08,-17.895580791328403,-17.89558079132841
Hub-attached,0.5,39.85,1.6532000933229457e-08,-17.917967883847044,-17.917967883847055
Hub-attached,0.5,39.900000000000006,1.616600952612703e-08,-17.94035497636566,-17.94035497636568
Hub-attached,0.5,39.95,1.580812056897136e-08,-17.962742068884246,-17.96274206888427
Hub-attached,0.5,40.0,1.545815468679918e-08,-17.98512916140281,-17.985129161402835
Hub-attached,0.5,40.050000000000004,1.511593647571522e-08,-18.007516253921345,-18.007516253921377
Hub-attached,0.5,40.1,1.478129441497883e-08,-18.029903346439855,-18.02990334643989
Hub-attached,0.5,40.150000000000006,1.4454060781037463e-08,-18.052290438958345,-18.052290438958384
Hub-attached,0.5,40.2,1.4134071563463306e-08,-18.074677531476805,-18.074677531476848
Hub-attached,0.5,40.25,1.3821166382750422e-08,-18.097064623995244,-18.09706462399529
Hub-attached,0.5,40.300000000000004,1.3515188409932407e-08,-18.119451716513662,-18.119451716513712
Hub-attached,0.5,40.35,1.3215984287979192e-08,-18.141838809032055,-18.141838809032105
Hub-attached,0.5,40.400000000000006,1.292340405493389e-08,-18.16422590155043,-18.16422590155048
Hub-attached,0.5,40.45,1.2637301068751758e-08,-18.18661299406878,-18.18661299406883
Hub-attached,0.5,40.5,1.2357531933802413e-08,-18.209000086587114,-18.20900008658716
Hub-attached,0.5,40.550000000000004,1.2083956428999866e-08,-18.231387179105425,-18.231387179105475
Hub-attached,0.5,40.6,1.1816437437523034e-08,-18.253774271623723,-18.253774271623765
Hub-attached,0.5,40.650000000000006,1.1554840878092714e-08,-18.276161364142,-18.276161364142038
Hub-attached,0.5,40.7,1.1299035637769397e-08,-18.298548456660253,-18.29854845666029
Hub-attached,0.5,40.75,1.1048893506239138e-08,-18.32093554917849,-18.320935549178518
Hub-attached,0.5,40.800000000000004,1.0804289111554274e-08,-18.34332264169671,-18.343322641696737
Hub-attached,0.5,40.85,1.0565099857296585e-08,-18.36570973421491,-18.36570973421493
Hub-attached,0.5,40.900000000000006,1.0331205861131572e-08,-18.3880968267331,-18.388096826733115
Hub-attached,0.5,40.95,1.0102489894723363e-08,-18.410483919251266,-18.410483919251277
Hub-attached,0.5,41.0,9.878837324979034e-09,-18.43287101176942,-18.432871011769425
Hub-attached,0.5,41.050000000000004,9.660136056594656e-09,-18.455258104287562,-18.455258104287562
Hub-attached,0.5,41.1,9.44627647587265e-09,-18.477645196805682,-18.477645196805682
Hub-attached,0.5,41.150000000000006,9.237151395782858e-09,-18.500032289323794,-18.50003228932379
Hub-attached,0.5,41.2,9.032656002240574e-09,-18.522419381841885,-18.522419381841882
Hub-attached,0.5,41.25,8.832687801572922e-09,-18.544806474359966,-18.544806474359962
Hub-attached,0.5,41.300000000000004,8.637146569149068e-09,-18.567193566878036,-18.567193566878032
Hub-attached,0.5,41.35,8.445934299147318e-09,-18.589580659396088,-18.589580659396084
Hub-attached,0.5,41.400000000000006,8.258955155434124e-09,-18.61196775191413,-18.611967751914126
Hub-attached,0.5,41.45,8.076115423530967e-09,-18.634354844432156,-18.634354844432153
Hub-attached,0.5,41.5,7.89732346364424e-09,-18.656741936950173,-18.65674193695017
Hub-attached,0.5,41.550000000000004,7.722489664735238e-09,-18.679129029468175,-18.67912902946817
Hub-attached,0.5,41.6,7.55152639960671e-09,-18.70151612198617,-18.701516121986167
Hub-attached,0.5,41.650000000000006,7.384347980984058e-09,-18.72390321450415,-18.723903214504148
Hub-attached,0.5,41.7,7.220870618568426e-09,-18.74629030702212,-18.746290307022115
Hub-attached,0.5,41.75,7.061012377040912e-09,-18.768677399540078,-18.768677399540074
Hub-attached,0.5,41.800000000000004,6.9046931349962194e-09,-18.791064492058027,-18.791064492058023
Hub-attached,0.5,41.85,6.751834544785728e-09,-18.813451584575965,-18.81345158457596
Hub-attached,0.5,41.900000000000006,6.6023599932493384e-09,-18.835838677093893,-18.83583867709389
Hub-attached,0.5,41.95,6.456194563316753e-09,-18.85822576961181,-18.858225769611806
Hub-attached,0.5,42.0,6.3132649964588374e-09,-18.880612862129716,-18.880612862129713
Hub-attached,0.5,42.050000000000004,6.173499655970182e-09,-18.90299995464762,-18.902999954647616
Hub-attached,0.5,42.1,6.03682849106475e-09,-18.925387047165508,-18.925387047165504
Hub-attached,0.5,42.150000000000006,5.903183001765989e-09,-18.94777413968339,-18.947774139683386
Hub-attached,0.5,42.2,5.772496204574634e-09,-18.97016123220126,-18.970161232201256
Hub-attached,0.5,42.25,5.644702598896275e-09,-18.992548324719124,-18.99254832471912
Hub-attached,0.5,42.300000000000004,5.519738134212337e-09,-19.01493541723698,-19.014935417236977
Hub-attached,0.5,42.35,5.397540177977777e-09,-19.037322509754826,-19.037322509754823
Hub-attached,0.5,42.400000000000006,5.2780474842293934e-09,-19.05970960227267,-19.059709602272665
Hub-attached,0.5,42.45,5.161200162889315e-09,-19.0820966947905,-19.082096694790497
Hub-attached,0.5,42.5,5.046939649747805e-09,-19.10448378730832,-19.104483787308318
Hub-attached,0.5,42.550000000000004,4.9352086771106985e-09,-19.126870879826143,-19.126870879826136
Hub-attached,0.5,42.6,4.825951245096831e-09,-19.149257972343953,-19.14925797234395
Hub-attached,0.5,42.650000000000006,4.719112593570549e-09,-19.17164506486176,-19.171645064861753
Hub-attached,0.5,42.7,4.614639174695919e-09,-19.194032157379556,-19.19403215737955
Hub-attached,0.5,42.75,4.512478626098294e-09,-19.216419249897346,-19.21641924989734
Hub-attached,0.5,42.800000000000004,4.412579744620185e-09,-19.23880634241513,-19.23880634241512
Hub-attached,0.5,42.85,4.3148924606581425e-09,-19.261193434932906,-19.261193434932895
Hub-attached,0.5,42.900000000000006,4.219367813067604e-09,-19.28358052745068,-19.28358052745067
Hub-attached,0.5,42.95,4.125957924623601e-09,-19.305967619968445,-19.30596761996843
Hub-attached,0.5,43.0,4.034615978024382e-09,-19.328354712486206,-19.32835471248619
Hub-attached,0.5,43.050000000000004,3.9452961924265775e-09,-19.35074180500396,-19.350741805003945
Hub-attached,0.5,43.1,3.857953800499633e-09,-19.37312889752171,-19.37312889752169
Hub-attached,0.5,43.150000000000006,3.772545025988337e-09,-19.395515990039456,-19.395515990039435
Hub-attached,0.5,43.2,3.6890270617720555e-09,-19.417903082557192,-19.41790308255717
Hub-attached,0.5,43.25,3.6073580484095956e-09,-19.440290175074924,-19.4402901750749
Hub-attached,0.5,43.300000000000004,3.5274970531592174e-09,-19.462677267592653,-19.46267726759263
Hub-attached,0.5,43.35,3.449404049463013e-09,-19.485064360110375,-19.48506436011035
Hub-attached,0.5,43.400000000000006,3.373039896885432e-09,-19.507451452628096,-19.507451452628068
Hub-attached,0.5,43.45,3.2983663214960705e-09,-19.52983854514581,-19.52983854514578
Hub-attached,0.5,43.5,3.225345896686581e-09,-19.552225637663522,-19.55222563766349
Hub-attached,0.5,43.550000000000004,3.153942024412413e-09,-19.574612730181226,-19.574612730181194
Hub-attached,0.5,43.6,3.0841189168497083e-09,-19.59699982269893,-19.596999822698894
Hub-attached,0.5,43.650000000000006,3.015841578458423e-09,-19.619386915216626,-19.619386915216595
Hub-attached,0.5,43.7,2.949075788442384e-09,-19.64177400773432,-19.641774007734284
Hub-attached,0.5,43.75,2.8837880835977838e-09,-19.664161100252006,-19.66416110025197
Hub-attached,0.5,43.800000000000004,2.8199457415412646e-09,-19.686548192769695,-19.686548192769656
Hub-attached,0.5,43.85,2.75751676430948e-09,-19.708935285287374,-19.70893528528734
Hub-attached,0.5,43.900000000000006,2.696469862321483e-09,-19.731322377805053,-19.731322377805018
Hub-attached,0.5,43.95,2.6367744386964164e-09,-19.753709470322725,-19.75370947032269
Hub-attached,0.5,44.0,2.578400573918195e-09,-19.776096562840394,-19.776096562840358
Hub-attached,0.5,44.050000000000004,2.5213190108397753e-09,-19.798483655358066,-19.79848365535803
Hub-attached,0.5,44.1,2.465501140019457e-09,-19.820870747875727,-19.820870747875695
Hub-attached,0.5,44.150000000000006,2.4109189853816195e-09,-19.84325784039339,-19.843257840393356
Hub-attached,0.5,44.2,2.357545190195178e-09,-19.865644932911046,-19.865644932911014
Hub-attached,0.5,44.25,2.3053530033621813e-09,-19.8880320254287,-19.88803202542867
Hub-attached,0.5,44.300000000000004,2.25431626601017e-09,-19.910419117946354,-19.910419117946326
Hub-attached,0.5,44.35,2.204409398381266e-09,-19.932806210464,-19.932806210463976
Hub-attached,0.5,44.400000000000006,2.1556073870114783e-09,-19.955193302981648,-19.955193302981627
Hub-attached,0.5,44.45,2.1078857721939454e-09,-19.977580395499288,-19.97758039549927
Hub-attached,0.5,44.5,2.061220635719601e-09,-19.999967488016928,-19.99996748801691
Hub-attached,0.5,44.550000000000004,2.0155885888893415e-09,-20.022354580534568,-20.022354580534554
Hub-attached,0.5,44.6,1.9709667607915406e-09,-20.044741673052204,-20.044741673052194
Hub-attached,0.5,44.650000000000006,1.9273327868390575e-09,-20.06712876556984,-20.067128765569834
Hub-attached,0.5,44.7,1.8846647975600797e-09,-20.08951585808747,-20.089515858087463
Hub-attached,0.5,44.75,1.842941407637038e-09,-20.111902950605096,-20.111902950605096
Hub-attached,0.5,44.800000000000004,1.802141705188242e-09,-20.134290043122725,-20.134290043122725
Hub-attached,0.5,44.85,1.7622452412868286e-09,-20.156677135640344,-20.15667713564035
Hub-attached,0.5,44.900000000000006,1.7232320197116055e-09,-20.17906422815797,-20.179064228157976
Hub-attached,0.5,44.95,1.6850824869250083e-09,-20.201451320675584,-20.2014513206756
Hub-attached,0.5,45.0,1.6477775222727004e-09,-20.2238384131932,-20.223838413193217
Hub-attached,0.5,45.050000000000004,1.611298428400309e-09,-20.246225505710818,-20.246225505710836
Hub-attached,0.5,45.1,1.5756269218822675e-09,-20.26861259822843,-20.26861259822845
Hub-attached,0.5,45.150000000000006,1.5407451240580586e-09,-20.29099969074604,-20.290999690746066
Hub-attached,0.5,45.2,1.5066355520714254e-09,-20.31338678326365,-20.313386783263677
Hub-attached,0.5,45.25,1.4732811101078911e-09,-20.335773875781253,-20.335773875781285
Hub-attached,0.5,45.300000000000004,1.4406650808262835e-09,-20.35816096829886,-20.358160968298897
Hub-attached,0.5,45.35,1.408771116979992e-09,-20.380548060816462,-20.380548060816498
Hub-attached,0.5,45.400000000000006,1.3775832332236257e-09,-20.402935153334067,-20.402935153334106
Hub-attached,0.5,45.45,1.3470857981011668e-09,-20.425322245851667,-20.425322245851703
Hub-attached,0.5,45.5,1.3172635262114022e-09,-20.44770933836927,-20.447709338369304
Hub-attached,0.5,45.550000000000004,1.2881014705468649e-09,-20.470096430886862,-20.4700964308869
Hub-attached,0.5,45.6,1.2595850150023136e-09,-20.49248352340446,-20.4924835234045
Hub-attached,0.5,45.650000000000006,1.2316998670491428e-09,-20.514870615922057,-20.514870615922096
Hub-attached,0.5,45.7,1.20443205057191e-09,-20.537257708439647,-20.537257708439682
Hub-attached,0.5,45.75,1.1777678988634471e-09,-20.559644800957237,-20.559644800957273
Hub-attached,0.5,45.800000000000004,1.1516940477750935e-09,-20.582031893474827,-20.582031893474863
Hub-attached,0.5,45.85,1.1261974290185415e-09,-20.604418985992414,-20.604418985992446
Hub-attached,0.5,45.900000000000006,1.1012652636159585e-09,-20.626806078510004,-20.626806078510032
Hub-attached,0.5,45.95,1.076885055495157e-09,-20.649193171027587,-20.649193171027612
Hub-attached,0.5,46.0,1.053044585226489e-09,-20.67158026354517,-20.67158026354519
Hub-attached,0.5,46.050000000000004,1.0297319038984614e-09,-20.693967356062753,-20.693967356062775
Hub-attached,0.5,46.1,1.0069353271288988e-09,-20.716354448580336,-20.71635444858035
Hub-attached,0.5,46.150000000000006,9.84643429208698e-10,-20.73874154109792,-20.73874154109793
Hub-attached,0.5,46.2,9.62845037375237e-10,-20.761128633615495,-20.761128633615503
Hub-attached,0.5,46.25,9.415292262125342e-10,-20.78351572613307,-20.78351572613308
Hub-attached,0.5,46.300000000000004,9.206853121754161e-10,-20.80590281865065,-20.805902818650654
Hub-attached,0.5,46.35,9.003028482349003e-10,-20.828289911168227,-20.828289911168227
Hub-attached,0.5,46.400000000000006,8.803716186420955e-10,-20.850677003685803,-20.850677003685803
Hub-attached,0.5,46.45,8.608816338080544e-10,-20.873064096203375,-20.873064096203375
Hub-attached,0.5,46.5,8.41823125296952e-10,-20.895451188720948,-20.895451188720948
Hub-attached,0.5,46.550000000000004,8.231865409301231e-10,-20.917838281238524,-20.91783828123852
Hub-attached,0.5,46.6,8.049625399984924e-10,-20.940225373756096,-20.940225373756096
Hub-attached,0.5,46.650000000000006,7.871419885809667e-10,-20.96261246627367,-20.96261246627367
Hub-attached,0.5,46.7,7.697159549665024e-10,-20.984999558791237,-20.984999558791237
Hub-attached,0.5,46.75,7.526757051774976e-10,-21.007386651308803,-21.007386651308806
Hub-attached,0.5,46.800000000000004,7.360126985922929e-10,-21.029773743826375,-21.029773743826375
Hub-attached,0.5,46.85,7.197185836646142e-10,-21.05216083634394,-21.05216083634394
Hub-attached,0.5,46.900000000000006,7.037851937377189e-10,-21.074547928861506,-21.07454792886151
Hub-attached,0.5,46.95,6.882045429512664e-10,-21.09693502137907,-21.096935021379075
Hub-attached,0.5,47.0,6.729688222387759e-10,-21.119322113896636,-21.119322113896636
Hub-attached,0.5,47.050000000000004,6.58070395413701e-10,-21.141709206414202,-21.141709206414202
Hub-attached,0.5,47.1,6.435017953421526e-10,-21.164096298931764,-21.164096298931767
Hub-attached,0.5,47.150000000000006,6.292557202003442e-10,-21.186483391449325,-21.18648339144933
Hub-attached,0.5,47.2,6.153250298149033e-10,-21.208870483966887,-21.20887048396689
Hub-attached,0.5,47.25,6.017027420841944e-10,-21.23125757648445,-21.23125757648445
Hub-attached,0.5,47.300000000000004,5.883820294788691e-10,-21.25364466900201,-21.25364466900201
Hub-attached,0.5,47.35,5.753562156198921e-10,-21.27603176151957,-21.27603176151957
Hub-attached,0.5,47.400000000000006,5.626187719323118e-10,-21.29841885403713,-21.29841885403713
Hub-attached,0.5,47.45,5.501633143731367e-10,-21.320805946554685,-21.32080594655469
Hub-attached,0.5,47.5,5.379836002316108e-10,-21.343193039072247,-21.343193039072247
Hub-attached,0.5,47.550000000000004,5.260735250003791e-10,-21.3655801315898,-21.365580131589805
Hub-attached,0.5,47.6,5.144271193158613e-10,-21.38796722410736,-21.387967224107364
Hub-attached,0.5,47.650000000000006,5.030385459664116e-10,-21.410354316624918,-21.41035431662492
Hub-attached,0.5,47.7,4.919020969666836e-10,-21.432741409142473,-21.432741409142476
Hub-attached,0.5,47.75,4.810121906967682e-10,-21.455128501660027,-21.455128501660027
Hub-attached,0.5,47.800000000000004,4.703633691046739e-10,-21.477515594177586,-21.477515594177586
Hub-attached,0.5,47.85,4.599502949707418e-10,-21.499902686695137,-21.499902686695137
Hub-attached,0.5,47.900000000000006,4.49767749232598e-10,-21.522289779212695,-21.522289779212695
Hub-attached,0.5,47.95,4.398106283693691e-10,-21.544676871730246,-21.544676871730246
Hub-attached,0.5,48.0,4.300739418437602e-10,-21.567063964247797,-21.567063964247797
Hub-attached,0.5,48.050000000000004,4.205528096007952e-10,-21.589451056765352,-21.589451056765352
Hub-attached,0.5,48.1,4.1124245962192337e-10,-21.6118381492829,-21.611838149282903
Hub-attached,0.5,48.150000000000006,4.0213822553325364e-10,-21.634225241800454,-21.634225241800458
Hub-attached,0.5,48.2,3.932355442667756e-10,-21.656612334318005,-21.656612334318005
Hub-attached,0.5,48.25,3.8452995377332214e-10,-21.678999426835553,-21.678999426835556
Hub-attached,0.5,48.300000000000004,3.7601709078617776e-10,-21.701386519353107,-21.70138651935311
Hub-attached,0.5,48.35,3.6769268863421096e-10,-21.723773611870655,-21.72377361187066
Hub-attached,0.5,48.400000000000006,3.5955257510338714e-10,-21.746160704388206,-21.746160704388213
Hub-attached,0.5,48.45,3.5159267034565937e-10,-21.768547796905754,-21.76854779690576
Hub-attached,0.5,48.5,3.4380898483412635e-10,-21.7909348894233,-21.79093488942331
Hub-attached,0.5,48.550000000000004,3.3619761736347417e-10,-21.813321981940852,-21.81332198194086
Hub-attached,0.5,48.6,3.287547530946835e-10,-21.835709074458403,-21.835709074458414
Hub-attached,0.5,48.650000000000006,3.2147666164301884e-10,-21.85809616697595,-21.858096166975965
Hub-attached,0.5,48.7,3.143596952083468e-10,-21.8804832594935,-21.880483259493513
Hub-attached,0.5,48.75,3.0740028674685307e-10,-21.902870352011043,-21.90287035201106
Hub-attached,0.5,48.800000000000004,3.0059494818322307e-10,-21.925257444528594,-21.92525744452861
Hub-attached,0.5,48.85,2.939402686624209e-10,-21.947644537046138,-21.947644537046155
Hub-attached,0.5,48.900000000000006,2.8743291284014376e-10,-21.970031629563685,-21.970031629563707
Hub-attached,0.5,48.95,2.8106961921115063e-10,-21.99241872208123,-21.992418722081254
Hub-attached,0.5,49.0,2.748471984745785e-10,-22.014805814598773,-22.014805814598798
Hub-attached,0.5,49.050000000000004,2.687625319354587e-10,-22.03719290711632,-22.03719290711635
Hub-attached,0.5,49.1,2.6281256994162087e-10,-22.059579999633865,-22.059579999633897
Hub-attached,0.5,49.150000000000006,2.56994330355192e-10,-22.081967092151412,-22.081967092151444
Hub-attached,0.5,49.2,2.51304897057948e-10,-22.104354184668956,-22.10435418466899
Hub-attached,0.5,49.25,2.4574141848974045e-10,-22.1267412771865,-22.126741277186532
Hub-attached,0.5,49.300000000000004,2.4030110621929017e-10,-22.149128369704044,-22.149128369704083
Hub-attached,0.5,49.35,2.3498123354661675e-10,-22.17151546222159,-22.171515462221628
Hub-attached,0.5,49.400000000000006,2.2977913413640858e-10,-22.193902554739132,-22.193902554739175
Hub-attached,0.5,49.45,2.2469220068164817e-10,-22.216289647256676,-22.21628964725672
Hub-attached,0.5,49.5,2.1971788359682236e-10,-22.23867673977422,-22.238676739774267
Hub-attached,0.5,49.550000000000004,2.1485368974006365e-10,-22.26106383229176,-22.261063832291807
Hub-attached,0.5,49.6,2.1009718116357652e-10,-22.28345092480931,-22.283450924809355
Hub-attached,0.5,49.650000000000006,2.0544597389173872e-10,-22.305838017326852,-22.3058380173269
Hub-attached,0.5,49.7,2.00897736726239e-10,-22.328225109844393,-22.328225109844443
Hub-attached,0.5,49.75,1.9645019007767557e-10,-22.350612202361933,-22.350612202361983
Hub-attached,0.5,49.800000000000004,1.9210110482302003e-10,-22.372999294879477,-22.37299929487953
Hub-attached,0.5,49.85,1.8784830118837673e-10,-22.395386387397018,-22.39538638739707
Hub-attached,0.5,49.900000000000006,1.8368964765646907e-10,-22.417773479914562,-22.417773479914615
Hub-attached,0.5,49.95,1.7962305989832221e-10,-22.440160572432102,-22.440160572432156
Hub-attached,0.5,50.0,1.756464997285871e-10,-22.462547664949643,-22.462547664949696
Hub-attached,0.5,50.050000000000004,1.7175797408399855e-10,-22.484934757467183,-22.484934757467236
Hub-attached,0.5,50.1,1.679555340244458e-10,-22.507321849984724,-22.507321849984777
Hub-attached,0.5,50.150000000000006,1.6423727375615745e-10,-22.529708942502268,-22.529708942502317
Hub-attached,0.5,50.2,1.606013296765147e-10,-22.552096035019808,-22.552096035019858
Hub-attached,0.5,50.25,1.5704587944000533e-10,-22.574483127537345,-22.574483127537395
Hub-attached,0.5,50.300000000000004,1.5356914104485855e-10,-22.59687022005489,-22.596870220054935
Hub-attached,0.5,50.35,1.501693719399062e-10,-22.619257312572426,-22.619257312572472
Hub-attached,0.5,50.400000000000006,1.4684486815120283e-10,-22.64164440508997,-22.641644405090013
Hub-attached,0.5,50.45,1.4359396342799784e-10,-22.664031497607507,-22.66403149760755
Hub-attached,0.5,50.5,1.404150284075979e-10,-22.686418590125047,-22.686418590125086
Hub-attached,0.5,50.550000000000004,1.3730646979873135e-10,-22.708805682642588,-22.708805682642627
Hub-attached,0.5,50.6,1.3426672958298326e-10,-22.73119277516013,-22.731192775160164
Hub-attached,0.5,50.650000000000006,1.3129428423391438e-10,-22.753579867677672,-22.753579867677704
Hub-attached,0.5,50.7,1.2838764395346304e-10,-22.77596696019521,-22.775966960195237
Hub-attached,0.5,50.75,1.2554535192525425e-10,-22.79835405271275,-22.79835405271277
Hub-attached,0.5,50.800000000000004,1.227659835844413e-10,-22.82074114523029,-22.820741145230308
Hub-attached,0.5,50.85,1.200481459037086e-10,-22.843128237747827,-22.843128237747845
Hub-attached,0.5,50.900000000000006,1.1739047669508102e-10,-22.865515330265367,-22.86551533026538
Hub-attached,0.5,50.95,1.1479164392719447e-10,-22.887902422782904,-22.887902422782915
Hub-attached,0.5,51.0,1.1225034505767505e-10,-22.91028951530044,-22.910289515300445
Hub-attached,0.5,51.050000000000004,1.097653063803023e-10,-22.93267660781798,-22.93267660781798
Hub-attached,0.5,51.1,1.0733528238662486e-10,-22.955063700335522,-22.955063700335515
Hub-attached,0.5,51.150000000000006,1.049590551417069e-10,-22.977450792853062,-22.977450792853052
Hub-attached,0.5,51.2,1.026354336736964e-10,-22.9998378853706,-22.999837885370585
Hub-attached,0.5,51.25,1.0036325337690556e-10,-23.022224977888136,-23.022224977888115
Hub-attached,0.5,51.300000000000004,9.814137542810794e-11,-23.044612070405677,-23.044612070405652
Hub-attached,0.5,51.35,9.596868621575799e-11,-23.066999162923214,-23.06699916292318
Hub-attached,0.5,51.400000000000006,9.384409678184336e-11,-23.089386255440754,-23.08938625544072
Hub-attached,0.5,51.45,9.17665422760991e-11,-23.111773347958287,-23.111773347958252
Hub-attached,0.5,51.5,8.973498142229774e-11,-23.134160440475828,-23.134160440475785
Hub-attached,0.5,51.550000000000004,8.774839599636318e-11,-23.156547532993365,-23.15654753299332
Hub-attached,0.5,51.6,8.580579031603015e-11,-23.178934625510905,-23.178934625510855
Hub-attached,0.5,51.650000000000006,8.39061907418078e-11,-23.201321718028446,-23.20132171802839
Hub-attached,0.5,51.7,8.204864518898797e-11,-23.223708810545983,-23.223708810545922
Hub-attached,0.5,51.75,8.023222265045731e-11,-23.246095903063516,-23.246095903063456
Hub-attached,0.5,51.800000000000004,7.845601273007331e-11,-23.268482995581056,-23.268482995580992
Hub-attached,0.5,51.85,7.671912518637377e-11,-23.290870088098593,-23.290870088098526
Hub-attached,0.5,51.900000000000006,7.502068948638208e-11,-23.313257180616134,-23.313257180616063
Hub-attached,0.5,51.95,7.335985436929639e-11,-23.335644273133667,-23.335644273133596
Hub-attached,0.5,52.0,7.173578741983233e-11,-23.358031365651204,-23.35803136565113
Hub-attached,0.5,52.050000000000004,7.014767465101678e-11,-23.38041845816874,-23.380418458168666
Hub-attached,0.5,52.1,6.859472009621392e-11,-23.402805550686278,-23.402805550686203
Hub-attached,0.5,52.150000000000006,6.707614541018453e-11,-23.425192643203818,-23.42519264320374
Hub-attached,0.5,52.2,6.559118947897834e-11,-23.44757973572135,-23.447579735721277
Hub-attached,0.5,52.25,6.413910803845918e-11,-23.46996682823889,-23.46996682823881
Hub-attached,0.5,52.300000000000004,6.271917330128006e-11,-23.492353920756425,-23.49235392075635
Hub-attached,0.5,52.35,6.133067359211284e-11,-23.514741013273962,-23.514741013273888
Hub-attached,0.5,52.400000000000006,5.997291299095465e-11,-23.537128105791503,-23.537128105791428
Hub-attached,0.5,52.45,5.864521098433176e-11,-23.559515198309036,-23.559515198308965
Hub-attached,0.5,52.5,5.734690212422227e-11,-23.581902290826573,-23.581902290826502
Hub-attached,0.5,52.550000000000004,5.6077335694533724e-11,-23.60428938334411,-23.604289383344046
Hub-attached,0.5,52.6,5.4835875384961125e-11,-23.62667647586165,-23.626676475861586
Hub-attached,0.5,52.650000000000006,5.362189897206739e-11,-23.649063568379187,-23.64906356837913
Hub-attached,0.5,52.7,5.243479800742203e-11,-23.671450660896724,-23.671450660896667
Hub-attached,0.5,52.75,5.1273977512645995e-11,-23.693837753414257,-23.693837753414208
Hub-attached,0.5,52.800000000000004,5.013885568120576e-11,-23.716224845931798,-23.71622484593175
Hub-attached,0.5,52.85,4.902886358681221e-11,-23.73861193844933,-23.738611938449292
Hub-attached,0.5,52.900000000000006,4.7943444898270455e-11,-23.76099903096687,-23.760999030966833
Hub-attached,0.5,52.95,4.6882055600647904e-11,-23.783386123484405,-23.783386123484373
Hub-attached,0.5,53.0,4.5844163722609996e-11,-23.80577321600194,-23.805773216001914
Hub-attached,0.5,53.050000000000004,4.4829249069795705e-11,-23.82816030851948,-23.828160308519458
Hub-attached,0.5,53.1,4.383680296409559e-11,-23.850547401037012,-23.850547401036994
Hub-attached,0.5,53.150000000000006,4.286632798869864e-11,-23.872934493554553,-23.87293449355454
Hub-attached,0.5,53.2,4.191733773878808e-11,-23.895321586072086,-23.895321586072075
Hub-attached,0.5,53.25,4.098935657775173e-11,-23.91770867858962,-23.917708678589612
Hub-attached,0.5,53.300000000000004,4.0081919398792506e-11,-23.94009577110716,-23.940095771107153
Hub-attached,0.5,53.35,3.919457139181642e-11,-23.962482863624693,-23.962482863624686
Hub-attached,0.5,53.400000000000006,3.8326867815478623e-11,-23.98486995614223,-23.98486995614222
Hub-attached,0.5,53.45,3.7478373774279324e-11,-24.007257048659767,-24.007257048659735
Hub-attached,0.5,53.5,3.664866400059223e-11,-24.029644141177304,-24.02964414117725
Hub-attached,0.5,53.550000000000004,3.5837322641519453e-11,-24.052031233694837,-24.052031233694755
Hub-attached,0.5,53.6,3.5043943050464387e-11,-24.074418326212374,-24.07441832621226
Hub-attached,0.5,53.650000000000006,3.4268127583319884e-11,-24.096805418729915,-24.096805418729762
Hub-attached,0.5,53.7,3.3509487399167996e-11,-24.119192511247448,-24.119192511247256
Hub-attached,0.5,53.75,3.2767642265390853e-11,-24.14157960376498,-24.14157960376475
Hub-attached,0.5,53.800000000000004,3.204222036709761e-11,-24.16396669628252,-24.16396669628225
Hub-attached,0.5,53.85,3.133285812077042e-11,-24.186353788800055,-24.18635378879975
Hub-attached,0.5,53.900000000000006,3.063919999203391e-11,-24.208740881317592,-24.20874088131725
Hub-attached,0.5,53.95,2.9960898317461606e-11,-24.231127973835125,-24.231127973834752
Hub-attached,0.5,54.0,2.9297613130325146e-11,-24.253515066352662,-24.253515066352257
Hub-attached,0.5,54.050000000000004,2.8649011990202657e-11,-24.2759021588702,-24.27590215886977
Hub-attached,0.5,54.1,2.8014769816358407e-11,-24.298289251387732,-24.29828925138728
Hub-attached,0.5,54.150000000000006,2.7394568724811075e-11,-24.32067634390527,-24.3206763439048
Hub-attached,0.5,54.2,2.678809786901003e-11,-24.343063436422806,-24.34306343642232
Hub-attached,0.5,54.25,2.6195053284037823e-11,-24.36545052894034,-24.365450528939842
Hub-attached,0.5,54.300000000000004,2.5615137734261852e-11,-24.387837621457876,-24.387837621457372
Hub-attached,0.5,54.35,2.504806056435966e-11,-24.41022471397541,-24.410224713974905
Hub-attached,0.5,54.400000000000006,2.4493537553640835e-11,-24.43261180649295,-24.432611806492442
Hub-attached,0.5,54.45,2.395129077359587e-11,-24.454998899010484,-24.45499889900998
Hub-attached,0.5,54.5,2.3421048448596453e-11,-24.477385991528017,-24.477385991527523
Hub-attached,0.5,54.550000000000004,2.2902544819681375e-11,-24.499773084045554,-24.49977308404507
Hub-attached,0.5,54.6,2.239552001135745e-11,-24.52216017656309,-24.522160176562622
Hub-attached,0.5,54.650000000000006,2.1899719901348847e-11,-24.54454726908063,-24.544547269080173
Hub-attached,0.5,54.7,2.141489599323077e-11,-24.566934361598165,-24.566934361597724
Hub-attached,0.5,54.75,2.0940805291881623e-11,-24.589321454115698,-24.58932145411528
Hub-attached,0.5,54.800000000000004,2.047721018169366e-11,-24.611708546633235,-24.611708546632837
Hub-attached,0.5,54.85,2.0023878307479482e-11,-24.634095639150768,-24.63409563915039
Hub-attached,0.5,54.900000000000006,1.958058245801446e-11,-24.656482731668305,-24.65648273166795
Hub-attached,0.5,54.95,1.9147100452158387e-11,-24.67886982418584,-24.678869824185504
Hub-attached,0.5,55.0,1.8723215027497176e-11,-24.70125691670337,-24.70125691670306
Hub-attached,0.5,55.050000000000004,1.830871373145046e-11,-24.723644009220912,-24.723644009220614
Hub-attached,0.5,55.1,1.7903388814790218e-11,-24.746031101738446,-24.746031101738165
Hub-attached,0.5,55.150000000000006,1.7507037127515405e-11,-24.768418194255982,-24.76841819425572
Hub-attached,0.5,55.2,1.7119460017033387e-11,-24.790805286773516,-24.790805286773267
Hub-attached,0.5,55.25,1.6740463228594184e-11,-24.81319237929105,-24.81319237929081
Hub-attached,0.5,55.300000000000004,1.636985680792957e-11,-24.83557947180859,-24.835579471808355
Hub-attached,0.5,55.35,1.600745500604791e-11,-24.85796656432612,-24.857966564325892
Hub-attached,0.5,55.400000000000006,1.56530761861352e-11,-24.88035365684366,-24.88035365684343
Hub-attached,0.5,55.45,1.5306542732519447e-11,-24.902740749361193,-24.902740749360955
Hub-attached,0.5,55.5,1.4967680961648097e-11,-24.92512784187873,-24.92512784187848
Hub-attached,0.5,55.550000000000004,1.4636321035038088e-11,-24.947514934396263,-24.947514934396
Hub-attached,0.5,55.6,1.4312296874151808e-11,-24.9699020269138,-24.96990202691352
Hub-attached,0.5,55.650000000000006,1.3995446077158457e-11,-24.992289119431337,-24.992289119431028
Hub-attached,0.5,55.7,1.3685609837537562e-11,-25.014676211948874,-25.01467621194853
Hub-attached,0.5,55.75,1.338263286448484e-11,-25.037063304466404,-25.037063304466024
Hub-attached,0.5,55.800000000000004,1.308636330507959e-11,-25.059450396983944,-25.059450396983518
Hub-attached,0.5,55.85,1.279665266817638e-11,-25.081837489501478,-25.081837489501
Hub-attached,0.5,55.900000000000006,1.251335574998001e-11,-25.104224582019015,-25.104224582018478
Hub-attached,0.5,55.95,1.2236330561269561e-11,-25.126611674536548,-25.126611674535948
Hub-attached,0.5,56.0,1.1965438256232638e-11,-25.14899876705408,-25.14899876705341
Hub-attached,0.5,56.050000000000004,1.1700543062875582e-11,-25.17138585957162,-25.17138585957087
Hub-attached,0.5,56.1,1.144151221497429e-11,-25.19377295208915,-25.193772952088317
Hub-attached,0.5,56.150000000000006,1.118821588553111e-11,-25.21616004460669,-25.21616004460576
Hub-attached,0.5,56.2,1.0940527121705472e-11,-25.238547137124225,-25.238547137123195
Hub-attached,0.5,56.25,1.0698321781184677e-11,-25.260934229641755,-25.260934229640622
Hub-attached,0.5,56.300000000000004,1.046147846996311e-11,-25.283321322159296,-25.28332132215805
Hub-attached,0.5,56.35,1.0229878481499867e-11,-25.30570841467683,-25.30570841467546
Hub-attached,0.5,56.400000000000006,1.0003405737222023e-11,-25.328095507194366,-25.328095507192874
Hub-attached,0.5,56.45,9.781946728346205e-12,-25.3504825997119,-25.350482599710276
Hub-attached,0.5,56.5,9.565390458987365e-12,-25.372869692229433,-25.37286969222767
Hub-attached,0.5,56.550000000000004,9.353628390527452e-12,-25.39525678474697,-25.395256784745065
Hub-attached,0.5,56.6,9.146554387215606e-12,-25.417643877264506,-25.417643877262453
Hub-attached,0.5,56.650000000000006,8.944064662972511e-12,-25.440030969782043,-25.440030969779837
Hub-attached,0.5,56.7,8.746057729372597e-12,-25.462418062299577,-25.46241806229721
Hub-attached,0.5,56.75,8.552434344777637e-12,-25.48480515481711,-25.48480515481458
Hub-attached,0.5,56.800000000000004,8.363097464596644e-12,-25.507192247334647,-25.50719224733195
Hub-attached,0.5,56.85,8.177952192646915e-12,-25.52957933985218,-25.529579339849313
Hub-attached,0.5,56.900000000000006,7.996905733591568e-12,-25.55196643236972,-25.551966432366676
Hub-attached,0.5,56.95,7.8198673464306e-12,-25.574353524887254,-25.574353524884035
Hub-attached,0.5,57.0,7.646748299020899e-12,-25.596740617404784,-25.59674061740139
Hub-attached,0.5,57.050000000000004,7.477461823603494e-12,-25.619127709922324,-25.619127709918747
Hub-attached,0.5,57.1,7.311923073315647e-12,-25.641514802439858,-25.6415148024361
Hub-attached,0.5,57.150000000000006,7.150049079664896e-12,-25.663901894957394,-25.66390189495345
Hub-attached,0.5,57.2,6.991758710945354e-12,-25.686288987474928,-25.686288987470803
Hub-attached,0.5,57.25,6.836972631574067e-12,-25.70867607999246,-25.708676079988155
Hub-attached,0.5,57.300000000000004,6.685613262327868e-12,-25.731063172509998,-25.73106317250551
Hub-attached,0.5,57.35,6.5376047414605204e-12,-25.75345026502753,-25.753450265022863
Hub-attached,0.5,57.400000000000006,6.392872886680431e-12,-25.77583735754507,-25.775837357540222
Hub-attached,0.5,57.45,6.251345157970458e-12,-25.7982244500626,-25.79822445005758
Hub-attached,0.5,57.5,6.112950621230467e-12,-25.82061154258014,-25.820611542574948
Hub-attached,0.5,57.550000000000004,5.977619912725139e-12,-25.842998635097672,-25.842998635092314
Hub-attached,0.5,57.6,5.8452852043184895e-12,-25.86538572761521,-25.865385727609688
Hub-attached,0.5,57.650000000000006,5.71588016947837e-12,-25.887772820132746,-25.887772820127065
Hub-attached,0.5,57.7,5.589339950033351e-12,-25.91015991265028,-25.910159912644446
Hub-attached,0.5,57.75,5.4656011236655875e-12,-25.932547005167812,-25.932547005161833
Hub-attached,0.5,57.800000000000004,5.34460167212341e-12,-25.95493409768535,-25.95493409767923
Hub-attached,0.5,57.85,5.2262809501376605e-12,-25.977321190202883,-25.977321190196633
Hub-attached,0.5,57.900000000000006,5.110579655025976e-12,-25.99970828272042,-25.999708282714046
Hub-attached,0.5,57.95,4.997439796970265e-12,-26.022095375237953,-26.022095375231462
Hub-attached,0.5,58.0,4.8868046699519195e-12,-26.044482467755486,-26.04448246774889
Hub-attached,0.5,58.050000000000004,4.778618823330648e-12,-26.066869560273023,-26.06686956026633
Hub-attached,0.5,58.1,4.672828034052497e-12,-26.08925665279056,-26.089256652783774
Hub-attached,0.5,58.150000000000006,4.5693792794730434e-12,-26.111643745308097,-26.111643745301237
Hub-attached,0.5,58.2,4.4682207107823345e-12,-26.13403083782563,-26.134030837818706
Hub-attached,0.5,58.25,4.369301627018062e-12,-26.156417930343164,-26.156417930336186
Hub-attached,0.5,58.300000000000004,4.272572449654135e-12,-26.1788050228607,-26.17880502285368
Hub-attached,0.5,58.35,4.177984697751821e-12,-26.201192115378234,-26.201192115371185
Hub-attached,0.5,58.400000000000006,4.085490963660861e-12,-26.22357920789577,-26.223579207888704
Hub-attached,0.5,58.45,3.995044889258733e-12,-26.245966300413304,-26.245966300406234
Hub-attached,0.5,58.5,3.906601142715735e-12,-26.268353392930837,-26.26835339292378
Hub-attached,0.5,58.550000000000004,3.820115395774577e-12,-26.290740485448374,-26.29074048544134
Hub-attached,0.5,58.6,3.7355443015329706e-12,-26.31312757796591,-26.313127577958916
Hub-attached,0.5,58.650000000000006,3.652845472717988e-12,-26.335514670483448,-26.335514670476506
Hub-attached,0.5,58.7,3.571977460441471e-12,-26.35790176300098,-26.357901762994107
Hub-attached,0.5,58.75,3.492899733425691e-12,-26.380288855518515,-26.380288855511722
Hub-attached,0.5,58.800000000000004,3.4155726576889823e-12,-26.402675948036052,-26.40267594802936
Hub-attached,0.5,58.85,3.339957476681118e-12,-26.425063040553585,-26.425063040547002
Hub-attached,0.5,58.900000000000006,3.2660162918583275e-12,-26.447450133071122,-26.447450133064667
Hub-attached,0.5,58.95,3.1937120436885353e-12,-26.469837225588655,-26.469837225582342
Hub-attached,0.5,59.0,3.123008493076937e-12,-26.49222431810619,-26.492224318100035
Hub-attached,0.5,59.050000000000004,3.0538702032028966e-12,-26.514611410623726,-26.514611410617743
Hub-attached,0.5,59.1,2.9862625217589445e-12,-26.53699850314126,-26.536998503135464
Hub-attached,0.5,59.150000000000006,2.920151563582864e-12,-26.559385595658796,-26.559385595653204
Hub-attached,0.5,59.2,2.855504193674441e-12,-26.58177268817633,-26.581772688170958
Hub-attached,0.5,59.25,2.7922880105880294e-12,-26.604159780693863,-26.604159780688722
Hub-attached,0.5,59.300000000000004,2.73047133019289e-12,-26.6265468732114,-26.626546873206504
Hub-attached,0.5,59.35,2.670023169793042e-12,-26.648933965728933,-26.648933965724297
Hub-attached,0.5,59.400000000000006,2.610913232598578e-12,-26.67132105824647,-26.67132105824211
Hub-attached,0.5,59.45,2.5531118925409054e-12,-26.693708150764003,-26.693708150759928
Hub-attached,0.5,59.5,2.4965901794240003e-12,-26.71609524328154,-26.716095243277767
Hub-attached,0.5,59.550000000000004,2.4413197644045367e-12,-26.738482335799073,-26.738482335795613
Hub-attached,0.5,59.6,2.3872729457933183e-12,-26.76086942831661,-26.760869428313473
Hub-attached,0.5,59.650000000000006,2.3344226351711735e-12,-26.783256520834147,-26.783256520831348
Hub-attached,0.5,59.7,2.2827423438121375e-12,-26.80564361335168,-26.805643613349226
Hub-attached,0.5,59.75,2.23220616940721e-12,-26.828030705869214,-26.828030705867114
Hub-attached,0.5,59.800000000000004,2.182788783082064e-12,-26.85041779838675,-26.850417798385017
Hub-attached,0.5,59.85,2.13446541670216e-12,-26.872804890904284,-26.872804890902927
Hub-attached,0.5,59.900000000000006,2.0872118504588383e-12,-26.89519198342182,-26.895191983420844
Hub-attached,0.5,59.95,2.0410044007303302e-12,-26.917579075939358,-26.917579075938768
Hub-attached,0.5,60.0,1.995819908211448e-12,-26.939966168456888,-26.939966168456696
Hub-attached,0.5,60.050000000000004,1.9516357263060216e-12,-26.962353260974425,-26.962353260974634
Hub-attached,0.5,60.1,1.9084297097764553e-12,-26.984740353491958,-26.984740353492572
Hub-attached,0.5,60.150000000000006,1.8661802036443806e-12,-27.0071274460095,-27.007127446010518
Hub-attached,0.5,60.2,1.824866032337206e-12,-27.02951453852703,-27.02951453852846
Hub-attached,0.5,60.25,1.784466489074782e-12,-27.05190163104456,-27.051901631046405
Hub-attached,0.5,60.300000000000004,1.744961325491116e-12,-27.074288723562102,-27.074288723564354
Hub-attached,0.5,60.35,1.7063307414859116e-12,-27.096675816079635,-27.0966758160823
Hub-attached,0.5,60.400000000000006,1.6685553753005938e-12,-27.119062908597172,-27.11906290860025
Hub-attached,0.5,60.45,1.6316162938142214e-12,-27.141450001114706,-27.141450001118187
Hub-attached,0.5,60.5,1.5954949830541043e-12,-27.16383709363224,-27.163837093636126
Hub-attached,0.5,60.550000000000004,1.5601733389165665e-12,-27.186224186149776,-27.18622418615406
Hub-attached,0.5,60.6,1.5256336580931286e-12,-27.208611278667313,-27.208611278671988
Hub-attached,0.5,60.650000000000006,1.4918586291975422e-12,-27.23099837118485,-27.23099837118991
Hub-attached,0.5,60.7,1.4588313240892848e-12,-27.253385463702383,-27.25338546370782
Hub-attached,0.5,60.75,1.426535189389111e-12,-27.275772556219916,-27.275772556225718
Hub-attached,0.5,60.800000000000004,1.3949540381824647e-12,-27.298159648737453,-27.298159648743606
Hub-attached,0.5,60.85,1.3640720419065644e-12,-27.320546741254987,-27.32054674126148
Hub-attached,0.5,60.900000000000006,1.3338737224170481e-12,-27.342933833772523,-27.342933833779348
Hub-attached,0.5,60.95,1.304343944230323e-12,-27.365320926290057,-27.365320926297194
Hub-attached,0.5,61.0,1.2754679069375838e-12,-27.38770801880759,-27.387708018815026
Hub-attached,0.5,61.050000000000004,1.2472311377868208e-12,-27.410095111325127,-27.410095111332843
Hub-attached,0.5,61.1,1.2196194844290479e-12,-27.43248220384266,-27.43248220385064
Hub-attached,0.5,61.150000000000006,1.192619107825075e-12,-27.454869296360197,-27.454869296368418
Hub-attached,0.5,61.2,1.1662164753093763e-12,-27.47725638887773,-27.477256388886175
Hub-attached,0.5,61.25,1.1403983538074499e-12,-27.499643481395264,-27.49964348140391
Hub-attached,0.5,61.300000000000004,1.1151518032033767e-12,-27.5220305739128,-27.522030573921626
Hub-attached,0.5,61.35,1.0904641698542083e-12,-27.544417666430334,-27.544417666439315
Hub-attached,0.5,61.400000000000006,1.0663230802478992e-12,-27.56680475894787,-27.566804758956987
Hub-attached,0.5,61.45,1.0427164348016964e-12,-27.589191851465404,-27.589191851474627
Hub-attached,0.5,61.5,1.0196324017977653e-12,-27.61157894398294,-27.611578943992246
Hub-attached,0.5,61.550000000000004,9.970594114531277e-13,-27.633966036500475,-27.633966036509836
Hub-attached,0.5,61.6,9.749861501208256e-13,-27.65635312901801,-27.6563531290274
Hub-attached,0.5,61.650000000000006,9.534015546195134e-13,-27.67874022153555,-27.678740221544942
Hub-attached,0.5,61.7,9.322948066885495e-13,-27.701127314053082,-27.70112731406245
Hub-attached,0.5,61.75,9.116553275658467e-13,-27.723514406570615,-27.72351440657993
Hub-attached,0.5,61.800000000000004,8.914727726857732e-13,-27.745901499088152,-27.745901499097386
Hub-attached,0.5,61.85,8.717370264944371e-13,-27.768288591605685,-27.76828859161481
Hub-attached,0.5,61.900000000000006,8.524381973797186e-13,-27.790675684123222,-27.790675684132207
Hub-attached,0.5,61.95,8.335666127135919e-13,-27.813062776640756,-27.813062776649577
Hub-attached,0.5,62.0,8.151128140041546e-13,-27.83544986915829,-27.835449869166915
Hub-attached,0.5,62.050000000000004,7.970675521550138e-13,-27.857836961675826,-27.857836961684235
Hub-attached,0.5,62.1,7.794217828296216e-13,-27.88022405419336,-27.880224054201523
Hub-attached,0.5,62.150000000000006,7.621666619182074e-13,-27.902611146710896,-27.902611146718787
Hub-attached,0.5,62.2,7.452935411051081e-13,-27.92499823922843,-27.924998239236025
Hub-attached,0.5,62.25,7.287939635341875e-13,-27.947385331745963,-27.947385331753242
Hub-attached,0.5,62.300000000000004,7.12659659570245e-13,-27.9697724242635,-27.969772424270438
Hub-attached,0.5,62.35,6.968825426542581e-13,-27.992159516781033,-27.992159516787613
Hub-attached,0.5,62.400000000000006,6.814547052503587e-13,-28.01454660929857,-28.014546609304773
Hub-attached,0.5,62.45,6.663684148825726e-13,-28.036933701816103,-28.036933701821912
Hub-attached,0.5,62.5,6.516161102592646e-13,-28.059320794333637,-28.059320794339037
Hub-attached,0.5,62.550000000000004,6.371903974834045e-13,-28.081707886851174,-28.081707886856158
Hub-attached,0.5,62.6,6.230840463467292e-13,-28.10409497936871,-28.10409497937327
Hub-attached,0.5,62.650000000000006,6.09289986705935e-13,-28.126482071886247,-28.126482071890376
Hub-attached,0.5,62.7,5.958013049391062e-13,-28.14886916440378,-28.148869164407476
Hub-attached,0.5,62.75,5.826112404805814e-13,-28.171256256921314,-28.171256256924583
Hub-attached,0.5,62.800000000000004,5.69713182432544e-13,-28.19364334943885,-28.193643349441697
Hub-attached,0.5,62.85,5.57100666251626e-13,-28.216030441956384,-28.216030441958818
Hub-attached,0.5,62.900000000000006,5.447673705088478e-13,-28.23841753447392,-28.238417534475957
Hub-attached,0.5,62.95,5.327071137213151e-13,-28.260804626991455,-28.260804626993117
Hub-attached,0.5,63.0,5.209138512540284e-13,-28.283191719508988,-28.283191719510302
Hub-attached,0.5,63.050000000000004,5.093816722903011e-13,-28.305578812026525,-28.305578812027523
Hub-attached,0.5,63.1,4.981047968692462e-13,-28.327965904544058,-28.327965904544783
Hub-attached,0.5,63.150000000000006,4.870775729888315e-13,-28.350352997061595,-28.35035299706209
Hub-attached,0.5,63.2,4.762944737730937e-13,-28.37274008957913,-28.372740089579445
Hub-attached,0.5,63.25,4.657500947020403e-13,-28.39512718209666,-28.39512718209686
Hub-attached,0.5,63.300000000000004,4.554391509028945e-13,-28.4175142746142,-28.417514274614348
Hub-attached,0.5,63.35,4.4535647450130634e-13,-28.439901367131732,-28.43990136713188
Hub-attached,0.5,63.400000000000006,4.354970120311883e-13,-28.46228845964927,-28.46228845964942
Hub-attached,0.5,63.45,4.258558219019163e-13,-28.484675552166802,-28.484675552166962
Hub-attached,0.5,63.5,4.1642807192157806e-13,-28.50706264468434,-28.507062644684513
Hub-attached,0.5,63.550000000000004,4.0720903687507685e-13,-28.529449737201872,-28.52944973720206
Hub-attached,0.5,63.6,3.9819409615582844e-13,-28.55183682971941,-28.551836829719612
Hub-attached,0.5,63.650000000000006,3.893787314499103e-13,-28.574223922236946,-28.574223922237167
Hub-attached,0.5,63.7,3.80758524471465e-13,-28.59661101475448,-28.596611014754714
Hub-attached,0.5,63.75,3.7232915474824043e-13,-28.618998107272013,-28.618998107272258
Hub-attached,0.5,63.800000000000004,3.640863974561596e-13,-28.64138519978955,-28.641385199789806
Hub-attached,0.5,63.85,3.560261213018306e-13,-28.663772292307083,-28.66377229230735
Hub-attached,0.5,63.900000000000006,3.481442864519214e-13,-28.68615938482462,-28.686159384824894
Hub-attached,0.5,63.95,3.4043694250839434e-13,-28.708546477342153,-28.708546477342427
Hub-attached,0.5,64.0,3.3290022652854647e-13,-28.730933569859687,-28.730933569859964
Hub-attached,0.5,64.05,3.255303610888966e-13,-28.75332066237722,-28.753320662377494
Hub-attached,0.5,64.10000000000001,3.183236523919266e-13,-28.77570775489476,-28.77570775489503
Hub-attached,0.5,64.15,3.112764884147486e-13,-28.798094847412294,-28.798094847412557
Hub-attached,0.5,64.2,3.0438533709873497e-13,-28.820481939929827,-28.82048193993008
Hub-attached,0.5,64.25,2.9764674457924996e-13,-28.84286903244736,-28.842869032447602
Hub-attached,0.5,64.3,2.9105733345456033e-13,-28.865256124964894,-28.865256124965125
Hub-attached,0.5,64.35000000000001,2.8461380109307017e-13,-28.887643217482434,-28.887643217482655
Hub-attached,0.5,64.4,2.7831291797804073e-13,-28.910030309999968,-28.910030310000174
Hub-attached,0.5,64.45,2.7215152608893494e-13,-28.9324174025175,-28.932417402517693
Hub-attached,0.5,64.5,2.6612653731861694e-13,-28.954804495035035,-28.954804495035216
Hub-attached,0.5,64.55,2.602349319255801e-13,-28.977191587552575,-28.977191587552742
Hub-attached,0.5,64.60000000000001,2.5447375702045035e-13,-28.999578680070112,-28.999578680070268
Hub-attached,0.5,64.65,2.488401250859823e-13,-29.021965772587645,-29.021965772587794
Hub-attached,0.5,64.7,2.4333121252982917e-13,-29.04435286510518,-29.04435286510532
Hub-attached,0.5,64.75,2.379442582693522e-13,-29.066739957622712,-29.06673995762285
Hub-attached,0.5,64.8,2.3267656234775657e-13,-29.08912705014025,-29.089127050140384
Hub-attached,0.5,64.85000000000001,2.275254845808675e-13,-29.111514142657786,-29.111514142657928
Hub-attached,0.5,64.9,2.2248844323386099e-13,-29.13390123517532,-29.133901235175465
Hub-attached,0.5,64.95,2.175629137272886e-13,-29.156288327692856,-29.15628832769301
Hub-attached,0.5,65.0,2.1274642737175732e-13,-29.178675420210386,-29.178675420210556
Hub-attached,0.5,65.05,2.0803657013060615e-13,-29.201062512727923,-29.20106251272811
Hub-attached,0.5,65.10000000000001,2.0343098140999332e-13,-29.223449605245463,-29.223449605245673
Hub-attached,0.5,65.15,1.989273528757581e-13,-29.245836697762993,-29.245836697763234
Hub-attached,0.5,65.2,1.9452342729646868e-13,-29.26822379028053,-29.268223790280803
Hub-attached,0.5,65.25,1.9021699741210412e-13,-29.29061088279806,-29.290610882798372
Hub-attached,0.5,65.3,1.8600590482775757e-13,-29.312997975315596,-29.312997975315948
Hub-attached,0.5,65.35000000000001,1.8188803893185146e-13,-29.335385067833137,-29.33538506783354
Hub-attached,0.5,65.4,1.7786133583829144e-13,-29.357772160350667,-29.357772160351125
Hub-attached,0.5,65.45,1.7392377735203313e-13,-29.380159252868204,-29.380159252868715
Hub-attached,0.5,65.5,1.700733899575674e-13,-29.40254634538574,-29.402546345386316
Hub-attached,0.5,65.55,1.663082438297834e-13,-29.424933437903274,-29.424933437903917
Hub-attached,0.5,65.60000000000001,1.6262645186673387e-13,-29.44732053042081,-29.447320530421525
Hub-attached,0.5,65.65,1.590261687438182e-13,-29.469707622938344,-29.469707622939136
Hub-attached,0.5,65.7,1.5550558998889605e-13,-29.49209471545588,-29.492094715456748
Hub-attached,0.5,65.75,1.5206295107788512e-13,-29.514481807973414,-29.514481807974363
Hub-attached,0.5,65.8,1.486965265503729e-13,-29.536868900490948,-29.53686890049198
Hub-attached,0.5,65.85000000000001,1.4540462914481213e-13,-29.559255993008488,-29.55925599300961
Hub-attached,0.5,65.9,1.4218560895286413e-13,-29.58164308552602,-29.581643085527233
Hub-attached,0.5,65.95,1.3903785259245376e-13,-29.604030178043555,-29.60403017804486
Hub-attached,0.5,66.0,1.35959782399142e-13,-29.626417270561088,-29.626417270562484
Hub-attached,0.5,66.05,1.3294985563539488e-13,-29.64880436307862,-29.64880436308011
Hub-attached,0.5,66.10000000000001,1.300065637173582e-13,-29.671191455596162,-29.671191455597747
Hub-attached,0.5,66.15,1.271284314587548e-13,-29.693578548113695,-29.693578548115372
Hub-attached,0.5,66.2,1.2431401633151117e-13,-29.71596564063123,-29.715965640632998
Hub-attached,0.5,66.25,1.2156190774276225e-13,-29.738352733148762,-29.73835273315062
Hub-attached,0.5,66.3,1.1887072632785724e-13,-29.760739825666295,-29.760739825668242
Hub-attached,0.5,66.35000000000001,1.1623912325901732e-13,-29.783126918183836,-29.783126918185868
Hub-attached,0.5,66.4,1.1366577956930262e-13,-29.80551401070137,-29.805514010703487
Hub-attached,0.5,66.45,1.1114940549153723e-13,-29.827901103218903,-29.827901103221098
Hub-attached,0.5,66.5,1.086887398118776e-13,-29.850288195736436,-29.850288195738703
Hub-attached,0.5,66.55,1.0628254923768738e-13,-29.872675288253973,-29.87267528825631
Hub-attached,0.5,66.60000000000001,1.0392962777940874e-13,-29.89506238077151,-29.89506238077391
Hub-attached,0.5,66.65,1.0162879614611582e-13,-29.917449473289047,-29.917449473291505
Hub-attached,0.5,66.7,9.937890115445155e-14,-29.93983656580658,-29.939836565809088
Hub-attached,0.5,66.75,9.717881515064773e-14,-29.962223658324113,-29.962223658326664
Hub-attached,0.5,66.8,9.502743544534294e-14,-29.984610750841647,-29.984610750844233
Hub-attached,0.5,66.85000000000001,9.292368376091039e-14,-30.006997843359187,-30.0069978433618
Hub-attached,0.5,66.9,9.086650569102475e-14,-30.02938493587672,-30.02938493587935
Hub-attached,0.5,66.95,8.885487017218678e-14,-30.051772028394254,-30.051772028396893
Hub-attached,0.5,67.0,8.688776896695399e-14,-30.074159120911787,-30.074159120914427
Hub-attached,0.5,67.05,8.49642161586085e-14,-30.09654621342932,-30.09654621343195
Hub-attached,0.5,67.10000000000001,8.308324765701221e-14,-30.11893330594686,-30.11893330594947
Hub-attached,0.5,67.15,8.124392071540444e-14,-30.141320398464394,-30.141320398466974
Hub-attached,0.5,67.2,7.9445313457891e-14,-30.163707490981928,-30.163707490984464
Hub-attached,0.5,67.25,7.768652441739975e-14,-30.18609458349946,-30.186094583501948
Hub-attached,0.5,67.3,7.596667208386217e-14,-30.208481676016994,-30.208481676019417
Hub-attached,0.5,67.35000000000001,7.428489446239745e-14,-30.230868768534535,-30.230868768536883
Hub-attached,0.5,67.4,7.264034864128035e-14,-30.253255861052068,-30.253255861054335
Hub-attached,0.5,67.45,7.10322103694682e-14,-30.2756429535696,-30.275642953571772
Hub-attached,0.5,67.5,6.945967364348591e-14,-30.29803004608714,-30.298030046089202
Hub-attached,0.5,67.55,6.79219503034551e-14,-30.32041713860467,-30.320417138606622
Hub-attached,0.5,67.60000000000001,6.64182696380645e-14,-30.34280423112221,-30.34280423112403
Hub-attached,0.5,67.65,6.494787799828886e-14,-30.365191323639745,-30.365191323641433
Hub-attached,0.5,67.7,6.351003841965721e-14,-30.38757841615728,-30.38757841615882
Hub-attached,0.5,67.75,6.210403025288377e-14,-30.409965508674812,-30.409965508676198
Hub-attached,0.5,67.8,6.072914880267709e-14,-30.432352601192346,-30.432352601193568
Hub-attached,0.5,67.85000000000001,5.938470497454422e-14,-30.454739693709886,-30.454739693710938
Hub-attached,0.5,67.9,5.807002492941613e-14,-30.47712678622742,-30.477126786228293
Hub-attached,0.5,67.95,5.6784449745915285e-14,-30.499513878744953,-30.49951387874564
Hub-attached,0.5,68.0,5.552733509010393e-14,-30.521900971262486,-30.52190097126298
Hub-attached,0.5,68.05,5.429805089254175e-14,-30.54428806378002,-30.544288063780314
Hub-attached,0.5,68.10000000000001,5.3095981032492846e-14,-30.56667515629756,-30.566675156297652
Hub-attached,0.5,68.15,5.1920523029125825e-14,-30.589062248815093,-30.58906224881498
Hub-attached,0.5,68.2,5.077108773954639e-14,-30.611449341332627,-30.611449341332303
Hub-attached,0.5,68.25,4.964709906351878e-14,-30.63383643385016,-30.633836433849627
Hub-attached,0.5,68.3,4.85479936547223e-14,-30.656223526367693,-30.656223526366947
Hub-attached,0.5,68.35000000000001,4.7473220638400215e-14,-30.678610618885234,-30.678610618884278
Hub-attached,0.5,68.4,4.642224133526112e-14,-30.700997711402767,-30.7009977114016
Hub-attached,0.5,68.45,4.539452899148929e-14,-30.7233848039203,-30.723384803918925
Hub-attached,0.5,68.5,4.4389568514735536e-14,-30.745771896437834,-30.745771896436256
Hub-attached,0.5,68.55,4.340685621595097e-14,-30.76815898895537,-30.768158988953594
Hub-attached,0.5,68.60000000000001,4.2445899556937085e-14,-30.790546081472908,-30.790546081470936
Hub-attached,0.5,68.65,4.1506216903483724e-14,-30.812933173990444,-30.812933173988288
Hub-attached,0.5,68.7,4.058733728397297e-14,-30.835320266507978,-30.83532026650564
Hub-attached,0.5,68.75,3.9688800153326364e-14,-30.85770735902551,-30.857707359023006
Hub-attached,0.5,68.8,3.881015516217888e-14,-30.880094451543044,-30.88009445154038
Hub-attached,0.5,68.85000000000001,3.79509619311621e-14,-30.902481544060585,-30.902481544057775
Hub-attached,0.5,68.9,3.711078983018591e-14,-30.92486863657812,-30.924868636575173
Hub-attached,0.5,68.95,3.628921776260384e-14,-30.94725572909565,-30.94725572909259
Hub-attached,0.5,69.0,3.548583395415934e-14,-30.969642821613185,-30.969642821610016
Hub-attached,0.5,69.05,3.4700235746603036e-14,-30.99202991413072,-30.99202991412746
Hub-attached,0.5,69.10000000000001,3.393202939587908e-14,-31.01441700664826,-31.01441700664493
Hub-attached,0.5,69.15,3.318082987478044e-14,-31.036804099165792,-31.036804099162406
Hub-attached,0.5,69.2,3.2446260679970725e-14,-31.059191191683325,-31.059191191679904
Hub-attached,0.5,69.25,3.172795364328062e-14,-31.08157828420086,-31.08157828419742
Hub-attached,0.5,69.3,3.102554874718069e-14,-31.103965376718392,-31.103965376714953
Hub-attached,0.5,69.35000000000001,3.0338693944339383e-14,-31.126352469235933,-31.126352469232515
Hub-attached,0.5,69.4,2.966704498117676e-14,-31.148739561753466,-31.14873956175009
Hub-attached,0.5,69.45,2.90102652253223e-14,-31.171126654271,-31.171126654267685
Hub-attached,0.5,69.5,2.8368025496894604e-14,-31.193513746788536,-31.193513746785303
Hub-attached,0.5,69.55,2.774000390351566e-14,-31.21590083930607,-31.215900839302936
Hub-attached,0.5,69.60000000000001,2.712588567897677e-14,-31.238287931823606,-31.23828793182059
Hub-attached,0.5,69.65,2.6525363025477547e-14,-31.260675024341143,-31.260675024338266
Hub-attached,0.5,69.7,2.5938134959356453e-14,-31.283062116858677,-31.28306211685595
Hub-attached,0.5,69.75,2.5363907160236758e-14,-31.30544920937621,-31.305449209373656
Hub-attached,0.5,69.8,2.4802391823512625e-14,-31.327836301893743,-31.32783630189137
Hub-attached,0.5,69.85000000000001,2.425330751610035e-14,-31.350223394411284,-31.350223394409106
Hub-attached,0.5,69.9,2.3716379035383978e-14,-31.372610486928817,-31.372610486926845
Hub-attached,0.5,69.95,2.319133727128195e-14,-31.39499757944635,-31.39499757944459
Hub-attached,0.5,70.0,2.2677919071369045e-14,-31.417384671963884,-31.41738467196234
Hub-attached,0.5,70.05,2.217586710898347e-14,-31.439771764481417,-31.43977176448009
Hub-attached,0.5,70.10000000000001,2.1684929754253847e-14,-31.462158856998958,-31.462158856997842
Hub-attached,0.5,70.15,2.120486094798223e-14,-31.48454594951649,-31.48454594951558
Hub-attached,0.5,70.2,2.0735420078317596e-14,-31.506933042034024,-31.506933042033307
Hub-attached,0.5,70.25,2.0276371860161123e-14,-31.529320134551558,-31.529320134551018
Hub-attached,0.5,70.3,1.9827486217240493e-14,-31.55170722706909,-31.551707227068704
Hub-attached,0.5,70.35000000000001,1.9388538166794845e-14,-31.57409431958663,-31.574094319586365
Hub-attached,0.5,70.4,1.8959307706813345e-14,-31.596481412104165,-31.596481412103987
Hub-attached,0.5,70.45,1.8539579705768715e-14,-31.618868504621698,-31.61886850462156
Hub-attached,0.5,70.5,1.8129143794793263e-14,-31.64125559713923,-31.6412555971391
Hub-attached,0.5,70.55,1.7727794262241192e-14,-31.66364268965677,-31.663642689656633
Hub-attached,0.5,70.60000000000001,1.7335329950585545e-14,-31.686029782174305,-31.68602978217416
Hub-attached,0.5,70.65,1.6951554155597277e-14,-31.708416874691842,-31.708416874691686
Hub-attached,0.5,70.7,1.657627452775666e-14,-31.730803967209376,-31.730803967209205
Hub-attached,0.5,70.75,1.620930297584699e-14,-31.75319105972691,-31.753191059726724
Hub-attached,0.5,70.8,1.5850455572682892e-14,-31.775578152244442,-31.77557815224424
Hub-attached,0.5,70.85000000000001,1.5499552462925347e-14,-31.797965244761983,-31.797965244761766
Hub-attached,0.5,70.9,1.5156417772938114e-14,-31.820352337279516,-31.820352337279285
Hub-attached,0.5,70.95,1.4820879522638686e-14,-31.84273942979705,-31.842739429796808
Hub-attached,0.5,71.0,1.4492769539301852e-14,-31.865126522314583,-31.865126522314334
Hub-attached,0.5,71.05,1.4171923373270927e-14,-31.887513614832116,-31.88751361483186
Hub-attached,0.5,71.10000000000001,1.3858180215535011e-14,-31.909900707349657,-31.909900707349397
Hub-attached,0.5,71.15,1.3551382817131459e-14,-31.93228779986719,-31.93228779986693
Hub-attached,0.5,71.2,1.325137741033166e-14,-31.954674892384723,-31.954674892384464
Hub-attached,0.5,71.25,1.2958013631572604e-14,-31.977061984902257,-31.977061984902
Hub-attached,0.5,71.3,1.2671144446094145e-14,-31.99944907741979,-31.99944907741954
Hub-attached,0.5,71.35000000000001,1.2390626074244667e-14,-32.02183616993733,-32.02183616993709
Hub-attached,0.5,71.4,1.2116317919418676e-14,-32.044223262454864,-32.04422326245463
Hub-attached,0.5,71.45,1.1848082497588837e-14,-32.0666103549724,-32.06661035497218
Hub-attached,0.5,71.5,1.1585785368398867e-14,-32.08899744748994,-32.088997447489724
Hub-attached,0.5,71.55,1.13292950677819e-14,-32.11138454000747,-32.11138454000727
Hub-attached,0.5,71.60000000000001,1.1078483042069722e-14,-32.13377163252501,-32.13377163252483
Hub-attached,0.5,71.65,1.0833223583561977e-14,-32.156158725042545,-32.15615872504237
Hub-attached,0.5,71.7,1.0593393767520542e-14,-32.17854581756008,-32.178545817559915
Hub-attached,0.5,71.75,1.0358873390559618e-14,-32.20093291007761,-32.20093291007746
Hub-attached,0.5,71.8,1.012954491039937e-14,-32.223320002595145,-32.223320002595
Hub-attached,0.5,71.85000000000001,9.905293386953335e-15,-32.245707095112685,-32.24570709511255
Hub-attached,0.5,71.9,9.686006424720404e-15,-32.26809418763022,-32.26809418763008
Hub-attached,0.5,71.95,9.471574116451451e-15,-32.29048128014775,-32.29048128014762
Hub-attached,0.5,72.0,9.261888988063797e-15,-32.312868372665285,-32.31286837266515
Hub-attached,0.5,72.05,9.056845944774814e-15,-32.33525546518282,-32.33525546518268
Hub-attached,0.5,72.10000000000001,8.856342218428066e-15,-32.35764255770036,-32.35764255770021
Hub-attached,0.5,72.15,8.660277315985869e-15,-32.38002965021789,-32.38002965021773
Hub-attached,0.5,72.2,8.468552969161507e-15,-32.402416742735426,-32.40241674273525
Hub-attached,0.5,72.25,8.281073085167148e-15,-32.42480383525296,-32.42480383525276
Hub-attached,0.5,72.3,8.097743698551802e-15,-32.44719092777049,-32.447190927770265
Hub-attached,0.5,72.35000000000001,7.918472924105511e-15,-32.46957802028803,-32.46957802028777
Hub-attached,0.5,72.4,7.743170910806448e-15,-32.491965112805566,-32.49196511280527
Hub-attached,0.5,72.45,7.571749796786987e-15,-32.5143522053231,-32.51435220532276
Hub-attached,0.5,72.5,7.404123665297312e-15,-32.53673929784063,-32.53673929784025
Hub-attached,0.5,72.55,7.24020850164365e-15,-32.559126390358166,-32.55912639035773
Hub-attached,0.5,72.60000000000001,7.0799221510798e-15,-32.58151348287571,-32.581513482875216
Hub-attached,0.5,72.65,6.923184277631162e-15,-32.60390057539324,-32.603900575392686
Hub-attached,0.5,72.7,6.769916323829797e-15,-32.62628766791077,-32.626287667910155
Hub-attached,0.5,72.75,6.620041471341415e-15,-32.64867476042831,-32.64867476042762
Hub-attached,0.5,72.8,6.473484602463754e-15,-32.67106185294584,-32.67106185294508
Hub-attached,0.5,72.85000000000001,6.330172262477326e-15,-32.69344894546338,-32.69344894546254
Hub-attached,0.5,72.9,6.190032622829885e-15,-32.715836037980914,-32.71583603798
Hub-attached,0.5,72.95,6.052995445135483e-15,-32.73822313049845,-32.738223130497445
Hub-attached,0.5,73.0,5.9189920459709694e-15,-32.76061022301598,-32.76061022301489
Hub-attached,0.5,73.05,5.787955262451577e-15,-32.78299731553352,-32.78299731553235
Hub-attached,0.5,73.10000000000001,5.659819418568865e-15,-32.805384408051054,-32.80538440804979
Hub-attached,0.5,73.15,5.534520292273419e-15,-32.827771500568595,-32.827771500567245
Hub-attached,0.5,73.2,5.411995083286909e-15,-32.85015859308613,-32.850158593084686
Hub-attached,0.5,73.25,5.292182381626128e-15,-32.87254568560366,-32.87254568560213
Hub-attached,0.5,73.3,5.175022136824295e-15,-32.894932778121195,-32.89493277811957
Hub-attached,0.5,73.35000000000001,5.060455627833512e-15,-32.917319870638735,-32.917319870637016
Hub-attached,0.5,73.4,4.948425433593756e-15,-32.93970696315627,-32.939706963154464
Hub-attached,0.5,73.45,4.838875404253059e-15,-32.9620940556738,-32.96209405567191
Hub-attached,0.5,73.5,4.7317506330251896e-15,-32.984481148191335,-32.98448114818936
Hub-attached,0.5,73.55,4.626997428670181e-15,-33.00686824070887,-33.00686824070681
Hub-attached,0.5,73.60000000000001,4.524563288584092e-15,-33.02925533322641,-33.02925533322428
Hub-attached,0.5,73.65,4.4243968724846875e-15,-33.05164242574394,-33.05164242574173
Hub-attached,0.5,73.7,4.326447976679344e-15,-33.074029518261476,-33.0740295182592
Hub-attached,0.5,73.75,4.230667508902949e-15,-33.09641661077901,-33.09641661077667
Hub-attached,0.5,73.8,4.1370074637126826e-15,-33.11880370329654,-33.11880370329415
Hub-attached,0.5,73.85000000000001,4.045420898427529e-15,-33.14119079581408,-33.14119079581164
Hub-attached,0.5,73.9,3.9558619096005816e-15,-33.163577888331616,-33.16357788832913
Hub-attached,0.5,73.95,3.868285610011934e-15,-33.18596498084915,-33.18596498084663
Hub-attached,0.5,74.0,3.782648106171194e-15,-33.20835207336668,-33.20835207336413
Hub-attached,0.5,74.05,3.6989064763179095e-15,-33.230739165884216,-33.230739165881644
Hub-attached,0.5,74.10000000000001,3.6170187489090385e-15,-33.25312625840176,-33.25312625839918
Hub-attached,0.5,74.15,3.5369438815827933e-15,-33.27551335091929,-33.27551335091671
Hub-attached,0.5,74.2,3.4586417405879363e-15,-33.29790044343682,-33.29790044343425
Hub-attached,0.5,74.25,3.3820730806687347e-15,-33.32028753595436,-33.3202875359518
Hub-attached,0.5,74.3,3.3071995253951e-15,-33.34267462847189,-33.34267462846936
Hub-attached,0.5,74.35000000000001,3.2339835479281897e-15,-33.36506172098943,-33.365061720986944
Hub-attached,0.5,74.4,3.1623884522119407e-15,-33.387448813506964,-33.38744881350453
Hub-attached,0.5,74.45,3.0923783545807637e-15,-33.4098359060245,-33.40983590602212
Hub-attached,0.5,74.5,3.0239181657746385e-15,-33.43222299854203,-33.43222299853972
Hub-attached,0.5,74.55,2.9569735733522575e-15,-33.454610091059564,-33.45461009105733
Hub-attached,0.5,74.60000000000001,2.8915110244935084e-15,-33.476997183577105,-33.476997183574966
Hub-attached,0.5,74.65,2.8274977091827905e-15,-33.49938427609464,-33.499384276092606
Hub-attached,0.5,74.7,2.7649015437644156e-15,-33.52177136861217,-33.521771368610246
Hub-attached,0.5,74.75,2.703691154862272e-15,-33.544158461129705,-33.5441584611279
Hub-attached,0.5,74.8,2.6438358636553802e-15,-33.56654555364724,-33.56654555364557
Hub-attached,0.5,74.85000000000001,2.5853056705015587e-15,-33.58893264616478,-33.58893264616325
Hub-attached,0.5,74.9,2.5280712399015954e-15,-33.61131973868231,-33.61131973868093
Hub-attached,0.5,74.95,2.4721038857960977e-15,-33.633706831199845,-33.63370683119862
Hub-attached,0.5,75.0,2.417375557188018e-15,-33.656093923717386,-33.656093923716334
Hub-attached,0.5,75.05,2.3638588240834623e-15,-33.67848101623492,-33.67848101623404
Hub-attached,0.5,75.10000000000001,2.311526863743597e-15,-33.70086810875245,-33.700868108751756
Hub-attached,0.5,75.15,2.260353447241068e-15,-33.72325520126999,-33.72325520126948
Hub-attached,0.5,75.2,2.2103129263140365e-15,-33.745642293787526,-33.745642293787206
Hub-attached,0.5,75.25,2.161380220511097e-15,-33.76802938630506,-33.76802938630494
Hub-attached,0.5,75.3,2.1135308046209532e-15,-33.79041647882259,-33.79041647882267
Hub-attached,0.5,75.35000000000001,2.0667406963802774e-15,-33.81280357134013,-33.81280357134042
Hub-attached,0.5,75.4,2.020986444453793e-15,-33.83519066385767,-33.83519066385816
Hub-attached,0.5,75.45,1.9762451166803086e-15,-33.8575777563752,-33.857577756375896
Hub-attached,0.5,75.5,1.9324942885791148e-15,-33.87996484889273,-33.879964848893636
Hub-attached,0.5,75.55,1.889712032110753e-15,-33.90235194141027,-33.902351941411375
Hub-attached,0.5,75.60000000000001,1.8478769046866097e-15,-33.92473903392781,-33.92473903392912
Hub-attached,0.5,75.65,1.8069679384218804e-15,-33.94712612644534,-33.947126126446854
Hub-attached,0.5,75.7,1.7669646296263282e-15,-33.969513218962874,-33.969513218964586
Hub-attached,0.5,75.75,1.7278469285278276e-15,-33.99190031148041,-33.991900311482304
Hub-attached,0.5,75.8,1.6895952292233502e-15,-34.01428740399794,-34.01428740400002
Hub-attached,0.5,75.85000000000001,1.652190359852417e-15,-34.03667449651548,-34.03667449651774
Hub-attached,0.5,75.9,1.6156135729881556e-15,-34.059061589033014,-34.05906158903544
Hub-attached,0.5,75.95,1.5798465362409648e-15,-34.08144868155055,-34.08144868155313
Hub-attached,0.5,76.0,1.5448713230703172e-15,-34.10383577406808,-34.10383577407081
Hub-attached,0.5,76.05,1.5106704037999129e-15,-34.126222866585614,-34.12622286658848
Hub-attached,0.5,76.10000000000001,1.477226636831747e-15,-34.148609959103155,-34.14860995910613
Hub-attached,0.5,76.15,1.4445232600547326e-15,-34.17099705162069,-34.17099705162377
Hub-attached,0.5,76.2,1.4125438824434205e-15,-34.19338414413822,-34.1933841441414
Hub-attached,0.5,76.25,1.3812724758428129e-15,-34.215771236655755,-34.215771236659
Hub-attached,0.5,76.3,1.3506933669349954e-15,-34.23815832917329,-34.23815832917659
Hub-attached,0.5,76.35000000000001,1.320791229383617e-15,-34.26054542169083,-34.26054542169417
Hub-attached,0.5,76.4,1.2915510761523235e-15,-34.28293251420836,-34.28293251421172
Hub-attached,0.5,76.45,1.2629582519931565e-15,-34.305319606725895,-34.305319606729256
Hub-attached,0.5,76.5,1.2349984261013384e-15,-34.32770669924343,-34.327706699246775
Hub-attached,0.5,76.55,1.2076575849326234e-15,-34.35009379176096,-34.35009379176427
Hub-attached,0.5,76.60000000000001,1.1809220251796608e-15,-34.3724808842785,-34.37248088428176
Hub-attached,0.5,76.65,1.1547783469038918e-15,-34.394867976796036,-34.39486797679921
Hub-attached,0.5,76.7,1.129213446819412e-15,-34.41725506931357,-34.41725506931665
Hub-attached,0.5,76.75,1.1042145117256005e-15,-34.4396421618311,-34.43964216183407
Hub-attached,0.5,76.80000000000001,1.0797690120850917e-15,-34.46202925434864,-34.46202925435148
Hub-attached,0.5,76.85000000000001,1.055864695743966e-15,-34.484416346866176,-34.48441634686887
Hub-attached,0.5,76.9,1.0324895817908892e-15,-34.50680343938371,-34.50680343938624
Hub-attached,0.5,76.95,1.0096319545522765e-15,-34.52919053190124,-34.529190531903595
Hub-attached,0.5,77.0,9.872803577203563e-16,-34.551577624418776,-34.551577624420936
Hub-attached,0.5,77.05000000000001,9.654235886112289e-16,-34.57396471693632,-34.57396471693828
Hub-attached,0.5,77.10000000000001,9.440506925500768e-16,-34.59635180945385,-34.596351809455605
Hub-attached,0.5,77.15,9.231509573806028e-16,-34.61873890197139,-34.61873890197294
Hub-attached,0.5,77.2,9.027139080961212e-16,-34.641125994488924,-34.64112599449026
Hub-attached,0.5,77.25,8.827293015894075e-16,-34.66351308700646,-34.66351308700758
Hub-attached,0.5,77.30000000000001,8.631871215188444e-16,-34.685900179524,-34.68590017952492
Hub-attached,0.5,77.35000000000001,8.440775732882215e-16,-34.70828727204153,-34.70828727204226
Hub-attached,0.5,77.4,8.253910791376176e-16,-34.730674364559064,-34.73067436455962
Hub-attached,0.5,77.45,8.071182733430262e-16,-34.7530614570766,-34.753061457077
Hub-attached,0.5,77.5,7.892499975222209e-16,-34.77544854959413,-34.77544854959441
Hub-attached,0.5,77.55000000000001,7.717772960445431e-16,-34.79783564211167,-34.79783564211186
Hub-attached,0.5,77.60000000000001,7.5469141154233675e-16,-34.820222734629205,-34.82022273462935
Hub-attached,0.5,77.65,7.379837805216967e-16,-34.84260982714674,-34.84260982714687
Hub-attached,0.5,77.7,7.216460290704444e-16,-34.86499691966427,-34.8649969196644
Hub-attached,0.5,77.75,7.05669968661093e-16,-34.887384012181805,-34.887384012181926
Hub-attached,0.5,77.80000000000001,6.900475920467297e-16,-34.909771104699345,-34.90977110469946
Hub-attached,0.5,77.85000000000001,6.747710692477801e-16,-34.93215819721688,-34.93215819721699
Hub-attached,0.5,77.9,6.598327436275711e-16,-34.95454528973441,-34.95454528973452
Hub-attached,0.5,77.95,6.452251280548217e-16,-34.976932382251945,-34.976932382252045
Hub-attached,0.5,78.0,6.309409011510677e-16,-34.99931947476948,-34.99931947476958
Hub-attached,0.5,78.05000000000001,6.169729036211605e-16,-35.02170656728702,-35.02170656728711
Hub-attached,0.5,78.10000000000001,6.033141346650268e-16,-35.04409365980455,-35.044093659804645
Hub-attached,0.5,78.15,5.899577484688198e-16,-35.066480752322086,-35.06648075232217
Hub-attached,0.5,78.2,5.768970507737969e-16,-35.08886784483962,-35.0888678448397
Hub-attached,0.5,78.25,5.641254955211327e-16,-35.11125493735715,-35.11125493735723
Hub-attached,0.5,78.30000000000001,5.516366815710127e-16,-35.13364202987469,-35.13364202987477
Hub-attached,0.5,78.35000000000001,5.394243494943785e-16,-35.156029122392226,-35.1560291223923
Hub-attached,0.5,78.4,5.274823784356615e-16,-35.17841621490976,-35.17841621490983
Hub-attached,0.5,78.45,5.15804783045008e-16,-35.20080330742729,-35.20080330742736
Hub-attached,0.5,78.5,5.043857104784006e-16,-35.223190399944826,-35.22319039994489
Hub-attached,0.5,78.55000000000001,4.932194374641934e-16,-35.24557749246237,-35.245577492462424
Hub-attached,0.5,78.60000000000001,4.823003674346054e-16,-35.2679645849799,-35.26796458497996
Hub-attached,0.5,78.65,4.716230277206838e-16,-35.29035167749743,-35.29035167749749
Hub-attached,0.5,78.7,4.611820668094012e-16,-35.31273877001497,-35.31273877001502
Hub-attached,0.5,78.75,4.509722516614579e-16,-35.3351258625325,-35.33512586253255
Hub-attached,0.5,78.80000000000001,4.4098846508846535e-16,-35.35751295505004,-35.35751295505009
Hub-attached,0.5,78.85000000000001,4.3122570318820866e-16,-35.379900047567574,-35.379900047567624
Hub-attached,0.5,78.9,4.216790728366581e-16,-35.40228714008511,-35.40228714008515
Hub-attached,0.5,78.95,4.1234378923553385e-16,-35.42467423260264,-35.42467423260268
Hub-attached,0.5,79.0,4.0321517351414563e-16,-35.44706132512018,-35.447061325120224
Hub-attached,0.5,79.05000000000001,3.9428865038434086e-16,-35.469448417637714,-35.46944841763776
Hub-attached,0.5,79.10000000000001,3.855597458473397e-16,-35.49183551015525,-35.49183551015528
Hub-attached,0.5,79.15,3.7702408495136334e-16,-35.51422260267279,-35.514222602672824
Hub-attached,0.5,79.2,3.6867738959890346e-16,-35.53660969519032,-35.53660969519036
Hub-attached,0.5,79.25,3.605154764025113e-16,-35.558996787707855,-35.55899678770789
Hub-attached,0.5,79.30000000000001,3.5253425458808046e-16,-35.581383880225395,-35.581383880225424
Hub-attached,0.5,79.35000000000001,3.4472972394454654e-16,-35.60377097274293,-35.60377097274296
Hub-attached,0.5,79.4,3.3709797281895487e-16,-35.62615806526046,-35.62615806526049
Hub-attached,0.5,79.45,3.296351761559391e-16,-35.648545157777995,-35.648545157778024
Hub-attached,0.5,79.5,3.223375935805898e-16,-35.67093225029553,-35.67093225029556
Hub-attached,0.5,79.55000000000001,3.1520156752376605e-16,-35.69331934281307,-35.6933193428131
Hub-attached,0.5,79.60000000000001,3.082235213889201e-16,-35.7157064353306,-35.715706435330624
Hub-attached,0.5,79.65,3.0139995775948355e-16,-35.738093527848136,-35.73809352784816
Hub-attached,0.5,79.7,2.9472745664596126e-16,-35.76048062036567,-35.76048062036569
Hub-attached,0.5,79.75,2.882026737718207e-16,-35.7828677128832,-35.782867712883224
Hub-attached,0.5,79.80000000000001,2.8182233889732893e-16,-35.80525480540074,-35.805254805400764
Hub-attached,0.5,79.85000000000001,2.755832541805073e-16,-35.82764189791828,-35.8276418979183
Hub-attached,0.5,79.9,2.6948229257435174e-16,-35.85002899043581,-35.85002899043583
Hub-attached,0.5,79.95,2.6351639625955596e-16,-35.87241608295334,-35.872416082953364
Hub-attached,0.5,80.0,2.5768257511192197e-16,-35.89480317547088,-35.8948031754709
Hub-attached,0.8,0.0,0.9999999999999999,-1.1102230246251565e-16,-1.1102230246251565e-16
Hub-attached,0.8,0.05,0.9901645650723658,-0.009884122321911801,-0.009884122321886943
Hub-attached,0.8,0.1,0.9806449069210688,-0.019544855462703445,-0.019544855462183992
Hub-attached,0.8,0.15000000000000002,0.9714220147671013,-0.02899428640048484,-0.028994286400262574
Hub-attached,0.8,0.2,0.9624781609676304,-0.038243902981378176,-0.03824390298250728
Hub-attached,0.8,0.25,0.9537968117574205,-0.047304615797723853,-0.047304615797697284
Hub-attached,0.8,0.30000000000000004,0.9453625443084539,-0.05618678029038204,-0.05618678028988622
Hub-attached,0.8,0.35000000000000003,0.9371609696548964,-0.06490021891043539,-0.0649002189104007
Hub-attached,0.8,0.4,0.9291786610633193,-0.07345424319749214,-0.07345424319820015
Hub-attached,0.8,0.45,0.9214030874584543,-0.08185767565192717,-0.08185767565189744
Hub-attached,0.8,0.5,0.9138225515429192,-0.09011887129677137,-0.09011887129623619
Hub-attached,0.8,0.55,0.906426132275458,-0.09824573884164431,-0.09824573884152517
Hub-attached,0.8,0.6000000000000001,0.899203631396457,-0.1062457613761576,-0.10624576137705868
Hub-attached,0.8,0.65,0.8921455237119481,-0.11412601653369844,-0.11412601653364364
Hub-attached,0.8,0.7000000000000001,0.8852429108681228,-0.12189319607853116,-0.12189319607812865
Hub-attached,0.8,0.75,0.8784874783676974,-0.12955362487979058,-0.12955362487930994
Hub-attached,0.8,0.8,0.8718714555973736,-0.13711327924533098,-0.137113279246509
Hub-attached,0.8,0.8500000000000001,0.865387578652236,-0.14457780459660857,-0.14457780459653236
Hub-attached,0.8,0.9,0.8590290557583394,-0.1519525324729182,-0.15195253247275864
Hub-attached,0.8,0.9500000000000001,0.8527895351090226,-0.15924249685947156,-0.1592424968586687
Hub-attached,0.8,1.0,0.8466630749437247,-0.16645244983911367,-0.1664524498399773
Hub-attached,0.8,1.05,0.8406441157103819,-0.17358687657195898,-0.17358687657198493
Hub-attached,0.8,1.1,0.8347274541638773,-0.180650009611023,-0.1806500096109898
Hub-attached,0.8,1.1500000000000001,0.8289082192635854,-0.18764584256509437,-0.1876458425644676
Hub-attached,0.8,1.2000000000000002,0.8231818497428742,-0.19457814312267246,-0.19457814312244115
Hub-attached,0.8,1.25,0.8175440732325199,-0.20145046545290607,-0.20145046545403394
Hub-attached,0.8,1.3,0.8119908868284325,-0.2082661620011328,-0.2082661620010477
Hub-attached,0.8,1.35,0.806518539001934,-0.21502839469789092,-0.2150283946977681
Hub-attached,0.8,1.4000000000000001,0.8011235127580801,-0.22174014560124788,-0.22174014560043215
Hub-attached,0.8,1.4500000000000002,0.7958025099542801,-0.2284042269929253,-0.22840422699331409
Hub-attached,0.8,1.5,0.7905524366977168,-0.23502329094913574,-0.2350232909498369
Hub-attached,0.8,1.55,0.7853703897458707,-0.24159983840724916,-0.24159983840716914
Hub-attached,0.8,1.6,0.7802536438398543,-0.24813622774942087,-0.24813622774918584
Hub-attached,0.8,1.6500000000000001,0.7751996399052533,-0.25463468292419555,-0.2546346829233836
Hub-attached,0.8,1.7000000000000002,0.7702059740598094,-0.2610973011268536,-0.26109730112744306
Hub-attached,0.8,1.75,0.7652703873716036,-0.26752606005889046,-0.2675260600594487
Hub-attached,0.8,1.8,0.7603907563153749,-0.2739228247866034,-0.27392282478652386
Hub-attached,0.8,1.85,0.7555650838783396,-0.280289354218227,-0.28028935421800544
Hub-attached,0.8,1.9000000000000001,0.7507914912703078,-0.2866273072185137,-0.2866273072176953
Hub-attached,0.8,1.9500000000000002,0.746068210196101,-0.2929382483790386,-0.2929382483794231
Hub-attached,0.8,2.0,0.7413935756512354,-0.2992236534618887,-0.29922365346273405
Hub-attached,0.8,2.0500000000000003,0.736766019204601,-0.3054849145337252,-0.3054849145336337
Hub-attached,0.8,2.1,0.7321840627344176,-0.31172334480656166,-0.3117233448064578
Hub-attached,0.8,2.15,0.7276463125861278,-0.31794018320091677,-0.3179401832001683
Hub-attached,0.8,2.2,0.7231514541230977,-0.32413659864633343,-0.3241365986461333
Hub-attached,0.8,2.25,0.718698246643037,-0.33031369413359474,-0.33031369413474626
Hub-attached,0.8,2.3000000000000003,0.7142855186349607,-0.33647251053230554,-0.33647251053224203
Hub-attached,0.8,2.35,0.7099121633532802,-0.3426140301868622,-0.3426140301868177
Hub-attached,0.8,2.4000000000000004,0.705577134687244,-0.3487391803032245,-0.34873918030281786
Hub-attached,0.8,2.45,0.7012794433054942,-0.35484883613825047,-0.3548488361374774
Hub-attached,0.8,2.5,0.6970181530568912,-0.36094382400281666,-0.3609438240033441
Hub-attached,0.8,2.5500000000000003,0.6927923776101049,-0.3670249240893205,-0.367024924090168
Hub-attached,0.8,2.6,0.6886012773156756,-0.3730928731336375,-0.37309287313354644
Hub-attached,0.8,2.6500000000000004,0.68444405627538,-0.37914836692107845,-0.37914836692102194
Hub-attached,0.8,2.7,0.6803199596048121,-0.38519206264535655,-0.3851920626447842
Hub-attached,0.8,2.75,0.6762282708760492,-0.39122458112910735,-0.39122458112844755
Hub-attached,0.8,2.8000000000000003,0.6721683097281956,-0.3972465089140308,-0.39724650891476715
Hub-attached,0.8,2.85,0.6681394296344425,-0.403258400228272,-0.4032584002289761
Hub-attached,0.8,2.9000000000000004,0.6641410158150621,-0.40926077883824713,-0.4092607788381548
Hub-attached,0.8,2.95,0.6601724832865008,-0.41525413979169434,-0.41525413979163994
Hub-attached,0.8,3.0,0.6562332750373944,-0.4212389510583723,-0.42123895105784226
Hub-attached,0.8,3.0500000000000003,0.6523228603229877,-0.42721565507443165,-0.42721565507369685
Hub-attached,0.8,3.1,0.6484407330700028,-0.4331846701961676,-0.43318467019665985
Hub-attached,0.8,3.1500000000000004,0.6445864103845609,-0.4391463920685175,-0.43914639206951334
Hub-attached,0.8,3.2,0.6407594311562743,-0.4451011949133499,-0.4451011949132749
Hub-attached,0.8,3.25,0.636959354752082,-0.45104943274232046,-0.4510494327422748
Hub-attached,0.8,3.3000000000000003,0.6331857597938569,-0.45699144049876606,-0.45699144049847207
Hub-attached,0.8,3.35,0.6294382430142201,-0.4629275351328536,-0.4629275351320472
Hub-attached,0.8,3.4000000000000004,0.6257164181853625,-0.46885801661396737,-0.46885801661374804
Hub-attached,0.8,3.45,0.6220199151160524,-0.4747831688840519,-0.47478316888511396
Hub-attached,0.8,3.5,0.6183483787123112,-0.4807032607554428,-0.48070326075580466
Hub-attached,0.8,3.5500000000000003,0.6147014680975706,-0.48661854675647204,-0.48661854675637944
Hub-attached,0.8,3.6,0.6110788557883864,-0.49252926792796914,-0.4925292679279174
Hub-attached,0.8,3.6500000000000004,0.6074802269220648,-0.4984356525735767,-0.4984356525731238
Hub-attached,0.8,3.7,0.6039052785328012,-0.504337916966622,-0.5043379169658082
Hub-attached,0.8,3.75,0.600353718873153,-0.5102362660161375,-0.5102362660161217
Hub-attached,0.8,3.8000000000000003,0.5968252667778929,-0.5161308938944508,-0.5161308938955677
Hub-attached,0.8,3.85,0.5933196510674831,-0.5220219846286257,-0.5220219846289237
Hub-attached,0.8,3.9000000000000004,0.5898366099885888,-0.5279097126579118,-0.5279097126578189
Hub-attached,0.8,3.95,0.5863758906892426,-0.5337942433591962,-0.5337942433591507
Hub-attached,0.8,4.0,0.5829372487264072,-0.5396757335423746,-0.5396757335419989
Hub-attached,0.8,4.05,0.57952044760385,-0.5455543319174082,-0.5455543319165921
Hub-attached,0.8,4.1000000000000005,0.5761252583383776,-0.5514301795347479,-0.5514301795344191
Hub-attached,0.8,4.15,0.5727514590526125,-0.5573034102006856,-0.5573034102015817
Hub-attached,0.8,4.2,0.5693988345925995,-0.5631741508691326,-0.5631741508699744
Hub-attached,0.8,4.25,0.5660671761686688,-0.5690425220111889,-0.5690425220111164
Hub-attached,0.8,4.3,0.5627562810180603,-0.5749086379638277,-0.5749086379637685
Hub-attached,0.8,4.3500000000000005,0.5594659520879353,-0.580772607258907,-0.5807726072587771
Hub-attached,0.8,4.4,0.55619599773747,-0.5866345329336744,-0.5866345329330757
Hub-attached,0.8,4.45,0.5529462314578321,-0.5924945128238388,-0.5924945128230433
Hub-attached,0.8,4.5,0.5497164716089058,-0.5983526398402319,-0.5983526398402279
Hub-attached,0.8,4.55,0.5465065411717138,-0.6042090022300126,-0.6042090022310841
Hub-attached,0.8,4.6000000000000005,0.5433162675155436,-0.6100636838233214,-0.6100636838239677
Hub-attached,0.8,4.65,0.540145482178867,-0.6159167642662163,-0.6159167642661368
Hub-attached,0.8,4.7,0.5369940206631768,-0.6217683192407073,-0.6217683192406501
Hub-attached,0.8,4.75,0.5338617222389476,-0.6276184206726118,-0.6276184206724932
Hub-attached,0.8,4.800000000000001,0.5307484297629584,-0.6334671369279555,-0.6334671369274074
Hub-attached,0.8,4.8500000000000005,0.5276539895062794,-0.6393145329985593,-0.6393145329977346
Hub-attached,0.8,4.9,0.524578250992252,-0.6451606706774586,-0.6451606706771941
Hub-attached,0.8,4.95,0.5215210668438595,-0.6510056087247114,-0.6510056087255507
Hub-attached,0.8,5.0,0.5184822926399002,-0.6568494030241652,-0.6568494030251945
Hub-attached,0.8,5.050000000000001,0.5154617867794261,-0.6626921067316937,-0.662692106731652
Hub-attached,0.8,5.1000000000000005,0.512459410353944,-0.6685337704153822,-0.6685337704152929
Hub-attached,0.8,5.15,0.5094750270268976,-0.6743744421881374,-0.6743744421880963
Hub-attached,0.8,5.2,0.5065085029199976,-0.6802141678331294,-0.6802141678328786
Hub-attached,0.8,5.25,0.503559706505977,-0.6860529909224861,-0.6860529909217962
Hub-attached,0.8,5.300000000000001,0.5006285085073826,-0.6918909529296239,-0.6918909529288507
Hub-attached,0.8,5.3500000000000005,0.49771478180104606,-0.697728093335553,-0.6977280933354834
Hub-attached,0.8,5.4,0.4948184013278798,-0.703564449729526,-0.7035644497304634
Hub-attached,0.8,5.45,0.4919392440076923,-0.709400057904317,-0.7094000579053008
Hub-attached,0.8,5.5,0.489077188658712,-0.7152349519464523,-0.7152349519464171
Hub-attached,0.8,5.550000000000001,0.4862321159215431,-0.7210691643216652,-0.7210691643215739
Hub-attached,0.8,5.6000000000000005,0.48340390818729173,-0.726902725955838,-0.7269027259557974
Hub-attached,0.8,5.65,0.4805924495296071,-0.7327356663116961,-0.7327356663115258
Hub-attached,0.8,5.7,0.4777976256404171,-0.7385680134614668,-0.7385680134609053
Hub-attached,0.8,5.75,0.4750193237691312,-0.7443997941557469,-0.7443997941549341
Hub-attached,0.8,5.800000000000001,0.47225743266511216,-0.7502310338887721,-0.7502310338883202
Hub-attached,0.8,5.8500000000000005,0.4695118425232238,-0.7560617569602939,-0.7560617569607635
Hub-attached,0.8,5.9,0.4667824449322718,-0.7618919865342508,-0.761891986535381
Hub-attached,0.8,5.95,0.46406913282617296,-0.7677217446944048,-0.7677217446950132
Hub-attached,0.8,6.0,0.46137180043769616,-0.7735510524971018,-0.7735510524970347
Hub-attached,0.8,6.050000000000001,0.4586903432546173,-0.7793799300213327,-0.7793799300212525
Hub-attached,0.8,6.1000000000000005,0.45602465797816,-0.785208396416216,-0.7852083964161763
Hub-attached,0.8,6.15,0.4533746424835815,-0.7910364699460615,-0.7910364699458686
Hub-attached,0.8,6.2,0.4507401957827854,-0.796864168033134,-0.7968641680325796
Hub-attached,0.8,6.25,0.4481212179888447,-0.8026915072982435,-0.8026915072974543
Hub-attached,0.8,6.300000000000001,0.44551761028232495,-0.8085185035992788,-0.8085185035987614
Hub-attached,0.8,6.3500000000000005,0.44292927487930744,-0.8143451720677912,-0.8143451720680649
Hub-attached,0.8,6.4,0.44035611500101074,-0.8201715271437432,-0.820171527144759
Hub-attached,0.8,6.45,0.43779803484492913,-0.8259975826084986,-0.8259975826093884
Hub-attached,0.8,6.5,0.4352549395573936,-0.831823351616171,-0.8318233516161743
Hub-attached,0.8,6.550000000000001,0.43272673520748106,-0.8376488467233992,-0.8376488467233124
Hub-attached,0.8,6.6000000000000005,0.4302133287621965,-0.8434740799176377,-0.8434740799175847
Hub-attached,0.8,6.65,0.42771462806285115,-0.8492990626440494,-0.8492990626439851
Hub-attached,0.8,6.7,0.4252305418025778,-0.8551238058310593,-0.8551238058307765
Hub-attached,0.8,6.75,0.4227609795049169,-0.860948319914644,-0.860948319914033
Hub-attached,0.8,6.800000000000001,0.42030585150341143,-0.8667726148614326,-0.8667726148606831
Hub-attached,0.8,6.8500000000000005,0.41786506892216285,-0.8725967001906589,-0.8725967001902252
Hub-attached,0.8,6.9,0.41543854365728417,-0.8784205849950542,-0.878420584995341
Hub-attached,0.8,6.95,0.413026188359213,-0.8842442779607042,-0.884244277961654
Hub-attached,0.8,7.0,0.41062791641583013,-0.8900677873859448,-0.8900677873868601
Hub-attached,0.8,7.050000000000001,0.4082436419363394,-0.8958911211993426,-0.8958911211994722
Hub-attached,0.8,7.1000000000000005,0.4058732797358767,-0.9017142869767898,-0.9017142869767146
Hub-attached,0.8,7.15,0.4035167453207947,-0.9075372919577905,-0.9075372919577251
Hub-attached,0.8,7.2,0.4011739548745993,-0.9133601430609488,-0.9133601430609122
Hub-attached,0.8,7.25,0.3988448252444982,-0.9191828468987135,-0.919182846898571
Hub-attached,0.8,7.300000000000001,0.3965292739285266,-0.92500540979142,-0.9250054097910145
Hub-attached,0.8,7.3500000000000005,0.39422721906322505,-0.9308278377806517,-0.9308278377799944
Hub-attached,0.8,7.4,0.3919385794118327,-0.9366501366419749,-0.9366501366413181
Hub-attached,0.8,7.45,0.3896632743529765,-0.9424723118970573,-0.9424723118967895
Hub-attached,0.8,7.5,0.38740122386982584,-0.9482943688252131,-0.9482943688256027
Hub-attached,0.8,7.550000000000001,0.3851523485396888,-0.9541163124744033,-0.9541163124753187
Hub-attached,0.8,7.6000000000000005,0.3829165695240281,-0.9599381476717125,-0.959938147672551
Hub-attached,0.8,7.65,0.38069380855887175,-0.9657598790333372,-0.965759879033493
Hub-attached,0.8,7.7,0.37848398794560417,-0.9715815109740976,-0.9715815109740318
Hub-attached,0.8,7.75,0.37628703054211227,-0.9774030477165053,-0.9774030477164373
Hub-attached,0.8,7.800000000000001,0.3741028597542702,-0.9832244932994085,-0.9832244932993734
Hub-attached,0.8,7.8500000000000005,0.3719313995277478,-0.9890458515862274,-0.9890458515861471
Hub-attached,0.8,7.9,0.369772574340121,-0.9948671262728137,-0.994867126272553
Hub-attached,0.8,7.95,0.367626309193274,-1.0006883208949406,-1.0006883208944375
Hub-attached,0.8,8.0,0.3654925296060773,-1.0065094388354414,-1.006509438834803
Hub-attached,0.8,8.05,0.36337116160732463,-1.012330483331025,-1.012330483330515
Hub-attached,0.8,8.1,0.3612621317289214,-1.0181514574787665,-1.018151457478686
Hub-attached,0.8,8.15,0.35916536699930335,-1.0239723642423155,-1.023972364242803
Hub-attached,0.8,8.200000000000001,0.357080794937087,-1.0297932064577962,-1.029793206458661
Hub-attached,0.8,8.25,0.3550083435449275,-1.0356139868394534,-1.0356139868401815
Hub-attached,0.8,8.3,0.35294794130357854,-1.0414347079850403,-1.041434707985178
Hub-attached,0.8,8.35,0.35089951716615164,-1.047255372380943,-1.047255372380886
Hub-attached,0.8,8.4,0.34886300055254904,-1.0530759824070963,-1.0530759824070313
Hub-attached,0.8,8.450000000000001,0.34683832134408166,-1.0588965403416486,-1.058896540341612
Hub-attached,0.8,8.5,0.344825409878245,-1.0647170483654345,-1.0647170483653876
Hub-attached,0.8,8.55,0.34282419694365335,-1.070537508566247,-1.0705375085660849
Hub-attached,0.8,8.6,0.340834613775133,-1.0763579229428903,-1.0763579229425333
Hub-attached,0.8,8.65,0.3388565920489483,-1.082178293409082,-1.0821782934085507
Hub-attached,0.8,8.700000000000001,0.3368900638781718,-1.0879986217971547,-1.0879986217965985
Hub-attached,0.8,8.75,0.3349349618081798,-1.0938189098616085,-1.0938189098612578
Hub-attached,0.8,8.8,0.33299121881227595,-1.0996391592824912,-1.0996391592825532
Hub-attached,0.8,8.85,0.33105876828743275,-1.1054593716686296,-1.1054593716691552
Hub-attached,0.8,8.9,0.32913754405014073,-1.1112795485607292,-1.1112795485615141
Hub-attached,0.8,8.950000000000001,0.32722748033237536,-1.1170996914343103,-1.117099691434939
Hub-attached,0.8,9.0,0.32532851177765787,-1.1229198017025366,-1.1229198017026722
Hub-attached,0.8,9.05,0.3234405734372173,-1.128739880718911,-1.1287398807188609
Hub-attached,0.8,9.1,0.3215636007662509,-1.1345599297798383,-1.1345599297797788
Hub-attached,0.8,9.15,0.3196975296202655,-1.1403799501270986,-1.1403799501270622
Hub-attached,0.8,9.200000000000001,0.3178422962515121,-1.1461999429501912,-1.1461999429501606
Hub-attached,0.8,9.25,0.31599783730550207,-1.1520199093885752,-1.1520199093884835
Hub-attached,0.8,9.3,0.31416408981759486,-1.1578398505338308,-1.1578398505336018
Hub-attached,0.8,9.35,0.3123409912096688,-1.1636597674317029,-1.1636597674313107
Hub-attached,0.8,9.4,0.3105284792868591,-1.1694796610840674,-1.1694796610835718
Hub-attached,0.8,9.450000000000001,0.30872649223436627,-1.1752995324508078,-1.1752995324503495
Hub-attached,0.8,9.5,0.30693496861433217,-1.1811193824516009,-1.1811193824513628
Hub-attached,0.8,9.55,0.3051538473627715,-1.1869392119676523,-1.1869392119677693
Hub-attached,0.8,9.600000000000001,0.3033830677865773,-1.1927590218433104,-1.1927590218437976
Hub-attached,0.8,9.65,0.3016225695605694,-1.1985788128876589,-1.198578812888347
Hub-attached,0.8,9.700000000000001,0.2998722927246103,-1.2043985858760022,-1.2043985858765769
Hub-attached,0.8,9.75,0.29813217768076816,-1.2102183415513073,-1.210218341551491
Hub-attached,0.8,9.8,0.29640216519053303,-1.2160380806255737,-1.2160380806255338
Hub-attached,0.8,9.850000000000001,0.2946821963720818,-1.2218578037811505,-1.2218578037810963
Hub-attached,0.8,9.9,0.29297221269759377,-1.2276775116719798,-1.227677511671939
Hub-attached,0.8,9.950000000000001,0.29127215599060213,-1.233497204924823,-1.2334972049247979
Hub-attached,0.8,10.0,0.28958196842340506,-1.2393168841403785,-1.2393168841403377
Hub-attached,0.8,10.05,0.28790159251450037,-1.2451365498944136,-1.2451365498942948
Hub-attached,0.8,10.100000000000001,0.2862309711260773,-1.2509562027387928,-1.2509562027385497
Hub-attached,0.8,10.15,0.2845700474615366,-1.2567758432024974,-1.2567758432021285
Hub-attached,0.8,10.200000000000001,0.28291876506305247,-1.2625954717925847,-1.262595471792151
Hub-attached,0.8,10.25,0.28127706780917,-1.2684150889951136,-1.268415088994728
Hub-attached,0.8,10.3,0.27964489991243746,-1.274234695276025,-1.2742346952758214
Hub-attached,0.8,10.350000000000001,0.2780222059170728,-1.2800542910819872,-1.2800542910820683
Hub-attached,0.8,10.4,0.27640893069666184,-1.285873876841205,-1.2858738768415883
Hub-attached,0.8,10.450000000000001,0.2748050194518883,-1.2916934529641952,-1.2916934529647757
Hub-attached,0.8,10.5,0.273210417708295,-1.2975130198445242,-1.2975130198450848
Hub-attached,0.8,10.55,0.27162507131407243,-1.303332577859522,-1.3033325778598226
Hub-attached,0.8,10.600000000000001,0.270048926437878,-1.3091521273709577,-1.3091521273709514
Hub-attached,0.8,10.65,0.26848192956668143,-1.31497166872569,-1.3149716687256499
Hub-attached,0.8,10.700000000000001,0.2669240275036365,-1.3207912022562933,-1.32079120225625
Hub-attached,0.8,10.75,0.26537516736597916,-1.3266107282816508,-1.3266107282816217
Hub-attached,0.8,10.8,0.2638352965829509,-1.3324302471075258,-1.3324302471075065
Hub-attached,0.8,10.850000000000001,0.2623043628937455,-1.3382497590271079,-1.3382497590270659
Hub-attached,0.8,10.9,0.2607823143454794,-1.344069264321538,-1.3440692643214291
Hub-attached,0.8,10.950000000000001,0.259269099291185,-1.3498887632604095,-1.3498887632602006
Hub-attached,0.8,11.0,0.25776466638782713,-1.3557082561022453,-1.355708256101936
Hub-attached,0.8,11.05,0.2562689645943377,-1.3615277430949637,-1.3615277430945936
Hub-attached,0.8,11.100000000000001,0.2547819431696759,-1.3673472244763114,-1.3673472244759586
Hub-attached,0.8,11.15,0.2533035516709047,-1.373166700474291,-1.3731667004740529
Hub-attached,0.8,11.200000000000001,0.2518337399512887,-1.3789861713075633,-1.3789861713075275
Hub-attached,0.8,11.25,0.25037245815841175,-1.3848056371858337,-1.3848056371860427
Hub-attached,0.8,11.3,0.248919656732312,-1.3906250983102244,-1.3906250983106463
Hub-attached,0.8,11.350000000000001,0.24747528640363634,-1.3964445548736268,-1.396444554874146
Hub-attached,0.8,11.4,0.24603929819181142,-1.4022640070610457,-1.4022640070614845
Hub-attached,0.8,11.450000000000001,0.24461164340323294,-1.4080834550499228,-1.4080834550501227
Hub-attached,0.8,11.5,0.24319227362947168,-1.4139028990104492,-1.4139028990104296
Hub-attached,0.8,11.55,0.24178114074549556,-1.4197223391058655,-1.4197223391058316
Hub-attached,0.8,11.600000000000001,0.24037819690790815,-1.4255417754927484,-1.4255417754927113
Hub-attached,0.8,11.65,0.23898339455320314,-1.4313612083212846,-1.431361208321258
Hub-attached,0.8,11.700000000000001,0.23759668639603373,-1.4371806377355347,-1.4371806377355187
Hub-attached,0.8,11.75,0.23621802542749729,-1.4430000638736857,-1.4430000638736602
Hub-attached,0.8,11.8,0.23484736491343447,-1.4488194868682935,-1.448819486868227
Hub-attached,0.8,11.850000000000001,0.23348465839274352,-1.4546389068465124,-1.454638906846376
Hub-attached,0.8,11.9,0.23212985967570773,-1.460458323930319,-1.4604583239300999
Hub-attached,0.8,11.950000000000001,0.23078292284233742,-1.4662777382367238,-1.4662777382364343
Hub-attached,0.8,12.0,0.22944380224072494,-1.472097149877976,-1.472097149877656
Hub-attached,0.8,12.05,0.2281124524854129,-1.4779165589617602,-1.4779165589614713
Hub-attached,0.8,12.100000000000001,0.2267888284557768,-1.4837359655913795,-1.4837359655911937
Hub-attached,0.8,12.15,0.22547288529441792,-1.489555369865941,-1.4895553698659176
Hub-attached,0.8,12.200000000000001,0.22416457840557139,-1.4953747718805221,-1.4953747718806905
Hub-attached,0.8,12.25,0.222863863453525,-1.5011941717263388,-1.5011941717266801
Hub-attached,0.8,12.3,0.2215706963610499,-1.5070135694909048,-1.5070135694913425
Hub-attached,0.8,12.350000000000001,0.22028503330784477,-1.5128329652581798,-1.5128329652585923
Hub-attached,0.8,12.4,0.21900683072899024,-1.5186523591087167,-1.518652359108976
Hub-attached,0.8,12.450000000000001,0.21773604531341495,-1.5244717511198023,-1.5244717511198531
Hub-attached,0.8,12.5,0.21647263400237413,-1.530291141365587,-1.5302911413655629
Hub-attached,0.8,12.55,0.2152165539879373,-1.5361105299172184,-1.5361105299171876
Hub-attached,0.8,12.600000000000001,0.21396776271148918,-1.5419299168429585,-1.5419299168429288
Hub-attached,0.8,12.65,0.21272621786223994,-1.5477493022083033,-1.5477493022082836
Hub-attached,0.8,12.700000000000001,0.21149187737574596,-1.553568686076098,-1.5535686860760851
Hub-attached,0.8,12.75,0.210264699432442,-1.5593880685066426,-1.559388068506621
Hub-attached,0.8,12.8,0.20904464245618315,-1.5652074495577966,-1.5652074495577444
Hub-attached,0.8,12.850000000000001,0.20783166511279727,-1.5710268292850775,-1.5710268292849736
Hub-attached,0.8,12.9,0.20662572630864667,-1.5768462077417587,-1.5768462077415906
Hub-attached,0.8,12.950000000000001,0.20542678518920124,-1.5826655849789566,-1.5826655849787288
Hub-attached,0.8,13.0,0.20423480113761944,-1.588484961045723,-1.5884849610454572
Hub-attached,0.8,13.05,0.20304973377334015,-1.5943043359891278,-1.5943043359888618
Hub-attached,0.8,13.100000000000001,0.20187154295068477,-1.6001237098543357,-1.6001237098541181
Hub-attached,0.8,13.15,0.20070018875746623,-1.6059430826846903,-1.6059430826845698
Hub-attached,0.8,13.200000000000001,0.19953563151360992,-1.6117624545217832,-1.6117624545217974
Hub-attached,0.8,13.25,0.19837783176978258,-1.617581825405526,-1.61758182540569
Hub-attached,0.8,13.3,0.19722675030602987,-1.6234011953742213,-1.6234011953745155
Hub-attached,0.8,13.350000000000001,0.1960823481304241,-1.629220564464624,-1.6292205644649935
Hub-attached,0.8,13.4,0.19494458647771978,-1.6350399327120075,-1.635039932712367
Hub-attached,0.8,13.450000000000001,0.19381342680801847,-1.6408593001502214,-1.640859300150478
Hub-attached,0.8,13.5,0.19268883080544205,-1.6466786668117515,-1.6466786668118472
Hub-attached,0.8,13.55,0.19157076037681478,-1.6524980327277732,-1.6524980327277552
Hub-attached,0.8,13.600000000000001,0.19045917765035392,-1.658317397928205,-1.658317397928182
Hub-attached,0.8,13.65,0.18935404497436817,-1.664136762441761,-1.664136762441735
Hub-attached,0.8,13.700000000000001,0.18825532491596514,-1.6699561262959977,-1.669956126295976
Hub-attached,0.8,13.75,0.18716298025976688,-1.6757754895173609,-1.675775489517347
Hub-attached,0.8,13.8,0.18607697400663292,-1.6815948521312334,-1.6815948521312227
Hub-attached,0.8,13.850000000000001,0.18499726937239264,-1.6874142141619732,-1.687414214161955
Hub-attached,0.8,13.9,0.18392382978658384,-1.6932335756329615,-1.6932335756329198
Hub-attached,0.8,13.950000000000001,0.18285661889120142,-1.6990529365666351,-1.6990529365665556
Hub-attached,0.8,14.0,0.1817956005394517,-1.704872296984531,-1.7048722969844037
Hub-attached,0.8,14.05,0.18074073879451652,-1.7106916569073172,-1.7106916569071424
Hub-attached,0.8,14.100000000000001,0.17969199792832302,-1.7165110163548334,-1.7165110163546207
Hub-attached,0.8,14.15,0.17864934242032335,-1.722330375346118,-1.72233037534589
Hub-attached,0.8,14.200000000000001,0.17761273695627947,-1.7281497338994471,-1.728149733899234
Hub-attached,0.8,14.25,0.1765821464270576,-1.73396909203236,-1.7339690920321962
Hub-attached,0.8,14.3,0.1755575359274285,-1.7397884497616931,-1.7397884497616112
Hub-attached,0.8,14.350000000000001,0.17453887075487615,-1.7456078071036056,-1.745607807103629
Hub-attached,0.8,14.4,0.1735261164084137,-1.7514271640736059,-1.7514271640737427
Hub-attached,0.8,14.450000000000001,0.1725192385874055,-1.757246520686582,-1.7572465206868197
Hub-attached,0.8,14.5,0.171518203190398,-1.763065876956822,-1.763065876957125
Hub-attached,0.8,14.55,0.1705229763139563,-1.768885232898042,-1.7688852328983544
Hub-attached,0.8,14.600000000000001,0.16953352425150864,-1.7747045885234083,-1.7747045885236639
Hub-attached,0.8,14.65,0.1685498134921985,-1.780523943845554,-1.7805239438457
Hub-attached,0.8,14.700000000000001,0.16757181071974112,-1.7863432988766113,-1.7863432988766368
Hub-attached,0.8,14.75,0.16659948281129036,-1.7921626536282207,-1.7921626536282045
Hub-attached,0.8,14.8,0.1656327968363093,-1.7979820081115607,-1.7979820081115403
Hub-attached,0.8,14.850000000000001,0.1646717200554506,-1.8038013623373557,-1.8038013623373341
Hub-attached,0.8,14.9,0.16371621991944052,-1.809620716315904,-1.8096207163158866
Hub-attached,0.8,14.950000000000001,0.162766264067972,-1.8154400700570898,-1.815440070057079
Hub-attached,0.8,15.0,0.1618218203286034,-1.821259423570402,-1.8212594235703947
Hub-attached,0.8,15.05,0.16088285671566394,-1.8270787768649486,-1.827078776864937
Hub-attached,0.8,15.100000000000001,0.15994934142916623,-1.8328981299494707,-1.8328981299494456
Hub-attached,0.8,15.15,0.15902124285372413,-1.8387174828323611,-1.838717482832312
Hub-attached,0.8,15.200000000000001,0.15809852955747788,-1.8445368355216774,-1.844536835521595
Hub-attached,0.8,15.25,0.15718117029102638,-1.8503561880251511,-1.8503561880250328
Hub-attached,0.8,15.3,0.15626913398636372,-1.8561755403502076,-1.856175540350054
Hub-attached,0.8,15.350000000000001,0.15536238975582453,-1.8619948925039713,-1.8619948925037926
Hub-attached,0.8,15.4,0.15446090689103345,-1.8678142444932844,-1.8678142444930959
Hub-attached,0.8,15.450000000000001,0.15356465486186222,-1.8736335963247142,-1.8736335963245359
Hub-attached,0.8,15.5,0.15267360331539254,-1.8794529480045645,-1.8794529480044195
Hub-attached,0.8,15.55,0.1517877220748848,-1.8852722995388884,-1.8852722995387983
Hub-attached,0.8,15.600000000000001,0.15090698113875378,-1.8910916509334939,-1.8910916509334776
Hub-attached,0.8,15.65,0.15003135067954904,-1.8969110021939584,-1.8969110021940259
Hub-attached,0.8,15.700000000000001,0.14916080104294246,-1.9027303533256366,-1.9027303533257864
Hub-attached,0.8,15.75,0.14829530274672154,-1.908549704333668,-1.9085497043338855
Hub-attached,0.8,15.8,0.14743482647978814,-1.914369055222989,-1.9143690552232435
Hub-attached,0.8,15.850000000000001,0.14657934310116447,-1.9201884059983332,-1.9201884059985872
Hub-attached,0.8,15.9,0.1457288236390026,-1.9260077566642497,-1.9260077566644593
Hub-attached,0.8,15.950000000000001,0.14488323928960223,-1.931827107225104,-1.9318271072252333
Hub-attached,0.8,16.0,0.14404256141643287,-1.9376464576850871,-1.9376464576851253
Hub-attached,0.8,16.05,0.14320676154916182,-1.943465808048224,-1.9434658080482106
Hub-attached,0.8,16.1,0.14237581138268912,-1.9492851583183755,-1.9492851583183604
Hub-attached,0.8,16.150000000000002,0.14154968277618601,-1.955104508499251,-1.9551045084992338
Hub-attached,0.8,16.2,0.14072834775214121,-1.9609238585944098,-1.9609238585943936
Hub-attached,0.8,16.25,0.13991177849541114,-1.9667432086072707,-1.9667432086072587
Hub-attached,0.8,16.3,0.13909994735227688,-1.9725625585411157,-1.9725625585411075
Hub-attached,0.8,16.35,0.13829282682950625,-1.978381908399094,-1.978381908399088
Hub-attached,0.8,16.400000000000002,0.13749038959342097,-1.9842012581842305,-1.9842012581842214
Hub-attached,0.8,16.45,0.13669260846897022,-1.9900206078994271,-1.9900206078994098
Hub-attached,0.8,16.5,0.13589945643880816,-1.995839957547474,-1.9958399575474408
Hub-attached,0.8,16.55,0.13511090664237863,-2.0016593071310473,-2.001659307130992
Hub-attached,0.8,16.6,0.1343269323750044,-2.007478656652715,-2.0074786566526344
Hub-attached,0.8,16.650000000000002,0.1335475070869811,-2.0132980061149444,-2.0132980061148382
Hub-attached,0.8,16.7,0.13277260438267716,-2.0191173555201045,-2.019117355519975
Hub-attached,0.8,16.75,0.1320021980196394,-2.024936704870469,-2.0249367048703233
Hub-attached,0.8,16.8,0.13123626190770268,-2.030756054168222,-2.03075605416807
Hub-attached,0.8,16.85,0.13047477010810649,-2.036575403415458,-2.036575403415313
Hub-attached,0.8,16.900000000000002,0.1297176968326144,-2.0423947526141895,-2.042394752614067
Hub-attached,0.8,16.95,0.12896501644264063,-2.048214101766349,-2.0482141017662627
Hub-attached,0.8,17.0,0.12821670344838096,-2.054033450873791,-2.0540334508737548
Hub-attached,0.8,17.05,0.12747273250794827,-2.0598527999382994,-2.0598527999383194
Hub-attached,0.8,17.1,0.12673307842651477,-2.06567214896158,-2.0656721489616605
Hub-attached,0.8,17.150000000000002,0.12599771615545677,-2.0714914979452757,-2.0714914979454133
Hub-attached,0.8,17.2,0.12526662079150613,-2.077310846890964,-2.0773108468911454
Hub-attached,0.8,17.25,0.12453976757590675,-2.0831301958001576,-2.0831301958003636
Hub-attached,0.8,17.3,0.12381713189357509,-2.08894954467431,-2.0889495446745148
Hub-attached,0.8,17.35,0.1230986892722662,-2.0947688935148157,-2.0947688935149915
Hub-attached,0.8,17.400000000000002,0.12238441538174429,-2.1005882423230138,-2.100588242323137
Hub-attached,0.8,17.45,0.12167428603295821,-2.1064075911001905,-2.106407591100248
Hub-attached,0.8,17.5,0.12096827717722168,-2.112226939847583,-2.112226939847584
Hub-attached,0.8,17.55,0.12026636490539919,-2.118046288566374,-2.1180462885663625
Hub-attached,0.8,17.6,0.11956852544709481,-2.1238656372577025,-2.1238656372576896
Hub-attached,0.8,17.650000000000002,0.11887473516984738,-2.1296849859226614,-2.1296849859226477
Hub-attached,0.8,17.7,0.1181849705783296,-2.1355043345623,-2.1355043345622877
Hub-attached,0.8,17.75,0.11749920831355201,-2.1413236831776263,-2.141323683177617
Hub-attached,0.8,17.8,0.11681742515207129,-2.1471430317696094,-2.1471430317696023
Hub-attached,0.8,17.85,0.1161395980052043,-2.1529623803391753,-2.1529623803391704
Hub-attached,0.8,17.900000000000002,0.11546570391824475,-2.158781728887217,-2.158781728887212
Hub-attached,0.8,17.95,0.11479572006968619,-2.1646010774145905,-2.164601077414582
Hub-attached,0.8,18.0,0.11412962377044848,-2.170420425922119,-2.170420425922103
Hub-attached,0.8,18.05,0.11346739246310925,-2.1762397744105932,-2.1762397744105644
Hub-attached,0.8,18.1,0.11280900372114046,-2.1820591228807666,-2.182059122880724
Hub-attached,0.8,18.150000000000002,0.11215443524814679,-2.1878784713333723,-2.1878784713333115
Hub-attached,0.8,18.2,0.11150366487711254,-2.1936978197691053,-2.1936978197690267
Hub-attached,0.8,18.25,0.11085667056964901,-2.199517168188638,-2.1995171681885433
Hub-attached,0.8,18.3,0.11021343041524864,-2.2053365165926153,-2.2053365165925074
Hub-attached,0.8,18.35,0.10957392263054296,-2.2111558649816545,-2.21115586498154
Hub-attached,0.8,18.400000000000002,0.1089381255585639,-2.2169752133563523,-2.2169752133562364
Hub-attached,0.8,18.45,0.10830601766801128,-2.222794561717277,-2.2227945617171683
Hub-attached,0.8,18.5,0.10767757755252277,-2.2286139100649747,-2.228613910064884
Hub-attached,0.8,18.55,0.10705278392994835,-2.2344332583999744,-2.2344332583999087
Hub-attached,0.8,18.6,0.1064316156416305,-2.2402526067227795,-2.2402526067227466
Hub-attached,0.8,18.650000000000002,0.10581405165168656,-2.246071955033876,-2.2460719550338806
Hub-attached,0.8,18.7,0.10520007104629704,-2.2518913033337267,-2.2518913033337733
Hub-attached,0.8,18.75,0.1045896530329961,-2.2577106516227814,-2.257710651622868
Hub-attached,0.8,18.8,0.10398277693996819,-2.2635299999014693,-2.26352999990159
Hub-attached,0.8,18.85,0.10337942221534792,-2.2693493481701994,-2.2693493481703477
Hub-attached,0.8,18.900000000000002,0.10277956842652275,-2.2751686964293723,-2.2751686964295326
Hub-attached,0.8,18.95,0.1021831952594426,-2.2809880446793644,-2.2809880446795225
Hub-attached,0.8,19.0,0.10159028251793066,-2.2868073929205397,-2.28680739292068
Hub-attached,0.8,19.05,0.1010008101229991,-2.292626741153253,-2.292626741153358
Hub-attached,0.8,19.1,0.10041475811217031,-2.298446089377836,-2.2984460893778986
Hub-attached,0.8,19.150000000000002,0.0998321066387993,-2.3042654375946148,-2.3042654375946348
Hub-attached,0.8,19.200000000000003,0.0992528359714023,-2.3100847858039,-2.3100847858038933
Hub-attached,0.8,19.25,0.09867692649298869,-2.3159041340059865,-2.315904134005979
Hub-attached,0.8,19.3,0.09810435870039567,-2.321723482201162,-2.3217234822011537
Hub-attached,0.8,19.35,0.09753511320362834,-2.327542830389702,-2.3275428303896932
Hub-attached,0.8,19.400000000000002,0.0969691707252031,-2.333362178571868,-2.3333621785718606
Hub-attached,0.8,19.450000000000003,0.09640651209949394,-2.339181526747917,-2.3391815267479092
Hub-attached,0.8,19.5,0.09584711827208478,-2.3450008749180853,-2.3450008749180817
Hub-attached,0.8,19.55,0.0952909702991219,-2.3508202230826147,-2.350820223082611
Hub-attached,0.8,19.6,0.09473804934667489,-2.3566395712417236,-2.3566395712417214
Hub-attached,0.8,19.650000000000002,0.09418833669009681,-2.362458919395629,-2.362458919395626
Hub-attached,0.8,19.700000000000003,0.09364181371339088,-2.368278267544538,-2.3682782675445324
Hub-attached,0.8,19.75,0.09309846190857993,-2.3740976156886484,-2.3740976156886378
Hub-attached,0.8,19.8,0.0925582628750793,-2.3799169638281517,-2.3799169638281343
Hub-attached,0.8,19.85,0.09202119831907382,-2.385736311963232,-2.385736311963204
Hub-attached,0.8,19.900000000000002,0.09148725005289884,-2.39155566009406,-2.3915556600940233
Hub-attached,0.8,19.950000000000003,0.09095639999442251,-2.397375008220812,-2.3973750082207617
Hub-attached,0.8,20.0,0.09042863016643592,-2.403194356343641,-2.403194356343582
Hub-attached,0.8,20.05,0.08990392269604143,-2.4090137044627107,-2.4090137044626414
Hub-attached,0.8,20.1,0.08938225981404982,-2.4148330525781674,-2.41483305257809
Hub-attached,0.8,20.150000000000002,0.08886362385437709,-2.420652400690155,-2.4206524006900727
Hub-attached,0.8,20.200000000000003,0.08834799725344661,-2.426471748798811,-2.4264717487987273
Hub-attached,0.8,20.25,0.08783536254959426,-2.432291096904267,-2.4322910969041867
Hub-attached,0.8,20.3,0.08732570238247689,-2.4381104450066515,-2.438110445006579
Hub-attached,0.8,20.35,0.0868189994924847,-2.443929793106085,-2.443929793106026
Hub-attached,0.8,20.400000000000002,0.08631523672015627,-2.449749141202686,-2.449749141202644
Hub-attached,0.8,20.450000000000003,0.08581439700559793,-2.4555684892965663,-2.455568489296546
Hub-attached,0.8,20.5,0.08531646338790558,-2.4613878373878335,-2.4613878373878375
Hub-attached,0.8,20.55,0.08482141900459042,-2.4672071854765925,-2.467207185476622
Hub-attached,0.8,20.6,0.08432924709100798,-2.473026533562942,-2.473026533562998
Hub-attached,0.8,20.650000000000002,0.08383993097979023,-2.4788458816469787,-2.478845881647058
Hub-attached,0.8,20.700000000000003,0.08335345410028122,-2.4846652297287934,-2.4846652297288934
Hub-attached,0.8,20.75,0.0828697999779758,-2.4904845778084743,-2.490484577808588
Hub-attached,0.8,20.8,0.08238895223396168,-2.4963039258861066,-2.4963039258862265
Hub-attached,0.8,20.85,0.08191089458436483,-2.5021232739617716,-2.5021232739618897
Hub-attached,0.8,20.900000000000002,0.0814356108397979,-2.5079426220355474,-2.5079426220356535
Hub-attached,0.8,20.950000000000003,0.0809630849048121,-2.5137619701075087,-2.5137619701075953
Hub-attached,0.8,21.0,0.08049330077735199,-2.519581318177727,-2.5195813181777873
Hub-attached,0.8,21.05,0.08002624254821339,-2.525400666246273,-2.525400666246305
Hub-attached,0.8,21.1,0.07956189440050508,-2.531220014313212,-2.53122001431322
Hub-attached,0.8,21.150000000000002,0.07910024060911261,-2.537039362378609,-2.5370393623786067
Hub-attached,0.8,21.200000000000003,0.07864126554016618,-2.5428587104425238,-2.542858710442521
Hub-attached,0.8,21.25,0.07818495365051094,-2.548678058505015,-2.548678058505012
Hub-attached,0.8,21.3,0.07773128948718046,-2.554497406566141,-2.5544974065661377
Hub-attached,0.8,21.35,0.07728025768687403,-2.560316754625954,-2.560316754625951
Hub-attached,0.8,21.400000000000002,0.07683184297543558,-2.5661361026845073,-2.566136102684505
Hub-attached,0.8,21.450000000000003,0.07638603016733696,-2.5719554507418505,-2.5719554507418496
Hub-attached,0.8,21.5,0.07594280416516343,-2.5777747987980315,-2.5777747987980315
Hub-attached,0.8,21.55,0.07550214995910245,-2.583594146853097,-2.583594146853098
Hub-attached,0.8,21.6,0.07506405262643533,-2.5894134949070913,-2.589413494907093
Hub-attached,0.8,21.650000000000002,0.07462849733103197,-2.595232842960056,-2.5952328429600575
Hub-attached,0.8,21.700000000000003,0.07419546932284829,-2.6010521910120326,-2.6010521910120326
Hub-attached,0.8,21.75,0.07376495393742674,-2.6068715390630595,-2.6068715390630572
Hub-attached,0.8,21.8,0.07333693659539962,-2.612690887113176,-2.61269088711317
Hub-attached,0.8,21.85,0.07291140280199562,-2.6185102351624168,-2.6185102351624066
Hub-attached,0.8,21.900000000000002,0.07248833814654856,-2.6243295832108178,-2.624329583210802
Hub-attached,0.8,21.950000000000003,0.07206772830200975,-2.630148931258411,-2.6301489312583892
Hub-attached,0.8,22.0,0.0716495590244624,-2.6359682793052293,-2.635968279305201
Hub-attached,0.8,22.05,0.07123381615263952,-2.641787627351304,-2.6417876273512686
Hub-attached,0.8,22.1,0.07082048560744446,-2.6476069753966627,-2.6476069753966214
Hub-attached,0.8,22.150000000000002,0.07040955339147359,-2.6534263234413356,-2.653426323441289
Hub-attached,0.8,22.200000000000003,0.07000100558854279,-2.6592456714853503,-2.659245671485298
Hub-attached,0.8,22.25,0.06959482836321619,-2.66506501952873,-2.6650650195286754
Hub-attached,0.8,22.3,0.06919100796033699,-2.670884367571503,-2.6708843675714466
Hub-attached,0.8,22.35,0.06878953070456242,-2.676703715613692,-2.676703715613637
Hub-attached,0.8,22.400000000000002,0.06839038299990019,-2.682523063655321,-2.682523063655269
Hub-attached,0.8,22.450000000000003,0.06799355132924813,-2.6883424116964107,-2.688342411696364
Hub-attached,0.8,22.5,0.06759902225393649,-2.6941617597369834,-2.6941617597369456
Hub-attached,0.8,22.55,0.06720678241327263,-2.699981107777061,-2.6999811077770324
Hub-attached,0.8,22.6,0.06681681852408902,-2.7058004558166604,-2.7058004558166444
Hub-attached,0.8,22.650000000000002,0.06642911738029283,-2.7116198038558026,-2.7116198038558
Hub-attached,0.8,22.700000000000003,0.06604366585241912,-2.717439151894505,-2.7174391518945167
Hub-attached,0.8,22.75,0.0656604508871861,-2.7232584999327845,-2.7232584999328115
Hub-attached,0.8,22.8,0.06527945950705286,-2.7290778479706588,-2.7290778479707005
Hub-attached,0.8,22.85,0.06490067880978019,-2.734897196008144,-2.734897196008199
Hub-attached,0.8,22.900000000000002,0.06452409596799352,-2.7407165440452554,-2.7407165440453216
Hub-attached,0.8,22.950000000000003,0.06414969822874857,-2.746535892082007,-2.7465358920820826
Hub-attached,0.8,23.0,0.0637774729130993,-2.7523552401184137,-2.7523552401184945
Hub-attached,0.8,23.05,0.06340740741566868,-2.75817458815449,-2.758174588154571
Hub-attached,0.8,23.1,0.06303948920422188,-2.7639939361902472,-2.7639939361903254
Hub-attached,0.8,23.150000000000002,0.06267370581924162,-2.7698132842257,-2.7698132842257697
Hub-attached,0.8,23.200000000000003,0.062310044873506484,-2.775632632260859,-2.775632632260917
Hub-attached,0.8,23.25,0.06194849405167137,-2.7814519802957354,-2.781451980295779
Hub-attached,0.8,23.3,0.0615890411098501,-2.7872713283303425,-2.7872713283303696
Hub-attached,0.8,23.35,0.061231673875201335,-2.79309067636469,-2.793090676364702
Hub-attached,0.8,23.400000000000002,0.06087638024551597,-2.7989100243987877,-2.798910024398789
Hub-attached,0.8,23.450000000000003,0.060523148188807406,-2.804729372432645,-2.804729372432645
Hub-attached,0.8,23.5,0.06017196574290401,-2.8105487204662722,-2.8105487204662722
Hub-attached,0.8,23.55,0.059822821015044,-2.8163680684996795,-2.816368068499679
Hub-attached,0.8,23.6,0.05947570218147294,-2.822187416532874,-2.8221874165328735
Hub-attached,0.8,23.650000000000002,0.05913059748704303,-2.8280067645658646,-2.828006764565864
Hub-attached,0.8,23.700000000000003,0.05878749524481516,-2.83382611259866,-2.83382611259866
Hub-attached,0.8,23.75,0.058446383835663154,-2.839645460631267,-2.839645460631267
Hub-attached,0.8,23.8,0.058107251707880114,-2.8454648086636944,-2.845464808663695
Hub-attached,0.8,23.85,0.05777008737678755,-2.851284156695948,-2.851284156695949
Hub-attached,0.8,23.900000000000002,0.05743487942434612,-2.857103504728035,-2.857103504728036
Hub-attached,0.8,23.950000000000003,0.05710161649876915,-2.862922852759961,-2.8629228527599637
Hub-attached,0.8,24.0,0.056770287314138024,-2.8687422007917345,-2.868742200791737
Hub-attached,0.8,24.05,0.05644088065002023,-2.8745615488233605,-2.874561548823363
Hub-attached,0.8,24.1,0.05611338535108918,-2.8803808968548457,-2.880380896854847
Hub-attached,0.8,24.150000000000002,0.05578779032674662,-2.8862002448861945,-2.8862002448861945
Hub-attached,0.8,24.200000000000003,0.055464084550746875,-2.8920195929174124,-2.892019592917411
Hub-attached,0.8,24.25,0.05514225706082348,-2.897838940948505,-2.8978389409485015
Hub-attached,0.8,24.3,0.05482229695831802,-2.903658288979477,-2.9036582889794715
Hub-attached,0.8,24.35,0.05450419340781091,-2.909477637010334,-2.9094776370103252
Hub-attached,0.8,24.400000000000002,0.0541879356367547,-2.91529698504108,-2.915296985041068
Hub-attached,0.8,24.450000000000003,0.053873512935108996,-2.9211163330717187,-2.9211163330717036
Hub-attached,0.8,24.5,0.053560914654977906,-2.926935681102255,-2.9269356811022367
Hub-attached,0.8,24.55,0.05325013021024941,-2.9327550291326925,-2.9327550291326716
Hub-attached,0.8,24.6,0.052941149076236795,-2.938574377163037,-2.9385743771630124
Hub-attached,0.8,24.650000000000002,0.05263396078932249,-2.9443937251932897,-2.9443937251932626
Hub-attached,0.8,24.700000000000003,0.052328554946603364,-2.950213073223456,-2.950213073223427
Hub-attached,0.8,24.75,0.05202492120553875,-2.956032421253538,-2.956032421253507
Hub-attached,0.8,24.8,0.05172304928359989,-2.96185176928354,-2.9618517692835087
Hub-attached,0.8,24.85,0.05142292895792206,-2.9676711173134644,-2.9676711173134334
Hub-attached,0.8,24.900000000000002,0.05112455006495803,-2.973490465343315,-2.973490465343285
Hub-attached,0.8,24.950000000000003,0.050827902500134144,-2.979309813373094,-2.9793098133730664
Hub-attached,0.8,25.0,0.05053297621750796,-2.9851291614028046,-2.98512916140278
Hub-attached,0.8,25.05,0.05023976122942806,-2.9909485094324513,-2.9909485094324295
Hub-attached,0.8,25.1,0.049948247606196074,-2.9967678574620336,-2.9967678574620167
Hub-attached,0.8,25.150000000000002,0.04965842547572997,-3.002587205491556,-3.002587205491545
Hub-attached,0.8,25.200000000000003,0.049370285023230105,-3.00840655352102,-3.008406553521015
Hub-attached,0.8,25.25,0.04908381649084671,-3.0142259015504274,-3.0142259015504296
Hub-attached,0.8,25.3,0.048799010177349285,-3.0200452495797827,-3.020045249579791
Hub-attached,0.8,25.35,0.04851585643779847,-3.0258645976090857,-3.025864597609101
Hub-attached,0.8,25.400000000000002,0.04823434568321901,-3.031683945638339,-3.031683945638362
Hub-attached,0.8,25.450000000000003,0.04795446838027522,-3.0375032936675446,-3.037503293667575
Hub-attached,0.8,25.5,0.047676215050948136,-3.0433226416967045,-3.0433226416967414
Hub-attached,0.8,25.55,0.04739957627221443,-3.049141989725822,-3.049141989725863
Hub-attached,0.8,25.6,0.047124542675727535,-3.0549613377548965,-3.0549613377549423
Hub-attached,0.8,25.650000000000002,0.04685110494750015,-3.0607806857839304,-3.060780685783979
Hub-attached,0.8,25.700000000000003,0.0465792538275889,-3.0666000338129256,-3.0666000338129757
Hub-attached,0.8,25.75,0.046308980109780774,-3.0724193818418835,-3.0724193818419328
Hub-attached,0.8,25.8,0.046040274641281284,-3.0782387298708067,-3.0782387298708525
Hub-attached,0.8,25.85,0.04577312832240476,-3.084058077899694,-3.084058077899736
Hub-attached,0.8,25.900000000000002,0.04550753210626572,-3.0898774259285493,-3.0898774259285857
Hub-attached,0.8,25.950000000000003,0.045243476998472996,-3.095696773957372,-3.095696773957402
Hub-attached,0.8,26.0,0.04498095405682478,-3.101516121986165,-3.1015161219861866
Hub-attached,0.8,26.05,0.04471995439100592,-3.1073354700149296,-3.107335470014943
Hub-attached,0.8,26.1,0.04446046916228707,-3.1131548180436646,-3.1131548180436726
Hub-attached,0.8,26.150000000000002,0.04420248958322487,-3.1189741660723738,-3.118974166072377
Hub-attached,0.8,26.200000000000003,0.04394600691736487,-3.1247935141010563,-3.124793514101059
Hub-attached,0.8,26.25,0.043691012478945336,-3.130612862129714,-3.1306128621297167
Hub-attached,0.8,26.3,0.04343749763260321,-3.1364322101583486,-3.136432210158351
Hub-attached,0.8,26.35,0.04318545379308181,-3.1422515581869597,-3.1422515581869623
Hub-attached,0.8,26.400000000000002,0.0429348724249398,-3.1480709062155494,-3.1480709062155516
Hub-attached,0.8,26.450000000000003,0.042685745042262455,-3.1538902542441174,-3.1538902542441196
Hub-attached,0.8,26.5,0.042438063208374045,-3.159709602272665,-3.1597096022726676
Hub-attached,0.8,26.55,0.04219181853555219,-3.165528950301194,-3.165528950301196
Hub-attached,0.8,26.6,0.041947002684743974,-3.171348298329703,-3.171348298329706
Hub-attached,0.8,26.650000000000002,0.041703607365283266,-3.177167646358195,-3.177167646358198
Hub-attached,0.8,26.700000000000003,0.04146162433461018,-3.1829869943866687,-3.182986994386672
Hub-attached,0.8,26.75,0.04122104539799182,-3.188806342415126,-3.1888063424151296
Hub-attached,0.8,26.8,0.04098186240824481,-3.194625690443568,-3.1946256904435715
Hub-attached,0.8,26.85,0.04074406726545939,-3.2004450384719947,-3.2004450384719982
Hub-attached,0.8,26.900000000000002,0.04050765191672517,-3.2062643865004063,-3.20626438650041
Hub-attached,0.8,26.950000000000003,0.04027260835585823,-3.2120837345288047,-3.2120837345288082
Hub-attached,0.8,27.0,0.04003892862313033,-3.2179030825571875,-3.217903082557192
Hub-attached,0.8,27.05,0.039806604804998834,-3.2237224305855596,-3.2237224305855623
Hub-attached,0.8,27.1,0.03957562903383935,-3.229541778613918,-3.2295417786139207
Hub-attached,0.8,27.150000000000002,0.039345993487678796,-3.235361126642264,-3.235361126642267
Hub-attached,0.8,27.200000000000003,0.03911769038993067,-3.241180474670599,-3.2411804746706014
Hub-attached,0.8,27.25,0.03889071200913183,-3.2469998226989225,-3.2469998226989243
Hub-attached,0.8,27.3,0.0386650506586804,-3.2528191707272365,-3.252819170727237
Hub-attached,0.8,27.35,0.03844069869657575,-3.2586385187555402,-3.25863851875554
Hub-attached,0.8,27.400000000000002,0.03821764852515954,-3.2644578667838338,-3.2644578667838324
Hub-attached,0.8,27.450000000000003,0.03799589259085842,-3.2702772148121175,-3.2702772148121153
Hub-attached,0.8,27.5,0.03777542338392823,-3.276096562840393,-3.276096562840389
Hub-attached,0.8,27.55,0.03755623343819976,-3.2819159108686597,-3.2819159108686544
Hub-attached,0.8,27.6,0.03733831533082592,-3.2877352588969173,-3.287735258896911
Hub-attached,0.8,27.650000000000002,0.03712166168203018,-3.293554606925167,-3.29355460692516
Hub-attached,0.8,27.700000000000003,0.036906265154856864,-3.299373954953409,-3.299373954953402
Hub-attached,0.8,27.75,0.0366921184549226,-3.305193302981643,-3.305193302981636
Hub-attached,0.8,27.8,0.03647921433016917,-3.3110126510098725,-3.311012651009863
Hub-attached,0.8,27.85,0.03626754557061834,-3.3168319990380932,-3.316831999038084
Hub-attached,0.8,27.900000000000002,0.03605710500812716,-3.3226513470663073,-3.322651347066298
Hub-attached,0.8,27.950000000000003,0.0358478855161455,-3.3284706950945155,-3.328470695094506
Hub-attached,0.8,28.0,0.03563988000947476,-3.3342900431227167,-3.3342900431227083
Hub-attached,0.8,28.05,0.03543308144402768,-3.340109391150914,-3.3401093911509045
Hub-attached,0.8,28.1,0.03522748281659019,-3.3459287391791035,-3.345928739179096
Hub-attached,0.8,28.150000000000002,0.03502307716458373,-3.3517480872072896,-3.3517480872072825
Hub-attached,0.8,28.200000000000003,0.03481985756582996,-3.3575674352354703,-3.3575674352354636
Hub-attached,0.8,28.25,0.03461781713831609,-3.363386783263645,-3.36338678326364
Hub-attached,0.8,28.3,0.03441694903996171,-3.3692061312918162,-3.3692061312918122
Hub-attached,0.8,28.35,0.034217246468387474,-3.3750254793199805,-3.37502547931998
Hub-attached,0.8,28.400000000000002,0.034018702660684165,-3.3808448273481435,-3.3808448273481435
Hub-attached,0.8,28.450000000000003,0.033821310893184305,-3.3866641753763016,-3.386664175376303
Hub-attached,0.8,28.5,0.03362506448123406,-3.392483523404454,-3.392483523404458
Hub-attached,0.8,28.55,0.03342995677896684,-3.3983028714326036,-3.3983028714326093
Hub-attached,0.8,28.6,0.03323598117907845,-3.40412221946075,-3.4041222194607577
Hub-attached,0.8,28.650000000000002,0.03304313111260325,-3.4099415674888927,-3.4099415674889015
Hub-attached,0.8,28.700000000000003,0.032851400048691644,-3.415760915517032,-3.415760915517043
Hub-attached,0.8,28.75,0.03266078149438902,-3.421580263545167,-3.42158026354518
Hub-attached,0.8,28.8,0.03247126899441567,-3.4273996115733,-3.427399611573314
Hub-attached,0.8,28.85,0.032282856130948466,-3.4332189596014286,-3.4332189596014446
Hub-attached,0.8,28.900000000000002,0.03209553652340321,-3.439038307629556,-3.4390383076295725
Hub-attached,0.8,28.950000000000003,0.031909303828218875,-3.44485765565768,-3.444857655657697
Hub-attached,0.8,29.0,0.03172415173864256,-3.4506770036858,-3.4506770036858176
Hub-attached,0.8,29.05,0.03154007398451587,-3.456496351713919,-3.456496351713936
Hub-attached,0.8,29.1,0.03135706433206288,-3.4623156997420335,-3.462315699742052
Hub-attached,0.8,29.150000000000002,0.03117511658367859,-3.4681350477701476,-3.468135047770166
Hub-attached,0.8,29.200000000000003,0.03099422457771945,-3.4739543957982604,-3.4739543957982755
Hub-attached,0.8,29.25,0.03081438218829457,-3.479773743826369,-3.479773743826383
Hub-attached,0.8,29.3,0.030635583325058093,-3.4855930918544757,-3.485593091854488
Hub-attached,0.8,29.35,0.030457821933003126,-3.4914124398825805,-3.491412439882591
Hub-attached,0.8,29.400000000000002,0.030281091992256648,-3.4972317879106836,-3.4972317879106924
Hub-attached,0.8,29.450000000000003,0.030105387517875594,-3.5030511359387866,-3.5030511359387915
Hub-attached,0.8,29.5,0.02993070255964445,-3.5088704839668834,-3.5088704839668887
Hub-attached,0.8,29.55,0.029757031201873094,-3.5146898319949824,-3.514689831994985
Hub-attached,0.8,29.6,0.029584367563197288,-3.5205091800230788,-3.520509180023081
Hub-attached,0.8,29.650000000000002,0.029412705796378943,-3.526328528051173,-3.5263285280511756
Hub-attached,0.8,29.700000000000003,0.02924204008810825,-3.5321478760792657,-3.5321478760792684
Hub-attached,0.8,29.75,0.029072364658806884,-3.5379672241073568,-3.5379672241073594
Hub-attached,0.8,29.8,0.028903673762432188,-3.5437865721354465,-3.543786572135449
Hub-attached,0.8,29.85,0.028735961686282584,-3.5496059201635366,-3.5496059201635375
Hub-attached,0.8,29.900000000000002,0.028569222750804358,-3.555425268191622,-3.555425268191625
Hub-attached,0.8,29.950000000000003,0.02840345130939873,-3.5612446162197102,-3.561244616219711
Hub-attached,0.8,30.0,0.0282386417482315,-3.567063964247793,-3.567063964247796
Hub-attached,0.8,30.05,0.028074788486041995,-3.5728833122758767,-3.57288331227588
Hub-attached,0.8,30.1,0.027911885973954796,-3.5787026603039593,-3.578702660303963
Hub-attached,0.8,30.150000000000002,0.027749928695291467,-3.584522008332041,-3.5845220083320446
Hub-attached,0.8,30.200000000000003,0.02758891116538382,-3.590341356360122,-3.5903413563601254
Hub-attached,0.8,30.25,0.02742882793138819,-3.596160704388201,-3.5961607043882045
Hub-attached,0.8,30.3,0.027269673572100698,-3.60198005241628,-3.6019800524162835
Hub-attached,0.8,30.35,0.027111442697773793,-3.6077994004443577,-3.607799400444361
Hub-attached,0.8,30.400000000000002,0.026954129949933615,-3.6136187484724345,-3.6136187484724385
Hub-attached,0.8,30.450000000000003,0.02679773000119858,-3.6194380965005104,-3.6194380965005144
Hub-attached,0.8,30.5,0.026642237555098952,-3.625257444528586,-3.62525744452859
Hub-attached,0.8,30.55,0.026487647345897508,-3.6310767925566605,-3.6310767925566645
Hub-attached,0.8,30.6,0.026333954138411185,-3.636896140584734,-3.636896140584738
Hub-attached,0.8,30.650000000000002,0.026181152727833785,-3.6427154886128075,-3.6427154886128115
Hub-attached,0.8,30.700000000000003,0.026029237939559757,-3.64853483664088,-3.6485348366408834
Hub-attached,0.8,30.75,0.025878204629008913,-3.6543541846689513,-3.6543541846689545
Hub-attached,0.8,30.8,0.025728047681452225,-3.6601735326970224,-3.6601735326970255
Hub-attached,0.8,30.85,0.025578762011838608,-3.6659928807250934,-3.6659928807250957
Hub-attached,0.8,30.900000000000002,0.02543034256462277,-3.671812228753163,-3.671812228753165
Hub-attached,0.8,30.950000000000003,0.0252827843135939,-3.677631576781233,-3.6776315767812338
Hub-attached,0.8,31.0,0.02513608226170557,-3.6834509248093013,-3.6834509248093017
Hub-attached,0.8,31.05,0.02499023144090639,-3.68927027283737,-3.6892702728373696
Hub-attached,0.8,31.1,0.024845226911971913,-3.6950896208654376,-3.6950896208654362
Hub-attached,0.8,31.150000000000002,0.024701063764337217,-3.700908968893505,-3.700908968893503
Hub-attached,0.8,31.200000000000003,0.024557737115930716,-3.706728316921572,-3.706728316921569
Hub-attached,0.8,31.25,0.024415242113008807,-3.712547664949638,-3.712547664949634
Hub-attached,0.8,31.3,0.024273573929991417,-3.718367012977704,-3.718367012977699
Hub-attached,0.8,31.35,0.024132727769298715,-3.72418636100577,-3.724186361005764
Hub-attached,0.8,31.400000000000002,0.023992698861188575,-3.7300057090338354,-3.7300057090338283
Hub-attached,0.8,31.450000000000003,0.023853482463595026,-3.7358250570619007,-3.7358250570618923
Hub-attached,0.8,31.5,0.023715073861967733,-3.7416444050899647,-3.7416444050899558
Hub-attached,0.8,31.55,0.023577468369112224,-3.747463753118029,-3.747463753118019
Hub-attached,0.8,31.6,0.023440661325031302,-3.753283101146093,-3.753283101146082
Hub-attached,0.8,31.650000000000002,0.023304648096767133,-3.7591024491741565,-3.759102449174145
Hub-attached,0.8,31.700000000000003,0.023169424078244374,-3.76492179720222,-3.764921797202207
Hub-attached,0.8,31.75,0.02303498469011423,-3.7707411452302826,-3.7707411452302693
Hub-attached,0.8,31.8,0.022901325379599293,-3.7765604932583456,-3.776560493258332
Hub-attached,0.8,31.85,0.02276844162033945,-3.7823798412864083,-3.782379841286394
Hub-attached,0.8,31.900000000000002,0.02263632891223855,-3.7881991893144704,-3.788199189314456
Hub-attached,0.8,31.950000000000003,0.022504982781312,-3.7940185373425326,-3.794018537342518
Hub-attached,0.8,32.0,0.022374398779535322,-3.7998378853705934,-3.7998378853705796
Hub-attached,0.8,32.050000000000004,0.022244572484693362,-3.805657233398656,-3.805657233398642
Hub-attached,0.8,32.1,0.022115499500230815,-3.811476581426716,-3.8114765814267035
Hub-attached,0.8,32.15,0.02198717545510298,-3.817295929454777,-3.817295929454765
Hub-attached,0.8,32.2,0.021859596003627996,-3.8231152774828385,-3.823115277482827
Hub-attached,0.8,32.25,0.02173275682533965,-3.828934625510899,-3.828934625510889
Hub-attached,0.8,32.300000000000004,0.021606653624840908,-3.83475397353896,-3.834753973538951
Hub-attached,0.8,32.35,0.02148128213165867,-3.8405733215670197,-3.8405733215670126
Hub-attached,0.8,32.4,0.021356638100098926,-3.8463926695950796,-3.846392669595074
Hub-attached,0.8,32.45,0.021232717309103127,-3.85221201762314,-3.852212017623136
Hub-attached,0.8,32.5,0.02110951556210525,-3.858031365651199,-3.8580313656511978
Hub-attached,0.8,32.550000000000004,0.02098702868688952,-3.86385071367926,-3.86385071367926
Hub-attached,0.8,32.6,0.020865252535449363,-3.869670061707319,-3.8696700617073208
Hub-attached,0.8,32.65,0.02074418298384671,-3.8754894097353776,-3.875489409735382
Hub-attached,0.8,32.7,0.0206238159320724,-3.881308757763438,-3.8813087577634446
Hub-attached,0.8,32.75,0.020504147303907486,-3.8871281057914966,-3.887128105791506
Hub-attached,0.8,32.800000000000004,0.020385173046784947,-3.892947453819556,-3.8929474538195676
Hub-attached,0.8,32.85,0.02026688913165267,-3.8987668018476143,-3.8987668018476285
Hub-attached,0.8,32.9,0.02014929155283682,-3.9045861498756733,-3.9045861498756893
Hub-attached,0.8,32.95,0.020032376327906352,-3.910405497903732,-3.91040549790375
Hub-attached,0.8,33.0,0.019916139497538045,-3.9162248459317897,-3.9162248459318105
Hub-attached,0.8,33.050000000000004,0.019800577125382406,-3.9220441939598487,-3.9220441939598714
Hub-attached,0.8,33.1,0.019685685297930498,-3.927863541987906,-3.9278635419879313
Hub-attached,0.8,33.15,0.019571460124381202,-3.933682890015965,-3.933682890015991
Hub-attached,0.8,33.2,0.019457897736509674,-3.9395022380440237,-3.9395022380440508
Hub-attached,0.8,33.25,0.019344994288536223,-3.945321586072081,-3.94532158607211
Hub-attached,0.8,33.300000000000004,0.01923274595699603,-3.9511409341001396,-3.9511409341001684
Hub-attached,0.8,33.35,0.01912114894060982,-3.9569602821281973,-3.9569602821282266
Hub-attached,0.8,33.4,0.019010199460155003,-3.9627796301562546,-3.9627796301562843
Hub-attached,0.8,33.45,0.018899893758337716,-3.9685989781843123,-3.9685989781843425
Hub-attached,0.8,33.5,0.018790228099665643,-3.9744183262123696,-3.974418326212399
Hub-attached,0.8,33.550000000000004,0.018681198770321417,-3.9802376742404277,-3.980237674240456
Hub-attached,0.8,33.6,0.01857280207803697,-3.986057022268485,-3.986057022268512
Hub-attached,0.8,33.65,0.01846503435196838,-3.9918763702965423,-3.9918763702965676
Hub-attached,0.8,33.7,0.01835789194257161,-3.9976957183246,-3.9976957183246236
Hub-attached,0.8,33.75,0.018251371221478952,-4.003515066352657,-4.003515066352678
Hub-attached,0.8,33.800000000000004,0.01814546858137604,-4.0093344143807155,-4.009334414380734
Hub-attached,0.8,33.85,0.018040180435879877,-4.015153762408772,-4.015153762408788
Hub-attached,0.8,33.9,0.01793550321941717,-4.020973110436829,-4.020973110436843
Hub-attached,0.8,33.95,0.01783143338710371,-4.026792458464886,-4.026792458464898
Hub-attached,0.8,34.0,0.017727967414624308,-4.032611806492943,-4.0326118064929535
Hub-attached,0.8,34.050000000000004,0.017625101798113402,-4.0384311545210005,-4.038431154521009
Hub-attached,0.8,34.1,0.01752283305403649,-4.044250502549057,-4.044250502549065
Hub-attached,0.8,34.15,0.017421157719072034,-4.050069850577114,-4.050069850577122
Hub-attached,0.8,34.2,0.017320072349994275,-4.055889198605171,-4.0558891986051835
Hub-attached,0.8,34.25,0.017219573523556585,-4.061708546633228,-4.061708546633248
Hub-attached,0.8,34.300000000000004,0.01711965783637555,-4.067527894661285,-4.067527894661316
Hub-attached,0.8,34.35,0.017020321904815703,-4.073347242689342,-4.073347242689385
Hub-attached,0.8,34.4,0.016921562364874968,-4.079166590717398,-4.079166590717455
Hub-attached,0.8,34.45,0.0168233758720707,-4.084985938745455,-4.0849859387455245
Hub-attached,0.8,34.5,0.016725759101326447,-4.090805286773512,-4.090805286773594
Hub-attached,0.8,34.550000000000004,0.016628708746859358,-4.096624634801568,-4.096624634801661
Hub-attached,0.8,34.6,0.016532221522068156,-4.102443982829626,-4.102443982829727
Hub-attached,0.8,34.65,0.016436294159422014,-4.108263330857681,-4.10826333085779
Hub-attached,0.8,34.7,0.016340923410349633,-4.1140826788857385,-4.114082678885853
Hub-attached,0.8,34.75,0.01624610604512951,-4.119902026913795,-4.1199020269139135
Hub-attached,0.8,34.800000000000004,0.01615183885278038,-4.125721374941852,-4.125721374941971
Hub-attached,0.8,34.85,0.01605811864095253,-4.131540722969909,-4.131540722970028
Hub-attached,0.8,34.9,0.01596494223581973,-4.137360070997964,-4.137360070998081
Hub-attached,0.8,34.95,0.01587230648197163,-4.143179419026021,-4.143179419026135
Hub-attached,0.8,35.0,0.01578020824230707,-4.148998767054077,-4.148998767054185
Hub-attached,0.8,35.050000000000004,0.015688644397927692,-4.154818115082135,-4.154818115082237
Hub-attached,0.8,35.1,0.015597611848032468,-4.160637463110191,-4.160637463110286
Hub-attached,0.8,35.15,0.015507107509812532,-4.1664568111382465,-4.166456811138334
Hub-attached,0.8,35.2,0.015417128318346856,-4.172276159166304,-4.172276159166385
Hub-attached,0.8,35.25,0.015327671226498554,-4.178095507194359,-4.178095507194433
Hub-attached,0.8,35.300000000000004,0.015238733204811445,-4.183914855222417,-4.1839148552224845
Hub-attached,0.8,35.35,0.015150311241407758,-4.189734203250473,-4.189734203250534
Hub-attached,0.8,35.4,0.015062402341885897,-4.195553551278529,-4.195553551278587
Hub-attached,0.8,35.45,0.014975003529219152,-4.201372899306585,-4.201372899306641
Hub-attached,0.8,35.5,0.014888111843654855,-4.207192247334641,-4.207192247334697
Hub-attached,0.8,35.550000000000004,0.01480172434261414,-4.213011595362698,-4.2130115953627545
Hub-attached,0.8,35.6,0.014715838100592326,-4.2188309433907545,-4.218830943390815
Hub-attached,0.8,35.65,0.01463045020905984,-4.2246502914188095,-4.224650291418878
Hub-attached,0.8,35.7,0.014545557776363618,-4.230469639446866,-4.2304696394469445
Hub-attached,0.8,35.75,0.01446115792762936,-4.236288987474922,-4.236288987475014
Hub-attached,0.8,35.800000000000004,0.014377247804664005,-4.242108335502979,-4.242108335503087
Hub-attached,0.8,35.85,0.014293824565859066,-4.247927683531035,-4.247927683531162
Hub-attached,0.8,35.9,0.014210885386094317,-4.25374703155909,-4.253747031559241
Hub-attached,0.8,35.95,0.014128427456642107,-4.259566379587147,-4.259566379587325
Hub-attached,0.8,36.0,0.01404644798507237,-4.265385727615202,-4.265385727615411
Hub-attached,0.8,36.050000000000004,0.013964944195157859,-4.27120507564326,-4.271205075643501
Hub-attached,0.8,36.1,0.01388391332678037,-4.277024423671316,-4.277024423671595
Hub-attached,0.8,36.15,0.013803352635837061,-4.282843771699371,-4.2828437716996905
Hub-attached,0.8,36.2,0.01372325939414759,-4.288663119727428,-4.288663119727792
Hub-attached,0.8,36.25,0.013643630889361819,-4.294482467755483,-4.294482467755894
Hub-attached,0.8,36.300000000000004,0.013564464424867775,-4.30030181578354,-4.3003018157840005
Hub-attached,0.8,36.35,0.013485757319700569,-4.3061211638115955,-4.306121163812109
Hub-attached,0.8,36.4,0.013407506908451343,-4.311940511839652,-4.31194051184022
Hub-attached,0.8,36.45,0.013329710541177228,-4.317759859867708,-4.317759859868333
Hub-attached,0.8,36.5,0.013252365583311469,-4.323579207895764,-4.323579207896447
Hub-attached,0.8,36.550000000000004,0.013175469415574232,-4.329398555923822,-4.329398555924565
Hub-attached,0.8,36.6,0.013099019433884003,-4.335217903951877,-4.335217903952682
Hub-attached,0.8,36.65,0.013023013049269214,-4.341037251979933,-4.3410372519808
Hub-attached,0.8,36.7,0.012947447687780726,-4.346856600007989,-4.346856600008919
Hub-attached,0.8,36.75,0.012872320790404596,-4.352675948036045,-4.352675948037037
Hub-attached,0.8,36.800000000000004,0.012797629812975417,-4.358495296064102,-4.358495296065155
Hub-attached,0.8,36.85,0.012723372226090207,-4.364314644092158,-4.364314644093272
Hub-attached,0.8,36.9,0.012649545515022675,-4.370133992120214,-4.370133992121388
Hub-attached,0.8,36.95,0.012576147179638114,-4.3759533401482695,-4.375953340149501
Hub-attached,0.8,37.0,0.01250317473430873,-4.381772688176325,-4.381772688177613
Hub-attached,0.8,37.050000000000004,0.012430625707829403,-4.387592036204382,-4.387592036205723
Hub-attached,0.8,37.1,0.01235849764333415,-4.393411384232438,-4.393411384233828
Hub-attached,0.8,37.15,0.01228678809821277,-4.399230732260492,-4.399230732261929
Hub-attached,0.8,37.2,0.01221549464402813,-4.405050080288549,-4.405050080290028
Hub-attached,0.8,37.25,0.012144614866434084,-4.410869428316604,-4.4108694283181205
Hub-attached,0.8,37.300000000000004,0.012074146365093503,-4.416688776344662,-4.416688776346209
Hub-attached,0.8,37.35,0.01200408675359719,-4.422508124372718,-4.422508124374293
Hub-attached,0.8,37.4,0.011934433659382905,-4.428327472400773,-4.428327472402369
Hub-attached,0.8,37.45,0.011865184723655067,-4.434146820428829,-4.434146820430442
Hub-attached,0.8,37.5,0.011796337601304902,-4.439966168456886,-4.439966168458506
Hub-attached,0.8,37.550000000000004,0.011727889960831026,-4.445785516484943,-4.4457855164865645
Hub-attached,0.8,37.6,0.011659839484260475,-4.451604864512998,-4.451604864514615
Hub-attached,0.8,37.65,0.011592183867070156,-4.457424212541054,-4.4574242125426595
Hub-attached,0.8,37.7,0.01152492081810889,-4.46324356056911,-4.463243560570697
Hub-attached,0.8,37.75,0.011458048059519792,-4.469062908597165,-4.469062908598726
Hub-attached,0.8,37.800000000000004,0.011391563326663063,-4.474882256625222,-4.474882256626747
Hub-attached,0.8,37.85,0.01132546436803946,-4.480701604653278,-4.480701604654762
Hub-attached,0.8,37.9,0.01125974894521387,-4.486520952681334,-4.486520952682768
Hub-attached,0.8,37.95,0.01119441483273962,-4.492340300709389,-4.492340300710766
Hub-attached,0.8,38.0,0.011129459818083044,-4.498159648737445,-4.498159648738757
Hub-attached,0.8,38.050000000000004,0.01106488170154861,-4.503978996765502,-4.50397899676674
Hub-attached,0.8,38.1,0.011000678296204441,-4.509798344793556,-4.509798344794716
Hub-attached,0.8,38.15,0.010936847427808127,-4.515617692821613,-4.515617692822683
Hub-attached,0.8,38.2,0.010873386934733272,-4.52143704084967,-4.521437040850646
Hub-attached,0.8,38.25,0.010810294667896196,-4.527256388877725,-4.527256388878601
Hub-attached,0.8,38.300000000000004,0.010747568490683111,-4.533075736905782,-4.533075736906549
Hub-attached,0.8,38.35,0.010685206278877904,-4.538895084933836,-4.538895084934492
Hub-attached,0.8,38.400000000000006,0.010623205920590002,-4.544714432961894,-4.5447144329624285
Hub-attached,0.8,38.45,0.010561565316183082,-4.550533780989951,-4.55053378099036
Hub-attached,0.8,38.5,0.010500282378203826,-4.556353129018005,-4.556353129018287
Hub-attached,0.8,38.550000000000004,0.010439355031311178,-4.562172477046062,-4.562172477046212
Hub-attached,0.8,38.6,0.01037878121220625,-4.567991825074117,-4.567991825074131
Hub-attached,0.8,38.650000000000006,0.010318558869562237,-4.573811173102174,-4.573811173102049
Hub-attached,0.8,38.7,0.010258685963955162,-4.5796305211302295,-4.579630521129966
Hub-attached,0.8,38.75,0.010199160467794606,-4.5854498691582855,-4.5854498691578796
Hub-attached,0.8,38.800000000000004,0.010139980365255173,-4.591269217186342,-4.591269217185795
Hub-attached,0.8,38.85,0.01008114365220823,-4.5970885652143965,-4.597088565213709
Hub-attached,0.8,38.900000000000006,0.010022648336153895,-4.602907913242454,-4.602907913241626
Hub-attached,0.8,38.95,0.009964492436153782,-4.60872726127051,-4.608727261269544
Hub-attached,0.8,39.0,0.009906673982763734,-4.614546609298565,-4.614546609297466
Hub-attached,0.8,39.050000000000004,0.009849191017967185,-4.620365957326621,-4.620365957325392
Hub-attached,0.8,39.1,0.009792041595108892,-4.626185305354676,-4.626185305353323
Hub-attached,0.8,39.150000000000006,0.009735223778828947,-4.632004653382732,-4.6320046533812596
Hub-attached,0.8,39.2,0.009678735644997272,-4.63782400141079,-4.637824001409203
Hub-attached,0.8,39.25,0.009622575280648504,-4.643643349438846,-4.643643349437154
Hub-attached,0.8,39.300000000000004,0.009566740783917112,-4.649462697466901,-4.649462697465114
Hub-attached,0.8,39.35,0.00951123026397304,-4.655282045494957,-4.655282045493083
Hub-attached,0.8,39.400000000000006,0.0094560418409577,-4.661101393523013,-4.661101393521062
Hub-attached,0.8,39.45,0.009401173645920257,-4.6669207415510705,-4.666920741549053
Hub-attached,0.8,39.5,0.009346623820754449,-4.672740089579124,-4.6727400895770534
Hub-attached,0.8,39.550000000000004,0.009292390518135423,-4.678559437607182,-4.678559437605069
Hub-attached,0.8,39.6,0.00923847190145751,-4.6843787856352375,-4.684378785633097
Hub-attached,0.8,39.650000000000006,0.00918486614477173,-4.690198133663293,-4.690198133661138
Hub-attached,0.8,39.7,0.00913157143272412,-4.696017481691349,-4.696017481689193
Hub-attached,0.8,39.75,0.009078585960494222,-4.701836829719404,-4.701836829717261
Hub-attached,0.8,39.800000000000004,0.00902590793373392,-4.707656177747461,-4.707656177745346
Hub-attached,0.8,39.85,0.008973535568506752,-4.713475525775518,-4.713475525773442
Hub-attached,0.8,39.900000000000006,0.008921467091227457,-4.719294873803572,-4.719294873801555
Hub-attached,0.8,39.95,0.00886970073860185,-4.725114221831629,-4.72511422182968
Hub-attached,0.8,40.0,0.008818234757567257,-4.730933569859683,-4.73093356985782
Hub-attached,0.8,40.050000000000004,0.008767067405232965,-4.73675291788774,-4.7367529178859735
Hub-attached,0.8,40.1,0.008716196948821387,-4.742572265915795,-4.742572265914138
Hub-attached,0.8,40.150000000000006,0.008665621665609212,-4.748391613943852,-4.748391613942314
Hub-attached,0.8,40.2,0.008615339842869206,-4.754210961971907,-4.754210961970498
Hub-attached,0.8,40.25,0.008565349777812094,-4.760030309999963,-4.760030309998692
Hub-attached,0.8,40.300000000000004,0.008515649777528977,-4.765849658028019,-4.765849658026892
Hub-attached,0.8,40.35,0.008466238158933966,-4.771669006056075,-4.771669006055095
Hub-attached,0.8,40.400000000000006,0.00841711324870719,-4.777488354084131,-4.7774883540833
Hub-attached,0.8,40.45,0.008368273383238131,-4.783307702112187,-4.783307702111504
Hub-attached,0.8,40.5,0.008319716908569285,-4.789127050140243,-4.789127050139703
Hub-attached,0.8,40.550000000000004,0.008271442180340153,-4.794946398168299,-4.794946398167894
Hub-attached,0.8,40.6,0.008223447563731548,-4.800765746196355,-4.800765746196072
Hub-attached,0.8,40.650000000000006,0.008175731433410242,-4.806585094224411,-4.806585094224235
Hub-attached,0.8,40.7,0.008128292173473916,-4.8124044422524666,-4.812404442252374
Hub-attached,0.8,40.75,0.008081128177396443,-4.8182237902805225,-4.818223790280487
Hub-attached,0.8,40.800000000000004,0.008034237847973474,-4.824043138308579,-4.824043138308567
Hub-attached,0.8,40.85,0.007987619597268382,-4.829862486336634,-4.8298624863366175
Hub-attached,0.8,40.900000000000006,0.007941271846558412,-4.835681834364691,-4.835681834364657
Hub-attached,0.8,40.95,0.007895193026281317,-4.841501182392747,-4.841501182392688
Hub-attached,0.8,41.0,0.00784938157598213,-4.847320530420802,-4.847320530420715
Hub-attached,0.8,41.050000000000004,0.007803835944260327,-4.853139878448859,-4.853139878448744
Hub-attached,0.8,41.1,0.007758554588717349,-4.858959226476914,-4.858959226476773
Hub-attached,0.8,41.150000000000006,0.007713535975904274,-4.864778574504971,-4.864778574504808
Hub-attached,0.8,41.2,0.007668778581269989,-4.870597922533026,-4.870597922532847
Hub-attached,0.8,41.25,0.007624280889109467,-4.876417270561082,-4.876417270560892
Hub-attached,0.8,41.300000000000004,0.007580041392512505,-4.882236618589138,-4.882236618588943
Hub-attached,0.8,41.35,0.007536058593312665,-4.888055966617194,-4.888055966617
Hub-attached,0.8,41.400000000000006,0.007492331002036532,-4.893875314645251,-4.893875314645063
Hub-attached,0.8,41.45,0.0074488571378533135,-4.899694662673306,-4.899694662673128
Hub-attached,0.8,41.5,0.00740563552852462,-4.905514010701362,-4.905514010701197
Hub-attached,0.8,41.550000000000004,0.007362664710354676,-4.911333358729418,-4.911333358729269
Hub-attached,0.8,41.6,0.007319943228140719,-4.917152706757474,-4.917152706757341
Hub-attached,0.8,41.650000000000006,0.007277469635123718,-4.9229720547855305,-4.922972054785412
Hub-attached,0.8,41.7,0.007235242492939407,-4.928791402813586,-4.928791402813482
Hub-attached,0.8,41.75,0.007193260371569543,-4.9346107508416415,-4.934610750841546
Hub-attached,0.8,41.800000000000004,0.007151521849293473,-4.940430098869697,-4.940430098869609
Hub-attached,0.8,41.85,0.007110025512640028,-4.946249446897753,-4.946249446897664
Hub-attached,0.8,41.900000000000006,0.0070687699563396185,-4.95206879492581,-4.952068794925712
Hub-attached,0.8,41.95,0.0070277537832766765,-4.957888142953866,-4.9578881429537525
Hub-attached,0.8,42.0,0.006986975604442316,-4.963707490981921,-4.963707490981783
Hub-attached,0.8,42.050000000000004,0.006946434038887282,-4.969526839009978,-4.969526839009807
Hub-attached,0.8,42.1,0.006906127713675251,-4.975346187038033,-4.975346187037818
Hub-attached,0.8,42.150000000000006,0.00686605526383624,-4.98116553506609,-4.981165535065822
Hub-attached,0.8,42.2,0.006826215332320487,-4.986984883094145,-4.986984883093813
Hub-attached,0.8,42.25,0.006786606569952396,-4.992804231122201,-4.992804231121794
Hub-attached,0.8,42.300000000000004,0.00674722763538491,-4.998623579150258,-4.998623579149767
Hub-attached,0.8,42.35,0.00670807719505409,-5.004442927178313,-5.004442927177728
Hub-attached,0.8,42.400000000000006,0.00666915392313389,-5.01026227520637,-5.010262275205682
Hub-attached,0.8,42.45,0.006630456501491347,-5.016081623234425,-5.016081623233626
Hub-attached,0.8,42.5,0.006591983619641858,-5.021900971262481,-5.021900971261564
Hub-attached,0.8,42.550000000000004,0.00655373397470486,-5.027720319290537,-5.027720319289496
Hub-attached,0.8,42.6,0.006515706271359685,-5.033539667318593,-5.033539667317422
Hub-attached,0.8,42.650000000000006,0.006477899221801687,-5.039359015346649,-5.039359015345344
Hub-attached,0.8,42.7,0.006440311545698659,-5.045178363374705,-5.045178363373265
Hub-attached,0.8,42.75,0.006402941970147438,-5.050997711402761,-5.050997711401185
Hub-attached,0.8,42.800000000000004,0.006365789229630827,-5.056817059430816,-5.056817059429106
Hub-attached,0.8,42.85,0.006328852065974712,-5.062636407458872,-5.0626364074570285
Hub-attached,0.8,42.900000000000006,0.006292129228305479,-5.068455755486929,-5.0684557554849565
Hub-attached,0.8,42.95,0.00625561947300766,-5.074275103514984,-5.074275103512891
Hub-attached,0.8,43.0,0.0062193215636817765,-5.080094451543039,-5.080094451540832
Hub-attached,0.8,43.050000000000004,0.006183234271102485,-5.085913799571097,-5.085913799568785
Hub-attached,0.8,43.1,0.006147356373177017,-5.091733147599151,-5.091733147596747
Hub-attached,0.8,43.150000000000006,0.0061116866549036485,-5.097552495627209,-5.097552495624725
Hub-attached,0.8,43.2,0.006076223908330721,-5.103371843655265,-5.103371843652716
Hub-attached,0.8,43.25,0.006040966932515617,-5.109191191683319,-5.109191191680722
Hub-attached,0.8,43.300000000000004,0.0060059145334840965,-5.115010539711377,-5.115010539708748
Hub-attached,0.8,43.35,0.005971065524189962,-5.120829887739432,-5.12082988773679
Hub-attached,0.8,43.400000000000006,0.005936418724474726,-5.126649235767489,-5.126649235764855
Hub-attached,0.8,43.45,0.005901972961027758,-5.132468583795544,-5.132468583792939
Hub-attached,0.8,43.5,0.005867727067346467,-5.1382879318236,-5.138287931821045
Hub-attached,0.8,43.550000000000004,0.0058336798836968505,-5.144107279851656,-5.144107279849173
Hub-attached,0.8,43.6,0.005799830257074199,-5.149926627879712,-5.149926627877324
Hub-attached,0.8,43.650000000000006,0.0057661770411640495,-5.155745975907768,-5.155745975905498
Hub-attached,0.8,43.7,0.005732719096303389,-5.1615653239358235,-5.161565323933694
Hub-attached,0.8,43.75,0.0056994552894420085,-5.167384671963879,-5.167384671961911
Hub-attached,0.8,43.800000000000004,0.005666384494104182,-5.173204019991936,-5.17320401999015
Hub-attached,0.8,43.85,0.005633505590350509,-5.179023368019992,-5.17902336801841
Hub-attached,0.8,43.900000000000006,0.005600817464739966,-5.184842716048048,-5.18484271604669
Hub-attached,0.8,43.95,0.005568319010292222,-5.190662064076103,-5.190662064074987
Hub-attached,0.8,44.0,0.005536009126450129,-5.196481412104159,-5.1964814121033
Hub-attached,0.8,44.050000000000004,0.005503886719042478,-5.202300760132215,-5.202300760131629
Hub-attached,0.8,44.1,0.005471950700246925,-5.208120108160272,-5.208120108159969
Hub-attached,0.8,44.150000000000006,0.0054401999885531705,-5.213939456188328,-5.213939456188319
Hub-attached,0.8,44.2,0.005408633508726311,-5.219758804216384,-5.219758804216677
Hub-attached,0.8,44.25,0.005377250191770449,-5.225578152244438,-5.2255781522450375
Hub-attached,0.8,44.300000000000004,0.005346048974892448,-5.231397500272496,-5.231397500273402
Hub-attached,0.8,44.35,0.005315028801466028,-5.237216848300551,-5.237216848301762
Hub-attached,0.8,44.400000000000006,0.005284188620995879,-5.243036196328608,-5.243036196330119
Hub-attached,0.8,44.45,0.0052535273890821745,-5.248855544356663,-5.248855544358466
Hub-attached,0.8,44.5,0.005223044067385131,-5.254674892384719,-5.254674892386801
Hub-attached,0.8,44.550000000000004,0.0051927376235898935,-5.2604942404127755,-5.260494240415122
Hub-attached,0.8,44.6,0.005162607031371574,-5.2663135884408305,-5.266313588443421
Hub-attached,0.8,44.650000000000006,0.0051326512703604495,-5.272132936468887,-5.2721329364717
Hub-attached,0.8,44.7,0.005102869326107476,-5.277952284496942,-5.277952284499952
Hub-attached,0.8,44.75,0.005073260190049868,-5.283771632524998,-5.283771632528174
Hub-attached,0.8,44.800000000000004,0.005043822859476987,-5.289590980553054,-5.289590980556364
Hub-attached,0.8,44.85,0.005014556337496372,-5.29541032858111,-5.295410328584519
Hub-attached,0.8,44.900000000000006,0.004985459632999975,-5.301229676609166,-5.301229676612637
Hub-attached,0.8,44.95,0.004956531760630604,-5.307049024637222,-5.307049024640715
Hub-attached,0.8,45.0,0.004927771740748555,-5.312868372665277,-5.312868372668754
Hub-attached,0.8,45.050000000000004,0.004899178599398414,-5.318687720693334,-5.31868772069675
Hub-attached,0.8,45.1,0.004870751368276122,-5.32450706872139,-5.324507068724705
Hub-attached,0.8,45.150000000000006,0.004842489084696134,-5.330326416749446,-5.330326416752619
Hub-attached,0.8,45.2,0.004814390791558839,-5.336145764777503,-5.336145764780494
Hub-attached,0.8,45.25,0.00478645553731817,-5.341965112805557,-5.341965112808332
Hub-attached,0.8,45.300000000000004,0.00475868237594931,-5.347784460833615,-5.347784460836139
Hub-attached,0.8,45.35,0.004731070366916754,-5.353603808861671,-5.353603808863916
Hub-attached,0.8,45.400000000000006,0.004703618575142377,-5.359423156889727,-5.359423156891673
Hub-attached,0.8,45.45,0.0046763260709738,-5.3652425049177825,-5.365242504919415
Hub-attached,0.8,45.5,0.0046491919301529135,-5.371061852945838,-5.371061852947153
Hub-attached,0.8,45.550000000000004,0.004622215233784542,-5.376881200973895,-5.3768812009749
Hub-attached,0.8,45.6,0.004595395068305401,-5.3827005490019495,-5.382700549002665
Hub-attached,0.8,45.650000000000006,0.004568730525453049,-5.388519897030006,-5.388519897030469
Hub-attached,0.8,45.7,0.0045422207022352435,-5.394339245058061,-5.394339245058325
Hub-attached,0.8,45.75,0.004515864700899273,-5.400158593086117,-5.400158593086256
Hub-attached,0.8,45.800000000000004,0.0044896616289016025,-5.405977941114174,-5.405977941114282
Hub-attached,0.8,45.85,0.004463610598877645,-5.411797289142229,-5.411797289142372
Hub-attached,0.8,45.900000000000006,0.004437710728611677,-5.417616637170286,-5.417616637170499
Hub-attached,0.8,45.95,0.004411961141007013,-5.423435985198341,-5.423435985198643
Hub-attached,0.8,46.0,0.004386360964056253,-5.429255333226397,-5.429255333226795
Hub-attached,0.8,46.050000000000004,0.004360909330811782,-5.435074681254454,-5.435074681254943
Hub-attached,0.8,46.1,0.00433560537935642,-5.440894029282509,-5.440894029283081
Hub-attached,0.8,46.150000000000006,0.004310448252774189,-5.446713377310565,-5.446713377311202
Hub-attached,0.8,46.2,0.004285437099121342,-5.452532725338621,-5.452532725339305
Hub-attached,0.8,46.25,0.004260571071397485,-5.458352073366677,-5.458352073367387
Hub-attached,0.8,46.300000000000004,0.004235849327516896,-5.464171421394734,-5.46417142139545
Hub-attached,0.8,46.35,0.004211271030280029,-5.469990769422789,-5.469990769423495
Hub-attached,0.8,46.400000000000006,0.004186835347345118,-5.475810117450846,-5.475810117451523
Hub-attached,0.8,46.45,0.004162541451200042,-5.4816294654789015,-5.481629465479539
Hub-attached,0.8,46.5,0.004138388519134267,-5.487448813506957,-5.4874488135075445
Hub-attached,0.8,46.550000000000004,0.004114375733210983,-5.493268161535013,-5.493268161535546
Hub-attached,0.8,46.6,0.004090502280239441,-5.4990875095630685,-5.499087509563547
Hub-attached,0.8,46.650000000000006,0.004066767351747361,-5.504906857591125,-5.504906857591553
Hub-attached,0.8,46.7,0.004043170143953607,-5.510726205619181,-5.510726205619567
Hub-attached,0.8,46.75,0.004019709857740931,-5.516545553647236,-5.516545553647593
Hub-attached,0.8,46.800000000000004,0.003996385698628911,-5.522364901675293,-5.5223649016756395
Hub-attached,0.8,46.85,0.003973196876747079,-5.528184249703348,-5.528184249703705
Hub-attached,0.8,46.900000000000006,0.003950142606808125,-5.534003597731405,-5.534003597731798
Hub-attached,0.8,46.95,0.003927222108081355,-5.53982294575946,-5.539822945759916
Hub-attached,0.8,47.0,0.0039044346043662016,-5.545642293787515,-5.545642293788067
Hub-attached,0.8,47.050000000000004,0.0038817793239659614,-5.551461641815573,-5.55146164181625
Hub-attached,0.8,47.1,0.003859255499661689,-5.557280989843628,-5.557280989844467
Hub-attached,0.8,47.150000000000006,0.0038368623686861553,-5.563100337871684,-5.56310033787272
Hub-attached,0.8,47.2,0.0038145991726980643,-5.56891968589974,-5.568919685901008
Hub-attached,0.8,47.25,0.0037924651577563536,-5.574739033927796,-5.574739033929331
Hub-attached,0.8,47.300000000000004,0.003770459574294665,-5.580558381955852,-5.580558381957687
Hub-attached,0.8,47.35,0.0037485816770959596,-5.586377729983908,-5.586377729986076
Hub-attached,0.8,47.400000000000006,0.0037268307252672833,-5.592197078011964,-5.592197078014494
Hub-attached,0.8,47.45,0.003705205982214674,-5.59801642604002,-5.59801642604294
Hub-attached,0.8,47.5,0.003683706715618218,-5.6038357740680755,-5.603835774071408
Hub-attached,0.8,47.550000000000004,0.003662332197407248,-5.609655122096132,-5.609655122099898
Hub-attached,0.8,47.6,0.0036410817037356978,-5.615474470124188,-5.615474470128402
Hub-attached,0.8,47.650000000000006,0.003619954514957572,-5.621293818152244,-5.621293818156917
Hub-attached,0.8,47.7,0.003598949915602586,-5.6271131661803,-5.627113166185437
Hub-attached,0.8,47.75,0.0035780671943519415,-5.632932514208354,-5.632932514213957
Hub-attached,0.8,47.800000000000004,0.0035573056440142033,-5.638751862236413,-5.638751862242473
Hub-attached,0.8,47.85,0.0035366645615014297,-5.644571210264467,-5.644571210270975
Hub-attached,0.8,47.900000000000006,0.0035161432478052557,-5.650390558292524,-5.650390558299462
Hub-attached,0.8,47.95,0.0034957410079733157,-5.656209906320579,-5.656209906327923
Hub-attached,0.8,48.0,0.003475457151085646,-5.662029254348635,-5.662029254356355
Hub-attached,0.8,48.050000000000004,0.0034552909902313177,-5.667848602376692,-5.667848602384753
Hub-attached,0.8,48.1,0.003435241842485181,-5.673667950404746,-5.673667950413108
Hub-attached,0.8,48.150000000000006,0.0034153090288846894,-5.679487298432804,-5.679487298441417
Hub-attached,0.8,48.2,0.003395491874406985,-5.685306646460859,-5.685306646469672
Hub-attached,0.8,48.25,0.0033757897079459637,-5.691125994488914,-5.691125994497871
Hub-attached,0.8,48.300000000000004,0.003356201862289585,-5.696945342516971,-5.696945342526008
Hub-attached,0.8,48.35,0.003336727674097288,-5.702764690545026,-5.702764690554079
Hub-attached,0.8,48.400000000000006,0.0033173664838774875,-5.708584038573083,-5.708584038582081
Hub-attached,0.8,48.45,0.0032981176359652828,-5.7144033866011394,-5.71440338661001
Hub-attached,0.8,48.5,0.003278980478500235,-5.7202227346291945,-5.720222734637865
Hub-attached,0.8,48.550000000000004,0.0032599543634042765,-5.7260420826572505,-5.726042082665643
Hub-attached,0.8,48.6,0.003241038646359791,-5.731861430685306,-5.731861430693344
Hub-attached,0.8,48.650000000000006,0.0032222326867877766,-5.737680778713363,-5.737680778720968
Hub-attached,0.8,48.7,0.0032035358478261656,-5.743500126741419,-5.743500126748516
Hub-attached,0.8,48.75,0.0031849474963082484,-5.749319474769473,-5.749319474775988
Hub-attached,0.8,48.800000000000004,0.003166467002741211,-5.755138822797531,-5.7551388228033895
Hub-attached,0.8,48.85,0.0031480937412848796,-5.760958170825585,-5.760958170830721
Hub-attached,0.8,48.900000000000006,0.003129827089730441,-5.766777518853643,-5.766777518857989
Hub-attached,0.8,48.95,0.0031116664294794515,-5.7725968668817,-5.7725968668851975
Hub-attached,0.8,49.0,0.0030936111455228486,-5.778416214909753,-5.778416214912351
Hub-attached,0.8,49.050000000000004,0.0030756606264200946,-5.784235562937811,-5.784235562939459
Hub-attached,0.8,49.1,0.0030578142642785533,-5.790054910965865,-5.7900549109665285
Hub-attached,0.8,49.150000000000006,0.003040071454732811,-5.795874258993922,-5.795874258993568
Hub-attached,0.8,49.2,0.00302243159692428,-5.801693607021979,-5.801693607020586
Hub-attached,0.8,49.25,0.0030048940934808204,-5.807512955050034,-5.807512955047593
Hub-attached,0.8,49.300000000000004,0.0029874583504965004,-5.81333230307809,-5.8133323030746
Hub-attached,0.8,49.35,0.0029701237775115077,-5.819151651106146,-5.819151651101618
Hub-attached,0.8,49.400000000000006,0.002952889787492137,-5.8249709991342025,-5.8249709991286585
Hub-attached,0.8,49.45,0.0029357557968109197,-5.830790347162259,-5.830790347155732
Hub-attached,0.8,49.5,0.0029187212252268662,-5.836609695190313,-5.836609695182852
Hub-attached,0.8,49.550000000000004,0.002901785495865769,-5.84242904321837,-5.842429043210031
Hub-attached,0.8,49.6,0.0028849480352007464,-5.848248391246426,-5.848248391237281
Hub-attached,0.8,49.650000000000006,0.0028682082730327524,-5.854067739274482,-5.854067739264612
Hub-attached,0.8,49.7,0.002851565642471298,-5.859887087302538,-5.859887087292037
Hub-attached,0.8,49.75,0.00283501957991525,-5.865706435330592,-5.865706435319565
Hub-attached,0.8,49.800000000000004,0.002818569525033727,-5.871525783358649,-5.871525783347209
Hub-attached,0.8,49.85,0.002802214920747154,-5.877345131386707,-5.877345131374976
Hub-attached,0.8,49.900000000000006,0.0027859552132083894,-5.883164479414761,-5.883164479402873
Hub-attached,0.8,49.95,0.0027697898517839298,-5.888983827442819,-5.888983827430906
Hub-attached,0.8,50.0,0.002753718289035337,-5.894803175470871,-5.894803175459078
Hub-attached,0.8,50.050000000000004,0.002737739980700606,-5.900622523498928,-5.900622523487394
Hub-attached,0.8,50.1,0.0027218543856758273,-5.906441871526983,-5.90644187151585
Hub-attached,0.8,50.150000000000006,0.0027060609659967905,-5.912261219555041,-5.912261219544446
Hub-attached,0.8,50.2,0.0026903591868208225,-5.918080567583095,-5.9180805675731705
Hub-attached,0.8,50.25,0.002674748516408615,-5.923899915611152,-5.923899915602016
Hub-attached,0.8,50.300000000000004,0.0026592284261062723,-5.929719263639209,-5.929719263630968
Hub-attached,0.8,50.35,0.002643798390327384,-5.935538611667264,-5.935538611660006
Hub-attached,0.8,50.400000000000006,0.002628457886535213,-5.9413579596953205,-5.9413579596891095
Hub-attached,0.8,50.45,0.0026132063952250344,-5.947177307723376,-5.9471773077182455
Hub-attached,0.8,50.5,0.002598043399906506,-5.9529966557514316,-5.9529966557473815
Hub-attached,0.8,50.550000000000004,0.0025829683870862022,-5.9588160037794875,-5.958816003776475
Hub-attached,0.8,50.6,0.0025679808462502154,-5.9646353518075435,-5.9646353518054775
Hub-attached,0.8,50.650000000000006,0.0025530802698468693,-5.970454699835599,-5.970454699834334
Hub-attached,0.8,50.7,0.0025382661532695285,-5.976274047863655,-5.976274047862979
Hub-attached,0.8,50.75,0.002523537994839512,-5.982093395891711,-5.982093395891341
Hub-attached,0.8,50.800000000000004,0.0025088952957891043,-5.987912743919767,-5.987912743919424
Hub-attached,0.8,50.85,0.002494337560244663,-5.993732091947823,-5.993732091947446
Hub-attached,0.8,50.900000000000006,0.0024798642952098267,-5.999551439975879,-5.999551439975439
Hub-attached,0.8,50.95,0.0024654750105488213,-6.005370788003935,-6.00537078800342
Hub-attached,0.8,51.0,0.0024511692189698605,-6.01119013603199,-6.0111901360314
Hub-attached,0.8,51.050000000000004,0.002436946436008637,-6.017009484060047,-6.017009484059392
Hub-attached,0.8,51.1,0.0024228061800119333,-6.022828832088103,-6.022828832087397
Hub-attached,0.8,51.150000000000006,0.0024087479721212933,-6.028648180116159,-6.028648180115423
Hub-attached,0.8,51.2,0.002394771336256811,-6.034467528144216,-6.034467528143468
Hub-attached,0.8,51.25,0.0023808757991010208,-6.04028687617227,-6.040286876171531
Hub-attached,0.8,51.300000000000004,0.0023670608900828337,-6.046106224200328,-6.0461062241996135
Hub-attached,0.8,51.35,0.0023533261413616552,-6.051925572228383,-6.051925572227709
Hub-attached,0.8,51.400000000000006,0.0023396710878114853,-6.0577449202564395,-6.057744920255817
Hub-attached,0.8,51.45,0.002326095267005214,-6.063564268284495,-6.063564268283929
Hub-attached,0.8,51.5,0.002312598219198925,-6.0693836163125505,-6.069383616312043
Hub-attached,0.8,51.550000000000004,0.0022991794873163515,-6.0752029643406065,-6.075202964340153
Hub-attached,0.8,51.6,0.002285838616933385,-6.081022312368662,-6.081022312368254
Hub-attached,0.8,51.650000000000006,0.002272575156262689,-6.086841660396719,-6.086841660396341
Hub-attached,0.8,51.7,0.002259388656138407,-6.092661008424774,-6.092661008424407
Hub-attached,0.8,51.75,0.0022462786700009306,-6.09848035645283,-6.09848035645245
Hub-attached,0.8,51.800000000000004,0.0022332447538818013,-6.104299704480886,-6.104299704480466
Hub-attached,0.8,51.85,0.002220286466388661,-6.110119052508942,-6.110119052508452
Hub-attached,0.8,51.900000000000006,0.0022074033686903085,-6.115938400536998,-6.115938400536404
Hub-attached,0.8,51.95,0.0021945950245018373,-6.121757748565054,-6.121757748564321
Hub-attached,0.8,52.0,0.0021818610000698645,-6.127577096593109,-6.127577096592201
Hub-attached,0.8,52.050000000000004,0.002169200864157831,-6.133396444621166,-6.133396444620046
Hub-attached,0.8,52.1,0.002156614188031416,-6.139215792649222,-6.139215792647855
Hub-attached,0.8,52.150000000000006,0.0021441005454440006,-6.145035140677278,-6.1450351406756285
Hub-attached,0.8,52.2,0.0021316595126222426,-6.150854488705334,-6.150854488703368
Hub-attached,0.8,52.25,0.0021192906682517237,-6.156673836733389,-6.156673836731078
Hub-attached,0.8,52.300000000000004,0.002106993593462671,-6.162493184761447,-6.1624931847587625
Hub-attached,0.8,52.35,0.0020947678718158036,-6.168312532789501,-6.168312532786423
Hub-attached,0.8,52.400000000000006,0.0020826130892881794,-6.1741318808175585,-6.174131880814067
Hub-attached,0.8,52.45,0.002070528834259231,-6.1799512288456135,-6.179951228841697
Hub-attached,0.8,52.5,0.002058514697496779,-6.185770576873669,-6.185770576869321
Hub-attached,0.8,52.550000000000004,0.0020465702721431944,-6.191589924901726,-6.191589924896944
Hub-attached,0.8,52.6,0.002034695153701633,-6.197409272929781,-6.197409272924572
Hub-attached,0.8,52.650000000000006,0.002022888940022304,-6.203228620957838,-6.203228620952214
Hub-attached,0.8,52.7,0.0020111512312888857,-6.209047968985893,-6.209047968979874
Hub-attached,0.8,52.75,0.001999481630004958,-6.214867317013949,-6.21486731700756
Hub-attached,0.8,52.800000000000004,0.001987879740980559,-6.220686665042005,-6.220686665035279
Hub-attached,0.8,52.85,0.0019763451713187964,-6.226506013070061,-6.226506013063037
Hub-attached,0.8,52.900000000000006,0.0019648775304025408,-6.232325361098117,-6.232325361090842
Hub-attached,0.8,52.95,0.001953476429881198,-6.238144709126173,-6.238144709118699
Hub-attached,0.8,53.0,0.0019421414836575592,-6.243964057154229,-6.243964057146614
Hub-attached,0.8,53.050000000000004,0.001930872307874724,-6.249783405182285,-6.2497834051745915
Hub-attached,0.8,53.1,0.0019196685209031034,-6.25560275321034,-6.255602753202638
Hub-attached,0.8,53.150000000000006,0.001908529743327489,-6.261422101238397,-6.261422101230755
Hub-attached,0.8,53.2,0.0018974555979342162,-6.267241449266454,-6.267241449258948
Hub-attached,0.8,53.25,0.001886445709698386,-6.273060797294508,-6.273060797287217
Hub-attached,0.8,53.300000000000004,0.001875499705771147,-6.278880145322565,-6.278880145315566
Hub-attached,0.8,53.35,0.0018646172154670997,-6.284699493350621,-6.284699493343994
Hub-attached,0.8,53.400000000000006,0.0018537978702517191,-6.2905188413786775,-6.290518841372501
Hub-attached,0.8,53.45,0.0018430413037288898,-6.2963381894067325,-6.2963381894010855
Hub-attached,0.8,53.5,0.001832347151628483,-6.302157537434788,-6.302157537429744
Hub-attached,0.8,53.550000000000004,0.001821715051794029,-6.307976885462844,-6.307976885458475
Hub-attached,0.8,53.6,0.0018111446441704613,-6.3137962334908995,-6.3137962334872695
Hub-attached,0.8,53.650000000000006,0.0018006355707919023,-6.319615581518956,-6.3196155815161275
Hub-attached,0.8,53.7,0.0017901874757695652,-6.325434929547011,-6.325434929545037
Hub-attached,0.8,53.75,0.001779800005279677,-6.331254277575068,-6.331254277573992
Hub-attached,0.8,53.800000000000004,0.00176947280755152,-6.337073625603124,-6.337073625602983
Hub-attached,0.8,53.85,0.0017592055328555015,-6.34289297363118,-6.342892973632001
Hub-attached,0.8,53.900000000000006,0.0017489978334913167,-6.348712321659237,-6.348712321661035
Hub-attached,0.8,53.95,0.0017388493637761804,-6.354531669687292,-6.35453166969007
Hub-attached,0.8,54.0,0.0017287597800331044,-6.360351017715348,-6.360351017719097
Hub-attached,0.8,54.050000000000004,0.0017187287405792744,-6.366170365743404,-6.3661703657481015
Hub-attached,0.8,54.1,0.0017087559057144721,-6.37198971377146,-6.3719897137770705
Hub-attached,0.8,54.150000000000006,0.001698840937709572,-6.377809061799516,-6.377809061805991
Hub-attached,0.8,54.2,0.0016889835007951038,-6.383628409827572,-6.383628409834848
Hub-attached,0.8,54.25,0.001679183261149883,-6.389447757855628,-6.389447757863628
Hub-attached,0.8,54.300000000000004,0.0016694398868897053,-6.395267105883684,-6.395267105892319
Hub-attached,0.8,54.35,0.0016597530480561068,-6.40108645391174,-6.401086453920907
Hub-attached,0.8,54.400000000000006,0.0016501224166051908,-6.4069058019397955,-6.4069058019493825
Hub-attached,0.8,54.45,0.0016405476663965187,-6.4127251499678515,-6.412725149977733
Hub-attached,0.8,54.5,0.0016310284731820663,-6.4185444979959065,-6.418544498005951
Hub-attached,0.8,54.550000000000004,0.0016215645145952356,-6.424363846023963,-6.424363846034031
Hub-attached,0.8,54.6,0.0016121554701399535,-6.430183194052019,-6.430183194061964
Hub-attached,0.8,54.650000000000006,0.0016028010211798025,-6.436002542080075,-6.436002542089755
Hub-attached,0.8,54.7,0.0015935008509272383,-6.441821890108131,-6.441821890117399
Hub-attached,0.8,54.75,0.001584254644432861,-6.447641238136186,-6.447641238144905
Hub-attached,0.8,54.800000000000004,0.0015750620885747418,-6.453460586164244,-6.453460586172283
Hub-attached,0.8,54.85,0.0015659228720478395,-6.459279934192299,-6.459279934199543
Hub-attached,0.8,54.900000000000006,0.001556836685353429,-6.465099282220356,-6.46509928222671
Hub-attached,0.8,54.95,0.0015478032207886492,-6.47091863024841,-6.470918630253805
Hub-attached,0.8,55.0,0.001538822172436056,-6.476737978276466,-6.4767379782808625
Hub-attached,0.8,55.050000000000004,0.0015298932361532827,-6.482557326304523,-6.482557326307921
Hub-attached,0.8,55.1,0.0015210161095627352,-6.488376674332579,-6.488376674335028
Hub-attached,0.8,55.150000000000006,0.001512190492041345,-6.494196022360635,-6.49419602236224
Hub-attached,0.8,55.2,0.0015034160847103954,-6.500015370388691,-6.500015370389621
Hub-attached,0.8,55.25,0.001494692590425398,-6.505834718416747,-6.505834718417248
Hub-attached,0.8,55.300000000000004,0.001486019713766028,-6.5116540664448035,-6.511654066445192
Hub-attached,0.8,55.35,0.0014773971610261265,-6.517473414472859,-6.517473414473268
Hub-attached,0.8,55.400000000000006,0.0014688246402037462,-6.5232927625009145,-6.523292762501384
Hub-attached,0.8,55.45,0.0014603018609912642,-6.5291121105289704,-6.529112110529519
Hub-attached,0.8,55.5,0.001451828534765557,-6.5349314585570255,-6.534931458557659
Hub-attached,0.8,55.550000000000004,0.0014434043745782145,-6.540750806585083,-6.540750806585792
Hub-attached,0.8,55.6,0.0014350290951458417,-6.546570154613139,-6.54657015461391
Hub-attached,0.8,55.650000000000006,0.0014267024128403775,-6.552389502641194,-6.552389502642009
Hub-attached,0.8,55.7,0.0014184240456794977,-6.55820885066925,-6.558208850670086
Hub-attached,0.8,55.75,0.0014101937133170698,-6.564028198697305,-6.56402819869814
Hub-attached,0.8,55.800000000000004,0.001402011137033649,-6.569847546725363,-6.569847546726176
Hub-attached,0.8,55.85,0.0013938760397270574,-6.575666894753418,-6.5756668947541925
Hub-attached,0.8,55.900000000000006,0.001385788145902976,-6.581486242781474,-6.581486242782197
Hub-attached,0.8,55.95,0.0013777471816656345,-6.587305590809529,-6.587305590810191
Hub-attached,0.8,56.0,0.0013697528747085243,-6.593124938837585,-6.593124938838182
Hub-attached,0.8,56.050000000000004,0.001361804954305182,-6.598944286865643,-6.5989442868661765
Hub-attached,0.8,56.1,0.0013539031513000298,-6.604763634893697,-6.604763634894178
Hub-attached,0.8,56.150000000000006,0.0013460471980992332,-6.610582982921755,-6.610582982922194
Hub-attached,0.8,56.2,0.0013382368286616773,-6.616402330949809,-6.616402330950229
Hub-attached,0.8,56.25,0.0013304717784899198,-6.622221678977865,-6.6222216789782875
Hub-attached,0.8,56.300000000000004,0.0013227517846212597,-6.628041027005922,-6.628041027006375
Hub-attached,0.8,56.35,0.0013150765856188248,-6.6338603750339775,-6.633860375034496
Hub-attached,0.8,56.400000000000006,0.001307445921562712,-6.639679723062034,-6.6396797230626525
Hub-attached,0.8,56.45,0.0012998595340411954,-6.645499071090089,-6.645499071090846
Hub-attached,0.8,56.5,0.001292317166141964,-6.651318419118145,-6.651318419119081
Hub-attached,0.8,56.550000000000004,0.0012848185624434296,-6.657137767146202,-6.657137767147354
Hub-attached,0.8,56.6,0.0012773634690060776,-6.662957115174258,-6.662957115175669
Hub-attached,0.8,56.650000000000006,0.0012699516333638614,-6.668776463202313,-6.668776463204022
Hub-attached,0.8,56.7,0.0012625828045156541,-6.674595811230369,-6.674595811232414
Hub-attached,0.8,56.75,0.0012552567329167537,-6.680415159258424,-6.680415159260838
Hub-attached,0.8,56.800000000000004,0.0012479731704704232,-6.686234507286481,-6.686234507289296
Hub-attached,0.8,56.85,0.001240731870519502,-6.692053855314536,-6.692053855317778
Hub-attached,0.8,56.900000000000006,0.0012335325878380361,-6.697873203342593,-6.697873203346284
Hub-attached,0.8,56.95,0.00122637507862299,-6.703692551370649,-6.703692551374806
Hub-attached,0.8,57.0,0.0012192591004859792,-6.709511899398704,-6.709511899403336
Hub-attached,0.8,57.050000000000004,0.0012121844124450617,-6.715331247426762,-6.715331247431872
Hub-attached,0.8,57.1,0.0012051507749165904,-6.721150595454817,-6.7211505954604025
Hub-attached,0.8,57.150000000000006,0.0011981579497070808,-6.726969943482873,-6.726969943488925
Hub-attached,0.8,57.2,0.0011912057000051587,-6.732789291510928,-6.7327892915174266
Hub-attached,0.8,57.25,0.0011842937903735326,-6.738608639538984,-6.7386086395459035
Hub-attached,0.8,57.300000000000004,0.0011774219867410252,-6.7444279875670405,-6.744427987574347
Hub-attached,0.8,57.35,0.001170590056394648,-6.750247335595096,-6.750247335602749
Hub-attached,0.8,57.400000000000006,0.0011637977679717112,-6.756066683623152,-6.756066683631104
Hub-attached,0.8,57.45,0.001157044891452003,-6.7618860316512075,-6.761886031659403
Hub-attached,0.8,57.5,0.0011503311981499835,-6.767705379679264,-6.76770537968764
Hub-attached,0.8,57.550000000000004,0.001143656460707055,-6.773524727707321,-6.77352472771581
Hub-attached,0.8,57.6,0.0011370204530838568,-6.779344075735376,-6.779344075743907
Hub-attached,0.8,57.650000000000006,0.0011304229505526044,-6.785163423763432,-6.785163423771926
Hub-attached,0.8,57.7,0.001123863729689489,-6.790982771791488,-6.790982771799864
Hub-attached,0.8,57.75,0.0011173425683671076,-6.796802119819542,-6.796802119827716
Hub-attached,0.8,57.800000000000004,0.0011108592457469315,-6.802621467847601,-6.8026214678554835
Hub-attached,0.8,57.85,0.0011044135422718518,-6.808440815875656,-6.808440815883162
Hub-attached,0.8,57.900000000000006,0.0010980052396587145,-6.814260163903712,-6.814260163910753
Hub-attached,0.8,57.95,0.0010916341208909483,-6.820079511931768,-6.820079511938259
Hub-attached,0.8,58.0,0.001085299970211209,-6.825898859959823,-6.825898859965679
Hub-attached,0.8,58.050000000000004,0.0010790025731140702,-6.83171820798788,-6.8317182079930205
Hub-attached,0.8,58.1,0.0010727417163387694,-6.837537556015934,-6.837537556020285
Hub-attached,0.8,58.150000000000006,0.001066517187861967,-6.843356904043992,-6.843356904047481
Hub-attached,0.8,58.2,0.0010603287768905906,-6.849176252072048,-6.8491762520746144
Hub-attached,0.8,58.25,0.001054176273854677,-6.854995600100103,-6.854995600101694
Hub-attached,0.8,58.300000000000004,0.0010480594704002798,-6.8608149481281595,-6.8608149481287315
Hub-attached,0.8,58.35,0.0010419781593824235,-6.866634296156214,-6.866634296155734
Hub-attached,0.8,58.400000000000006,0.0010359321348580694,-6.872453644184271,-6.872453644182716
Hub-attached,0.8,58.45,0.0010299211920791643,-6.878272992212327,-6.878272992209688
Hub-attached,0.8,58.5,0.001023945127485689,-6.884092340240382,-6.8840923402366645
Hub-attached,0.8,58.550000000000004,0.0010180037386987697,-6.889911688268438,-6.889911688263661
Hub-attached,0.8,58.6,0.0010120968245138273,-6.895731036296495,-6.895731036290691
Hub-attached,0.8,58.650000000000006,0.0010062241848937642,-6.901550384324551,-6.901550384317769
Hub-attached,0.8,58.7,0.0010003856209621844,-6.907369732352607,-6.90736973234491
Hub-attached,0.8,58.75,0.0009945809349966631,-6.913189080380663,-6.913189080372131
Hub-attached,0.8,58.800000000000004,0.0009888099304220497,-6.919008428408719,-6.9190084283994455
Hub-attached,0.8,58.85,0.0009830724118038117,-6.924827776436774,-6.924827776426867
Hub-attached,0.8,58.900000000000006,0.000977368184841411,-6.930647124464832,-6.93064712445441
Hub-attached,0.8,58.95,0.0009716970563617361,-6.936466472492888,-6.936466472482086
Hub-attached,0.8,59.0,0.0009660588343125482,-6.942285820520942,-6.942285820509904
Hub-attached,0.8,59.050000000000004,0.0009604533277559764,-6.948105168549,-6.948105168537875
Hub-attached,0.8,59.1,0.0009548803468620703,-6.953924516577053,-6.953924516566002
Hub-attached,0.8,59.150000000000006,0.0009493397029023419,-6.95974386460511,-6.959743864594292
Hub-attached,0.8,59.2,0.0009438312082434015,-6.9655632126331675,-6.96556321262274
Hub-attached,0.8,59.25,0.0009383546763405927,-6.9713825606612225,-6.971382560651345
Hub-attached,0.8,59.300000000000004,0.0009329099217316675,-6.977201908689279,-6.977201908680099
Hub-attached,0.8,59.35,0.0009274967600305215,-6.9830212567173335,-6.983021256708985
Hub-attached,0.8,59.400000000000006,0.0009221150079209317,-6.98884060474539,-6.988840604737987
Hub-attached,0.8,59.45,0.000916764483150366,-6.994659952773447,-6.994659952767078
Hub-attached,0.8,59.5,0.0009114450045238027,-7.000479300801501,-7.000479300796226
Hub-attached,0.8,59.550000000000004,0.0009061563918975867,-7.006298648829559,-7.006298648825391
Hub-attached,0.8,59.6,0.0009008984661733492,-7.012117996857614,-7.012117996854523
Hub-attached,0.8,59.650000000000006,0.0008956710492919198,-7.017937344885671,-7.017937344883566
Hub-attached,0.8,59.7,0.0008904739642273153,-7.023756692913726,-7.023756692912449
Hub-attached,0.8,59.75,0.0008853070349807304,-7.029576040941782,-7.0295760409410954
Hub-attached,0.8,59.800000000000004,0.0008801700865745877,-7.035395388969838,-7.035395388969412
Hub-attached,0.8,59.85,0.0008750629450466058,-7.041214736997895,-7.041214736997462
Hub-attached,0.8,59.900000000000006,0.0008699854374439148,-7.047034085025949,-7.047034085025445
Hub-attached,0.8,59.95,0.0008649373918171864,-7.052853433054007,-7.052853433053392
Hub-attached,0.8,60.0,0.0008599186372148309,-7.058672781082061,-7.058672781081324
Hub-attached,0.8,60.050000000000004,0.0008549290036771855,-7.064492129110117,-7.064492129109259
Hub-attached,0.8,60.1,0.000849968322230776,-7.070311477138173,-7.070311477137211
Hub-attached,0.8,60.150000000000006,0.0008450364248825861,-7.076130825166229,-7.076130825165187
Hub-attached,0.8,60.2,0.0008401331446143708,-7.081950173194285,-7.081950173193192
Hub-attached,0.8,60.25,0.0008352583153770003,-7.08776952122234,-7.087769521221228
Hub-attached,0.8,60.300000000000004,0.0008304117720848333,-7.0935888692503966,-7.093588869249294
Hub-attached,0.8,60.35,0.0008255933506101349,-7.099408217278452,-7.099408217277387
Hub-attached,0.8,60.400000000000006,0.0008208028877775066,-7.1052275653065085,-7.105227565305504
Hub-attached,0.8,60.45,0.000816040221358373,-7.1110469133345635,-7.1110469133336345
Hub-attached,0.8,60.5,0.0008113051900654764,-7.1168662613626195,-7.116866261361776
Hub-attached,0.8,60.550000000000004,0.000806597633547422,-7.122685609390676,-7.12268560938992
Hub-attached,0.8,60.6,0.0008019173923832484,-7.128504957418731,-7.128504957418056
Hub-attached,0.8,60.650000000000006,0.0007972643080770205,-7.134324305446788,-7.134324305446181
Hub-attached,0.8,60.7,0.0007926382230524738,-7.140143653474843,-7.140143653474283
Hub-attached,0.8,60.75,0.0007880389806476662,-7.1459630015029,-7.1459630015023565
Hub-attached,0.8,60.800000000000004,0.0007834664251096838,-7.151782349530955,-7.151782349530396
Hub-attached,0.8,60.85,0.0007789204015893558,-7.157601697559012,-7.157601697558393
Hub-attached,0.8,60.900000000000006,0.0007744007561360204,-7.163421045587068,-7.163421045586345
Hub-attached,0.8,60.95,0.0007699073356923036,-7.169240393615124,-7.169240393614246
Hub-attached,0.8,61.0,0.0007654399880889406,-7.175059741643179,-7.175059741642095
Hub-attached,0.8,61.050000000000004,0.0007609985620396178,-7.180879089671236,-7.180879089669888
Hub-attached,0.8,61.1,0.0007565829071358572,-7.186698437699292,-7.186698437697626
Hub-attached,0.8,61.150000000000006,0.0007521928738419153,-7.192517785727348,-7.192517785725308
Hub-attached,0.8,61.2,0.0007478283134897225,-7.198337133755404,-7.198337133752938
Hub-attached,0.8,61.25,0.0007434890782738491,-7.204156481783459,-7.204156481780514
Hub-attached,0.8,61.300000000000004,0.0007391750212464957,-7.2099758298115155,-7.209975829808046
Hub-attached,0.8,61.35,0.0007348859963125241,-7.2157951778395715,-7.215795177835534
Hub-attached,0.8,61.400000000000006,0.0007306218582245031,-7.221614525867627,-7.221614525862986
Hub-attached,0.8,61.45,0.0007263824625777926,-7.227433873895683,-7.227433873890408
Hub-attached,0.8,61.5,0.0007221676658056538,-7.233253221923738,-7.233253221917807
Hub-attached,0.8,61.550000000000004,0.000717977325174384,-7.239072569951795,-7.239072569945193
Hub-attached,0.8,61.6,0.0007138112987784896,-7.24489191797985,-7.244891917972574
Hub-attached,0.8,61.650000000000006,0.0007096694455358717,-7.250711266007907,-7.250711265999961
Hub-attached,0.8,61.7,0.0007055516251830575,-7.256530614035962,-7.25653061402736
Hub-attached,0.8,61.75,0.0007014576982704419,-7.262349962064018,-7.262349962054786
Hub-attached,0.8,61.800000000000004,0.000697387526157571,-7.268169310092074,-7.268169310082246
Hub-attached,0.8,61.85,0.0006933409710084446,-7.27398865812013,-7.273988658109753
Hub-attached,0.8,61.900000000000006,0.0006893178957868483,-7.279808006148187,-7.279808006137315
Hub-attached,0.8,61.95,0.0006853181642517154,-7.285627354176242,-7.285627354164941
Hub-attached,0.8,62.0,0.0006813416409525075,-7.291446702204298,-7.291446702192642
Hub-attached,0.8,62.050000000000004,0.0006773881912246326,-7.297266050232355,-7.297266050220427
Hub-attached,0.8,62.1,0.0006734576811848852,-7.30308539826041,-7.303085398248306
Hub-attached,0.8,62.150000000000006,0.0006695499777269061,-7.308904746288466,-7.3089047462762835
Hub-attached,0.8,62.2,0.0006656649485166813,-7.314724094316523,-7.314724094304367
Hub-attached,0.8,62.25,0.0006618024619880593,-7.320543442344578,-7.320543442332562
Hub-attached,0.8,62.300000000000004,0.0006579623873382905,-7.3263627903726345,-7.326362790360874
Hub-attached,0.8,62.35,0.0006541445945236056,-7.33218213840069,-7.332182138389304
Hub-attached,0.8,62.400000000000006,0.0006503489542548054,-7.338001486428746,-7.3380014864178555
Hub-attached,0.8,62.45,0.000646575337992885,-7.343820834456802,-7.343820834446529
Hub-attached,0.8,62.5,0.0006428236179446809,-7.349640182484857,-7.349640182475321
Hub-attached,0.8,62.550000000000004,0.0006390936670585409,-7.355459530512914,-7.355459530504232
Hub-attached,0.8,62.6,0.0006353853590200271,-7.361278878540969,-7.361278878533255
Hub-attached,0.8,62.650000000000006,0.0006316985682476304,-7.367098226569026,-7.367098226562385
Hub-attached,0.8,62.7,0.0006280331698885254,-7.372917574597082,-7.372917574591615
Hub-attached,0.8,62.75,0.0006243890398143377,-7.378736922625137,-7.378736922620933
Hub-attached,0.8,62.800000000000004,0.0006207660546169395,-7.384556270653194,-7.384556270650333
Hub-attached,0.8,62.85,0.0006171640916042757,-7.390375618681249,-7.390375618679799
Hub-attached,0.8,62.900000000000006,0.0006135830287962019,-7.396194966709306,-7.396194966709317
Hub-attached,0.8,62.95,0.0006100227449203609,-7.402014314737361,-7.402014314738873
Hub-attached,0.8,63.0,0.0006064831194080687,-7.407833662765417,-7.40783366276845
Hub-attached,0.8,63.050000000000004,0.000602964032390237,-7.413653010793473,-7.41365301079803
Hub-attached,0.8,63.1,0.0005994653646933109,-7.419472358821529,-7.419472358827594
Hub-attached,0.8,63.150000000000006,0.0005959869978352342,-7.425291706849585,-7.425291706857124
Hub-attached,0.8,63.2,0.000592528814021436,-7.431111054877642,-7.431111054886597
Hub-attached,0.8,63.25,0.0005890906961408446,-7.436930402905697,-7.436930402915994
Hub-attached,0.8,63.300000000000004,0.0005856725277619153,-7.4427497509337535,-7.442749750945295
Hub-attached,0.8,63.35,0.000582274193128696,-7.4485690989618085,-7.448569098974479
Hub-attached,0.8,63.400000000000006,0.0005788955771568981,-7.454388446989865,-7.454388447003526
Hub-attached,0.8,63.45,0.0005755365654300072,-7.460207795017921,-7.460207795032418
Hub-attached,0.8,63.5,0.000572197044195404,-7.4660271430459755,-7.466027143061136
Hub-attached,0.8,63.550000000000004,0.0005688769003605094,-7.471846491074033,-7.471846491089666
Hub-attached,0.8,63.6,0.0005655760214889645,-7.477665839102088,-7.477665839117994
Hub-attached,0.8,63.650000000000006,0.0005622942957968107,-7.483485187130145,-7.48348518714611
Hub-attached,0.8,63.7,0.000559031612148714,-7.489304535158201,-7.489304535174005
Hub-attached,0.8,63.75,0.0005557878600541959,-7.495123883186256,-7.4951238832016776
Hub-attached,0.8,63.800000000000004,0.0005525629296638918,-7.500943231214313,-7.500943231229131
Hub-attached,0.8,63.85,0.0005493567117658358,-7.506762579242368,-7.5067625792563675
Hub-attached,0.8,63.900000000000006,0.0005461690977817548,-7.512581927270425,-7.512581927283406
Hub-attached,0.8,63.95,0.0005429999797633997,-7.51840127529848,-7.51840127531026
Hub-attached,0.8,64.0,0.0005398492503888817,-7.524220623326536,-7.52422062333696
Hub-attached,0.8,64.05,0.0005367168029590441,-7.530039971354592,-7.530039971363543
Hub-attached,0.8,64.10000000000001,0.0005336025313938453,-7.535859319382649,-7.535859319390054
Hub-attached,0.8,64.15,0.0005305063302287692,-7.541678667410705,-7.541678667416548
Hub-attached,0.8,64.2,0.0005274280946112513,-7.54749801543876,-7.547498015443091
Hub-attached,0.8,64.25,0.0005243677202971274,-7.553317363466816,-7.553317363469765
Hub-attached,0.8,64.3,0.0005213251036471068,-7.559136711494871,-7.559136711496663
Hub-attached,0.8,64.35000000000001,0.0005183001416232574,-7.564956059522929,-7.5649560595238965
Hub-attached,0.8,64.4,0.000515292731785525,-7.570775407550984,-7.570775407551584
Hub-attached,0.8,64.45,0.0005123027722882526,-7.57659475557904,-7.576594755579644
Hub-attached,0.8,64.5,0.0005093301618767404,-7.582414103607096,-7.582414103607794
Hub-attached,0.8,64.55,0.000506374799883814,-7.58823345163515,-7.588233451635993
Hub-attached,0.8,64.60000000000001,0.0005034365862264112,-7.594052799663209,-7.5940527996642135
Hub-attached,0.8,64.65,0.0005005154214022039,-7.599872147691263,-7.599872147692428
Hub-attached,0.8,64.7,0.0004976112064862133,-7.60569149571932,-7.605691495720621
Hub-attached,0.8,64.75,0.0004947238431274737,-7.611510843747375,-7.611510843748781
Hub-attached,0.8,64.8,0.000491853233545692,-7.617330191775431,-7.617330191776904
Hub-attached,0.8,64.85000000000001,0.0004889992805279413,-7.623149539803488,-7.623149539804986
Hub-attached,0.8,64.9,0.0004861618874253691,-7.628968887831544,-7.628968887833029
Hub-attached,0.8,64.95,0.0004833409581499216,-7.634788235859599,-7.634788235861035
Hub-attached,0.8,65.0,0.00048053639717109077,-7.640607583887654,-7.640607583889011
Hub-attached,0.8,65.05,0.0004777481095126788,-7.646426931915711,-7.646426931916967
Hub-attached,0.8,65.10000000000001,0.00047497600074958437,-7.652246279943768,-7.652246279944911
Hub-attached,0.8,65.15,0.0004722199770046022,-7.6580656279718236,-7.658065627972851
Hub-attached,0.8,65.2,0.00046947994494524436,-7.663884975999879,-7.663884976000797
Hub-attached,0.8,65.25,0.0004667558117805791,-7.669704324027935,-7.669704324028763
Hub-attached,0.8,65.3,0.00046404748525809037,-7.6755236720559905,-7.675523672056756
Hub-attached,0.8,65.35000000000001,0.0004613548736605515,-7.681343020084048,-7.68134302008479
Hub-attached,0.8,65.4,0.00045867788580292266,-7.687162368112104,-7.687162368112868
Hub-attached,0.8,65.45,0.0004560164310292585,-7.692981716140159,-7.692981716140999
Hub-attached,0.8,65.5,0.0004533704192096401,-7.698801064168214,-7.698801064169191
Hub-attached,0.8,65.55,0.0004507397607371228,-7.70462041219627,-7.70462041219745
Hub-attached,0.8,65.60000000000001,0.0004481243665247015,-7.710439760224328,-7.71043976022578
Hub-attached,0.8,65.65,0.00044552414800229633,-7.716259108252383,-7.716259108254182
Hub-attached,0.8,65.7,0.0004429390171137476,-7.722078456280438,-7.722078456282657
Hub-attached,0.8,65.75,0.00044036888631383803,-7.727897804308493,-7.727897804311204
Hub-attached,0.8,65.8,0.00043781366856532626,-7.73371715233655,-7.733717152339824
Hub-attached,0.8,65.85000000000001,0.0004352732773360015,-7.739536500364607,-7.739536500368512
Hub-attached,0.8,65.9,0.00043274762659575134,-7.745355848392663,-7.745355848397262
Hub-attached,0.8,65.95,0.0004302366308136479,-7.751175196420719,-7.751175196426067
Hub-attached,0.8,66.0,0.0004277402049550528,-7.756994544448774,-7.756994544454921
Hub-attached,0.8,66.05,0.00042525826447873554,-7.76281389247683,-7.762813892483814
Hub-attached,0.8,66.10000000000001,0.0004227907253340127,-7.768633240504887,-7.768633240512738
Hub-attached,0.8,66.15,0.00042033750395790135,-7.7744525885329425,-7.7744525885416795
Hub-attached,0.8,66.2,0.0004178985172722875,-7.780271936560998,-7.780271936570626
Hub-attached,0.8,66.25,0.0004154736826811135,-7.786091284589053,-7.786091284599568
Hub-attached,0.8,66.3,0.00041306291806758046,-7.7919106326171095,-7.791910632628491
Hub-attached,0.8,66.35000000000001,0.00041066614179136973,-7.797729980645166,-7.797729980657381
Hub-attached,0.8,66.4,0.00040828327268587546,-7.803549328673223,-7.803549328686225
Hub-attached,0.8,66.45,0.00040591423005545765,-7.809368676701278,-7.809368676715008
Hub-attached,0.8,66.5,0.00040355893367270706,-7.815188024729333,-7.815188024743719
Hub-attached,0.8,66.55,0.0004012173037757303,-7.821007372757389,-7.821007372772343
Hub-attached,0.8,66.60000000000001,0.00039888926106544827,-7.826826720785447,-7.826826720800869
Hub-attached,0.8,66.65,0.00039657472670291276,-7.832646068813502,-7.832646068829283
Hub-attached,0.8,66.7,0.0003942736223066317,-7.838465416841557,-7.838465416857576
Hub-attached,0.8,66.75,0.00039198586994991817,-7.844284764869613,-7.844284764885738
Hub-attached,0.8,66.8,0.0003897113921582517,-7.850104112897669,-7.850104112913757
Hub-attached,0.8,66.85000000000001,0.0003874501119066527,-7.855923460925727,-7.855923460941633
Hub-attached,0.8,66.9,0.00038520195261707756,-7.861742808953781,-7.861742808969352
Hub-attached,0.8,66.95,0.00038296683815581894,-7.867562156981837,-7.8675621569969145
Hub-attached,0.8,67.0,0.00038074469283093447,-7.873381505009892,-7.873381505024317
Hub-attached,0.8,67.05,0.00037853544138967816,-7.879200853037949,-7.879200853051559
Hub-attached,0.8,67.10000000000001,0.0003763390090159561,-7.8850202010660055,-7.885020201078643
Hub-attached,0.8,67.15,0.00037415532132779075,-7.890839549094061,-7.890839549105572
Hub-attached,0.8,67.2,0.00037198430437480055,-7.8966588971221165,-7.896658897132352
Hub-attached,0.8,67.25,0.0003698258846356989,-7.902478245150172,-7.902478245158989
Hub-attached,0.8,67.3,0.00036767998901580094,-7.9082975931782284,-7.908297593185495
Hub-attached,0.8,67.35000000000001,0.00036554654484455165,-7.914116941206285,-7.914116941211883
Hub-attached,0.8,67.4,0.00036342547987306285,-7.919936289234341,-7.919936289238165
Hub-attached,0.8,67.45,0.00036131672227166677,-7.925755637262395,-7.925755637264357
Hub-attached,0.8,67.5,0.00035922020062748163,-7.931574985290452,-7.931574985290481
Hub-attached,0.8,67.55,0.00035713584394199784,-7.937394333318509,-7.937394333316554
Hub-attached,0.8,67.60000000000001,0.0003550635816286703,-7.943213681346565,-7.943213681342601
Hub-attached,0.8,67.65,0.0003530033435105281,-7.949033029374621,-7.949033029368642
Hub-attached,0.8,67.7,0.00035095505981779917,-7.954852377402676,-7.954852377394703
Hub-attached,0.8,67.75,0.0003489186611855461,-7.960671725430732,-7.960671725420811
Hub-attached,0.8,67.8,0.00034689407865131874,-7.966491073458788,-7.966491073446991
Hub-attached,0.8,67.85000000000001,0.0003448812436528172,-7.972310421486846,-7.972310421473274
Hub-attached,0.8,67.9,0.00034288008802557326,-7.9781297695149,-7.978129769499682
Hub-attached,0.8,67.95,0.0003408905440006357,-7.983949117542956,-7.983949117526245
Hub-attached,0.8,68.0,0.00033891254420228206,-7.989768465571011,-7.989768465552987
Hub-attached,0.8,68.05,0.0003369460216457324,-7.995587813599067,-7.995587813579936
Hub-attached,0.8,68.10000000000001,0.0003349909097348828,-8.001407161627125,-8.001407161607116
Hub-attached,0.8,68.15,0.0003330471422600517,-8.00722650965518,-8.00722650963454
Hub-attached,0.8,68.2,0.00033111465339573284,-8.013045857683236,-8.013045857662235
Hub-attached,0.8,68.25,0.0003291933776983715,-8.018865205711291,-8.018865205690206
Hub-attached,0.8,68.3,0.0003272832501041437,-8.024684553739348,-8.02468455371847
Hub-attached,0.8,68.35000000000001,0.0003253842059267572,-8.030503901767403,-8.03050390174703
Hub-attached,0.8,68.4,0.0003234961808552563,-8.03632324979546,-8.036323249775881
Hub-attached,0.8,68.45,0.0003216191109518486,-8.042142597823515,-8.042142597805013
Hub-attached,0.8,68.5,0.00031975293264973573,-8.04796194585157,-8.047961945834414
Hub-attached,0.8,68.55,0.0003178975827509624,-8.053781293879627,-8.053781293864054
Hub-attached,0.8,68.60000000000001,0.0003160529984242774,-8.059600641907684,-8.0596006418939
Hub-attached,0.8,68.65,0.00031421911720300383,-8.06541998993574,-8.065419989923901
Hub-attached,0.8,68.7,0.00031239587698292533,-8.071239337963796,-8.071239337954
Hub-attached,0.8,68.75,0.00031058321602018066,-8.077058685991851,-8.077058685984118
Hub-attached,0.8,68.8,0.00030878107292917436,-8.082878034019908,-8.082878034014175
Hub-attached,0.8,68.85000000000001,0.00030698938668049917,-8.088697382047963,-8.088697382044062
Hub-attached,0.8,68.9,0.00030520809659886585,-8.09451673007602,-8.09451673007365
Hub-attached,0.8,68.95,0.00030343714236105186,-8.100336078104077,-8.100336078102803
Hub-attached,0.8,69.0,0.0003016764639938576,-8.10615542613213,-8.106155426131354
Hub-attached,0.8,69.05,0.00029992600187207183,-8.111974774160187,-8.111974774159359
Hub-attached,0.8,69.10000000000001,0.00029818569671645896,-8.117794122188242,-8.11779412218716
Hub-attached,0.8,69.15,0.0002964554895917457,-8.123613470216299,-8.123613470214842
Hub-attached,0.8,69.2,0.0002947353219046291,-8.129432818244355,-8.129432818242474
Hub-attached,0.8,69.25,0.00029302513540179094,-8.13525216627241,-8.135252166270108
Hub-attached,0.8,69.3,0.00029132487216792363,-8.141071514300465,-8.141071514297787
Hub-attached,0.8,69.35000000000001,0.0002896344746237699,-8.146890862328524,-8.146890862325538
Hub-attached,0.8,69.4,0.00028795388552417604,-8.15271021035658,-8.152710210353373
Hub-attached,0.8,69.45,0.00028628304795614694,-8.158529558384636,-8.158529558381304
Hub-attached,0.8,69.5,0.00028462190533692466,-8.164348906412691,-8.16434890640933
Hub-attached,0.8,69.55,0.00028297040141206825,-8.170168254440746,-8.170168254437444
Hub-attached,0.8,69.60000000000001,0.00028132848025355043,-8.175987602468803,-8.175987602465636
Hub-attached,0.8,69.65,0.0002796960862578648,-8.181806950496858,-8.181806950493888
Hub-attached,0.8,69.7,0.0002780731641441393,-8.187626298524915,-8.187626298522185
Hub-attached,0.8,69.75,0.00027645965895226857,-8.19344564655297,-8.193445646550499
Hub-attached,0.8,69.8,0.00027485551604104866,-8.199264994581025,-8.199264994578815
Hub-attached,0.8,69.85000000000001,0.0002732606810863281,-8.205084342609084,-8.20508434260711
Hub-attached,0.8,69.9,0.0002716751000791714,-8.210903690637139,-8.210903690635357
Hub-attached,0.8,69.95,0.00027009871932402355,-8.216723038665195,-8.216723038663535
Hub-attached,0.8,70.0,0.0002685314854368984,-8.222542386693249,-8.222542386691623
Hub-attached,0.8,70.05,0.0002669733453435645,-8.228361734721304,-8.228361734719607
Hub-attached,0.8,70.10000000000001,0.000265424246277752,-8.234181082749362,-8.234181082747464
Hub-attached,0.8,70.15,0.00026388413577936695,-8.240000430777418,-8.240000430775181
Hub-attached,0.8,70.2,0.00026235296169270956,-8.245819778805473,-8.245819778802746
Hub-attached,0.8,70.25,0.00026083067216471124,-8.25163912683353,-8.251639126830153
Hub-attached,0.8,70.3,0.00025931721564317954,-8.257458474861584,-8.25745847485739
Hub-attached,0.8,70.35000000000001,0.0002578125408750492,-8.263277822889641,-8.263277822884461
Hub-attached,0.8,70.4,0.0002563165969046494,-8.269097170917698,-8.269097170911364
Hub-attached,0.8,70.45,0.0002548293330719772,-8.274916518945753,-8.274916518938099
Hub-attached,0.8,70.5,0.0002533506990109807,-8.280735866973808,-8.280735866964678
Hub-attached,0.8,70.55,0.00025188064464785485,-8.286555215001863,-8.286555214991107
Hub-attached,0.8,70.60000000000001,0.00025041912019934444,-8.292374563029922,-8.292374563017406
Hub-attached,0.8,70.65,0.00024896607617106163,-8.298193911057977,-8.298193911043581
Hub-attached,0.8,70.7,0.0002475214633558046,-8.304013259086032,-8.304013259069658
Hub-attached,0.8,70.75,0.00024608523283189417,-8.309832607114089,-8.309832607095656
Hub-attached,0.8,70.8,0.0002446573359615181,-8.315651955142144,-8.315651955121595
Hub-attached,0.8,70.85000000000001,0.00024323772438908077,-8.3214713031702,-8.321471303147504
Hub-attached,0.8,70.9,0.00024182635003956902,-8.327290651198256,-8.327290651173406
Hub-attached,0.8,70.95,0.00024042316511692087,-8.333109999226313,-8.333109999199335
Hub-attached,0.8,71.0,0.00023902812210241023,-8.338929347254368,-8.338929347225314
Hub-attached,0.8,71.05,0.00023764117375303466,-8.344748695282423,-8.344748695251374
Hub-attached,0.8,71.10000000000001,0.00023626227309991684,-8.35056804331048,-8.350568043277548
Hub-attached,0.8,71.15,0.0002348913734467147,-8.356387391338536,-8.356387391303864
Hub-attached,0.8,71.2,0.0002335284283680394,-8.362206739366592,-8.362206739330349
Hub-attached,0.8,71.25,0.0002321733917078821,-8.368026087394647,-8.368026087357032
Hub-attached,0.8,71.3,0.00023082621757805185,-8.373845435422703,-8.373845435383949
Hub-attached,0.8,71.35000000000001,0.00022948686035662242,-8.37966478345076,-8.379664783411116
Hub-attached,0.8,71.4,0.00022815527468638636,-8.385484131478815,-8.385484131438561
Hub-attached,0.8,71.45,0.00022683141547331838,-8.39130347950687,-8.391303479466306
Hub-attached,0.8,71.5,0.0002255152378850489,-8.397122827534927,-8.397122827494373
Hub-attached,0.8,71.55,0.000224206697349347,-8.402942175562982,-8.402942175522773
Hub-attached,0.8,71.60000000000001,0.0002229057495526083,-8.40876152359104,-8.408761523551526
Hub-attached,0.8,71.65,0.000221612350438357,-8.414580871619096,-8.41458087158064
Hub-attached,0.8,71.7,0.00022032645620575274,-8.420400219647151,-8.420400219610118
Hub-attached,0.8,71.75,0.00021904802330810643,-8.426219567675206,-8.426219567639967
Hub-attached,0.8,71.8,0.0002177770084514069,-8.432038915703261,-8.432038915670182
Hub-attached,0.8,71.85000000000001,0.00021651336859285333,-8.43785826373132,-8.437858263700765
Hub-attached,0.8,71.9,0.00021525706093940096,-8.443677611759375,-8.443677611731694
Hub-attached,0.8,71.95,0.00021400804294630714,-8.44949695978743,-8.449496959762962
Hub-attached,0.8,72.0,0.00021276627231569362,-8.455316307815485,-8.455316307794549
Hub-attached,0.8,72.05,0.00021153170699511267,-8.461135655843544,-8.461135655826432
Hub-attached,0.8,72.10000000000001,0.000210304305176126,-8.466955003871599,-8.466955003858581
Hub-attached,0.8,72.15,0.00020908402529288433,-8.472774351899654,-8.472774351890962
Hub-attached,0.8,72.2,0.0002078708260207225,-8.47859369992771,-8.478593699923541
Hub-attached,0.8,72.25,0.0002066646662747607,-8.484413047955766,-8.484413047956275
Hub-attached,0.8,72.3,0.00020546550520851044,-8.490232395983822,-8.49023239598912
Hub-attached,0.8,72.35000000000001,0.0002042733022124945,-8.496051744011877,-8.496051744022028
Hub-attached,0.8,72.4,0.0002030880169128681,-8.501871092039936,-8.501871092054945
Hub-attached,0.8,72.45,0.00020190960917005623,-8.507690440067991,-8.507690440087815
Hub-attached,0.8,72.5,0.00020073803907738952,-8.513509788096046,-8.513509788120585
Hub-attached,0.8,72.55,0.00019957326695975528,-8.519329136124103,-8.519329136153196
Hub-attached,0.8,72.60000000000001,0.0001984152533722544,-8.52514848415216,-8.525148484185587
Hub-attached,0.8,72.65,0.00019726395909886477,-8.530967832180215,-8.530967832217698
Hub-attached,0.8,72.7,0.00019611934515111247,-8.53678718020827,-8.536787180249469
Hub-attached,0.8,72.75,0.00019498137276675222,-8.542606528236327,-8.542606528280842
Hub-attached,0.8,72.8,0.00019385000340845567,-8.548425876264382,-8.548425876311763
Hub-attached,0.8,72.85000000000001,0.00019272519876250405,-8.554245224292439,-8.554245224342177
Hub-attached,0.8,72.9,0.0001916069207374932,-8.560064572320494,-8.560064572372037
Hub-attached,0.8,72.95,0.0001904951314630411,-8.56588392034855,-8.565883920401301
Hub-attached,0.8,73.0,0.00018938979328850806,-8.571703268376606,-8.571703268429932
Hub-attached,0.8,73.05,0.00018829086878171912,-8.57752261640466,-8.577522616457905
Hub-attached,0.8,73.10000000000001,0.00018719832072769738,-8.58334196443272,-8.583341964485209
Hub-attached,0.8,73.15,0.0001861121121274059,-8.589161312460774,-8.589161312511827
Hub-attached,0.8,73.2,0.00018503220619649075,-8.59498066048883,-8.594980660537775
Hub-attached,0.8,73.25,0.00018395856636403793,-8.600800008516885,-8.600800008563077
Hub-attached,0.8,73.3,0.00018289115627133403,-8.606619356544941,-8.606619356587776
Hub-attached,0.8,73.35000000000001,0.0001818299397706358,-8.612438704572998,-8.612438704611929
Hub-attached,0.8,73.4,0.0001807748809239454,-8.618258052601053,-8.618258052635618
Hub-attached,0.8,73.45,0.00017972594400179242,-8.62407740062911,-8.624077400658953
Hub-attached,0.8,73.5,0.00017868309348202614,-8.629896748657165,-8.62989674868206
Hub-attached,0.8,73.55,0.00017764629404861036,-8.63571609668522,-8.635716096705108
Hub-attached,0.8,73.60000000000001,0.00017661551059042834,-8.641535444713277,-8.641535444728289
Hub-attached,0.8,73.65,0.00017559070820009434,-8.647354792741334,-8.64735479275183
Hub-attached,0.8,73.7,0.00017457185217277106,-8.653174140769389,-8.653174140775993
Hub-attached,0.8,73.75,0.0001735589080049935,-8.658993488797444,-8.658993488801089
Hub-attached,0.8,73.8,0.00017255184139350127,-8.6648128368255,-8.664812836827467
Hub-attached,0.8,73.85000000000001,0.0001715506182340775,-8.670632184853558,-8.670632184855263
Hub-attached,0.8,73.9,0.0001705552046203933,-8.676451532881613,-8.676451532883425
Hub-attached,0.8,73.95,0.00016956556684285883,-8.682270880909668,-8.682270880911718
Hub-attached,0.8,74.0,0.00016858167138748245,-8.688090228937725,-8.688090228940071
Hub-attached,0.8,74.05,0.00016760348493473668,-8.69390957696578,-8.693909576968426
Hub-attached,0.8,74.10000000000001,0.00016663097435842757,-8.699728924993837,-8.699728924996748
Hub-attached,0.8,74.15,0.0001656641067245755,-8.705548273021892,-8.705548273025006
Hub-attached,0.8,74.2,0.00016470284929029732,-8.711367621049948,-8.711367621053189
Hub-attached,0.8,74.25,0.00016374716950269994,-8.717186969078004,-8.717186969081284
Hub-attached,0.8,74.3,0.00016279703499777592,-8.723006317106059,-8.723006317109299
Hub-attached,0.8,74.35000000000001,0.000161852413599308,-8.728825665134117,-8.728825665137242
Hub-attached,0.8,74.4,0.0001609132733177812,-8.734645013162174,-8.73464501316512
Hub-attached,0.8,74.45,0.00015997958234929718,-8.740464361190229,-8.740464361192954
Hub-attached,0.8,74.5,0.00015905130907449807,-8.746283709218282,-8.746283709220762
Hub-attached,0.8,74.55,0.0001581284220574949,-8.75210305724634,-8.752103057248569
Hub-attached,0.8,74.60000000000001,0.0001572108900448049,-8.757922405274398,-8.757922405276394
Hub-attached,0.8,74.65,0.00015629868196429284,-8.763741753302451,-8.76374175330426
Hub-attached,0.8,74.7,0.0001553917669241155,-8.769561101330508,-8.769561101332188
Hub-attached,0.8,74.75,0.0001544901142116802,-8.775380449358563,-8.775380449360199
Hub-attached,0.8,74.8,0.00015359369329260108,-8.78119979738662,-8.78119979738831
Hub-attached,0.8,74.85000000000001,0.00015270247380966734,-8.787019145414677,-8.78701914541654
Hub-attached,0.8,74.9,0.00015181642558181402,-8.792838493442733,-8.792838493444902
Hub-attached,0.8,74.95,0.00015093551860310077,-8.798657841470787,-8.798657841473405
Hub-attached,0.8,75.0,0.0001500597230416939,-8.804477189498842,-8.804477189502059
Hub-attached,0.8,75.05,0.00014918900923885806,-8.810296537526899,-8.810296537530865
Hub-attached,0.8,75.10000000000001,0.00014832334770795134,-8.816115885554957,-8.81611588555983
Hub-attached,0.8,75.15,0.00014746270913342717,-8.821935233583012,-8.821935233588944
Hub-attached,0.8,75.2,0.0001466070643698398,-8.827754581611067,-8.827754581618205
Hub-attached,0.8,75.25,0.0001457563844408585,-8.833573929639124,-8.833573929647606
Hub-attached,0.8,75.3,0.00014491064053828712,-8.83939327766718,-8.83939327767713
Hub-attached,0.8,75.35000000000001,0.0001440698040210865,-8.845212625695236,-8.845212625706765
Hub-attached,0.8,75.4,0.00014323384641440668,-8.851031973723291,-8.851031973736491
Hub-attached,0.8,75.45,0.00014240273940862046,-8.856851321751348,-8.856851321766289
Hub-attached,0.8,75.5,0.00014157645485836687,-8.862670669779403,-8.862670669796133
Hub-attached,0.8,75.55,0.00014075496478159623,-8.868490017807458,-8.868490017826
Hub-attached,0.8,75.60000000000001,0.00013993824135862312,-8.874309365835515,-8.874309365855865
Hub-attached,0.8,75.65,0.00013912625693118506,-8.880128713863572,-8.880128713885698
Hub-attached,0.8,75.7,0.00013831898400150513,-8.885948061891627,-8.88594806191547
Hub-attached,0.8,75.75,0.00013751639523136032,-8.891767409919682,-8.89176740994515
Hub-attached,0.8,75.8,0.00013671846344115636,-8.897586757947739,-8.897586757974713
Hub-attached,0.8,75.85000000000001,0.00013592516160900755,-8.903406105975796,-8.903406106004127
Hub-attached,0.8,75.9,0.00013513646286982133,-8.90922545400385,-8.909225454033363
Hub-attached,0.8,75.95,0.00013435234051438797,-8.915044802031906,-8.915044802062393
Hub-attached,0.8,76.0,0.0001335727679884766,-8.920864150059963,-8.920864150091196
Hub-attached,0.8,76.05,0.00013279771889193652,-8.926683498088018,-8.926683498119743
Hub-attached,0.8,76.10000000000001,0.00013202716697780168,-8.932502846116074,-8.932502846148017
Hub-attached,0.8,76.15,0.00013126108615140337,-8.938322194144131,-8.938322194175994
Hub-attached,0.8,76.2,0.00013049945046948586,-8.944141542172186,-8.944141542203662
Hub-attached,0.8,76.25,0.00012974223413932733,-8.949960890200241,-8.949960890231004
Hub-attached,0.8,76.3,0.00012898941151786715,-8.955780238228296,-8.955780238258018
Hub-attached,0.8,76.35000000000001,0.0001282409571108368,-8.961599586256355,-8.961599586284699
Hub-attached,0.8,76.4,0.00012749684557189823,-8.96741893428441,-8.967418934311041
Hub-attached,0.8,76.45,0.00012675705170178293,-8.973238282312465,-8.97323828233705
Hub-attached,0.8,76.5,0.00012602155044744002,-8.979057630340522,-8.979057630362739
Hub-attached,0.8,76.55,0.00012529031690118809,-8.984876978368579,-8.984876978388115
Hub-attached,0.8,76.60000000000001,0.00012456332629987114,-8.990696326396636,-8.990696326413202
Hub-attached,0.8,76.65,0.0001238405540240204,-8.996515674424689,-8.99651567443802
Hub-attached,0.8,76.7,0.00012312197559701912,-9.002335022452746,-9.002335022462598
Hub-attached,0.8,76.75,0.00012240756668427627,-9.008154370480801,-9.008154370486967
Hub-attached,0.8,76.80000000000001,0.00012169730309240004,-9.013973718508858,-9.013973718511167
Hub-attached,0.8,76.85000000000001,0.00012099116076838012,-9.019793066536915,-9.019793066535236
Hub-attached,0.8,76.9,0.00012028911579877256,-9.02561241456497,-9.025612414559223
Hub-attached,0.8,76.95,0.00011959114440888951,-9.031431762593025,-9.031431762583173
Hub-attached,0.8,77.0,0.00011889722296199474,-9.03725111062108,-9.03725111060714
Hub-attached,0.8,77.05000000000001,0.00011820732795850233,-9.04307045864914,-9.043070458631185
Hub-attached,0.8,77.10000000000001,0.00011752143603518357,-9.048889806677193,-9.048889806655355
Hub-attached,0.8,77.15,0.00011683952396437122,-9.054709154705249,-9.054709154679713
Hub-attached,0.8,77.2,0.00011616156865317658,-9.060528502733304,-9.060528502704317
Hub-attached,0.8,77.25,0.00011548754714270584,-9.06634785076136,-9.06634785072923
Hub-attached,0.8,77.30000000000001,0.00011481743660728344,-9.072167198789417,-9.072167198754503
Hub-attached,0.8,77.35000000000001,0.00011415121435367858,-9.077986546817472,-9.077986546780192
Hub-attached,0.8,77.4,0.00011348885782033616,-9.08380589484553,-9.083805894806352
Hub-attached,0.8,77.45,0.00011283034457661418,-9.089625242873584,-9.089625242833023
Hub-attached,0.8,77.5,0.00011217565232202242,-9.095444590901641,-9.095444590860247
Hub-attached,0.8,77.55000000000001,0.00011152475888546877,-9.101263938929698,-9.101263938888057
Hub-attached,0.8,77.60000000000001,0.0001108776422245075,-9.107083286957755,-9.107083286916474
Hub-attached,0.8,77.65,0.00011023428042459323,-9.11290263498581,-9.112902634945506
Hub-attached,0.8,77.7,0.0001095946516983382,-9.118721983013865,-9.11872198297515
Hub-attached,0.8,77.75,0.00010895873438477529,-9.124541331041918,-9.124541331005389
Hub-attached,0.8,77.80000000000001,0.00010832650694862279,-9.130360679069979,-9.130360679036189
Hub-attached,0.8,77.85000000000001,0.00010769794797955871,-9.136180027098034,-9.136180027067486
Hub-attached,0.8,77.9,0.00010707303619149142,-9.141999375126089,-9.141999375099203
Hub-attached,0.8,77.95,0.00010645175042184111,-9.147818723154145,-9.14781872313124
Hub-attached,0.8,78.0,0.00010583406963082333,-9.1536380711822,-9.153638071163456
Hub-attached,0.8,78.05000000000001,0.00010521997290073512,-9.159457419210257,-9.159457419195697
Hub-attached,0.8,78.10000000000001,0.00010460943943524839,-9.16527676723831,-9.165276767227756
Hub-attached,0.8,78.15,0.00010400244855870312,-9.17109611526637,-9.1710961152594
Hub-attached,0.8,78.2,0.00010339897971541066,-9.176915463294424,-9.176915463290355
Hub-attached,0.8,78.25,0.00010279901246895435,-9.18273481132248,-9.182734811320296
Hub-attached,0.8,78.30000000000001,0.00010220252650149897,-9.188554159350536,-9.188554159348913
Hub-attached,0.8,78.35000000000001,0.00010160950161310306,-9.194373507378591,-9.194373507377081
Hub-attached,0.8,78.4,0.00010101991772103353,-9.200192855406648,-9.200192855405241
Hub-attached,0.8,78.45,0.00010043375485908704,-9.206012203434703,-9.206012203433394
Hub-attached,0.8,78.5,9.985099317691242e-05,-9.21183155146276,-9.211831551461541
Hub-attached,0.8,78.55000000000001,9.927161293933963e-05,-9.217650899490817,-9.217650899489684
Hub-attached,0.8,78.60000000000001,9.869559452571097e-05,-9.223470247518872,-9.223470247517817
Hub-attached,0.8,78.65,9.812291842921623e-05,-9.229289595546927,-9.229289595545945
Hub-attached,0.8,78.7,9.755356525623248e-05,-9.235108943574984,-9.23510894357407
Hub-attached,0.8,78.75,9.698751572566776e-05,-9.240928291603039,-9.240928291602188
Hub-attached,0.8,78.80000000000001,9.642475066830703e-05,-9.246747639631096,-9.246747639630305
Hub-attached,0.8,78.85000000000001,9.586525102616408e-05,-9.252566987659153,-9.252566987658417
Hub-attached,0.8,78.9,9.530899785183572e-05,-9.258386335687208,-9.258386335686522
Hub-attached,0.8,78.95,9.475597230785956e-05,-9.264205683715264,-9.264205683714625
Hub-attached,0.8,79.0,9.42061556660775e-05,-9.270025031743318,-9.270025031742724
Hub-attached,0.8,79.05000000000001,9.36595293069992e-05,-9.275844379771376,-9.275844379770824
Hub-attached,0.8,79.10000000000001,9.311607471917468e-05,-9.281663727799431,-9.281663727798918
Hub-attached,0.8,79.15,9.257577349856449e-05,-9.287483075827486,-9.287483075827009
Hub-attached,0.8,79.2,9.203860734791771e-05,-9.293302423855545,-9.2933024238551
Hub-attached,0.8,79.25,9.150455807615325e-05,-9.2991217718836,-9.299121771883186
Hub-attached,0.8,79.30000000000001,9.097360759774181e-05,-9.304941119911655,-9.304941119911271
Hub-attached,0.8,79.35000000000001,9.044573793209482e-05,-9.31076046793971,-9.310760467939353
Hub-attached,0.8,79.4,8.992093120295495e-05,-9.316579815967767,-9.316579815967437
Hub-attached,0.8,79.45,8.939916963779126e-05,-9.322399163995824,-9.322399163995515
Hub-attached,0.8,79.5,8.888043556719718e-05,-9.328218512023877,-9.328218512023591
Hub-attached,0.8,79.55000000000001,8.836471142429083e-05,-9.334037860051936,-9.33403786005167
Hub-attached,0.8,79.60000000000001,8.785197974412267e-05,-9.339857208079993,-9.339857208079746
Hub-attached,0.8,79.65,8.734222316308205e-05,-9.345676556108048,-9.345676556107819
Hub-attached,0.8,79.7,8.683542441830956e-05,-9.351495904136103,-9.35149590413589
Hub-attached,0.8,79.75,8.633156634711265e-05,-9.35731525216416,-9.357315252163962
Hub-attached,0.8,79.80000000000001,8.583063188638491e-05,-9.363134600192215,-9.363134600192033
Hub-attached,0.8,79.85000000000001,8.533260407202708e-05,-9.368953948220271,-9.368953948220101
Hub-attached,0.8,79.9,8.483746603837398e-05,-9.374773296248325,-9.374773296248168
Hub-attached,0.8,79.95,8.434520101762136e-05,-9.380592644276383,-9.380592644276236
Hub-attached,0.8,80.0,8.385579233926099e-05,-9.386411992304437,-9.386411992304302
Hub-attached,0.9,0.0,0.9999999999999999,-1.1102230246251565e-16,-1.1102230246251565e-16
Hub-attached,0.9,0.05,0.9951580832513475,-0.0048536768037146455,-0.004853676803704274
Hub-attached,0.9,0.1,0.9906177268121293,-0.009426563962745983,-0.009426563961983214
Hub-attached,0.9,0.15000000000000002,0.9863581944467776,-0.013735709977853894,-0.013735709978593528
Hub-attached,0.9,0.2,0.9823602226392362,-0.017797212393491454,-0.01779721239347204
Hub-attached,0.9,0.25,0.9786059134642667,-0.021626257365617938,-0.02162625736550341
Hub-attached,0.9,0.30000000000000004,0.9750786353881752,-0.025237159556282064,-0.02523715955571696
Hub-attached,0.9,0.35000000000000003,0.9717629314046966,-0.02864340200138042,-0.028643402002414615
Hub-attached,0.9,0.4,0.9686444339567029,-0.03185767565192721,-0.03185767565189039
Hub-attached,0.9,0.45,0.9657097861359148,-0.034891918338010704,-0.034891918337403134
Hub-attached,0.9,0.5,0.96294656869116,-0.03775735294848937,-0.03775735294883641
Hub-attached,0.9,0.55,0.9603432324111492,-0.04046452465860625,-0.040464524658707535
Hub-attached,0.9,0.6000000000000001,0.9578890354805025,-0.043023337072307766,-0.04302333707227081
Hub-attached,0.9,0.65,0.9555739854380036,-0.045443087176467944,-0.045443087175662186
Hub-attached,0.9,0.7000000000000001,0.9533887853940294,-0.04773249903072,-0.04773249903169158
Hub-attached,0.9,0.75,0.9513247841899434,-0.04989975613953743,-0.04989975613948085
Hub-attached,0.9,0.8,0.9493739302061006,-0.05195253247291827,-0.051952532472790476
Hub-attached,0.9,0.8500000000000001,0.94752872854721,-0.053898022118760075,-0.05389802211798855
Hub-attached,0.9,0.9,0.9457822013541562,-0.055742967564197984,-0.05574296756532812
Hub-attached,0.9,0.9500000000000001,0.9441278510102684,-0.05749368661494763,-0.0574936866148742
Hub-attached,0.9,1.0,0.9425596260274157,-0.05915609797146833,-0.05915609797130955
Hub-attached,0.9,1.05,0.9410718894134283,-0.06073574548867378,-0.060735745487899756
Hub-attached,0.9,1.1,0.9396593893372205,-0.0622378211522672,-0.06223782115335427
Hub-attached,0.9,1.1500000000000001,0.9383172319217435,-0.06366718680974712,-0.06366718680967978
Hub-attached,0.9,1.2000000000000002,0.9370408560076332,-0.06502839469789103,-0.0650283946977934
Hub-attached,0.9,1.25,0.9358260097421519,-0.0663257068112954,-0.06632570681047367
Hub-attached,0.9,1.3,0.9346687288589074,-0.06756311315842749,-0.06756311315919424
Hub-attached,0.9,1.35,0.9335653165238781,-0.06874434895279409,-0.06874434895281958
Hub-attached,0.9,1.4000000000000001,0.9325123246325627,-0.0698729107873648,-0.06987291078732501
Hub-attached,0.9,1.4500000000000002,0.9315065364516644,-0.070952071840407,-0.07095207183972212
Hub-attached,0.9,1.5,0.930544950506658,-0.07198489616048659,-0.07198489616046896
Hub-attached,0.9,1.55,0.9296247656239468,-0.0729742520776269,-0.07297425207854576
Hub-attached,0.9,1.6,0.9287433670430963,-0.07392282478660354,-0.07392282478651804
Hub-attached,0.9,1.6500000000000001,0.9278983135209103,-0.07483312814711413,-0.0748331281468498
Hub-attached,0.9,1.7000000000000002,0.9270873253549418,-0.07570751574413118,-0.0757075157433652
Hub-attached,0.9,1.75,0.9263082732593884,-0.07654819125023234,-0.07654819125114497
Hub-attached,0.9,1.8,0.9255591680312971,-0.07735721813006997,-0.07735721813008088
Hub-attached,0.9,1.85,0.9248381509496009,-0.07813652872546609,-0.0781365287254224
Hub-attached,0.9,1.9000000000000001,0.9241434848537626,-0.07888793275790366,-0.07888793275735842
Hub-attached,0.9,1.9500000000000002,0.9234735458527332,-0.07961312528347109,-0.07961312528299694
Hub-attached,0.9,2.0,0.9228268156185747,-0.08031369413359495,-0.08031369413473471
Hub-attached,0.9,2.0500000000000003,0.9222018742224568,-0.08099112687321407,-0.08099112687314604
Hub-attached,0.9,2.1,0.9215973934738698,-0.08164681730636977,-0.08164681730632362
Hub-attached,0.9,2.15,0.9210121307267528,-0.08228207155759562,-0.08228207155696912
Hub-attached,0.9,2.2,0.9204449231189298,-0.08289811375589373,-0.0828981137555036
Hub-attached,0.9,2.25,0.9198946822137042,-0.08349609134658112,-0.0834960913477195
Hub-attached,0.9,2.3000000000000003,0.9193603890147382,-0.08407708005483941,-0.0840770800547746
Hub-attached,0.9,2.35,0.9188410893274734,-0.08464208852338642,-0.08464208852334353
Hub-attached,0.9,2.4000000000000004,0.918335889442306,-0.08519206264535674,-0.08519206264483233
Hub-attached,0.9,2.45,0.9178439521165237,-0.08572788961221281,-0.08572788961159694
Hub-attached,0.9,2.5,0.9173644928337125,-0.08625040169528321,-0.08625040169624094
Hub-attached,0.9,2.5500000000000003,0.91689677632088,-0.08676037977837814,-0.08676037977854607
Hub-attached,0.9,2.6,0.9164401133049859,-0.08725855665784066,-0.08725855665777159
Hub-attached,0.9,2.6500000000000004,0.915993857491893,-0.08774562012536738,-0.08774562012512112
Hub-attached,0.9,2.7,0.9155574027520065,-0.08822221584793527,-0.08822221584712128
Hub-attached,0.9,2.75,0.9151301804979778,-0.08868895005828667,-0.08868895005846857
Hub-attached,0.9,2.8000000000000003,0.9147116572409458,-0.08914639206851772,-0.08914639206957979
Hub-attached,0.9,2.85,0.9143013323127321,-0.08959507661853573,-0.08959507661845693
Hub-attached,0.9,2.9000000000000004,0.9138987357423354,-0.09003550607036594,-0.09003550607032271
Hub-attached,0.9,2.95,0.9135034262759164,-0.09046815245855741,-0.09046815245808235
Hub-attached,0.9,3.0,0.9131149895302116,-0.09089345940630164,-0.09089345940555466
Hub-attached,0.9,3.0500000000000003,0.9127330362700788,-0.09131184391619201,-0.09131184391675201
Hub-attached,0.9,3.1,0.9123572008015135,-0.09172369804399778,-0.09172369804486549
Hub-attached,0.9,3.1500000000000004,0.9119871394721046,-0.09212939046325772,-0.09212939046316883
Hub-attached,0.9,3.2,0.9116225292714827,-0.09252926792796942,-0.0925292679279239
Hub-attached,0.9,3.25,0.9112630665248298,-0.09292365664017509,-0.09292365663969683
Hub-attached,0.9,3.3000000000000003,0.9109084656730267,-0.09331286352878415,-0.09331286352800908
Hub-attached,0.9,3.35,0.9105584581334646,-0.09369717744554598,-0.09369717744593362
Hub-attached,0.9,3.4000000000000004,0.9102127912359692,-0.09407687028369677,-0.09407687028475419
Hub-attached,0.9,3.45,0.9098712272286923,-0.09445219802441804,-0.09445219802434762
Hub-attached,0.9,3.5,0.909533542349175,-0.09482340171591226,-0.09482340171586336
Hub-attached,0.9,3.5500000000000003,0.909199525956134,-0.09519070838957118,-0.09519070838930623
Hub-attached,0.9,3.6,0.9088689797178341,-0.09555433191740897,-0.09555433191660641
Hub-attached,0.9,3.6500000000000004,0.908541716853204,-0.09591447381465301,-0.09591447381436316
Hub-attached,0.9,3.7,0.9082175614221163,-0.09627132399112248,-0.09627132399215405
Hub-attached,0.9,3.75,0.9078963476615083,-0.09662506145478152,-0.09662506145523238
Hub-attached,0.9,3.8000000000000003,0.9075779193642569,-0.09697585497061399,-0.09697585497052094
Hub-attached,0.9,3.85,0.9072621292979239,-0.0973238636777757,-0.09732386367772988
Hub-attached,0.9,3.9000000000000004,0.9069488386607,-0.09766923766775956,-0.09766923766734187
Hub-attached,0.9,3.95,0.9066379165720639,-0.09801211852613045,-0.09801211852530439
Hub-attached,0.9,4.0,0.9063292395958263,-0.0983526398402317,-0.0983526398401153
Hub-attached,0.9,4.05,0.9060226912934178,-0.0986909276750691,-0.09869092767615578
Hub-attached,0.9,4.1000000000000005,0.9057181618054048,-0.09902710101946341,-0.09902710101989887
Hub-attached,0.9,4.15,0.9054155474593675,-0.09936127220440172,-0.09936127220430936
Hub-attached,0.9,4.2,0.9051147504023964,-0.09969354729539995,-0.09969354729535904
Hub-attached,0.9,4.25,0.9048156782565959,-0.10002402646055114,-0.1000240264602372
Hub-attached,0.9,4.3,0.9045182437960739,-0.10035280431584478,-0.10035280431504742
Hub-attached,0.9,4.3500000000000005,0.9042223646440156,-0.1006799702492206,-0.1006799702487475
Hub-attached,0.9,4.4,0.9039279629885426,-0.1010056087247117,-0.1010056087254513
Hub-attached,0.9,4.45,0.9036349653161048,-0.10132979956799135,-0.10132979956900473
Hub-attached,0.9,4.5,0.9033433021613053,-0.10165261823447098,-0.1016526182344072
Hub-attached,0.9,4.55,0.9030529078720702,-0.1019741360610959,-0.1019741360610216
Hub-attached,0.9,4.6000000000000005,0.9027637203891766,-0.10229442050287127,-0.10229442050279325
Hub-attached,0.9,4.65,0.9024756810392299,-0.10261353535507668,-0.10261353535459704
Hub-attached,0.9,4.7,0.9021887343402099,-0.10293154096209459,-0.10293154096127016
Hub-attached,0.9,4.75,0.9019028278187935,-0.1032484944136896,-0.10324849441339316
Hub-attached,0.9,4.800000000000001,0.9016179118387053,-0.10356444972952653,-0.10356444973037576
Hub-attached,0.9,4.8500000000000005,0.9013339394393918,-0.10387945803267165,-0.10387945803364418
Hub-attached,0.9,4.9,0.9010508661843596,-0.10419356771277587,-0.10419356771271267
Hub-attached,0.9,4.95,0.9007686500185805,-0.10450682457956975,-0.10450682457948862
Hub-attached,0.9,5.0,0.9004872511343909,-0.10481927200727705,-0.10481927200722438
Hub-attached,0.9,5.050000000000001,0.9002066318453353,-0.10513095107053119,-0.10513095107017716
Hub-attached,0.9,5.1000000000000005,0.8999267564674891,-0.1054419006722867,-0.1054419006715128
Hub-attached,0.9,5.15,0.899647591207764,-0.10575215766425261,-0.10575215766364697
Hub-attached,0.9,5.2,0.8993691040587786,-0.10606175696029327,-0.1060617569606471
Hub-attached,0.9,5.25,0.8990912646998868,-0.106370731643226,-0.10637073164435651
Hub-attached,0.9,5.300000000000001,0.8988140444039815,-0.10667911306542709,-0.10667911306589044
Hub-attached,0.9,5.3500000000000005,0.8985374159497213,-0.10698693094361778,-0.1069869309435372
Hub-attached,0.9,5.4,0.8982613535388361,-0.1072942134481978,-0.10729421344813926
Hub-attached,0.9,5.45,0.8979858327182214,-0.10760098728743708,-0.10760098728735473
Hub-attached,0.9,5.5,0.8977108303065169,-0.10790727778684829,-0.10790727778643687
Hub-attached,0.9,5.550000000000001,0.8974363243248933,-0.10821310896403621,-0.10821310896326904
Hub-attached,0.9,5.6000000000000005,0.8971622939318079,-0.10851850359927942,-0.1085185035986942
Hub-attached,0.9,5.65,0.8968887193614749,-0.10882348330211554,-0.10882348330238822
Hub-attached,0.9,5.7,0.8966155818658322,-0.10912806857416352,-0.10912806857522458
Hub-attached,0.9,5.75,0.8963428636598023,-0.10943227886839947,-0.1094322788690891
Hub-attached,0.9,5.800000000000001,0.8960705478696405,-0.10973613264510673,-0.10973613264504258
Hub-attached,0.9,5.8500000000000005,0.895798618484192,-0.11003964742469241,-0.11003964742461436
Hub-attached,0.9,5.9,0.8955270603088804,-0.11034283983755919,-0.11034283983751933
Hub-attached,0.9,5.95,0.8952558589222809,-0.11064572567119152,-0.11064572567098513
Hub-attached,0.9,6.0,0.8949850006350997,-0.11094831991464414,-0.11094831991407383
Hub-attached,0.9,6.050000000000001,0.8947144724514479,-0.11125063680055758,-0.11125063679980819
Hub-attached,0.9,6.1000000000000005,0.8944442620322567,-0.11155268984486003,-0.11155268984449324
Hub-attached,0.9,6.15,0.8941743576607087,-0.11185449188429429,-0.11185449188476847
Hub-attached,0.9,6.2,0.8939047482095803,-0.11215605511187907,-0.11215605511292237
Hub-attached,0.9,6.25,0.893635423110377,-0.11245739111043447,-0.1124573911110067
Hub-attached,0.9,6.300000000000001,0.8933663723241517,-0.1127585108842876,-0.11275851088422606
Hub-attached,0.9,6.3500000000000005,0.8930975863139278,-0.11305942488924425,-0.11305942488916787
Hub-attached,0.9,6.4,0.8928290560186101,-0.11336014306094987,-0.11336014306091348
Hub-attached,0.9,6.45,0.8925607728283229,-0.11366067484170914,-0.11366067484156941
Hub-attached,0.9,6.5,0.8922927285610738,-0.11396102920586908,-0.11396102920543308
Hub-attached,0.9,6.550000000000001,0.8920249154406815,-0.11426121468383439,-0.11426121468314579
Hub-attached,0.9,6.6000000000000005,0.8917573260758972,-0.11456123938479124,-0.11456123938422713
Hub-attached,0.9,6.65,0.8914899534406265,-0.11486111101823822,-0.1148611110182703
Hub-attached,0.9,6.7,0.8912227908552312,-0.11516083691434822,-0.11516083691510232
Hub-attached,0.9,6.75,0.8909558319688211,-0.11546042404325649,-0.11546042404419184
Hub-attached,0.9,6.800000000000001,0.8906890707424799,-0.11575987903333743,-0.11575987903360069
Hub-attached,0.9,6.8500000000000005,0.8904225014333947,-0.11605920818850077,-0.11605920818843421
Hub-attached,0.9,6.9,0.8901561185798189,-0.11635841750458391,-0.11635841750451853
Hub-attached,0.9,6.95,0.8898899169868233,-0.11665751268488961,-0.11665751268485583
Hub-attached,0.9,7.0,0.8896238917128085,-0.1169564991548972,-0.11695649915476886
Hub-attached,0.9,7.050000000000001,0.8893580380567222,-0.11725538207620924,-0.11725538207583285
Hub-attached,0.9,7.1000000000000005,0.8890923515459395,-0.11755416635977717,-0.11755416635916863
Hub-attached,0.9,7.15,0.8888268279247844,-0.1178528566784318,-0.11785285667785332
Hub-attached,0.9,7.2,0.8885614631436459,-0.11815145747876757,-0.11815145747860284
Hub-attached,0.9,7.25,0.8882962533486609,-0.11844997299241038,-0.1184499729928792
Hub-attached,0.9,7.300000000000001,0.8880311948719302,-0.11874840724670682,-0.11874840724758173
Hub-attached,0.9,7.3500000000000005,0.8877662842222496,-0.11904676407485235,-0.11904676407547371
Hub-attached,0.9,7.4,0.8875015180763037,-0.11934504712551781,-0.11934504712549938
Hub-attached,0.9,7.45,0.887236893270327,-0.11964325987196656,-0.11964325987189903
Hub-attached,0.9,7.5,0.886972406792188,-0.11994140562071091,-0.11994140562066206
Hub-attached,0.9,7.550000000000001,0.8867080557738812,-0.12023948751972634,-0.12023948751969019
Hub-attached,0.9,7.6000000000000005,0.886443837484402,-0.12053750856624745,-0.12053750856611095
Hub-attached,0.9,7.65,0.8861797493229808,-0.12083547161417309,-0.1208354716138241
Hub-attached,0.9,7.7,0.885915788812673,-0.12113337938108482,-0.12113337938054475
Hub-attached,0.9,7.75,0.8856519535942627,-0.12143123445492159,-0.12143123445438787
Hub-attached,0.9,7.800000000000001,0.8853882414204826,-0.12172903930031301,-0.1217290393000793
Hub-attached,0.9,7.8500000000000005,0.8851246501505292,-0.12202679626458679,-0.12202679626486479
Hub-attached,0.9,7.9,0.8848611777448426,-0.1223245075834914,-0.12232450758420578
Hub-attached,0.9,7.95,0.8845978222601634,-0.1226221753866143,-0.12262217538733575
Hub-attached,0.9,8.0,0.8843345818448314,-0.1229198017025372,-0.12291980170276036
Hub-attached,0.9,8.05,0.8840714547343201,-0.12321738846373381,-0.12321738846368425
Hub-attached,0.9,8.1,0.8838084392469986,-0.12351493751121997,-0.12351493751116023
Hub-attached,0.9,8.15,0.8835455337801009,-0.12381245059897635,-0.1238124505989433
Hub-attached,0.9,8.200000000000001,0.8832827368058985,-0.12410992939815052,-0.12410992939810814
Hub-attached,0.9,8.25,0.8830200468680713,-0.12440737550104074,-0.12440737550089503
Hub-attached,0.9,8.3,0.8827574625782403,-0.12470479042490497,-0.12470479042458124
Hub-attached,0.9,8.35,0.8824949826126927,-0.12500217561555815,-0.12500217561508298
Hub-attached,0.9,8.4,0.882232605709256,-0.12529953245080713,-0.1252995324503292
Hub-attached,0.9,8.450000000000001,0.8819703306643383,-0.12559686224370392,-0.12559686224344735
Hub-attached,0.9,8.5,0.8817081563300989,-0.12589416624565647,-0.12589416624579955
Hub-attached,0.9,8.55,0.881446081611772,-0.1261914456493721,-0.12619144564991325
Hub-attached,0.9,8.6,0.8811841054651249,-0.12648870159165287,-0.1264887015923426
Hub-attached,0.9,8.65,0.880922226894016,-0.1267859351560841,-0.126785935156506
Hub-attached,0.9,8.700000000000001,0.8806604449481115,-0.1270831473755456,-0.12708314737553317
Hub-attached,0.9,8.75,0.8803987587206834,-0.12738033923463699,-0.12738033923458647
Hub-attached,0.9,8.8,0.8801371673465178,-0.1276775116719811,-0.12767751167193392
Hub-attached,0.9,8.85,0.8798756699999506,-0.1279746655823875,-0.12797466558236198
Hub-attached,0.9,8.9,0.879614265892965,-0.12827180181894823,-0.12827180181890274
Hub-attached,0.9,8.950000000000001,0.8793529542734065,-0.12856892119500588,-0.12856892119486557
Hub-attached,0.9,9.0,0.8790917344232744,-0.12886602448603662,-0.12886602448575074
Hub-attached,0.9,9.05,0.8788306056570974,-0.12916311243144124,-0.129163112431032
Hub-attached,0.9,9.1,0.8785695673203886,-0.1294601857362495,-0.12946018573582452
Hub-attached,0.9,9.15,0.8783086187881771,-0.12975724507274045,-0.12975724507246245
Hub-attached,0.9,9.200000000000001,0.8780477594636068,-0.13005429108198838,-0.1300542910820054
Hub-attached,0.9,9.25,0.8777869887766072,-0.13035132437533012,-0.13035132437568964
Hub-attached,0.9,9.3,0.877526306182625,-0.13064834553576612,-0.1306483455363487
Hub-attached,0.9,9.35,0.8772657111614176,-0.13094535511929217,-0.13094535511982014
Hub-attached,0.9,9.4,0.8770052032159077,-0.13124235365616557,-0.1312423536563605
Hub-attached,0.9,9.450000000000001,0.8767447818710885,-0.13153934165211462,-0.1315393416520788
Hub-attached,0.9,9.5,0.8764844466729839,-0.13183631958948808,-0.13183631958944175
Hub-attached,0.9,9.55,0.8762241971876569,-0.13213328792835177,-0.13213328792831466
Hub-attached,0.9,9.600000000000001,0.8759640330002706,-0.1324302471075265,-0.13243024710750542
Hub-attached,0.9,9.65,0.8757039537141851,-0.13272719754558815,-0.13272719754554746
Hub-attached,0.9,9.700000000000001,0.8754439589501082,-0.1330241396418063,-0.13302413964169207
Hub-attached,0.9,9.75,0.8751840483452757,-0.13332107377705268,-0.1333210737768245
Hub-attached,0.9,9.8,0.8749242215526816,-0.13361800031465282,-0.13361800031431809
Hub-attached,0.9,9.850000000000001,0.8746644782403354,-0.13391491960120872,-0.13391491960083243
Hub-attached,0.9,9.9,0.8744048180905627,-0.13421183196737396,-0.13421183196706796
Hub-attached,0.9,9.950000000000001,0.8741452407993321,-0.13450873772859914,-0.13450873772848315
Hub-attached,0.9,10.0,0.8738857460756209,-0.1348056371858351,-0.1348056371859868
Hub-attached,0.9,10.05,0.8736263336408031,-0.1351025306262116,-0.13510253062661293
Hub-attached,0.9,10.100000000000001,0.873367003228076,-0.13539941832367325,-0.13539941832418806
Hub-attached,0.9,10.15,0.8731077545819039,-0.13569630053959647,-0.13569630054000253
Hub-attached,0.9,10.200000000000001,0.8728485874574958,-0.13599317752336898,-0.13599317752348966
Hub-attached,0.9,10.25,0.8725895016203035,-0.13629004951294732,-0.13629004951291548
Hub-attached,0.9,10.3,0.8723304968455462,-0.1365869167353841,-0.13658691673534323
Hub-attached,0.9,10.350000000000001,0.8720715729177554,-0.13688377940733393,-0.1368837794073003
Hub-attached,0.9,10.4,0.8718127296303405,-0.13718063773553554,-0.13718063773551542
Hub-attached,0.9,10.450000000000001,0.8715539667851798,-0.13747749191726671,-0.13747749191724074
Hub-attached,0.9,10.5,0.8712952841922246,-0.1377743421407841,-0.13777434214071393
Hub-attached,0.9,10.55,0.8710366816691248,-0.138071188585739,-0.13807118858558814
Hub-attached,0.9,10.600000000000001,0.8707781590408745,-0.1383680314235728,-0.13836803142332965
Hub-attached,0.9,10.65,0.8705197161394687,-0.13866487081789736,-0.13866487081758705
Hub-attached,0.9,10.700000000000001,0.87026135280358,-0.13896170692485552,-0.13896170692454052
Hub-attached,0.9,10.75,0.8700030688782506,-0.13925853989346404,-0.1392585398932301
Hub-attached,0.9,10.8,0.8697448642145967,-0.13955536986594252,-0.13955536986587308
Hub-attached,0.9,10.850000000000001,0.8694867386695287,-0.13985219697802484,-0.1398521969781685
Hub-attached,0.9,10.9,0.8692286921054817,-0.1401490213592596,-0.1401490213595989
Hub-attached,0.9,10.950000000000001,0.8689707243901624,-0.1404458431332922,-0.14044584313373037
Hub-attached,0.9,11.0,0.8687128353963057,-0.14074266241813566,-0.1407426624185166
Hub-attached,0.9,11.05,0.8684550250014398,-0.1410394793264334,-0.14103947932660832
Hub-attached,0.9,11.100000000000001,0.8681972930876708,-0.14133629396569836,-0.14133629396567884
Hub-attached,0.9,11.15,0.8679396395414668,-0.1416331064385548,-0.14163310643852287
Hub-attached,0.9,11.200000000000001,0.8676820642534594,-0.14192991684295936,-0.1419299168429255
Hub-attached,0.9,11.25,0.8674245671182514,-0.1422267252724157,-0.1422267252723915
Hub-attached,0.9,11.3,0.8671671480342358,-0.1425235318161766,-0.14252353181616056
Hub-attached,0.9,11.350000000000001,0.8669098069034188,-0.14282033655944174,-0.14282033655941503
Hub-attached,0.9,11.4,0.8666525436312551,-0.14311713958354172,-0.14311713958347488
Hub-attached,0.9,11.450000000000001,0.8663953581264918,-0.14341394096611215,-0.14341394096598203
Hub-attached,0.9,11.5,0.8661382503010129,-0.14371074078126805,-0.143710740781066
Hub-attached,0.9,11.55,0.8658812200696996,-0.14400753909975933,-0.14400753909950192
Hub-attached,0.9,11.600000000000001,0.8656242673502895,-0.1443043359891289,-0.14430433598885617
Hub-attached,0.9,11.65,0.8653673920632483,-0.14460113151385592,-0.14460113151362608
Hub-attached,0.9,11.700000000000001,0.8651105941316446,-0.14489792573549576,-0.14489792573537175
Hub-attached,0.9,11.75,0.8648538734810272,-0.14519471871281758,-0.14519471871284545
Hub-attached,0.9,11.8,0.8645972300393187,-0.14549151050192338,-0.14549151050211806
Hub-attached,0.9,11.850000000000001,0.864340663736699,-0.1457883011563783,-0.1457883011567049
Hub-attached,0.9,11.9,0.8640841745055073,-0.14608509072732118,-0.1460850907276941
Hub-attached,0.9,11.950000000000001,0.8638277622801428,-0.14638187926357454,-0.14638187926387805
Hub-attached,0.9,12.0,0.8635714269969688,-0.14667866681175318,-0.14667866681188968
Hub-attached,0.9,12.05,0.8633151685942246,-0.14697545341636203,-0.14697545341634788
Hub-attached,0.9,12.100000000000001,0.8630589870119397,-0.1472722391198938,-0.1472722391198684
Hub-attached,0.9,12.15,0.8628028821918501,-0.14756902396292138,-0.14756902396289195
Hub-attached,0.9,12.200000000000001,0.8625468540773265,-0.14786580798417903,-0.14786580798415566
Hub-attached,0.9,12.25,0.8622909026132922,-0.14816259122065462,-0.1481625912206398
Hub-attached,0.9,12.3,0.8620350277461576,-0.1484593737076632,-0.1484593737076481
Hub-attached,0.9,12.350000000000001,0.861779229423751,-0.14875615547892457,-0.1487561554788919
Hub-attached,0.9,12.4,0.8615235075952529,-0.14905293656663685,-0.14905293656656632
Hub-attached,0.9,12.450000000000001,0.8612678622111378,-0.1493497170015425,-0.14934971700142038
Hub-attached,0.9,12.5,0.8610122932231121,-0.14964649681299785,-0.14964649681282138
Hub-attached,0.9,12.55,0.8607568005840606,-0.1499432760290331,-0.1499432760288163
Hub-attached,0.9,12.600000000000001,0.8605013842479904,-0.15024005467641513,-0.15024005467618623
Hub-attached,0.9,12.65,0.8602460441699824,-0.150536832780703,-0.15053683278050106
Hub-attached,0.9,12.700000000000001,0.8599907803061428,-0.15083361036630194,-0.1508336103661711
Hub-attached,0.9,12.75,0.8597355926135535,-0.15113038745651897,-0.151130387456495
Hub-attached,0.9,12.8,0.8594804810502331,-0.1514271640736072,-0.15142716407371015
Hub-attached,0.9,12.850000000000001,0.8592254455750893,-0.1517239402388194,-0.1517239402390409
Hub-attached,0.9,12.9,0.8589704861478811,-0.1520207159724506,-0.1520207159727498
Hub-attached,0.9,12.950000000000001,0.8587156027291809,-0.15231749129388034,-0.1523174912941878
Hub-attached,0.9,13.0,0.8584607952803377,-0.15261426622161492,-0.15261426622184945
Hub-attached,0.9,13.05,0.8582060637634396,-0.15291104077332923,-0.15291104077343037
Hub-attached,0.9,13.100000000000001,0.857951408141285,-0.153207814965899,-0.15320781496588848
Hub-attached,0.9,13.15,0.8576968283773452,-0.15350458881544393,-0.15350458881542384
Hub-attached,0.9,13.200000000000001,0.857442324435737,-0.15380136233735758,-0.15380136233733338
Hub-attached,0.9,13.25,0.8571878962811975,-0.1540981355463361,-0.15409813554631602
Hub-attached,0.9,13.3,0.8569335438790471,-0.15439490845642057,-0.1543949084564074
Hub-attached,0.9,13.350000000000001,0.8566792671951701,-0.1546916810810182,-0.15469168108100825
Hub-attached,0.9,13.4,0.8564250661959896,-0.15498845343293086,-0.154988453432916
Hub-attached,0.9,13.450000000000001,0.856170940848438,-0.15528522552438898,-0.15528522552435534
Hub-attached,0.9,13.5,0.8559168911199404,-0.15558199736706962,-0.1555819973670044
Hub-attached,0.9,13.55,0.8556629169783896,-0.155878768972125,-0.15587876897202083
Hub-attached,0.9,13.600000000000001,0.855409018392124,-0.15617554035020745,-0.15617554035006426
Hub-attached,0.9,13.65,0.8551551953299069,-0.15647231151149313,-0.1564723115113169
Hub-attached,0.9,13.700000000000001,0.854901447760915,-0.15676908246569454,-0.15676908246550464
Hub-attached,0.9,13.75,0.8546477756547106,-0.1570658532220925,-0.15706585322191421
Hub-attached,0.9,13.8,0.8543941789812286,-0.15736262378955024,-0.15736262378941235
Hub-attached,0.9,13.850000000000001,0.8541406577107612,-0.15765939417653158,-0.1576593941764618
Hub-attached,0.9,13.9,0.853887211813938,-0.15795616439112284,-0.15795616439114032
Hub-attached,0.9,13.950000000000001,0.8536338412617158,-0.15825293444104443,-0.1582529344411555
Hub-attached,0.9,14.0,0.8533805460253616,-0.15854970433367066,-0.15854970433386534
Hub-attached,0.9,14.05,0.8531273260764377,-0.15884647407604569,-0.15884647407629374
Hub-attached,0.9,14.100000000000001,0.8528741813867895,-0.1591432436748986,-0.15914324367515217
Hub-attached,0.9,14.15,0.852621111928534,-0.15944001313665526,-0.15944001313685902
Hub-attached,0.9,14.200000000000001,0.8523681176740491,-0.15973678246745127,-0.15973678246756212
Hub-attached,0.9,14.25,0.8521151985959573,-0.16003355167314992,-0.16003355167316358
Hub-attached,0.9,14.3,0.8518623546671182,-0.16033032075935125,-0.16033032075933568
Hub-attached,0.9,14.350000000000001,0.8516095858606196,-0.16062708973140183,-0.16062708973138384
Hub-attached,0.9,14.4,0.8513568921497627,-0.16092385859441177,-0.16092385859439298
Hub-attached,0.9,14.450000000000001,0.8511042735080574,-0.16122062735325954,-0.1612206273532436
Hub-attached,0.9,14.5,0.8508517299092118,-0.1615173960126044,-0.1615173960125936
Hub-attached,0.9,14.55,0.8505992613271214,-0.16181416457689896,-0.16181416457689118
Hub-attached,0.9,14.600000000000001,0.8503468677358628,-0.1621109330503956,-0.1621109330503841
Hub-attached,0.9,14.65,0.8500945491096858,-0.16240770143715577,-0.16240770143713218
Hub-attached,0.9,14.700000000000001,0.8498423054230074,-0.16270446974105726,-0.16270446974101427
Hub-attached,0.9,14.75,0.8495901366503991,-0.16300123796580823,-0.16300123796573832
Hub-attached,0.9,14.8,0.8493380427665876,-0.16329800611494583,-0.16329800611484707
Hub-attached,0.9,14.850000000000001,0.8490860237464419,-0.16359477419185225,-0.16359477419172677
Hub-attached,0.9,14.9,0.848834079564969,-0.16389154219975866,-0.16389154219961224
Hub-attached,0.9,14.950000000000001,0.8485822101973125,-0.16418831014174695,-0.16418831014159393
Hub-attached,0.9,15.0,0.8483304156187389,-0.16448507802076545,-0.1644850780206224
Hub-attached,0.9,15.05,0.8480786958046375,-0.1647818458396292,-0.16478184583951416
Hub-attached,0.9,15.100000000000001,0.8478270507305146,-0.16507861360102621,-0.16507861360095724
Hub-attached,0.9,15.15,0.8475754803719857,-0.16537538130752666,-0.16537538130751683
Hub-attached,0.9,15.200000000000001,0.847323984704777,-0.16567214896158122,-0.16567214896163918
Hub-attached,0.9,15.25,0.847072563704712,-0.16596891656553586,-0.16596891656565882
Hub-attached,0.9,15.3,0.8468212173477155,-0.16626568412162773,-0.1662656841218037
Hub-attached,0.9,15.350000000000001,0.8465699456098043,-0.1665624516319963,-0.16656245163220126
Hub-attached,0.9,15.4,0.8463187484670832,-0.1668592190986862,-0.1668592190988864
Hub-attached,0.9,15.450000000000001,0.8460676258957488,-0.16715598652364488,-0.16715598652380736
Hub-attached,0.9,15.5,0.8458165778720748,-0.16745275390873843,-0.1674527539088353
Hub-attached,0.9,15.55,0.8455656043724139,-0.16774952125574888,-0.1677495212557727
Hub-attached,0.9,15.600000000000001,0.8453147053731985,-0.16804628856637482,-0.16804628856636333
Hub-attached,0.9,15.65,0.8450638808509291,-0.16834305584224366,-0.16834305584223047
Hub-attached,0.9,15.700000000000001,0.8448131307821783,-0.16863982308490677,-0.16863982308489156
Hub-attached,0.9,15.75,0.8445624551435866,-0.1689365902958453,-0.16893659029583213
Hub-attached,0.9,15.8,0.8443118539118549,-0.16923335747647827,-0.16923335747646823
Hub-attached,0.9,15.850000000000001,0.8440613270637474,-0.1695301246281592,-0.16953012462815154
Hub-attached,0.9,15.9,0.8438108745760887,-0.16982689175217894,-0.16982689175217297
Hub-attached,0.9,15.950000000000001,0.8435604964257587,-0.1701236588497728,-0.1701236588497656
Hub-attached,0.9,16.0,0.8433101925896902,-0.1704204259221222,-0.17042042592210732
Hub-attached,0.9,16.05,0.8430599630448717,-0.1707171929703516,-0.17071719297032573
Hub-attached,0.9,16.1,0.8428098077683387,-0.1710139599955392,-0.1710139599954973
Hub-attached,0.9,16.150000000000002,0.8425597267371745,-0.17131072699871516,-0.17131072699865266
Hub-attached,0.9,16.2,0.8423097199285133,-0.17160749398085814,-0.17160749398077613
Hub-attached,0.9,16.25,0.8420597873195292,-0.1719042609429089,-0.17190426094280953
Hub-attached,0.9,16.3,0.8418099288874404,-0.172201027885764,-0.17220102788565242
Hub-attached,0.9,16.35,0.8415601446095053,-0.17249779481028163,-0.1724977948101637
Hub-attached,0.9,16.400000000000002,0.8413104344630243,-0.17279456171727853,-0.17279456171716456
Hub-attached,0.9,16.45,0.8410607984253354,-0.17309132860753554,-0.17309132860743737
Hub-attached,0.9,16.5,0.8408112364738105,-0.1733880954818019,-0.1733880954817296
Hub-attached,0.9,16.55,0.8405617485858607,-0.17368486234078878,-0.17368486234075312
Hub-attached,0.9,16.6,0.8403123347389276,-0.17398162918517993,-0.173981629185187
Hub-attached,0.9,16.650000000000002,0.8400629949104874,-0.17427839601562636,-0.17427839601567857
Hub-attached,0.9,16.7,0.839813729078049,-0.1745751628327485,-0.17457516283284463
Hub-attached,0.9,16.75,0.83956453721915,-0.17487192963714127,-0.1748719296372739
Hub-attached,0.9,16.8,0.8393154193113569,-0.17516869642937372,-0.17516869642952862
Hub-attached,0.9,16.85,0.8390663753322666,-0.17546546320998696,-0.1754654632101462
Hub-attached,0.9,16.900000000000002,0.838817405259501,-0.17576222997950064,-0.17576222997964241
Hub-attached,0.9,16.95,0.8385685090707116,-0.17605899673840775,-0.17605899673851405
Hub-attached,0.9,17.0,0.838319686743572,-0.1763557634871829,-0.17635576348724058
Hub-attached,0.9,17.05,0.8380709382557809,-0.1766525302262797,-0.1766525302262894
Hub-attached,0.9,17.1,0.8378222635850654,-0.17694929695612557,-0.17694929695611708
Hub-attached,0.9,17.150000000000002,0.8375736627091703,-0.17724606367713525,-0.17724606367712614
Hub-attached,0.9,17.2,0.837325135605865,-0.17754283038970237,-0.17754283038969315
Hub-attached,0.9,17.25,0.8370766822529381,-0.17783959709420596,-0.17783959709419556
Hub-attached,0.9,17.3,0.836828302628205,-0.17813636379100106,-0.1781363637909929
Hub-attached,0.9,17.35,0.8365799967094952,-0.17843313048043408,-0.17843313048042847
Hub-attached,0.9,17.400000000000002,0.8363317644746592,-0.1787298971628348,-0.17872989716282978
Hub-attached,0.9,17.45,0.8360836059015725,-0.17902666383851074,-0.17902666383850882
Hub-attached,0.9,17.5,0.8358355209681175,-0.17932343050776972,-0.17932343050776495
Hub-attached,0.9,17.55,0.8355875096522051,-0.1796201971708934,-0.17962019717088357
Hub-attached,0.9,17.6,0.8353395719317619,-0.17991696382815273,-0.17991696382813788
Hub-attached,0.9,17.650000000000002,0.8350917077847241,-0.1802137304798152,-0.1802137304797896
Hub-attached,0.9,17.7,0.8348439171890535,-0.18051049712612605,-0.1805104971260887
Hub-attached,0.9,17.75,0.8345962001227228,-0.18080726376732492,-0.1808072637672749
Hub-attached,0.9,17.8,0.8343485565637215,-0.18110403040364006,-0.1811040304035771
Hub-attached,0.9,17.85,0.8341009864900544,-0.18140079703528908,-0.1814007970352144
Hub-attached,0.9,17.900000000000002,0.8338534898797415,-0.18169756366247897,-0.18169756366239614
Hub-attached,0.9,17.95,0.833606066710816,-0.18199433028540957,-0.1819943302853223
Hub-attached,0.9,18.0,0.8333587169613261,-0.18229109690427042,-0.18229109690418374
Hub-attached,0.9,18.05,0.8331114406093335,-0.1825878635192429,-0.18258786351916267
Hub-attached,0.9,18.1,0.8328642376329136,-0.18288463013049974,-0.18288463013043257
Hub-attached,0.9,18.150000000000002,0.8326171080101542,-0.18318139673820702,-0.1831813967381589
Hub-attached,0.9,18.2,0.8323700517191561,-0.1834781633425231,-0.18347816334249856
Hub-attached,0.9,18.25,0.8321230687380323,-0.18377492994359934,-0.18377492994360187
Hub-attached,0.9,18.3,0.8318761590449095,-0.18407169654157896,-0.18407169654161104
Hub-attached,0.9,18.35,0.8316293226179244,-0.1843684631366008,-0.1843684631366615
Hub-attached,0.9,18.400000000000002,0.8313825594352265,-0.18466522972879656,-0.18466522972888227
Hub-attached,0.9,18.45,0.8311358694749769,-0.18496199631829158,-0.18496199631839666
Hub-attached,0.9,18.5,0.8308892527153464,-0.18525876290520749,-0.1852587629053222
Hub-attached,0.9,18.55,0.8306427091345191,-0.18555552948965798,-0.1855555294897722
Hub-attached,0.9,18.6,0.8303962387106886,-0.18585229607175302,-0.1858522960718555
Hub-attached,0.9,18.650000000000002,0.8301498414220587,-0.1861490626515982,-0.1861490626516777
Hub-attached,0.9,18.7,0.829903517246845,-0.18644582922929312,-0.18644582922934244
Hub-attached,0.9,18.75,0.8296572661632721,-0.18674259580493396,-0.18674259580495192
Hub-attached,0.9,18.8,0.8294110881495751,-0.18703936237861218,-0.18703936237860846
Hub-attached,0.9,18.85,0.8291649831839992,-0.1873361289504153,-0.18733612895040871
Hub-attached,0.9,18.900000000000002,0.8289189512447998,-0.1876328955204259,-0.18763289552041906
Hub-attached,0.9,18.95,0.8286729923102404,-0.18792966208872502,-0.18792966208871772
Hub-attached,0.9,19.0,0.8284271063585952,-0.18822642865538852,-0.18822642865538122
Hub-attached,0.9,19.05,0.8281812933681476,-0.18852319522048888,-0.18852319522048255
Hub-attached,0.9,19.1,0.8279355533171892,-0.18881996178409668,-0.18881996178409144
Hub-attached,0.9,19.150000000000002,0.8276898861840224,-0.18911672834627735,-0.1891167283462732
Hub-attached,0.9,19.200000000000003,0.8274442919469576,-0.1894134949070944,-0.18941349490709175
Hub-attached,0.9,19.25,0.8271987705843129,-0.18971026146660963,-0.18971026146660688
Hub-attached,0.9,19.3,0.8269533220744171,-0.19000702802488012,-0.19000702802487643
Hub-attached,0.9,19.35,0.8267079463956064,-0.19030379458196178,-0.1903037945819558
Hub-attached,0.9,19.400000000000002,0.8264626435262261,-0.19060056113790713,-0.1906005611378973
Hub-attached,0.9,19.450000000000003,0.8262174134446293,-0.1908973276927673,-0.19089732769275222
Hub-attached,0.9,19.5,0.8259722561291781,-0.19119409424658995,-0.19119409424656886
Hub-attached,0.9,19.55,0.8257271715582422,-0.19149086079942187,-0.19149086079939362
Hub-attached,0.9,19.6,0.8254821597101998,-0.19178762735130703,-0.1917876273512711
Hub-attached,0.9,19.650000000000002,0.8252372205634372,-0.19208439390228754,-0.1920843939022441
Hub-attached,0.9,19.700000000000003,0.824992354096349,-0.19238116045240333,-0.19238116045235354
Hub-attached,0.9,19.75,0.8247475602873363,-0.1926779270016938,-0.19267792700163802
Hub-attached,0.9,19.8,0.8245028391148101,-0.19297469355019475,-0.19297469355013536
Hub-attached,0.9,19.85,0.8242581905571884,-0.19327146009794116,-0.1932714600978812
Hub-attached,0.9,19.900000000000002,0.8240136145928949,-0.19356822664496853,-0.1935682266449093
Hub-attached,0.9,19.950000000000003,0.8237691112003644,-0.19386499319130704,-0.19386499319125208
Hub-attached,0.9,20.0,0.8235246803580376,-0.19416175973698738,-0.19416175973694008
Hub-attached,0.9,20.05,0.8232803220443622,-0.19445852628203966,-0.19445852628200277
Hub-attached,0.9,20.1,0.8230360362377938,-0.1947552928264919,-0.19475529282646784
Hub-attached,0.9,20.150000000000002,0.8227918229167963,-0.19505205937036996,-0.19505205937036096
Hub-attached,0.9,20.200000000000003,0.82254768205984,-0.1953488259136999,-0.19534882591370778
Hub-attached,0.9,20.25,0.8223036136454025,-0.19564559245650662,-0.19564559245653118
Hub-attached,0.9,20.3,0.8220596176519701,-0.19594235899881196,-0.19594235899885326
Hub-attached,0.9,20.35,0.8218156940580341,-0.19623912554063988,-0.19623912554069578
Hub-attached,0.9,20.400000000000002,0.8215718428420952,-0.1965358920820103,-0.19653589208207878
Hub-attached,0.9,20.450000000000003,0.8213280639826593,-0.1968326586229448,-0.19683265862302096
Hub-attached,0.9,20.5,0.821084357458241,-0.1971294251634622,-0.1971294251635412
Hub-attached,0.9,20.55,0.8208407232473619,-0.19742619170358056,-0.1974261917036574
Hub-attached,0.9,20.6,0.820597161328549,-0.1977229582433188,-0.19772295824338715
Hub-attached,0.9,20.650000000000002,0.8203536716803385,-0.19801972478269295,-0.1980197247827478
Hub-attached,0.9,20.700000000000003,0.8201102542812724,-0.1983164913217192,-0.19831649132175716
Hub-attached,0.9,20.75,0.8198669091098995,-0.19861325786041378,-0.19861325786043316
Hub-attached,0.9,20.8,0.8196236361447763,-0.19891002439879088,-0.19891002439879435
Hub-attached,0.9,20.85,0.8193804353644658,-0.19920679093686472,-0.1992067909368609
Hub-attached,0.9,20.900000000000002,0.8191373067475385,-0.1995035574746482,-0.19950355747464488
Hub-attached,0.9,20.950000000000003,0.8188942502725706,-0.19980032401215492,-0.1998003240121518
Hub-attached,0.9,21.0,0.8186512659181446,-0.20009709054939834,-0.2000970905493944
Hub-attached,0.9,21.05,0.8184083536628531,-0.20039385708638796,-0.20039385708638424
Hub-attached,0.9,21.1,0.8181655134852922,-0.20069062362313633,-0.2006906236231331
Hub-attached,0.9,21.150000000000002,0.8179227453640662,-0.20098739015965367,-0.20098739015965128
Hub-attached,0.9,21.200000000000003,0.8176800492777854,-0.20128415669595093,-0.2012841566959489
Hub-attached,0.9,21.25,0.8174374252050677,-0.20158092323203744,-0.20158092323203575
Hub-attached,0.9,21.3,0.8171948731245371,-0.2018776897679226,-0.20187768976792153
Hub-attached,0.9,21.35,0.8169523930148243,-0.20217445630361597,-0.2021744563036144
Hub-attached,0.9,21.400000000000002,0.816709984854568,-0.2024712228391244,-0.20247122283912333
Hub-attached,0.9,21.450000000000003,0.8164676486224114,-0.2027679893744574,-0.2027679893744561
Hub-attached,0.9,21.5,0.8162253842970049,-0.20306475590962336,-0.20306475590962048
Hub-attached,0.9,21.55,0.8159831918570067,-0.20336152244462868,-0.20336152244462413
Hub-attached,0.9,21.6,0.8157410712810804,-0.20365828897948146,-0.2036582889794742
Hub-attached,0.9,21.650000000000002,0.8154990225478981,-0.2039550555141864,-0.20395505551417756
Hub-attached,0.9,21.700000000000003,0.8152570456361351,-0.2042518220487527,-0.20425182204874048
Hub-attached,0.9,21.75,0.8150151405244764,-0.2045485885831849,-0.20454858858316982
Hub-attached,0.9,21.8,0.8147733071916116,-0.2048453551174902,-0.20484535511747104
Hub-attached,0.9,21.85,0.8145315456162388,-0.20514212165167253,-0.20514212165165074
Hub-attached,0.9,21.900000000000002,0.8142898557770601,-0.20543888818573897,-0.2054388881857141
Hub-attached,0.9,21.950000000000003,0.8140482376527873,-0.2057356547196929,-0.20573565471966632
Hub-attached,0.9,22.0,0.8138066912221353,-0.20603242125354082,-0.20603242125351268
Hub-attached,0.9,22.05,0.8135652164638263,-0.2063291877872887,-0.2063291877872584
Hub-attached,0.9,22.1,0.8133238133565922,-0.20662595432093778,-0.20662595432090747
Hub-attached,0.9,22.150000000000002,0.813082481879168,-0.20692272085449384,-0.2069227208544649
Hub-attached,0.9,22.200000000000003,0.8128412220102946,-0.20721948738796253,-0.2072194873879345
Hub-attached,0.9,22.25,0.8126000337287237,-0.20751625392134482,-0.20751625392132053
Hub-attached,0.9,22.3,0.8123589170132077,-0.2078130204546477,-0.20781302045462674
Hub-attached,0.9,22.35,0.81211787184251,-0.20810978698787286,-0.20810978698785632
Hub-attached,0.9,22.400000000000002,0.8118768981953994,-0.20840655352102316,-0.208406553521013
Hub-attached,0.9,22.450000000000003,0.8116359960506496,-0.20870332005410286,-0.20870332005409964
Hub-attached,0.9,22.5,0.8113951653870403,-0.20900008658711702,-0.20900008658711916
Hub-attached,0.9,22.55,0.8111544061833615,-0.20929685312006513,-0.20929685312007473
Hub-attached,0.9,22.6,0.8109137184184066,-0.20959361965295098,-0.20959361965296858
Hub-attached,0.9,22.650000000000002,0.8106731020709743,-0.20989038618577915,-0.20989038618580297
Hub-attached,0.9,22.700000000000003,0.8104325571198733,-0.21018715271854982,-0.21018715271858046
Hub-attached,0.9,22.75,0.8101920835439145,-0.21048391925126791,-0.210483919251303
Hub-attached,0.9,22.8,0.8099516813219183,-0.2107806857839348,-0.21078068578397285
Hub-attached,0.9,22.85,0.8097113504327115,-0.2110774523165515,-0.21107745231659222
Hub-attached,0.9,22.900000000000002,0.8094710908551255,-0.21137421884912116,-0.21137421884916247
Hub-attached,0.9,22.950000000000003,0.8092309025679983,-0.2116709853816463,-0.21167098538168605
Hub-attached,0.9,23.0,0.8089907855501741,-0.21196775191413023,-0.21196775191416484
Hub-attached,0.9,23.05,0.8087507397805064,-0.21226451844657165,-0.21226451844660088
Hub-attached,0.9,23.1,0.8085107652378518,-0.2125612849789737,-0.21256128497899635
Hub-attached,0.9,23.150000000000002,0.8082708619010732,-0.21285805151133935,-0.21285805151135384
Hub-attached,0.9,23.200000000000003,0.8080310297490425,-0.21315481804366837,-0.2131548180436758
Hub-attached,0.9,23.25,0.8077912687606347,-0.21345158457596422,-0.21345158457596541
Hub-attached,0.9,23.3,0.807551578914733,-0.21374835110822799,-0.21374835110822582
Hub-attached,0.9,23.35,0.807311960190228,-0.2140451176404593,-0.21404511764045753
Hub-attached,0.9,23.400000000000002,0.8070724125660145,-0.21434188417266095,-0.21434188417265904
Hub-attached,0.9,23.450000000000003,0.806832936020994,-0.2146386507048342,-0.21463865070483218
Hub-attached,0.9,23.5,0.806593530534074,-0.21493541723698145,-0.21493541723697812
Hub-attached,0.9,23.55,0.8063541960841709,-0.2152321837691013,-0.21523218376909833
Hub-attached,0.9,23.6,0.8061149326502035,-0.21552895030119762,-0.21552895030119412
Hub-attached,0.9,23.650000000000002,0.8058757402111006,-0.2158257168332691,-0.21582571683326623
Hub-attached,0.9,23.700000000000003,0.805636618745795,-0.21612248336531786,-0.21612248336531592
Hub-attached,0.9,23.75,0.8053975682332246,-0.21641924989734668,-0.21641924989734407
Hub-attached,0.9,23.8,0.8051585886523381,-0.2167160164293533,-0.21671601642935162
Hub-attached,0.9,23.85,0.8049196799820866,-0.21701278296134002,-0.2170127829613393
Hub-attached,0.9,23.900000000000002,0.8046808422014277,-0.2173095494933088,-0.21730954949330783
Hub-attached,0.9,23.950000000000003,0.8044420752893277,-0.21760631602525865,-0.21760631602525818
Hub-attached,0.9,24.0,0.8042033792247559,-0.21790308255719243,-0.21790308255719099
Hub-attached,0.9,24.05,0.8039647539866915,-0.21819984908910867,-0.21819984908910683
Hub-attached,0.9,24.1,0.8037261995541168,-0.21849661562100978,-0.21849661562100667
Hub-attached,0.9,24.150000000000002,0.8034877159060226,-0.21879338215289498,-0.21879338215289101
Hub-attached,0.9,24.200000000000003,0.8032493030214045,-0.21909014868476606,-0.21909014868476057
Hub-attached,0.9,24.25,0.803010960879263,-0.21938691521662537,-0.21938691521661602
Hub-attached,0.9,24.3,0.8027726894586105,-0.2196836817484694,-0.2196836817484579
Hub-attached,0.9,24.35,0.8025344887384596,-0.21998044828030122,-0.21998044828028684
Hub-attached,0.9,24.400000000000002,0.8022963586978311,-0.22027721481212176,-0.2202772148121038
Hub-attached,0.9,24.450000000000003,0.8020582993157537,-0.22057398134393008,-0.22057398134390904
Hub-attached,0.9,24.5,0.8018203105712597,-0.22087074787572814,-0.2208707478757032
Hub-attached,0.9,24.55,0.8015823924433892,-0.2211675144075161,-0.22116751440748714
Hub-attached,0.9,24.6,0.80134454491119,-0.2214642809392926,-0.22146428093926124
Hub-attached,0.9,24.650000000000002,0.8011067679537125,-0.22176104747106,-0.22176104747102623
Hub-attached,0.9,24.700000000000003,0.8008690615500149,-0.2220578140028195,-0.22205781400278238
Hub-attached,0.9,24.75,0.8006314256791633,-0.22235458053456975,-0.22235458053453022
Hub-attached,0.9,24.8,0.8003938603202289,-0.2226513470663109,-0.22265134706627043
Hub-attached,0.9,24.85,0.8001563654522875,-0.22294811359804503,-0.22294811359800384
Hub-attached,0.9,24.900000000000002,0.7999189410544241,-0.22324488012977065,-0.22324488012973007
Hub-attached,0.9,24.950000000000003,0.7996815871057276,-0.22354164666148907,-0.22354164666145016
Hub-attached,0.9,25.0,0.7994443035852923,-0.22383841319320247,-0.2238384131931639
Hub-attached,0.9,25.05,0.7992070904722236,-0.22413517972490724,-0.2241351797248723
Hub-attached,0.9,25.1,0.7989699477456279,-0.22443194625660579,-0.22443194625657503
Hub-attached,0.9,25.150000000000002,0.79873287538462,-0.22472871278829826,-0.22472871278827272
Hub-attached,0.9,25.200000000000003,0.7984958733683198,-0.2250254793199858,-0.22502547931996553
Hub-attached,0.9,25.25,0.7982589416758552,-0.22532224585166777,-0.22532224585165378
Hub-attached,0.9,25.3,0.7980220802863599,-0.22561901238334336,-0.22561901238333687
Hub-attached,0.9,25.35,0.7977852891789712,-0.22591577891501557,-0.22591577891501569
Hub-attached,0.9,25.400000000000002,0.7975485683328374,-0.22621254544668107,-0.22621254544669006
Hub-attached,0.9,25.450000000000003,0.7973119177271077,-0.22650931197834312,-0.22650931197835988
Hub-attached,0.9,25.5,0.7970753373409406,-0.22680607851000154,-0.22680607851002527
Hub-attached,0.9,25.55,0.7968388271535015,-0.22710284504165462,-0.2271028450416861
Hub-attached,0.9,25.6,0.79660238714396,-0.22739961157330357,-0.22739961157334238
Hub-attached,0.9,25.650000000000002,0.7963660172914921,-0.2276963781049491,-0.22769637810499413
Hub-attached,0.9,25.700000000000003,0.7961297175752815,-0.22799314463659032,-0.22799314463664083
Hub-attached,0.9,25.75,0.7958934879745158,-0.22828991116822886,-0.2282899111682831
Hub-attached,0.9,25.8,0.795657328468391,-0.22858667769986335,-0.22858667769992047
Hub-attached,0.9,25.85,0.7954212390361081,-0.22888344423149476,-0.22888344423155305
Hub-attached,0.9,25.900000000000002,0.7951852196568729,-0.22918021076312473,-0.22918021076318099
Hub-attached,0.9,25.950000000000003,0.794949270309902,-0.2294769772947501,-0.22947697729480424
Hub-attached,0.9,26.0,0.7947133909744138,-0.22977374382637228,-0.2297737438264229
Hub-attached,0.9,26.05,0.7944775816296339,-0.23007051035799214,-0.2300705103580374
Hub-attached,0.9,26.1,0.7942418422547931,-0.23036727688961098,-0.23036727688964834
Hub-attached,0.9,26.150000000000002,0.7940061728291324,-0.23066404342122585,-0.23066404342125554
Hub-attached,0.9,26.200000000000003,0.7937705733318952,-0.23096080995283808,-0.23096080995286072
Hub-attached,0.9,26.25,0.79353504374233,-0.23125757648445028,-0.23125757648446393
Hub-attached,0.9,26.3,0.793299584039698,-0.23155434301605676,-0.23155434301606684
Hub-attached,0.9,26.35,0.793064194203257,-0.23185110954766447,-0.2318511095476702
Hub-attached,0.9,26.400000000000002,0.7928288742122783,-0.23214787607927034,-0.232147876079275
Hub-attached,0.9,26.450000000000003,0.7925936240460401,-0.23244464261087097,-0.2324446426108791
Hub-attached,0.9,26.5,0.7923584436838179,-0.23274140914247338,-0.23274140914248198
Hub-attached,0.9,26.55,0.7921233331049037,-0.23303817567407242,-0.2330381756740832
Hub-attached,0.9,26.6,0.7918882922885897,-0.23333494220566992,-0.23333494220568274
Hub-attached,0.9,26.650000000000002,0.7916533212141755,-0.23363170873726602,-0.2336317087372805
Hub-attached,0.9,26.700000000000003,0.7914184198609671,-0.233928475268861,-0.23392847526887622
Hub-attached,0.9,26.75,0.791183588208277,-0.23422524180045406,-0.23422524180047
Hub-attached,0.9,26.8,0.7909488262354232,-0.23452200833204595,-0.23452200833206185
Hub-attached,0.9,26.85,0.7907141339217298,-0.23481877486363686,-0.23481877486365194
Hub-attached,0.9,26.900000000000002,0.790479511246528,-0.2351155413952261,-0.2351155413952407
Hub-attached,0.9,26.950000000000003,0.7902449581891539,-0.2354123079268144,-0.23541230792682782
Hub-attached,0.9,27.0,0.7900104747289507,-0.2357090744584011,-0.23570907445841366
Hub-attached,0.9,27.05,0.7897760608452669,-0.23600584098998711,-0.2360058409899986
Hub-attached,0.9,27.1,0.7895417165174572,-0.23630260752157253,-0.23630260752158272
Hub-attached,0.9,27.150000000000002,0.7893074417248837,-0.2365993740531565,-0.23659937405316633
Hub-attached,0.9,27.200000000000003,0.7890732364469133,-0.2368961405847393,-0.23689614058474912
Hub-attached,0.9,27.25,0.7888391006629192,-0.23719290711632157,-0.23719290711633162
Hub-attached,0.9,27.3,0.7886050343522816,-0.23748967364790244,-0.23748967364791407
Hub-attached,0.9,27.35,0.7883710374943848,-0.23778644017948355,-0.23778644017949635
Hub-attached,0.9,27.400000000000002,0.7881371100686219,-0.2380832067110632,-0.2380832067110789
Hub-attached,0.9,27.450000000000003,0.7879032520543905,-0.23837997324264204,-0.23837997324266133
Hub-attached,0.9,27.5,0.7876694634310945,-0.23867673977422013,-0.2386767397742442
Hub-attached,0.9,27.55,0.7874357441781437,-0.2389735063057979,-0.23897350630582698
Hub-attached,0.9,27.6,0.7872020942749548,-0.23927027283737468,-0.23927027283741012
Hub-attached,0.9,27.650000000000002,0.7869685137009497,-0.23956703936895124,-0.23956703936899337
Hub-attached,0.9,27.700000000000003,0.7867350024355573,-0.23986380590052697,-0.23986380590057688
Hub-attached,0.9,27.75,0.7865015604582121,-0.24016057243210204,-0.24016057243216038
Hub-attached,0.9,27.8,0.7862681877483544,-0.24045733896367671,-0.24045733896374388
Hub-attached,0.9,27.85,0.7860348842854313,-0.24075410549525073,-0.2407541054953269
Hub-attached,0.9,27.900000000000002,0.7858016500488955,-0.24105087202682443,-0.24105087202691014
Hub-attached,0.9,27.950000000000003,0.7855684850182059,-0.24134763855839764,-0.24134763855849267
Hub-attached,0.9,28.0,0.7853353891728279,-0.2416444050899702,-0.24164440509007473
Hub-attached,0.9,28.05,0.7851023624922325,-0.2419411716215421,-0.24194117162165607
Hub-attached,0.9,28.1,0.7848694049558966,-0.24223793815311387,-0.24223793815323647
Hub-attached,0.9,28.150000000000002,0.7846365165433036,-0.24253470468468552,-0.24253470468481578
Hub-attached,0.9,28.200000000000003,0.7844036972339431,-0.2428314712162567,-0.24283147121639387
Hub-attached,0.9,28.25,0.7841709470073109,-0.2431282377478271,-0.24312823774797065
Hub-attached,0.9,28.3,0.7839382658429079,-0.24342500427939767,-0.24342500427954555
Hub-attached,0.9,28.35,0.7837056537202425,-0.2437217708109674,-0.2437217708111191
Hub-attached,0.9,28.400000000000002,0.7834731106188277,-0.24401853734253726,-0.24401853734269063
Hub-attached,0.9,28.450000000000003,0.7832406365181839,-0.24431530387410677,-0.24431530387426026
Hub-attached,0.9,28.5,0.7830082313978367,-0.24461207040567598,-0.24461207040582778
Hub-attached,0.9,28.55,0.7827758952373187,-0.2449088369372444,-0.2449088369373932
Hub-attached,0.9,28.6,0.7825436280161668,-0.2452056034688133,-0.24520560346895648
Hub-attached,0.9,28.650000000000002,0.7823114297139263,-0.24550237000038147,-0.24550237000051747
Hub-attached,0.9,28.700000000000003,0.7820793003101468,-0.2457991365319493,-0.2457991365320764
Hub-attached,0.9,28.75,0.7818472397843843,-0.24609590306351756,-0.24609590306363296
Hub-attached,0.9,28.8,0.7816152481162016,-0.24639266959508527,-0.24639266959518774
Hub-attached,0.9,28.85,0.7813833252851672,-0.24668943612665273,-0.2466894361267406
Hub-attached,0.9,28.900000000000002,0.7811514712708556,-0.24698620265821958,-0.2469862026582914
Hub-attached,0.9,28.950000000000003,0.7809196860528462,-0.24728296918978737,-0.24728296918984077
Hub-attached,0.9,29.0,0.7806879696107274,-0.24757973572135386,-0.24757973572138836
Hub-attached,0.9,29.05,0.7804563219240906,-0.24787650225292035,-0.24787650225293495
Hub-attached,0.9,29.1,0.7802247429725343,-0.24817326878448748,-0.24817326878448065
Hub-attached,0.9,29.150000000000002,0.7799932327356647,-0.24847003531605324,-0.24847003531602557
Hub-attached,0.9,29.200000000000003,0.779761791193091,-0.24876680184761962,-0.2487668018475703
Hub-attached,0.9,29.25,0.7795304183244313,-0.24906356837918514,-0.24906356837911522
Hub-attached,0.9,29.3,0.7792991141093074,-0.24936033491075105,-0.24936033491066018
Hub-attached,0.9,29.35,0.7790678785273482,-0.24965710144231767,-0.24965710144220632
Hub-attached,0.9,29.400000000000002,0.7788367115581905,-0.24995386797388247,-0.24995386797375319
Hub-attached,0.9,29.450000000000003,0.7786056131814727,-0.2502506345054489,-0.2502506345053018
Hub-attached,0.9,29.5,0.7783745833768442,-0.250547401037014,-0.25054740103685236
Hub-attached,0.9,29.55,0.7781436221239568,-0.2508441675685793,-0.2508441675684052
Hub-attached,0.9,29.6,0.7779127294024701,-0.2511409341001445,-0.25114093409996074
Hub-attached,0.9,29.650000000000002,0.7776819051920494,-0.25143770063170945,-0.2514377006315188
Hub-attached,0.9,29.700000000000003,0.7774511494723653,-0.25173446716327474,-0.25173446716308057
Hub-attached,0.9,29.75,0.777220462223096,-0.2520312336948393,-0.2520312336946451
Hub-attached,0.9,29.8,0.7769898434239243,-0.25232800022640367,-0.25232800022621354
Hub-attached,0.9,29.85,0.7767592930545385,-0.2526247667579693,-0.25262476675778545
Hub-attached,0.9,29.900000000000002,0.7765288110946357,-0.25292153328953376,-0.2529215332893607
Hub-attached,0.9,29.950000000000003,0.7762983975239162,-0.2532182998210985,-0.253218299820939
Hub-attached,0.9,30.0,0.7760680523220881,-0.2535150663526627,-0.2535150663525202
Hub-attached,0.9,30.05,0.7758377754688639,-0.25381183288422726,-0.25381183288410397
Hub-attached,0.9,30.1,0.7756075669439637,-0.2541085994157916,-0.25410859941568936
Hub-attached,0.9,30.150000000000002,0.7753774267271127,-0.25440536594735585,-0.254405365947276
Hub-attached,0.9,30.200000000000003,0.775147354798042,-0.2547021324789208,-0.25470213247886186
Hub-attached,0.9,30.25,0.7749173511364903,-0.2549988990104844,-0.2549988990104464
Hub-attached,0.9,30.3,0.7746874157222001,-0.25529566554204824,-0.25529566554202776
Hub-attached,0.9,30.35,0.7744575485349209,-0.2555924320736124,-0.255592432073604
Hub-attached,0.9,30.400000000000002,0.7742277495544083,-0.25588919860517645,-0.255889198605173
Hub-attached,0.9,30.450000000000003,0.7739980187604236,-0.2561859651367408,-0.256185965136632
Hub-attached,0.9,30.5,0.7737683561327353,-0.2564827316683044,-0.2564827316679335
Hub-attached,0.9,30.55,0.773538761651116,-0.2567794981998682,-0.25677949819913326
Hub-attached,0.9,30.6,0.7733092352953453,-0.25707626473143214,-0.25707626473027706
Hub-attached,0.9,30.650000000000002,0.7730797770452088,-0.25737303126299615,-0.25737303126140343
Hub-attached,0.9,30.700000000000003,0.7728503868804983,-0.2576697977945599,-0.2576697977925422
Hub-attached,0.9,30.75,0.772621064781011,-0.25796656432612397,-0.2579665643237173
Hub-attached,0.9,30.8,0.7723918107265512,-0.2582633308576871,-0.2582633308549459
Hub-attached,0.9,30.85,0.7721626246969278,-0.2585600973892501,-0.2585600973862403
Hub-attached,0.9,30.900000000000002,0.7719335066719547,-0.2588568639208151,-0.258856863917607
Hub-attached,0.9,30.950000000000003,0.7717044566314564,-0.2591536304523781,-0.25915363044904915
Hub-attached,0.9,31.0,0.7714754745552588,-0.25945039698394146,-0.2594503969805658
Hub-attached,0.9,31.05,0.7712465604231946,-0.2597471635155057,-0.25974716351215293
Hub-attached,0.9,31.1,0.7710177142151053,-0.2600439300470685,-0.2600439300438034
Hub-attached,0.9,31.150000000000002,0.7707889359108343,-0.26034069657863257,-0.2603406965755085
Hub-attached,0.9,31.200000000000003,0.7705602254902338,-0.26063746311019653,-0.2606374631072571
Hub-attached,0.9,31.25,0.7703315829331623,-0.2609342296417592,-0.2609342296390369
Hub-attached,0.9,31.3,0.7701030082194817,-0.26123099617332235,-0.261230996170835
Hub-attached,0.9,31.35,0.7698745013290605,-0.2615277627048871,-0.2615277627026371
Hub-attached,0.9,31.400000000000002,0.7696460622417766,-0.26182452923645033,-0.2618245292344289
Hub-attached,0.9,31.450000000000003,0.7694176909375101,-0.262121295768013,-0.2621212957661956
Hub-attached,0.9,31.5,0.7691893873961476,-0.2624180622995766,-0.2624180622979232
Hub-attached,0.9,31.55,0.7689611515975835,-0.2627148288311393,-0.26271482882959796
Hub-attached,0.9,31.6,0.7687329835217153,-0.26301159536270324,-0.26301159536120655
Hub-attached,0.9,31.650000000000002,0.7685048831484492,-0.263308361894267,-0.2633083618927368
Hub-attached,0.9,31.700000000000003,0.768276850457697,-0.2636051284258299,-0.2636051284241771
Hub-attached,0.9,31.75,0.7680488854293754,-0.2639018949573923,-0.2639018949555174
Hub-attached,0.9,31.8,0.7678209880434068,-0.2641986614889552,-0.2641986614867487
Hub-attached,0.9,31.85,0.7675931582797192,-0.2644954280205198,-0.26449542801786335
Hub-attached,0.9,31.900000000000002,0.7673653961182499,-0.2647921945520827,-0.26479219454885544
Hub-attached,0.9,31.950000000000003,0.7671377015389391,-0.2650889610836454,-0.2650889610797206
Hub-attached,0.9,32.0,0.7669100745217325,-0.26538572761520896,-0.2653857276104555
Hub-attached,0.9,32.050000000000004,0.7666825150465845,-0.2656824941467716,-0.26568249414105916
Hub-attached,0.9,32.1,0.7664550230934523,-0.26597926067833505,-0.2659792606715319
Hub-attached,0.9,32.15,0.7662275986423009,-0.2662760272098991,-0.2662760272018757
Hub-attached,0.9,32.2,0.7660002416731024,-0.2665727937414618,-0.2665727937320944
Hub-attached,0.9,32.25,0.7657729521658324,-0.26686956027302444,-0.26686956026219305
Hub-attached,0.9,32.300000000000004,0.765545730100473,-0.26716632680458763,-0.26716632679217867
Hub-attached,0.9,32.35,0.7653185754570125,-0.2674630933361515,-0.26746309332205914
Hub-attached,0.9,32.4,0.765091488215447,-0.2677598598677139,-0.26775985985184486
Hub-attached,0.9,32.45,0.7648644683557747,-0.26805662639927774,-0.2680566263815468
Hub-attached,0.9,32.5,0.7646375158580037,-0.2683533929308404,-0.2683533929111775
Hub-attached,0.9,32.550000000000004,0.7644106307021455,-0.2686501594624027,-0.2686501594407506
Hub-attached,0.9,32.6,0.7641838128682169,-0.26894692599396697,-0.2689469259702808
Hub-attached,0.9,32.65,0.763957062336244,-0.2692436925255298,-0.26924369249978397
Hub-attached,0.9,32.7,0.7637303790862564,-0.2695404590570925,-0.26954045902927687
Hub-attached,0.9,32.75,0.7635037630982889,-0.26983722558865586,-0.26983722555877643
Hub-attached,0.9,32.800000000000004,0.7632772143523846,-0.2701339921202186,-0.27013399208830097
Hub-attached,0.9,32.85,0.7630507328285903,-0.27043075865178196,-0.2704307586178685
Hub-attached,0.9,32.9,0.7628243185069604,-0.2707275251833448,-0.2707275251474981
Hub-attached,0.9,32.95,0.7625979713675539,-0.271024291714908,-0.2710242916772087
Hub-attached,0.9,33.0,0.7623716913904373,-0.2713210582464705,-0.2713210582070187
Hub-attached,0.9,33.050000000000004,0.7621454785556812,-0.2716178247780332,-0.2716178247369475
Hub-attached,0.9,33.1,0.7619193328433618,-0.27191459130959766,-0.2719145912670135
Hub-attached,0.9,33.15,0.761693254233565,-0.2722113578411602,-0.27221135779723477
Hub-attached,0.9,33.2,0.7614672427063788,-0.27250812437272276,-0.2725081243276286
Hub-attached,0.9,33.25,0.7612412982418972,-0.27280489090428645,-0.27280489085821213
Hub-attached,0.9,33.300000000000004,0.7610154208202232,-0.2731016574358488,-0.27310165738900116
Hub-attached,0.9,33.35,0.7607896104214619,-0.27339842396741215,-0.2733984239200107
Hub-attached,0.9,33.4,0.7605638670257265,-0.2736951904989758,-0.2736951904512546
Hub-attached,0.9,33.45,0.7603381906131371,-0.2739919570305381,-0.27399195698274537
Hub-attached,0.9,33.5,0.7601125811638169,-0.27428872356210077,-0.27428872351449385
Hub-attached,0.9,33.550000000000004,0.759887038657896,-0.2745854900936643,-0.2745854900465097
Hub-attached,0.9,33.6,0.7596615630755116,-0.27488225662522764,-0.27488225657880094
Hub-attached,0.9,33.65,0.7594361543968065,-0.27517902315679016,-0.2751790231113733
Hub-attached,0.9,33.7,0.7592108126019277,-0.27547578968835346,-0.2754757896442315
Hub-attached,0.9,33.75,0.7589855376710303,-0.275772556219916,-0.27577255617737684
Hub-attached,0.9,33.800000000000004,0.7587603295842736,-0.27606932275147866,-0.27606932271081047
Hub-attached,0.9,33.85,0.7585351883218224,-0.2763660892830431,-0.27636608924452966
Hub-attached,0.9,33.9,0.7583101138638513,-0.27666285581460526,-0.2766628557785307
Hub-attached,0.9,33.95,0.7580851061905359,-0.2769596223461677,-0.27695962231280696
Hub-attached,0.9,34.0,0.75786016528206,-0.27725638887773035,-0.27725638884734927
Hub-attached,0.9,34.050000000000004,0.7576352911186122,-0.27755315540929393,-0.2775531553821474
Hub-attached,0.9,34.1,0.7574104836803889,-0.277849921940857,-0.27784992191718694
Hub-attached,0.9,34.15,0.757185742947591,-0.2781466884724198,-0.2781466884524528
Hub-attached,0.9,34.2,0.756961068900425,-0.2784434550039832,-0.27844345498792655
Hub-attached,0.9,34.25,0.7567364615191049,-0.2787402215355455,-0.27874022152358785
Hub-attached,0.9,34.300000000000004,0.7565119207838482,-0.2790369880671085,-0.27903698805941435
Hub-attached,0.9,34.35,0.7562874466748793,-0.2793337545986724,-0.27933375459538107
Hub-attached,0.9,34.4,0.7560630391724303,-0.279630521130235,-0.27963052113146136
Hub-attached,0.9,34.45,0.7558386982567364,-0.27992728766179786,-0.2799272876676261
Hub-attached,0.9,34.5,0.7556144239080398,-0.28022405419336105,-0.28022405420384505
Hub-attached,0.9,34.550000000000004,0.7553902161065892,-0.2805208207249238,-0.2805208207400857
Hub-attached,0.9,34.6,0.7551660748326378,-0.28081758725648687,-0.28081758727631384
Hub-attached,0.9,34.65,0.7549420000664463,-0.28111435378804916,-0.28111435381249533
Hub-attached,0.9,34.7,0.7547179917882794,-0.281411120319612,-0.281411120348593
Hub-attached,0.9,34.75,0.7544940499784077,-0.2817078868511764,-0.2817078868845699
Hub-attached,0.9,34.800000000000004,0.7542701746171115,-0.2820046533827388,-0.2820046534203886
Hub-attached,0.9,34.85,0.7540463656846723,-0.2823014199143012,-0.2823014199560111
Hub-attached,0.9,34.9,0.7538226231613793,-0.28259818644586354,-0.2825981864913993
Hub-attached,0.9,34.95,0.7535989470275257,-0.28289495297742795,-0.28289495302651546
Hub-attached,0.9,35.0,0.7533753372634153,-0.28319171950899047,-0.2831917195613229
Hub-attached,0.9,35.050000000000004,0.7531517938493537,-0.28348848604055255,-0.28348848609578564
Hub-attached,0.9,35.1,0.752928316765651,-0.28378525257211723,-0.2837852526298699
Hub-attached,0.9,35.15,0.7527049059926304,-0.28408201910367786,-0.28408201916354325
Hub-attached,0.9,35.2,0.7524815615106104,-0.2843787856352421,-0.2843787856967763
Hub-attached,0.9,35.25,0.7522582832999238,-0.28467555216680607,-0.2846755522295422
Hub-attached,0.9,35.300000000000004,0.7520350713409085,-0.284972318698367,-0.2849723187618182
Hub-attached,0.9,35.35,0.7518119256139015,-0.28526908522993116,-0.2852690852935856
Hub-attached,0.9,35.4,0.7515888460992535,-0.2855658517614942,-0.28556585182483024
Hub-attached,0.9,35.45,0.751365832777317,-0.2858626182930571,-0.285862618355544
Hub-attached,0.9,35.5,0.7511428856284511,-0.28615938482462,-0.2861593848857247
Hub-attached,0.9,35.550000000000004,0.7509200046330207,-0.286456151356183,-0.28645615141537667
Hub-attached,0.9,35.6,0.7506971897713965,-0.28675291788774604,-0.2867529179445124
Hub-attached,0.9,35.65,0.7504744410239557,-0.2870496844193088,-0.2870496844731527
Hub-attached,0.9,35.7,0.7502517583710798,-0.28734645095087175,-0.28734645100132805
Hub-attached,0.9,35.75,0.7500291417931575,-0.287643217482435,-0.2876432175290786
Hub-attached,0.9,35.800000000000004,0.7498065912705832,-0.2879399840139978,-0.28793998405645577
Hub-attached,0.9,35.85,0.7495841067837565,-0.28823675054556064,-0.2882367505835236
Hub-attached,0.9,35.9,0.7493616883130829,-0.28853351707712366,-0.28853351711035874
Hub-attached,0.9,35.95,0.7491393358389741,-0.28883028360868684,-0.28883028363705165
Hub-attached,0.9,36.0,0.7489170493418476,-0.28912705014024986,-0.28912705016370943
Hub-attached,0.9,36.050000000000004,0.7486948288021267,-0.2894238166718123,-0.289423816690454
Hub-attached,0.9,36.1,0.7484726742002396,-0.28972058320337546,-0.2897205832174262
Hub-attached,0.9,36.15,0.7482505855166219,-0.290017349734938,-0.2900173497447844
Hub-attached,0.9,36.2,0.7480285627317133,-0.2903141162665015,-0.2903141162727084
Hub-attached,0.9,36.25,0.7478066058259608,-0.29061088279806446,-0.2906108828013982
Hub-attached,0.9,36.300000000000004,0.7475847147798166,-0.2909076493296273,-0.2909076493310774
Hub-attached,0.9,36.35,0.7473628895737386,-0.29120441586119006,-0.29120441586198803
Hub-attached,0.9,36.4,0.7471411301881903,-0.2915011823927531,-0.29150118239350087
Hub-attached,0.9,36.45,0.7469194366036416,-0.2917979489243159,-0.29179794892503014
Hub-attached,0.9,36.5,0.7466978088005672,-0.29209471545587923,-0.2920947154565673
Hub-attached,0.9,36.550000000000004,0.746476246759449,-0.2923914819874423,-0.29239148198810627
Hub-attached,0.9,36.6,0.7462547504607739,-0.29268824851900516,-0.2926882485196438
Hub-attached,0.9,36.65,0.7460333198850346,-0.29298501505056784,-0.29298501505117724
Hub-attached,0.9,36.7,0.7458119550127293,-0.29328178158213075,-0.2932817815827057
Hub-attached,0.9,36.75,0.7455906558243623,-0.29357854811369377,-0.29357854811423045
Hub-attached,0.9,36.800000000000004,0.745369422300444,-0.2938753146452568,-0.29387531464575234
Hub-attached,0.9,36.85,0.7451482544214902,-0.2941720811768197,-0.29417208117727284
Hub-attached,0.9,36.9,0.7449271521680227,-0.29446884770838244,-0.2944688477087949
Hub-attached,0.9,36.95,0.7447061155205685,-0.2947656142399455,-0.2947656142403205
Hub-attached,0.9,37.0,0.744485144459661,-0.29506238077150865,-0.2950623807718522
Hub-attached,0.9,37.050000000000004,0.7442642389658396,-0.29535914730307145,-0.2953591473033923
Hub-attached,0.9,37.1,0.7440433990196487,-0.2956559138346342,-0.29565591383494283
Hub-attached,0.9,37.15,0.7438226246016386,-0.29595268036619743,-0.2959526803665055
Hub-attached,0.9,37.2,0.7436019156923661,-0.2962494468977603,-0.29624944689808136
Hub-attached,0.9,37.25,0.7433812722723931,-0.29654621342932325,-0.2965462134296718
Hub-attached,0.9,37.300000000000004,0.7431606943222874,-0.2968429799608863,-0.29684297996127695
Hub-attached,0.9,37.35,0.7429401818226229,-0.29713974649244895,-0.2971397464928965
Hub-attached,0.9,37.4,0.7427197347539786,-0.29743651302401186,-0.2974365130245299
Hub-attached,0.9,37.45,0.7424993530969394,-0.29773327955557527,-0.297733279556176
Hub-attached,0.9,37.5,0.7422790368320971,-0.2980300460871379,-0.298030046087833
Hub-attached,0.9,37.550000000000004,0.7420587859400478,-0.2983268126187006,-0.298326812619499
Hub-attached,0.9,37.6,0.7418386004013936,-0.29862357915026394,-0.29862357915117144
Hub-attached,0.9,37.65,0.7416184801967434,-0.29892034568182685,-0.2989203456828476
Hub-attached,0.9,37.7,0.7413984253067106,-0.29921711221338976,-0.2992171122145243
Hub-attached,0.9,37.75,0.7411784357119152,-0.29951387874495267,-0.29951387874619817
Hub-attached,0.9,37.800000000000004,0.7409585113929822,-0.2998106452765161,-0.29981064527786594
Hub-attached,0.9,37.85,0.7407386523305437,-0.3001074118080785,-0.30010741180952405
Hub-attached,0.9,37.9,0.7405188585052357,-0.30040417833964134,-0.3004041783411693
Hub-attached,0.9,37.95,0.7402991298977006,-0.300700944871205,-0.3007009448727982
Hub-attached,0.9,38.0,0.7400794664885882,-0.30099771140276765,-0.3009977114044076
Hub-attached,0.9,38.050000000000004,0.7398598682585517,-0.3012944779343306,-0.30129447793599495
Hub-attached,0.9,38.1,0.7396403351882515,-0.30159124446589297,-0.30159124446755786
Hub-attached,0.9,38.15,0.7394208672583523,-0.3018880109974561,-0.3018880109990939
Hub-attached,0.9,38.2,0.7392014644495261,-0.3021847775290195,-0.302184777530602
Hub-attached,0.9,38.25,0.7389821267424507,-0.3024815440605818,-0.3024815440620811
Hub-attached,0.9,38.300000000000004,0.7387628541178071,-0.30277831059214555,-0.3027783105935308
Hub-attached,0.9,38.35,0.7385436465562859,-0.30307507712370824,-0.3030750771249519
Hub-attached,0.9,38.400000000000006,0.7383245040385805,-0.3033718436552709,-0.3033718436563452
Hub-attached,0.9,38.45,0.7381054265453907,-0.30366861018683405,-0.3036686101877126
Hub-attached,0.9,38.5,0.7378864140574224,-0.3039653767183972,-0.3039653767190565
Hub-attached,0.9,38.550000000000004,0.7376674665553875,-0.3042621432499601,-0.3042621432503803
Hub-attached,0.9,38.6,0.7374485840200032,-0.3045589097815225,-0.3045589097816881
Hub-attached,0.9,38.650000000000006,0.7372297664319921,-0.3048556763130852,-0.3048556763129846
Hub-attached,0.9,38.7,0.7370110137720821,-0.3051524428446488,-0.305152442844275
Hub-attached,0.9,38.75,0.7367923260210091,-0.30544920937621167,-0.3054492093755649
Hub-attached,0.9,38.800000000000004,0.7365737031595122,-0.30574597590777475,-0.30574597590686114
Hub-attached,0.9,38.85,0.7363551451683378,-0.3060427424393375,-0.30604274243817
Hub-attached,0.9,38.900000000000006,0.7361366520282369,-0.30633950897090045,-0.306339508969498
Hub-attached,0.9,38.95,0.735918223719967,-0.3066362755024633,-0.30663627550085204
Hub-attached,0.9,39.0,0.7356998602242909,-0.30693304203402616,-0.3069330420322389
Hub-attached,0.9,39.050000000000004,0.7354815615219769,-0.30722980856558973,-0.30722980856366444
Hub-attached,0.9,39.1,0.7352633275938004,-0.30752657509715225,-0.3075265750951344
Hub-attached,0.9,39.150000000000006,0.7350451584205407,-0.30782334162871494,-0.3078233416266529
Hub-attached,0.9,39.2,0.7348270539829836,-0.3081201081602778,-0.3081201081582235
Hub-attached,0.9,39.25,0.7346090142619207,-0.3084168746918407,-0.3084168746898473
Hub-attached,0.9,39.300000000000004,0.7343910392381484,-0.3087136412234044,-0.30871364122152445
Hub-attached,0.9,39.35,0.7341731288924714,-0.3090104077549665,-0.3090104077532516
Hub-attached,0.9,39.400000000000006,0.7339552832056965,-0.3093071742865296,-0.30930717428502336
Hub-attached,0.9,39.45,0.7337375021586385,-0.30960394081809256,-0.3096039408168302
Hub-attached,0.9,39.5,0.7335197857321172,-0.3099007073496559,-0.30990070734865915
Hub-attached,0.9,39.550000000000004,0.733302133906959,-0.3101974738812184,-0.310197473880493
Hub-attached,0.9,39.6,0.7330845466639938,-0.310494240412782,-0.3104942404123084
Hub-attached,0.9,39.650000000000006,0.7328670239840605,-0.31079100694434436,-0.31079100694407746
Hub-attached,0.9,39.7,0.7326495658480006,-0.3110877734759069,-0.3110877734757649
Hub-attached,0.9,39.75,0.7324321722366613,-0.31138454000747107,-0.31138454000735094
Hub-attached,0.9,39.800000000000004,0.7322148431308996,-0.31168130653903325,-0.3116813065389206
Hub-attached,0.9,39.85,0.7319975785115732,-0.31197807307059605,-0.3119780730704883
Hub-attached,0.9,39.900000000000006,0.7317803783595475,-0.31227483960215935,-0.3122748396020554
Hub-attached,0.9,39.95,0.7315632426556948,-0.3125716061337217,-0.31257160613362245
Hub-attached,0.9,40.0,0.7313461713808902,-0.31286837266528533,-0.3128683726651897
Hub-attached,0.9,40.050000000000004,0.7311291645160174,-0.31316513919684863,-0.31316513919675765
Hub-attached,0.9,40.1,0.7309122220419648,-0.31346190572841104,-0.313461905728326
Hub-attached,0.9,40.150000000000006,0.7306953439396259,-0.3137586722599732,-0.3137586722598952
Hub-attached,0.9,40.2,0.7304785301898981,-0.3140554387915377,-0.3140554387914642
Hub-attached,0.9,40.25,0.7302617807736895,-0.31435220532310043,-0.31435220532303326
Hub-attached,0.9,40.300000000000004,0.7300450956719102,-0.3146489718546627,-0.31464897185460206
Hub-attached,0.9,40.35,0.7298284748654752,-0.31494573838622625,-0.31494573838617024
Hub-attached,0.9,40.400000000000006,0.7296119183353086,-0.3152425049177884,-0.31524250491773725
Hub-attached,0.9,40.45,0.729395426062336,-0.31553927144935223,-0.315539271449303
Hub-attached,0.9,40.5,0.7291789980274924,-0.3158360379809154,-0.3158360379808673
Hub-attached,0.9,40.550000000000004,0.7289626342117173,-0.31613280451247766,-0.31613280451242953
Hub-attached,0.9,40.6,0.7287463345959545,-0.31642957104404007,-0.31642957104399
Hub-attached,0.9,40.650000000000006,0.7285300991611544,-0.31672633757560276,-0.3167263375755484
Hub-attached,0.9,40.7,0.7283139278882723,-0.31702310410716683,-0.31702310410710455
Hub-attached,0.9,40.75,0.7280978207582716,-0.31731987063872985,-0.31731987063865896
Hub-attached,0.9,40.800000000000004,0.7278817777521197,-0.3176166371702919,-0.3176166371702116
Hub-attached,0.9,40.85,0.7276657988507877,-0.3179134037018554,-0.31791340370176235
Hub-attached,0.9,40.900000000000006,0.7274498840352563,-0.31821017023341774,-0.3182101702333119
Hub-attached,0.9,40.95,0.7272340332865083,-0.3185069367649811,-0.31850693676485997
Hub-attached,0.9,41.0,0.727018246585534,-0.31880370329654445,-0.3188037032964077
Hub-attached,0.9,41.050000000000004,0.7268025239133298,-0.3191004698281074,-0.319100469827955
Hub-attached,0.9,41.1,0.7265868652508966,-0.3193972363596698,-0.3193972363595022
Hub-attached,0.9,41.150000000000006,0.7263712705792407,-0.31969400289123273,-0.31969400289105027
Hub-attached,0.9,41.2,0.7261557398793745,-0.3199907694227961,-0.3199907694225993
Hub-attached,0.9,41.25,0.7259402731323175,-0.3202875359543584,-0.3202875359541498
Hub-attached,0.9,41.300000000000004,0.7257248703190913,-0.3205843024859222,-0.3205843024857026
Hub-attached,0.9,41.35,0.7255095314207275,-0.3208810690174846,-0.32088106901725755
Hub-attached,0.9,41.400000000000006,0.7252942564182602,-0.3211778355490469,-0.32117783554881546
Hub-attached,0.9,41.45,0.7250790452927285,-0.32147460208061124,-0.3214746020803767
Hub-attached,0.9,41.5,0.7248638980251816,-0.3217713686121736,-0.32177136861194144
Hub-attached,0.9,41.550000000000004,0.7246488145966697,-0.32206813514373633,-0.3220681351435099
Hub-attached,0.9,41.6,0.7244337949882503,-0.3223649016752994,-0.32236490167508236
Hub-attached,0.9,41.650000000000006,0.7242188391809872,-0.32266166820686215,-0.322661668206659
Hub-attached,0.9,41.7,0.7240039471559481,-0.3229584347384256,-0.3229584347382393
Hub-attached,0.9,41.75,0.7237891188942087,-0.32325520126998825,-0.323255201269824
Hub-attached,0.9,41.800000000000004,0.7235743543768481,-0.3235519678015512,-0.32355196780141204
Hub-attached,0.9,41.85,0.7233596535849525,-0.32384873433311384,-0.3238487343330037
Hub-attached,0.9,41.900000000000006,0.7231450164996127,-0.3241455008646763,-0.3241455008645985
Hub-attached,0.9,41.95,0.7229304431019244,-0.3244422673962406,-0.3244422673961957
Hub-attached,0.9,42.0,0.7227159333729927,-0.324739033927803,-0.32473903392779485
Hub-attached,0.9,42.050000000000004,0.7225014872939238,-0.3250358004593657,-0.3250358004593952
Hub-attached,0.9,42.1,0.7222871048458315,-0.32533256699092905,-0.3253325669909961
Hub-attached,0.9,42.150000000000006,0.7220727860098358,-0.3256293335224915,-0.3256293335225966
Hub-attached,0.9,42.2,0.7218585307670606,-0.32592610005405465,-0.3259261000541959
Hub-attached,0.9,42.25,0.7216443390986366,-0.3262228665856182,-0.326222866585793
Hub-attached,0.9,42.300000000000004,0.7214302109857009,-0.32651963311718046,-0.32651963311738685
Hub-attached,0.9,42.35,0.7212161464093942,-0.326816399648743,-0.3268163996489768
Hub-attached,0.9,42.400000000000006,0.7210021453508633,-0.3271131661803065,-0.32711316618056163
Hub-attached,0.9,42.45,0.7207882077912617,-0.32740993271186986,-0.3274099327121409
Hub-attached,0.9,42.5,0.7205743337117484,-0.32770669924343226,-0.32770669924371365
Hub-attached,0.9,42.550000000000004,0.7203605230934863,-0.32800346577499545,-0.3280034657752794
Hub-attached,0.9,42.6,0.7201467759176462,-0.32830023230655786,-0.3283002323068379
Hub-attached,0.9,42.650000000000006,0.7199330921654022,-0.32859699883812055,-0.3285969988383887
Hub-attached,0.9,42.7,0.7197194718179344,-0.3288937653696851,-0.3288937653699326
Hub-attached,0.9,42.75,0.7195059148564319,-0.3291905319012473,-0.32919053190146974
Hub-attached,0.9,42.800000000000004,0.7192924212620849,-0.3294872984328097,-0.3294872984330013
Hub-attached,0.9,42.85,0.7190789910160912,-0.3297840649643721,-0.3297840649645287
Hub-attached,0.9,42.900000000000006,0.7188656240996527,-0.33008083149593603,-0.33008083149605394
Hub-attached,0.9,42.95,0.71865232049398,-0.3303775980274989,-0.33037759802758015
Hub-attached,0.9,43.0,0.7184390801802869,-0.3306743645590613,-0.33067436455911037
Hub-attached,0.9,43.050000000000004,0.7182259031397922,-0.3309711310906247,-0.33097113109064935
Hub-attached,0.9,43.1,0.7180127893537228,-0.331267897622187,-0.33126789762220243
Hub-attached,0.9,43.150000000000006,0.7177997388033083,-0.3315646641537503,-0.3315646641539689
Hub-attached,0.9,43.2,0.7175867514697857,-0.33186143068531393,-0.3318614306860507
Hub-attached,0.9,43.25,0.7173738273343977,-0.3321581972168768,-0.3321581972183377
Hub-attached,0.9,43.300000000000004,0.717160966378392,-0.33245496374843936,-0.3324549637507379
Hub-attached,0.9,43.35,0.7169481685830211,-0.3327517302800023,-0.33275173028317573
Hub-attached,0.9,43.400000000000006,0.7167354339295444,-0.33304849681156506,-0.3330484968155908
Hub-attached,0.9,43.45,0.7165227623992257,-0.3333452633431283,-0.33334526334793557
Hub-attached,0.9,43.5,0.716310153973336,-0.3336420298746906,-0.3336420298801754
Hub-attached,0.9,43.550000000000004,0.7160976086331498,-0.33393879640625335,-0.33393879641228585
Hub-attached,0.9,43.6,0.7158851263599473,-0.3342355629378176,-0.3342355629442525
Hub-attached,0.9,43.650000000000006,0.7156727071350175,-0.3345323294693803,-0.3345323294760695
Hub-attached,0.9,43.7,0.7154603509396515,-0.33482909600094246,-0.33482909600773786
Hub-attached,0.9,43.75,0.7152480577551467,-0.33512586253250515,-0.33512586253926535
Hub-attached,0.9,43.800000000000004,0.7150358275628053,-0.33542262906406933,-0.33542262907066517
Hub-attached,0.9,43.85,0.7148236603439387,-0.3357193955956316,-0.33571939560195446
Hub-attached,0.9,43.900000000000006,0.7146115560798597,-0.3360161621271941,-0.3360161621331549
Hub-attached,0.9,43.95,0.7143995147518869,-0.3363129286587586,-0.33631292866428986
Hub-attached,0.9,44.0,0.71418753634135,-0.33660969519031914,-0.3366096951953862
Hub-attached,0.9,44.050000000000004,0.7139756208295746,-0.3369064617218835,-0.3369064617264708
Hub-attached,0.9,44.1,0.7137637681978998,-0.3372032282534476,-0.33720322825757254
Hub-attached,0.9,44.150000000000006,0.71355197842767,-0.33749999478500836,-0.3374999947887195
Hub-attached,0.9,44.2,0.7133402515002282,-0.33779676131657255,-0.3377967613199405
Hub-attached,0.9,44.25,0.7131285873969307,-0.3380935278481353,-0.33809352785126234
Hub-attached,0.9,44.300000000000004,0.7129169860991352,-0.33839029437969814,-0.3383902943827122
Hub-attached,0.9,44.35,0.7127054475882059,-0.3386870609112611,-0.33868706091431405
Hub-attached,0.9,44.400000000000006,0.7124939718455123,-0.3389838274428243,-0.33898382744609135
Hub-attached,0.9,44.45,0.7122825588524304,-0.3392805939743869,-0.3392805939780641
Hub-attached,0.9,44.5,0.71207120859034,-0.3395773605059501,-0.33957736051025056
Hub-attached,0.9,44.550000000000004,0.7118599210406282,-0.33987412703751296,-0.3398741270426664
Hub-attached,0.9,44.6,0.7116486961846864,-0.34017089356907604,-0.34017089357532404
Hub-attached,0.9,44.650000000000006,0.7114375340039123,-0.3404676601006388,-0.340467660108233
Hub-attached,0.9,44.7,0.7112264344797082,-0.34076442663220197,-0.3407644266413994
Hub-attached,0.9,44.75,0.7110153975934832,-0.3410611931637646,-0.34106119317482686
Hub-attached,0.9,44.800000000000004,0.7108044233266503,-0.341357959695328,-0.34135795970851524
Hub-attached,0.9,44.85,0.7105935116606298,-0.34165472622689086,-0.34165472624246096
Hub-attached,0.9,44.900000000000006,0.7103826625768465,-0.3419514927584535,-0.3419514927766578
Hub-attached,0.9,44.95,0.7101718760567304,-0.34224825929001645,-0.3422482593110959
Hub-attached,0.9,45.0,0.7099611520817178,-0.3425450258215791,-0.3425450258457627
Hub-attached,0.9,45.050000000000004,0.7097504906332495,-0.3428417923531426,-0.3428417923806423
Hub-attached,0.9,45.1,0.7095398916927732,-0.3431385588847057,-0.3431385589157159
Hub-attached,0.9,45.150000000000006,0.7093293552417417,-0.3434353254162681,-0.3434353254509621
Hub-attached,0.9,45.2,0.709118881261612,-0.3437320919478311,-0.34373209198635685
Hub-attached,0.9,45.25,0.7089084697338479,-0.34402885847939435,-0.3440288585218736
Hub-attached,0.9,45.300000000000004,0.7086981206399189,-0.34432562501095704,-0.34432562505748404
Hub-attached,0.9,45.35,0.7084878339612988,-0.34462239154252017,-0.3446223915931573
Hub-attached,0.9,45.400000000000006,0.7082776096794678,-0.34491915807408313,-0.3449191581288612
Hub-attached,0.9,45.45,0.7080674477759115,-0.3452159246056462,-0.34521592466456164
Hub-attached,0.9,45.5,0.7078573482321209,-0.3455126911372091,-0.3455126912002235
Hub-attached,0.9,45.550000000000004,0.7076473110295924,-0.3458094576687718,-0.3458094577358112
Hub-attached,0.9,45.6,0.7074373361498277,-0.34610622420033477,-0.346106224271287
Hub-attached,0.9,45.650000000000006,0.7072274235743342,-0.34640299073189806,-0.346402990806614
Hub-attached,0.9,45.7,0.7070175732846254,-0.34669975726346086,-0.34669975734175495
Hub-attached,0.9,45.75,0.7068077852622194,-0.34699652379502355,-0.3469965238766727
Hub-attached,0.9,45.800000000000004,0.7065980594886397,-0.3472932903265868,-0.34729329041132984
Hub-attached,0.9,45.85,0.7063883959454164,-0.34759005685814953,-0.3475900569456905
Hub-attached,0.9,45.900000000000006,0.7061787946140837,-0.3478868233897124,-0.3478868234797199
Hub-attached,0.9,45.95,0.7059692554761823,-0.34818358992127535,-0.3481835900133838
Hub-attached,0.9,46.0,0.7057597785132576,-0.3484803564528386,-0.3484803565466502
Hub-attached,0.9,46.050000000000004,0.7055503637068614,-0.3487771229844014,-0.3487771230794887
Hub-attached,0.9,46.1,0.7053410110385503,-0.3490738895159643,-0.34907388961187125
Hub-attached,0.9,46.150000000000006,0.7051317204898864,-0.3493706560475274,-0.349370656143772
Hub-attached,0.9,46.2,0.7049224920424375,-0.3496674225790902,-0.34966742267516826
Hub-attached,0.9,46.25,0.704713325677777,-0.34996418911065286,-0.34996418920603956
Hub-attached,0.9,46.300000000000004,0.7045042213774828,-0.35026095564221604,-0.3502609557363694
Hub-attached,0.9,46.35,0.7042951791231399,-0.3505577221737789,-0.350557722266144
Hub-attached,0.9,46.400000000000006,0.7040861988963374,-0.35085448870534164,-0.35085448879535397
Hub-attached,0.9,46.45,0.7038772806786701,-0.351151255236905,-0.35115125532399294
Hub-attached,0.9,46.5,0.7036684244517389,-0.3514480217684679,-0.3514480218520588
Hub-attached,0.9,46.550000000000004,0.7034596301971499,-0.3517447883000308,-0.35174478837955386
Hub-attached,0.9,46.6,0.7032508978965141,-0.3520415548315937,-0.3520415549064846
Hub-attached,0.9,46.650000000000006,0.7030422275314481,-0.35233832136315724,-0.35233832143286165
Hub-attached,0.9,46.7,0.7028336190835753,-0.35263508789471976,-0.3526350879587006
Hub-attached,0.9,46.75,0.7026250725345227,-0.35293185442628267,-0.35293185448402087
Hub-attached,0.9,46.800000000000004,0.7024165878659233,-0.3532286209578461,-0.3532286210088471
Hub-attached,0.9,46.85,0.7022081650594167,-0.35352538748940854,-0.3535253875332083
Hub-attached,0.9,46.900000000000006,0.701999804096646,-0.3538221540209717,-0.353822154057138
Hub-attached,0.9,46.95,0.7017915049592617,-0.35411892055253424,-0.35411892058067435
Hub-attached,0.9,47.0,0.701583267628918,-0.35441568708409715,-0.35441568710385996
Hub-attached,0.9,47.050000000000004,0.7013750920872756,-0.3547124536156604,-0.3547124536267417
Hub-attached,0.9,47.1,0.701166978316001,-0.35500922014722275,-0.3550092201493706
Hub-attached,0.9,47.150000000000006,0.7009589262967642,-0.3553059866787865,-0.3553059866718012
Hub-attached,0.9,47.2,0.7007509360112434,-0.3556027532103493,-0.35560275319409296
Hub-attached,0.9,47.25,0.7005430074411204,-0.35589951974191186,-0.3558995197163077
Hub-attached,0.9,47.300000000000004,0.7003351405680822,-0.3561962862734751,-0.35619628623851096
Hub-attached,0.9,47.35,0.7001273353738228,-0.35649305280503796,-0.3564930527607706
Hub-attached,0.9,47.400000000000006,0.6999195918400399,-0.35678981933660114,-0.35678981928315723
Hub-attached,0.9,47.45,0.6997119099484385,-0.3570865858681638,-0.35708658580574343
Hub-attached,0.9,47.5,0.6995042896807272,-0.3573833523997262,-0.35738335232860313
Hub-attached,0.9,47.550000000000004,0.6992967310186201,-0.3576801189312899,-0.3576801188518113
Hub-attached,0.9,47.6,0.6990892339438389,-0.35797688546285283,-0.3579768853754429
Hub-attached,0.9,47.650000000000006,0.6988817984381087,-0.35827365199441563,-0.35827365189957305
Hub-attached,0.9,47.7,0.6986744244831604,-0.35857041852597854,-0.35857041842427545
Hub-attached,0.9,47.75,0.6984671120607308,-0.35886718505754134,-0.35886718494962233
Hub-attached,0.9,47.800000000000004,0.6982598611525611,-0.3591639515891046,-0.3591639514756826
Hub-attached,0.9,47.85,0.6980526717403996,-0.3594607181206673,-0.35946071800252294
Hub-attached,0.9,47.900000000000006,0.6978455438059981,-0.3597574846522309,-0.35975748453020473
Hub-attached,0.9,47.95,0.6976384773311158,-0.3600542511837934,-0.360054251058784
Hub-attached,0.9,48.0,0.6974314722975159,-0.36035101771535594,-0.36035101758831095
Hub-attached,0.9,48.050000000000004,0.6972245286869669,-0.36064778424691885,-0.3606477841188277
Hub-attached,0.9,48.1,0.6970176464812434,-0.36094455077848187,-0.3609445506503681
Hub-attached,0.9,48.150000000000006,0.6968108256621252,-0.3612413173100454,-0.3612413171829556
Hub-attached,0.9,48.2,0.6966040662113984,-0.36153808384160757,-0.36153808371660245
Hub-attached,0.9,48.25,0.6963973681108523,-0.36183485037317065,-0.36183485025130824
Hub-attached,0.9,48.300000000000004,0.6961907313422834,-0.36213161690473383,-0.3621316167870593
Hub-attached,0.9,48.35,0.6959841558874933,-0.36242838343629696,-0.3624283833238247
Hub-attached,0.9,48.400000000000006,0.6957776417282888,-0.3627251499678598,-0.3627251498615578
Hub-attached,0.9,48.45,0.695571188846482,-0.363021916499423,-0.3630219164001919
Hub-attached,0.9,48.5,0.695364797223891,-0.36331868303098536,-0.3633186829396405
Hub-attached,0.9,48.550000000000004,0.6951584668423384,-0.3636154495625479,-0.3636154494797942
Hub-attached,0.9,48.6,0.6949521976836512,-0.36391221609411223,-0.3639122160205188
Hub-attached,0.9,48.650000000000006,0.694745989729666,-0.36420898262567464,-0.3642089825616548
Hub-attached,0.9,48.7,0.6945398429622206,-0.364505749157237,-0.36450574910301303
Hub-attached,0.9,48.75,0.6943337573631588,-0.36480251568880045,-0.364802515644374
Hub-attached,0.9,48.800000000000004,0.694127732914332,-0.3650992822203629,-0.36509928218548593
Hub-attached,0.9,48.85,0.6939217695975942,-0.36539604875192633,-0.365396048726061
Hub-attached,0.9,48.900000000000006,0.6937158673948067,-0.3656928152834899,-0.3656928152657743
Hub-attached,0.9,48.95,0.6935100262878366,-0.36598958181505215,-0.36598958180426067
Hub-attached,0.9,49.0,0.6933042462585545,-0.3662863483466146,-0.3662863483411116
Hub-attached,0.9,49.050000000000004,0.6930985272888361,-0.3665831148781786,-0.3665831148758739
Hub-attached,0.9,49.1,0.6928928693605655,-0.3668798814097417,-0.3668798814082039
Hub-attached,0.9,49.150000000000006,0.6926872724556303,-0.3671766479413039,-0.36717664793986915
Hub-attached,0.9,49.2,0.692481736555922,-0.3674734144728673,-0.3674734144715155
Hub-attached,0.9,49.25,0.6922762616433408,-0.36777018100442943,-0.3677701810031521
Hub-attached,0.9,49.300000000000004,0.6920708476997883,-0.3680669475359931,-0.3680669475347851
Hub-attached,0.9,49.35,0.6918654947071752,-0.36836371406755647,-0.3683637140664179
Hub-attached,0.9,49.400000000000006,0.6916602026474161,-0.36866048059911893,-0.36866048059805256
Hub-attached,0.9,49.45,0.6914549715024305,-0.36895724713068134,-0.3689572471296895
Hub-attached,0.9,49.5,0.6912498012541434,-0.36925401366224386,-0.3692540136613274
Hub-attached,0.9,49.550000000000004,0.6910446918844841,-0.3695507801938081,-0.3695507801929644
Hub-attached,0.9,49.6,0.690839643375391,-0.3698475467253708,-0.3698475467245985
Hub-attached,0.9,49.650000000000006,0.6906346557088047,-0.3701443132569331,-0.37014431325622704
Hub-attached,0.9,49.7,0.6904297288666706,-0.37044107978849633,-0.3704410797878472
Hub-attached,0.9,49.75,0.690224862830942,-0.37073784632005924,-0.37073784631945667
Hub-attached,0.9,49.800000000000004,0.6900200575835757,-0.37103461285162215,-0.3710346128510532
Hub-attached,0.9,49.85,0.689815313106534,-0.37133137938318594,-0.3713313793826348
Hub-attached,0.9,49.900000000000006,0.6896106293817865,-0.37162814591474835,-0.3716281459142001
Hub-attached,0.9,49.95,0.6894060063913053,-0.3719249124463112,-0.3719249124457484
Hub-attached,0.9,50.0,0.6892014441170696,-0.37222167897787395,-0.3722216789772794
Hub-attached,0.9,50.050000000000004,0.6889969425410631,-0.37251844550943736,-0.37251844550879326
Hub-attached,0.9,50.1,0.6887925016452763,-0.37281521204099977,-0.3728152120402916
Hub-attached,0.9,50.150000000000006,0.6885881214117024,-0.3731119785725635,-0.3731119785717754
Hub-attached,0.9,50.2,0.6883838018223434,-0.3734087451041261,-0.37340874510324745
Hub-attached,0.9,50.25,0.6881795428592042,-0.373705511635688,-0.37370551163470983
Hub-attached,0.9,50.300000000000004,0.6879753445042939,-0.3740022781672523,-0.37400227816616627
Hub-attached,0.9,50.35,0.6877712067396311,-0.37429904469881503,-0.37429904469761943
Hub-attached,0.9,50.400000000000006,0.6875671295472366,-0.3745958112303772,-0.3745958112290739
Hub-attached,0.9,50.45,0.6873631129091361,-0.37489257776194085,-0.37489257776053336
Hub-attached,0.9,50.5,0.6871591568073636,-0.37518934429350304,-0.37518934429200157
Hub-attached,0.9,50.550000000000004,0.6869552612239546,-0.3754861108250668,-0.3754861108234827
Hub-attached,0.9,50.6,0.6867514261409539,-0.3757828773566293,-0.3757828773549807
Hub-attached,0.9,50.650000000000006,0.6865476515404081,-0.3760796438881925,-0.37607964388649895
Hub-attached,0.9,50.7,0.686343937404372,-0.3763764104197549,-0.37637641041804104
Hub-attached,0.9,50.75,0.6861402837149039,-0.3766731769513173,-0.3766731769496098
Hub-attached,0.9,50.800000000000004,0.6859366904540662,-0.3769699434828819,-0.3769699434812072
Hub-attached,0.9,50.85,0.6857331576039315,-0.3772667100144443,-0.3772667100128352
Hub-attached,0.9,50.900000000000006,0.6855296851465729,-0.37756347654600697,-0.3775634765444944
Hub-attached,0.9,50.95,0.6853262730640703,-0.3778602430775701,-0.3778602430761855
Hub-attached,0.9,51.0,0.6851229213385099,-0.3781570096091328,-0.3781570096079075
Hub-attached,0.9,51.050000000000004,0.6849196299519816,-0.37845377614069614,-0.37845377613965936
Hub-attached,0.9,51.1,0.684716398886582,-0.37875054267225927,-0.378750542671438
Hub-attached,0.9,51.150000000000006,0.684513228124413,-0.37904730920382146,-0.3790473092032405
Hub-attached,0.9,51.2,0.6843101176475803,-0.37934407573538415,-0.37934407573506257
Hub-attached,0.9,51.25,0.6841070674381957,-0.3796408422669475,-0.37964084226689937
Hub-attached,0.9,51.300000000000004,0.683904077478377,-0.3799376087985109,-0.3799376087987451
Hub-attached,0.9,51.35,0.6837011477502475,-0.3802343753300733,-0.3802343753305929
Hub-attached,0.9,51.400000000000006,0.6834982782359335,-0.380531141861637,-0.38053114186243625
Hub-attached,0.9,51.45,0.6832954689175702,-0.38082790839319913,-0.38082790839426706
Hub-attached,0.9,51.5,0.6830927197772946,-0.38112467492476176,-0.38112467492607793
Hub-attached,0.9,51.550000000000004,0.6828900307972497,-0.3814214414563263,-0.3814214414578612
Hub-attached,0.9,51.6,0.6826874019595875,-0.3817182079878883,-0.3817182079896091
Hub-attached,0.9,51.650000000000006,0.6824848332464604,-0.382014974519451,-0.3820149745213146
Hub-attached,0.9,51.7,0.6822823246400285,-0.3823117410510134,-0.3823117410529716
Hub-attached,0.9,51.75,0.682079876122456,-0.3826085075825768,-0.3826085075845752
Hub-attached,0.9,51.800000000000004,0.6818774876759139,-0.3829052741141402,-0.38290527411612163
Hub-attached,0.9,51.85,0.6816751592825786,-0.38320204064570257,-0.3832020406476093
Hub-attached,0.9,51.900000000000006,0.6814728909246294,-0.38349880717726603,-0.38349880717904017
Hub-attached,0.9,51.95,0.6812706825842538,-0.3837955737088284,-0.38379557371041806
Hub-attached,0.9,52.0,0.6810685342436426,-0.3840923402403911,-0.3840923402417509
Hub-attached,0.9,52.050000000000004,0.6808664458849915,-0.38438910677195515,-0.3843891067730514
Hub-attached,0.9,52.1,0.6806644174905044,-0.38468587330351783,-0.384685873304337
Hub-attached,0.9,52.150000000000006,0.6804624490423876,-0.38498263983508074,-0.38498263983563064
Hub-attached,0.9,52.2,0.6802605405228539,-0.38527940636664365,-0.38527940636696284
Hub-attached,0.9,52.25,0.680058691914121,-0.3855761728982065,-0.38557617289837076
Hub-attached,0.9,52.300000000000004,0.6798569031984121,-0.38587293942976947,-0.3858729394298913
Hub-attached,0.9,52.35,0.6796551743579559,-0.3861697059613317,-0.38616970596144573
Hub-attached,0.9,52.400000000000006,0.6794535053749853,-0.38646647249289456,-0.38646647249300137
Hub-attached,0.9,52.45,0.6792518962317389,-0.38676323902445864,-0.3867632390245579
Hub-attached,0.9,52.5,0.6790503469104625,-0.38706000555602127,-0.38706000555611453
Hub-attached,0.9,52.550000000000004,0.6788488573934052,-0.38735677208758346,-0.3873567720876716
Hub-attached,0.9,52.6,0.6786474276628208,-0.38765353861914614,-0.3876535386192285
Hub-attached,0.9,52.650000000000006,0.6784460577009686,-0.3879503051507107,-0.3879503051507852
Hub-attached,0.9,52.7,0.6782447474901165,-0.3882470716822729,-0.388247071682342
Hub-attached,0.9,52.75,0.6780434970125337,-0.3885438382138352,-0.38854383821389904
Hub-attached,0.9,52.800000000000004,0.6778423062504944,-0.3888406047453997,-0.38884060474545623
Hub-attached,0.9,52.85,0.6776411751862835,-0.3891373712769604,-0.3891373712770139
Hub-attached,0.9,52.900000000000006,0.6774401038021827,-0.38943413780852476,-0.3894341378085722
Hub-attached,0.9,52.95,0.6772390920804859,-0.3897309043400887,-0.38973090434013125
Hub-attached,0.9,53.0,0.6770381400034923,-0.39002767087164936,-0.39002767087169127
Hub-attached,0.9,53.050000000000004,0.6768372475534987,-0.3903244374032138,-0.3903244374032525
Hub-attached,0.9,53.1,0.6766364147128167,-0.3906212039347764,-0.3906212039348149
Hub-attached,0.9,53.150000000000006,0.6764356414637571,-0.39091797046633925,-0.39091797046637855
Hub-attached,0.9,53.2,0.6762349277886378,-0.39121473699790243,-0.3912147369979434
Hub-attached,0.9,53.25,0.6760342736697824,-0.3915115035294653,-0.3915115035295095
Hub-attached,0.9,53.300000000000004,0.6758336790895189,-0.39180827006102825,-0.3918082700610769
Hub-attached,0.9,53.35,0.6756331440301808,-0.3921050365925912,-0.39210503659264484
Hub-attached,0.9,53.400000000000006,0.6754326684741072,-0.39240180312415407,-0.39240180312421413
Hub-attached,0.9,53.45,0.6752322524036416,-0.39269856965571714,-0.3926985696557842
Hub-attached,0.9,53.5,0.675031895801134,-0.39299533618727994,-0.39299533618735427
Hub-attached,0.9,53.550000000000004,0.6748315986489383,-0.39329210271884296,-0.3932921027189251
Hub-attached,0.9,53.6,0.6746313609294146,-0.39358886925040576,-0.3935888692504954
Hub-attached,0.9,53.650000000000006,0.6744311826249273,-0.3938856357819693,-0.39388563578206554
Hub-attached,0.9,53.7,0.6742310637178476,-0.39418240231353197,-0.3941824023136354
Hub-attached,0.9,53.75,0.6740310041905506,-0.3944791688450946,-0.3944791688452038
Hub-attached,0.9,53.800000000000004,0.6738310040254164,-0.3947759353766578,-0.39477593537677147
Hub-attached,0.9,53.85,0.6736310632048319,-0.39507270190822014,-0.39507270190833743
Hub-attached,0.9,53.900000000000006,0.6734311817111869,-0.3953694684397838,-0.39536946843990184
Hub-attached,0.9,53.95,0.673231359526879,-0.3956662349713467,-0.39566623497146447
Hub-attached,0.9,54.0,0.6730315966343094,-0.3959630015029093,-0.395963001503025
Hub-attached,0.9,54.050000000000004,0.6728318930158846,-0.3962597680344725,-0.39625976803458324
Hub-attached,0.9,54.1,0.672632248654017,-0.3965565345660354,-0.39655653456613954
Hub-attached,0.9,54.150000000000006,0.6724326635311239,-0.3968533010975981,-0.39685330109769335
Hub-attached,0.9,54.2,0.6722331376296272,-0.3971500676291612,-0.39715006762924526
Hub-attached,0.9,54.25,0.6720336709319551,-0.3974468341607243,-0.3974468341607947
Hub-attached,0.9,54.300000000000004,0.6718342634205403,-0.39774360069228726,-0.3977436006923426
Hub-attached,0.9,54.35,0.671634915077821,-0.3980403672238501,-0.3980403672238884
Hub-attached,0.9,54.400000000000006,0.6714356258862405,-0.3983371337554131,-0.39833713375543306
Hub-attached,0.9,54.45,0.6712363958282476,-0.3986339002869757,-0.39863390028697665
Hub-attached,0.9,54.5,0.671037224886295,-0.39893066681853906,-0.3989306668185197
Hub-attached,0.9,54.550000000000004,0.6708381130428428,-0.399227433350102,-0.3992274333500625
Hub-attached,0.9,54.6,0.6706390602803549,-0.39952419988166465,-0.39952419988160576
Hub-attached,0.9,54.650000000000006,0.6704400665813002,-0.39982096641322784,-0.3998209664131495
Hub-attached,0.9,54.7,0.6702411319281537,-0.40011773294479047,-0.40011773294469494
Hub-attached,0.9,54.75,0.6700422563033946,-0.40041449947635366,-0.4004144994762423
Hub-attached,0.9,54.800000000000004,0.6698434396895087,-0.4007112660079165,-0.40071126600779206
Hub-attached,0.9,54.85,0.6696446820689852,-0.40100803253947964,-0.4010080325393448
Hub-attached,0.9,54.900000000000006,0.66944598342432,-0.4013047990710426,-0.4013047990709011
Hub-attached,0.9,54.95,0.669247343738014,-0.4016015656026052,-0.4016015656024611
Hub-attached,0.9,55.0,0.6690487629925719,-0.40189833213416837,-0.40189833213402504
Hub-attached,0.9,55.050000000000004,0.6688502411705054,-0.4021950986657313,-0.40219509866559333
Hub-attached,0.9,55.1,0.6686517782543306,-0.40249186519729396,-0.40249186519716534
Hub-attached,0.9,55.150000000000006,0.6684533742265681,-0.4027886317288573,-0.4027886317287412
Hub-attached,0.9,55.2,0.6682550290697452,-0.4030853982604202,-0.40308539826032025
Hub-attached,0.9,55.25,0.6680567427663935,-0.40338216479198263,-0.4033821647919014
Hub-attached,0.9,55.300000000000004,0.6678585152990489,-0.40367893132354604,-0.4036789313234839
Hub-attached,0.9,55.35,0.6676603466502545,-0.4039756978551091,-0.4039756978550658
Hub-attached,0.9,55.400000000000006,0.6674622368025573,-0.40427246438667186,-0.40427246438664494
Hub-attached,0.9,55.45,0.6672641857385095,-0.4045692309182346,-0.40456923091821867
Hub-attached,0.9,55.5,0.6670661934406682,-0.4048659974497981,-0.40486599744978075
Hub-attached,0.9,55.550000000000004,0.6668682598915971,-0.40516276398136075,-0.405162763981299
Hub-attached,0.9,55.6,0.6666703850738637,-0.4054595305129237,-0.4054595305127799
Hub-attached,0.9,55.650000000000006,0.6664725689700405,-0.4057562970444872,-0.405756297044239
Hub-attached,0.9,55.7,0.6662748115627071,-0.40605306357604964,-0.4060530635756894
Hub-attached,0.9,55.75,0.6660771128344457,-0.40634983010761266,-0.40634983010714143
Hub-attached,0.9,55.800000000000004,0.6658794727678455,-0.40664659663917535,-0.4066465966386028
Hub-attached,0.9,55.85,0.6656818913455002,-0.4069433631707382,-0.40694336317007895
Hub-attached,0.9,55.900000000000006,0.6654843685500081,-0.4072401297023016,-0.4072401297015742
Hub-attached,0.9,55.95,0.6652869043639748,-0.40753689623386374,-0.40753689623308975
Hub-attached,0.9,56.0,0.6650894987700073,-0.4078336627654276,-0.4078336627646268
Hub-attached,0.9,56.050000000000004,0.6648921517507222,-0.40813042929699017,-0.4081304292961848
Hub-attached,0.9,56.1,0.6646948632887381,-0.40842719582855297,-0.4084271958277618
Hub-attached,0.9,56.150000000000006,0.6644976333666793,-0.4087239623601163,-0.4087239623593555
Hub-attached,0.9,56.2,0.6643004619671767,-0.409020728891679,-0.4090207288909628
Hub-attached,0.9,56.25,0.6641033490728646,-0.4093174954232421,-0.4093174954225798
Hub-attached,0.9,56.300000000000004,0.6639062946663836,-0.4096142619548048,-0.4096142619542026
Hub-attached,0.9,56.35,0.6637092987303791,-0.40991102848636746,-0.4099110284858269
Hub-attached,0.9,56.400000000000006,0.6635123612475005,-0.41020779501793114,-0.4102077950174479
Hub-attached,0.9,56.45,0.6633154822004051,-0.4105045615494936,-0.4105045615490613
Hub-attached,0.9,56.5,0.6631186615717527,-0.4108013280810566,-0.4108013280806625
Hub-attached,0.9,56.550000000000004,0.6629218993442095,-0.4110980946126193,-0.41109809461224767
Hub-attached,0.9,56.6,0.6627251955004461,-0.4113948611441827,-0.4113948611438125
Hub-attached,0.9,56.650000000000006,0.6625285500231396,-0.41169162767574535,-0.41169162767535317
Hub-attached,0.9,56.7,0.6623319628949705,-0.41198839420730854,-0.4119883942068667
Hub-attached,0.9,56.75,0.6621354340986256,-0.4122851607388719,-0.4122851607383499
Hub-attached,0.9,56.800000000000004,0.6619389636167972,-0.41258192727043447,-0.41258192726980053
Hub-attached,0.9,56.85,0.6617425514321813,-0.41287869380199704,-0.4128786938012162
Hub-attached,0.9,56.900000000000006,0.6615461975274798,-0.4131754603335602,-0.413175460332596
Hub-attached,0.9,56.95,0.6613499018854001,-0.413472226865123,-0.4134722268639389
Hub-attached,0.9,57.0,0.6611536644886538,-0.4137689933966864,-0.4137689933952448
Hub-attached,0.9,57.050000000000004,0.6609574853199593,-0.41406575992824857,-0.4140657599265137
Hub-attached,0.9,57.1,0.660761364362038,-0.4143625264598115,-0.41436252645774674
Hub-attached,0.9,57.150000000000006,0.6605653015976176,-0.41465929299137466,-0.414659292988945
Hub-attached,0.9,57.2,0.6603692970094308,-0.4149560595229379,-0.4149560595201109
Hub-attached,0.9,57.25,0.660173350580216,-0.41525282605450065,-0.4152528260512461
Hub-attached,0.9,57.300000000000004,0.6599774622927154,-0.41554959258606383,-0.41554959258235447
Hub-attached,0.9,57.35,0.6597816321296777,-0.41584635911762635,-0.41584635911343876
Hub-attached,0.9,57.400000000000006,0.6595858600738557,-0.4161431256491889,-0.4161431256445037
Hub-attached,0.9,57.45,0.6593901461080066,-0.416439892180753,-0.41643989217555255
Hub-attached,0.9,57.5,0.6591944902148961,-0.4167366587123154,-0.4167366587065907
Hub-attached,0.9,57.550000000000004,0.6589988923772911,-0.4170334252438782,-0.417033425237623
Hub-attached,0.9,57.6,0.6588033525779654,-0.4173301917754415,-0.4173301917686548
Hub-attached,0.9,57.650000000000006,0.6586078707996985,-0.4176269583070039,-0.41762695829969143
Hub-attached,0.9,57.7,0.6584124470252729,-0.41792372483856755,-0.4179237248307387
Hub-attached,0.9,57.75,0.6582170812374787,-0.4182204913701307,-0.4182204913618022
Hub-attached,0.9,57.800000000000004,0.6580217734191098,-0.41851725790169325,-0.4185172578928882
Hub-attached,0.9,57.85,0.6578265235529656,-0.4188140244332555,-0.4188140244240024
Hub-attached,0.9,57.900000000000006,0.6576313316218486,-0.4191107909648196,-0.4191107909551505
Hub-attached,0.9,57.95,0.6574361976085704,-0.4194075574963825,-0.4194075574863384
Hub-attached,0.9,58.0,0.6572411214959449,-0.41970432402794494,-0.41970432401757185
Hub-attached,0.9,58.050000000000004,0.6570461032667908,-0.4200010905595083,-0.42000109054885604
Hub-attached,0.9,58.1,0.6568511429039339,-0.42029785709107065,-0.420297857080196
Hub-attached,0.9,58.150000000000006,0.6566562403902028,-0.4205946236226341,-0.42059462361159694
Hub-attached,0.9,58.2,0.656461395708433,-0.4208913901541973,-0.42089139014306265
Hub-attached,0.9,58.25,0.6562666088414648,-0.42118815668576004,-0.42118815667459786
Hub-attached,0.9,58.300000000000004,0.6560718797721431,-0.4214849232173224,-0.42148492320620534
Hub-attached,0.9,58.35,0.6558772084833179,-0.42178168974888486,-0.4217816897378889
Hub-attached,0.9,58.400000000000006,0.655682594957843,-0.42207845628044915,-0.42207845626965024
Hub-attached,0.9,58.45,0.6554880391785812,-0.4223752228120117,-0.4223752228014914
Hub-attached,0.9,58.5,0.6552935411283969,-0.4226719893435741,-0.4226719893334139
Hub-attached,0.9,58.550000000000004,0.6550991007901596,-0.4229687558751375,-0.4229687558654175
Hub-attached,0.9,58.6,0.6549047181467466,-0.4232655224066999,-0.42326552239750237
Hub-attached,0.9,58.650000000000006,0.654710393181037,-0.4235622889382632,-0.4235622889296674
Hub-attached,0.9,58.7,0.654516125875917,-0.42385905546982666,-0.42385905546191094
Hub-attached,0.9,58.75,0.654321916214278,-0.42415582200138946,-0.42415582199422996
Hub-attached,0.9,58.800000000000004,0.6541277641790156,-0.42445258853295215,-0.42445258852662177
Hub-attached,0.9,58.85,0.6539336697530308,-0.4247493550645147,-0.42474935505908157
Hub-attached,0.9,58.900000000000006,0.6537396329192285,-0.42504612159607846,-0.4250461215916051
Hub-attached,0.9,58.95,0.6535456536605219,-0.4253428881276408,-0.42534288812418586
Hub-attached,0.9,59.0,0.653351731959825,-0.42563965465920445,-0.42563965465681786
Hub-attached,0.9,59.050000000000004,0.653157867800061,-0.42593642119076686,-0.4259364211894934
Hub-attached,0.9,59.1,0.6529640611641554,-0.42623318772232904,-0.42623318772220475
Hub-attached,0.9,59.150000000000006,0.6527703120350381,-0.4265299542538932,-0.4265299542549429
Hub-attached,0.9,59.2,0.6525766203956479,-0.42682672078545597,-0.42682672078769895
Hub-attached,0.9,59.25,0.6523829862289255,-0.4271234873170183,-0.4271234873204624
Hub-attached,0.9,59.300000000000004,0.6521894095178167,-0.4274202538485816,-0.4274202538532231
Hub-attached,0.9,59.35,0.6519958902452743,-0.42771702038014403,-0.42771702038597004
Hub-attached,0.9,59.400000000000006,0.6518024283942535,-0.4280137869117078,-0.42801378691869213
Hub-attached,0.9,59.45,0.6516090239477177,-0.4283105534432703,-0.4283105534513773
Hub-attached,0.9,59.5,0.6514156768886326,-0.4286073199748335,-0.42860731998401413
Hub-attached,0.9,59.550000000000004,0.6512223871999709,-0.42890408650639567,-0.4289040865165906
Hub-attached,0.9,59.6,0.6510291548647088,-0.4292008530379583,-0.4292008530490953
Hub-attached,0.9,59.650000000000006,0.6508359798658271,-0.4294976195695229,-0.4294976195815159
Hub-attached,0.9,59.7,0.6506428621863157,-0.4297943861010851,-0.4297943861138419
Hub-attached,0.9,59.75,0.6504498018091649,-0.43009115263264774,-0.43009115264606235
Hub-attached,0.9,59.800000000000004,0.6502567987173714,-0.43038791916421115,-0.430387919178167
Hub-attached,0.9,59.85,0.6500638528939386,-0.43068468569577356,-0.4306846857101466
Hub-attached,0.9,59.900000000000006,0.6498709643218725,-0.43098145222733686,-0.4309814522419936
Hub-attached,0.9,59.95,0.649678132984186,-0.43127821875890004,-0.4312782187737002
Hub-attached,0.9,60.0,0.6494853588638966,-0.4315749852904625,-0.431574985305262
Hub-attached,0.9,60.050000000000004,0.6492926419440261,-0.4318717518220252,-0.4318717518366746
Hub-attached,0.9,60.1,0.6490999822076015,-0.4321685183535888,-0.43216851836793696
Hub-attached,0.9,60.150000000000006,0.6489073796376561,-0.4324652848851517,-0.43246528489904923
Hub-attached,0.9,60.2,0.6487148342172268,-0.43276205141671475,-0.4327620514300147
Hub-attached,0.9,60.25,0.6485223459293561,-0.43305881794827783,-0.43305881796083956
Hub-attached,0.9,60.300000000000004,0.6483299147570922,-0.43335558447983996,-0.433355584491533
Hub-attached,0.9,60.35,0.6481375406834866,-0.43365235101140254,-0.4336523510221074
Hub-attached,0.9,60.400000000000006,0.6479452236915959,-0.4339491175429672,-0.4339491175525798
Hub-attached,0.9,60.45,0.6477529637644855,-0.43424588407452935,-0.4342458840829706
Hub-attached,0.9,60.5,0.6475607608852214,-0.4345426506060919,-0.4345426506133053
Hub-attached,0.9,60.550000000000004,0.6473686150368763,-0.43483941713765434,-0.4348394171436143
Hub-attached,0.9,60.6,0.647176526202527,-0.4351361836692178,-0.43513618367393325
Hub-attached,0.9,60.650000000000006,0.6469844943652572,-0.4354329502007812,-0.43543295020430406
Hub-attached,0.9,60.7,0.6467925195081551,-0.4357297167323434,-0.4357297167347745
Hub-attached,0.9,60.75,0.6466006016143117,-0.436026483263907,-0.4360264832653997
Hub-attached,0.9,60.800000000000004,0.6464087406668265,-0.43632324979546944,-0.4363232497962413
Hub-attached,0.9,60.85,0.6462169366488013,-0.43662001632703207,-0.43662001632736946
Hub-attached,0.9,60.900000000000006,0.6460251895433431,-0.43691678285859603,-0.43691678285883534
Hub-attached,0.9,60.95,0.6458334993335664,-0.4372135493901589,-0.4372135493904015
Hub-attached,0.9,61.0,0.6456418660025881,-0.4375103159217214,-0.4375103159219841
Hub-attached,0.9,61.050000000000004,0.6454502895335307,-0.4378070824532847,-0.4378070824535727
Hub-attached,0.9,61.1,0.6452587699095226,-0.4381038489848472,-0.4381038489851603
Hub-attached,0.9,61.150000000000006,0.6450673071136958,-0.43840061551641063,-0.43840061551674236
Hub-attached,0.9,61.2,0.6448759011291895,-0.4386973820479727,-0.43869738204831554
Hub-attached,0.9,61.25,0.6446845519391451,-0.4389941485795353,-0.4389941485798791
Hub-attached,0.9,61.300000000000004,0.6444932595267097,-0.4392909151110999,-0.43929091511143326
Hub-attached,0.9,61.35,0.6443020238750385,-0.4395876816426623,-0.4395876816429786
Hub-attached,0.9,61.400000000000006,0.6441108449672883,-0.4398844481742248,-0.43988444817451766
Hub-attached,0.9,61.45,0.6439197227866218,-0.4401812147057869,-0.4401812147060527
Hub-attached,0.9,61.5,0.6437286573162052,-0.4404779812373514,-0.44047798123758664
Hub-attached,0.9,61.550000000000004,0.643537648539214,-0.44077474776891395,-0.44077474776912273
Hub-attached,0.9,61.6,0.643346696438825,-0.44107151430047614,-0.4410715143006636
Hub-attached,0.9,61.650000000000006,0.6431558009982193,-0.4413682808320406,-0.441368280832213
Hub-attached,0.9,61.7,0.6429649622005885,-0.44166504736360146,-0.44166504736377304
Hub-attached,0.9,61.75,0.6427741800291208,-0.4419618138951656,-0.4419618138953464
Hub-attached,0.9,61.800000000000004,0.6425834544670161,-0.44225858042672966,-0.4422585804269355
Hub-attached,0.9,61.85,0.6423927854974795,-0.44255534695829035,-0.44255534695854143
Hub-attached,0.9,61.900000000000006,0.6422021731037139,-0.44285211348985465,-0.44285211349016584
Hub-attached,0.9,61.95,0.6420116172689354,-0.4431488800214174,-0.44314888002180886
Hub-attached,0.9,62.0,0.6418211179763608,-0.4434456465529803,-0.4434456465534707
Hub-attached,0.9,62.050000000000004,0.6416306752092125,-0.4437424130845433,-0.44374241308515094
Hub-attached,0.9,62.1,0.6414402889507183,-0.44403917961610634,-0.4440391796168483
Hub-attached,0.9,62.150000000000006,0.6412499591841108,-0.44433594614766925,-0.4443359461485612
Hub-attached,0.9,62.2,0.6410596858926275,-0.44463271267923243,-0.44463271268028765
Hub-attached,0.9,62.25,0.6408694690595115,-0.4449294792107952,-0.4449294792120251
Hub-attached,0.9,62.300000000000004,0.6406793086680095,-0.44522624574235836,-0.4452262457437705
Hub-attached,0.9,62.35,0.6404892047013746,-0.4455230122739211,-0.4455230122755201
Hub-attached,0.9,62.400000000000006,0.6402991571428641,-0.44581977880548407,-0.445819778807271
Hub-attached,0.9,62.45,0.6401091659757404,-0.4461165453370469,-0.44611654533901873
Hub-attached,0.9,62.5,0.6399192311832707,-0.44641331186861016,-0.44641331187075955
Hub-attached,0.9,62.550000000000004,0.639729352748728,-0.44671007840017285,-0.4467100784024894
Hub-attached,0.9,62.6,0.639539530655389,-0.44700684493173565,-0.44700684493420373
Hub-attached,0.9,62.650000000000006,0.6393497648865362,-0.4473036114632989,-0.4473036114658988
Hub-attached,0.9,62.7,0.6391600554254572,-0.4476003779948613,-0.4476003779975706
Hub-attached,0.9,62.75,0.6389704022554433,-0.4478971445264248,-0.4478971445292155
Hub-attached,0.9,62.800000000000004,0.6387808053597928,-0.4481939110579875,-0.44819391106082995
Hub-attached,0.9,62.85,0.6385912647218072,-0.44849067758955036,-0.4484906775924109
Hub-attached,0.9,62.900000000000006,0.6384017803247936,-0.4487874441211133,-0.44878744412395605
Hub-attached,0.9,62.95,0.638212352152064,-0.44908421065267656,-0.4490842106554626
Hub-attached,0.9,63.0,0.638022980186936,-0.44938097718423886,-0.44938097718693
Hub-attached,0.9,63.050000000000004,0.6378336644127305,-0.4496777437158022,-0.4496777437183571
Hub-attached,0.9,63.1,0.6376444048127751,-0.44997451024736534,-0.44997451024974333
Hub-attached,0.9,63.150000000000006,0.6374552013704016,-0.4502712767789282,-0.4502712767810894
Hub-attached,0.9,63.2,0.6372660540689467,-0.45056804331049116,-0.45056804331239697
Hub-attached,0.9,63.25,0.6370769628917521,-0.4508648098420539,-0.45086480984366767
Hub-attached,0.9,63.300000000000004,0.6368879278221644,-0.45116157637361676,-0.4511615763749045
Hub-attached,0.9,63.35,0.6366989488435352,-0.45145834290517983,-0.4514583429061113
Hub-attached,0.9,63.400000000000006,0.6365100259392212,-0.4517551094367428,-0.45175510943729247
Hub-attached,0.9,63.45,0.6363211590925838,-0.4520518759683058,-0.452051875968453
Hub-attached,0.9,63.5,0.6361323482869895,-0.4523486424998686,-0.4523486424995987
Hub-attached,0.9,63.550000000000004,0.6359435935058094,-0.45264540903143174,-0.45264540903073636
Hub-attached,0.9,63.6,0.6357548947324202,-0.45294217556299465,-0.4529421755618731
Hub-attached,0.9,63.650000000000006,0.6355662519502029,-0.45323894209455756,-0.45323894209301596
Hub-attached,0.9,63.7,0.6353776651425436,-0.4535357086261207,-0.45353570862417386
Hub-attached,0.9,63.75,0.6351891342928336,-0.4538324751576834,-0.4538324751553543
Hub-attached,0.9,63.800000000000004,0.6350006593844688,-0.4541292416892463,-0.4541292416865652
Hub-attached,0.9,63.85,0.63481224040085,-0.45442600822080925,-0.45442600821781554
Hub-attached,0.9,63.900000000000006,0.6346238773253833,-0.4547227747523722,-0.4547227747491129
Hub-attached,0.9,63.95,0.6344355701414793,-0.4550195412839352,-0.4550195412804644
Hub-attached,0.9,64.0,0.6342473188325538,-0.45531630781549837,-0.45531630781187693
Hub-attached,0.9,64.05,0.6340591233820276,-0.4556130743470611,-0.4556130743433565
Hub-attached,0.9,64.10000000000001,0.6338709837733262,-0.45590984087862374,-0.4559098408749068
Hub-attached,0.9,64.15,0.6336828999898796,-0.45620660741018704,-0.45620660740653074
Hub-attached,0.9,64.2,0.6334948720151238,-0.45650337394175,-0.45650337393822915
Hub-attached,0.9,64.25,0.6333068998324989,-0.45680014047331297,-0.4568001404700003
Hub-attached,0.9,64.3,0.6331189834254501,-0.4570969070048757,-0.4570969070018398
Hub-attached,0.9,64.35000000000001,0.6329311227774271,-0.4573936735364393,-0.4573936735337399
Hub-attached,0.9,64.4,0.632743317871886,-0.45769044006800197,-0.4576904400656895
Hub-attached,0.9,64.45,0.632555568692286,-0.4579872065995646,-0.45798720659767306
Hub-attached,0.9,64.5,0.6323678752220915,-0.45828397313112823,-0.45828397312966995
Hub-attached,0.9,64.55,0.6321802374447736,-0.45858073966269075,-0.45858073966165513
Hub-attached,0.9,64.60000000000001,0.6319926553438059,-0.4588775061942537,-0.4588775061935969
Hub-attached,0.9,64.65,0.6318051289026686,-0.45917427272581623,-0.4591742727254573
Hub-attached,0.9,64.7,0.6316176581048457,-0.459471039257379,-0.4594710392571909
Hub-attached,0.9,64.75,0.6314302429338262,-0.4597678057889426,-0.45976780578877935
Hub-attached,0.9,64.8,0.6312428833731057,-0.4600645723205049,-0.46006457232033715
Hub-attached,0.9,64.85000000000001,0.6310555794061817,-0.4603613388520687,-0.46036133885188624
Hub-attached,0.9,64.9,0.6308683310165599,-0.4606581053836314,-0.4606581053834324
Hub-attached,0.9,64.95,0.6306811381877487,-0.46095487191519374,-0.4609548719149799
Hub-attached,0.9,65.0,0.6304940009032611,-0.4612516384467571,-0.46125163844653166
Hub-attached,0.9,65.05,0.6303069191466169,-0.46154840497832017,-0.46154840497808947
Hub-attached,0.9,65.10000000000001,0.6301198929013392,-0.46184517150988325,-0.4618451715096534
Hub-attached,0.9,65.15,0.6299329221509571,-0.4621419380414457,-0.4621419380412234
Hub-attached,0.9,65.2,0.6297460068790035,-0.4624387045730084,-0.4624387045727988
Hub-attached,0.9,65.25,0.6295591470690162,-0.4627354711045721,-0.4627354711043779
Hub-attached,0.9,65.3,0.6293723427045396,-0.46303223763613477,-0.46303223763595924
Hub-attached,0.9,65.35000000000001,0.629185593769121,-0.46332900416769773,-0.46332900416754086
Hub-attached,0.9,65.4,0.6289989002463138,-0.46362577069926036,-0.4636257706991207
Hub-attached,0.9,65.45,0.6288122621196751,-0.4639225372308235,-0.4639225372306968
Hub-attached,0.9,65.5,0.6286256793727683,-0.4642193037623866,-0.4642193037622669
Hub-attached,0.9,65.55,0.6284391519891607,-0.46451607029394953,-0.4645160702938301
Hub-attached,0.9,65.60000000000001,0.6282526799524245,-0.4648128368255131,-0.46481283682538405
Hub-attached,0.9,65.65,0.6280662632461381,-0.46510960335707535,-0.46510960335692775
Hub-attached,0.9,65.7,0.6278799018538829,-0.4654063698886379,-0.4654063698884601
Hub-attached,0.9,65.75,0.6276935957592455,-0.46570313642020106,-0.4657031364199805
Hub-attached,0.9,65.8,0.6275073449458188,-0.4659999029517638,-0.4659999029514889
Hub-attached,0.9,65.85000000000001,0.6273211493971985,-0.4662966694833276,-0.4662966694829853
Hub-attached,0.9,65.9,0.627135009096988,-0.4665934360148899,-0.4665934360144698
Hub-attached,0.9,65.95,0.6269489240287925,-0.46689020254645275,-0.4668902025459432
Hub-attached,0.9,66.0,0.6267628941762237,-0.46718696907801577,-0.467186969077407
Hub-attached,0.9,66.05,0.6265769195228977,-0.46748373560957907,-0.46748373560886236
Hub-attached,0.9,66.10000000000001,0.6263910000524364,-0.46778050214114175,-0.46778050214031114
Hub-attached,0.9,66.15,0.6262051357484649,-0.4680772686727051,-0.46807726867175536
Hub-attached,0.9,66.2,0.6260193265946151,-0.4683740352042673,-0.4683740352031972
Hub-attached,0.9,66.25,0.6258335725745218,-0.46867080173583003,-0.46867080173463865
Hub-attached,0.9,66.3,0.625647873671825,-0.4689675682673943,-0.46896756826608277
Hub-attached,0.9,66.35000000000001,0.6254622298701721,-0.4692643347989565,-0.46926433479753227
Hub-attached,0.9,66.4,0.625276641153212,-0.4695611013305192,-0.4695611013289892
Hub-attached,0.9,66.45,0.6250911075045998,-0.4698578678620825,-0.4698578678604569
Hub-attached,0.9,66.5,0.6249056289079964,-0.4701546343936448,-0.47015463439193744
Hub-attached,0.9,66.55,0.6247202053470651,-0.47045140092520854,-0.4704514009234338
Hub-attached,0.9,66.60000000000001,0.6245348368054768,-0.4707481674567718,-0.47074816745494813
Hub-attached,0.9,66.65,0.6243495232669062,-0.47104493398833436,-0.4710449339864826
Hub-attached,0.9,66.7,0.6241642647150323,-0.47134170051989654,-0.47134170051803914
Hub-attached,0.9,66.75,0.6239790611335377,-0.4716384670514612,-0.4716384670496193
Hub-attached,0.9,66.8,0.6237939125061144,-0.47193523358302364,-0.47193523358122447
Hub-attached,0.9,66.85000000000001,0.6236088188164548,-0.472232000114586,-0.47223200011285527
Hub-attached,0.9,66.9,0.6234237800482572,-0.4725287666461493,-0.47252876664451254
Hub-attached,0.9,66.95,0.623238796185226,-0.47282553317771175,-0.4728255331761958
Hub-attached,0.9,67.0,0.6230538672110687,-0.47312229970927516,-0.4731222997079048
Hub-attached,0.9,67.05,0.622868993109499,-0.4734190662408388,-0.4734190662396388
Hub-attached,0.9,67.10000000000001,0.6226841738642357,-0.47371583277240115,-0.4737158327713962
Hub-attached,0.9,67.15,0.6224994094590012,-0.4740125993039634,-0.4740125993031748
Hub-attached,0.9,67.2,0.6223146998775227,-0.4743093658355261,-0.47430936583497246
Hub-attached,0.9,67.25,0.6221300451035324,-0.47460613236709015,-0.4746061323667859
Hub-attached,0.9,67.3,0.6219454451207691,-0.474902898898653,-0.4749028988986121
Hub-attached,0.9,67.35000000000001,0.6217608999129747,-0.4751996654302153,-0.4751996654304467
Hub-attached,0.9,67.4,0.6215764094638951,-0.47549643196177865,-0.47549643196228547
Hub-attached,0.9,67.45,0.6213919737572836,-0.47579319849334106,-0.4757931984941238
Hub-attached,0.9,67.5,0.6212075927768957,-0.4760899650249041,-0.4760899650259568
Hub-attached,0.9,67.55,0.6210232665064931,-0.4763867315564678,-0.4763867315577795
Hub-attached,0.9,67.60000000000001,0.620838994929843,-0.47668349808803057,-0.4766834980895861
Hub-attached,0.9,67.65,0.6206547780307159,-0.47698026461959314,-0.47698026462137155
Hub-attached,0.9,67.7,0.6204706157928878,-0.47727703115115605,-0.4772770311531304
Hub-attached,0.9,67.75,0.6202865082001389,-0.47757379768271946,-0.47757379768485797
Hub-attached,0.9,67.8,0.6201024552362562,-0.4778705642142817,-0.47787056421654894
Hub-attached,0.9,67.85000000000001,0.6199184568850282,-0.4781673307458454,-0.4781673307481997
Hub-attached,0.9,67.9,0.619734513130252,-0.4784640972774079,-0.4784640972798067
Hub-attached,0.9,67.95,0.6195506239557267,-0.4787608638089702,-0.47876086381136707
Hub-attached,0.9,68.0,0.619366789345256,-0.4790576303405343,-0.47905763034287957
Hub-attached,0.9,68.05,0.6191830092826516,-0.47935439687209697,-0.47935439687434406
Hub-attached,0.9,68.10000000000001,0.6189992837517269,-0.4796511634036597,-0.4796511634057619
Hub-attached,0.9,68.15,0.618815612736301,-0.4799479299352227,-0.4799479299371366
Hub-attached,0.9,68.2,0.6186319962201984,-0.48024469646678536,-0.48024469646847323
Hub-attached,0.9,68.25,0.6184484341872472,-0.48054146299834866,-0.48054146299977984
Hub-attached,0.9,68.3,0.6182649266212817,-0.48083822952991134,-0.48083822953106714
Hub-attached,0.9,68.35000000000001,0.6180814735061398,-0.48113499606147453,-0.4811349960623495
Hub-attached,0.9,68.4,0.6178980748256656,-0.481431762593037,-0.4814317625936434
Hub-attached,0.9,68.45,0.6177147305637065,-0.48172852912459935,-0.4817285291249707
Hub-attached,0.9,68.5,0.6175314407041139,-0.4820252956561639,-0.4820252956563568
Hub-attached,0.9,68.55,0.6173482052307482,-0.4823220621877262,-0.4823220621878322
Hub-attached,0.9,68.60000000000001,0.6171650241274702,-0.48261882871928885,-0.48261882871941014
Hub-attached,0.9,68.65,0.6169818973781468,-0.4829155952508523,-0.4829155952510471
Hub-attached,0.9,68.7,0.616798824966651,-0.4832123617824147,-0.4832123617827163
Hub-attached,0.9,68.75,0.6166158068768585,-0.48350912831397785,-0.48350912831439713
Hub-attached,0.9,68.8,0.616432843092651,-0.4838058948455413,-0.4838058948460736
Hub-attached,0.9,68.85000000000001,0.6162499335979159,-0.48410266137710356,-0.4841026613777352
Hub-attached,0.9,68.9,0.6160670783765433,-0.48439942790866625,-0.4843994279093738
Hub-attached,0.9,68.95,0.6158842774124288,-0.4846961944402296,-0.484696194440986
Hub-attached,0.9,69.0,0.6157015306894734,-0.48499296097179295,-0.48499296097257094
Hub-attached,0.9,69.05,0.6155188381915832,-0.48528972750335564,-0.485289727504129
Hub-attached,0.9,69.10000000000001,0.6153361999026673,-0.48558649403491905,-0.485586494035664
Hub-attached,0.9,69.15,0.6151536158066421,-0.48588326056648107,-0.48588326056718
Hub-attached,0.9,69.2,0.614971085887426,-0.48618002709804387,-0.48618002709868274
Hub-attached,0.9,69.25,0.614788610128943,-0.48647679362960816,-0.48647679363017876
Hub-attached,0.9,69.3,0.6146061885151246,-0.48677356016117057,-0.4867735601616744
Hub-attached,0.9,69.35000000000001,0.6144238210299036,-0.4870703266927331,-0.4870703266931775
Hub-attached,0.9,69.4,0.6142415076572189,-0.4873670932242955,-0.4873670932246944
Hub-attached,0.9,69.45,0.6140592483810134,-0.48766385975585885,-0.48766385975623217
Hub-attached,0.9,69.5,0.6138770431852362,-0.48796062628742237,-0.4879606262877971
Hub-attached,0.9,69.55,0.6136948920538409,-0.4882573928189849,-0.4882573928193946
Hub-attached,0.9,69.60000000000001,0.6135127949707843,-0.48855415935054813,-0.4885541593510301
Hub-attached,0.9,69.65,0.6133307519200301,-0.4888509258821105,-0.4888509258827072
Hub-attached,0.9,69.7,0.6131487628855449,-0.4891476924136734,-0.48914769241442935
Hub-attached,0.9,69.75,0.6129668278513004,-0.48944445894523725,-0.48944445894619837
Hub-attached,0.9,69.8,0.612784946801275,-0.4897412254767999,-0.4897412254780158
Hub-attached,0.9,69.85000000000001,0.6126031197194497,-0.4900379920083626,-0.4900379920098813
Hub-attached,0.9,69.9,0.6124213465898105,-0.49033475853992564,-0.49033475854179437
Hub-attached,0.9,69.95,0.6122396273963492,-0.49063152507148833,-0.4906315250737523
Hub-attached,0.9,70.0,0.6120579621230611,-0.4909282916030515,-0.49092829160575246
Hub-attached,0.9,70.05,0.6118763507539478,-0.4912250581346136,-0.4912250581377902
Hub-attached,0.9,70.10000000000001,0.6116947932730135,-0.49152182466617667,-0.4915218246698614
Hub-attached,0.9,70.15,0.6115132896642683,-0.49181859119774085,-0.49181859120195903
Hub-attached,0.9,70.2,0.6113318399117288,-0.49211535772930337,-0.4921153577340768
Hub-attached,0.9,70.25,0.6111504439994139,-0.4924121242608655,-0.49241212426620756
Hub-attached,0.9,70.3,0.6109691019113472,-0.4927088907924283,-0.49270889079834324
Hub-attached,0.9,70.35000000000001,0.6107878136315575,-0.4930056573239926,-0.4930056573304754
Hub-attached,0.9,70.4,0.6106065791440809,-0.4933024238555549,-0.493302423862595
Hub-attached,0.9,70.45,0.6104253984329543,-0.4935991903871174,-0.4935991903946925
Hub-attached,0.9,70.5,0.6102442714822204,-0.4938959569186817,-0.4938959569267597
Hub-attached,0.9,70.55,0.6100631982759307,-0.4941927234502421,-0.4941927234587867
Hub-attached,0.9,70.60000000000001,0.609882178798133,-0.49448948998180664,-0.4944894899907646
Hub-attached,0.9,70.65,0.6097012130328877,-0.4947862565133707,-0.49478625652268426
Hub-attached,0.9,70.7,0.6095203009642587,-0.4950830230449317,-0.4950830230545376
Hub-attached,0.9,70.75,0.6093394425763092,-0.4953797895764958,-0.4953797895863161
Hub-attached,0.9,70.8,0.6091586378531137,-0.49567655610805866,-0.495676556118013
Hub-attached,0.9,70.85000000000001,0.6089778867787478,-0.49597332263962146,-0.4959733226496217
Hub-attached,0.9,70.9,0.6087971893372925,-0.49627008917118454,-0.49627008918113646
Hub-attached,0.9,70.95,0.6086165455128341,-0.4965668557027474,-0.49656685571255216
Hub-attached,0.9,71.0,0.6084359552894629,-0.4968636222343103,-0.49686362224386593
Hub-attached,0.9,71.05,0.6082554186512743,-0.49716038876587343,-0.4971603887750749
Hub-attached,0.9,71.10000000000001,0.6080749355823686,-0.4974571552974364,-0.497457155306178
Hub-attached,0.9,71.15,0.6078945060668505,-0.49775392182899925,-0.49775392183717565
Hub-attached,0.9,71.2,0.6077141300888294,-0.49805068836056215,-0.4980506883680693
Hub-attached,0.9,71.25,0.6075338076324196,-0.498347454892125,-0.4983474548988621
Hub-attached,0.9,71.3,0.6073535386817399,-0.4986442214236879,-0.49864422142955867
Hub-attached,0.9,71.35000000000001,0.6071733232209139,-0.4989409879552512,-0.49894098796016517
Hub-attached,0.9,71.4,0.6069931612340704,-0.499237754486814,-0.499237754490689
Hub-attached,0.9,71.45,0.6068130527053422,-0.49953452101837664,-0.4995345210211395
Hub-attached,0.9,71.5,0.6066329976188669,-0.4998312875499398,-0.49983128755152734
Hub-attached,0.9,71.55,0.6064529959587874,-0.5001280540815023,-0.5001280540818642
Hub-attached,0.9,71.60000000000001,0.60627304770925,-0.5004248206130659,-0.5004248206121639
Hub-attached,0.9,71.65,0.6060931528544077,-0.5007215871446286,-0.5007215871424402
Hub-attached,0.9,71.7,0.6059133113784165,-0.5010183536761914,-0.5010183536727099
Hub-attached,0.9,71.75,0.6057335232654377,-0.5013151202077545,-0.5013151202029889
Hub-attached,0.9,71.8,0.6055537884996375,-0.5016118867393174,-0.5016118867332946
Hub-attached,0.9,71.85000000000001,0.6053741070651865,-0.5019086532708802,-0.5019086532636456
Hub-attached,0.9,71.9,0.6051944789462598,-0.5022054198024435,-0.5022054197940597
Hub-attached,0.9,71.95,0.6050149041270381,-0.5025021863340061,-0.5025021863245561
Hub-attached,0.9,72.0,0.6048353825917056,-0.5027989528655693,-0.5027989528551529
Hub-attached,0.9,72.05,0.6046559143244519,-0.5030957193971325,-0.5030957193858676
Hub-attached,0.9,72.10000000000001,0.6044764993094717,-0.503392485928695,-0.5033924859167176
Hub-attached,0.9,72.15,0.6042971375309628,-0.5036892524602583,-0.5036892524477184
Hub-attached,0.9,72.2,0.6041178289731298,-0.5039860189918212,-0.5039860189788843
Hub-attached,0.9,72.25,0.6039385736201806,-0.5042827855233839,-0.5042827855102271
Hub-attached,0.9,72.3,0.6037593714563277,-0.5045795520549468,-0.5045795520417563
Hub-attached,0.9,72.35000000000001,0.603580222465789,-0.5048763185865099,-0.5048763185734779
Hub-attached,0.9,72.4,0.6034011266327869,-0.5051730851180728,-0.5051730851053946
Hub-attached,0.9,72.45,0.6032220839415482,-0.5054698516496356,-0.5054698516375042
Hub-attached,0.9,72.5,0.6030430943763045,-0.5057666181811987,-0.5057666181697998
Hub-attached,0.9,72.55,0.602864157921292,-0.506063384712762,-0.5060633847022689
Hub-attached,0.9,72.60000000000001,0.6026852745607524,-0.5063601512443247,-0.5063601512348923
Hub-attached,0.9,72.65,0.6025064442789307,-0.5066569177758875,-0.5066569177676433
Hub-attached,0.9,72.7,0.6023276670600773,-0.5069536843074505,-0.5069536843004879
Hub-attached,0.9,72.75,0.6021489428884473,-0.5072504508390137,-0.5072504508333825
Hub-attached,0.9,72.8,0.6019702717483009,-0.5075472173705762,-0.5075472173662732
Hub-attached,0.9,72.85000000000001,0.6017916536239015,-0.5078439839021394,-0.5078439838990962
Hub-attached,0.9,72.9,0.6016130884995189,-0.5081407504337023,-0.5081407504317751
Hub-attached,0.9,72.95,0.6014345763594268,-0.5084375169652647,-0.5084375169642201
Hub-attached,0.9,73.0,0.6012561171879028,-0.508734283496828,-0.5087342834963278
Hub-attached,0.9,73.05,0.6010777109692306,-0.5090310500283912,-0.5090310500279982
Hub-attached,0.9,73.10000000000001,0.6008993576876978,-0.5093278165599541,-0.5093278165593723
Hub-attached,0.9,73.15,0.6007210573275967,-0.509624583091517,-0.5096245830905901
Hub-attached,0.9,73.2,0.6005428098732241,-0.5099213496230804,-0.5099213496217357
Hub-attached,0.9,73.25,0.6003646153088824,-0.510218116154643,-0.5102181161528738
Hub-attached,0.9,73.3,0.6001864736188773,-0.5105148826862057,-0.5105148826840509
Hub-attached,0.9,73.35000000000001,0.6000083847875194,-0.5108116492177694,-0.5108116492152998
Hub-attached,0.9,73.4,0.5998303487991257,-0.5111084157493319,-0.5111084157466397
Hub-attached,0.9,73.45,0.5996523656380153,-0.5114051822808949,-0.5114051822780793
Hub-attached,0.9,73.5,0.599474435288514,-0.5117019488124572,-0.5117019488096174
Hub-attached,0.9,73.55,0.5992965577349504,-0.5119987153440204,-0.511998715341246
Hub-attached,0.9,73.60000000000001,0.5991187329616592,-0.5122954818755837,-0.5122954818729515
Hub-attached,0.9,73.65,0.59894096095298,-0.5125922484071461,-0.5125922484047137
Hub-attached,0.9,73.7,0.598763241693255,-0.5128890149387099,-0.5128890149365118
Hub-attached,0.9,73.75,0.5985855751668337,-0.5131857814702726,-0.5131857814683213
Hub-attached,0.9,73.8,0.5984079613580686,-0.5134825480018352,-0.513482548000116
Hub-attached,0.9,73.85000000000001,0.5982304002513167,-0.5137793145333984,-0.5137793145318712
Hub-attached,0.9,73.9,0.5980528918309405,-0.5140760810649614,-0.5140760810635615
Hub-attached,0.9,73.95,0.5978754360813067,-0.5143728475965242,-0.5143728475951634
Hub-attached,0.9,74.0,0.5976980329867867,-0.5146696141280871,-0.5146696141266555
Hub-attached,0.9,74.05,0.5975206825317569,-0.5149663806596495,-0.5149663806580181
Hub-attached,0.9,74.10000000000001,0.5973433847005968,-0.5152631471912132,-0.5152631471892355
Hub-attached,0.9,74.15,0.597166139477693,-0.515559913722776,-0.5155599137202941
Hub-attached,0.9,74.2,0.5969889468474351,-0.5158566802543388,-0.515856680251185
Hub-attached,0.9,74.25,0.5968118067942175,-0.5161534467859016,-0.5161534467819022
Hub-attached,0.9,74.3,0.5966347193024395,-0.5164502133174645,-0.5164502133124439
Hub-attached,0.9,74.35000000000001,0.5964576843565046,-0.5167469798490277,-0.5167469798428121
Hub-attached,0.9,74.4,0.5962807019408218,-0.5170437463805907,-0.517043746373013
Hub-attached,0.9,74.45,0.5961037720398036,-0.5173405129121542,-0.5173405129030557
Hub-attached,0.9,74.5,0.5959268946378687,-0.5176372794437166,-0.5176372794329537
Hub-attached,0.9,74.55,0.595750069719439,-0.517934045975279,-0.5179340459627243
Hub-attached,0.9,74.60000000000001,0.5955732972689407,-0.5182308125068422,-0.5182308124923876
Hub-attached,0.9,74.65,0.5953965772708061,-0.5185275790384052,-0.5185275790219659
Hub-attached,0.9,74.7,0.595219909709471,-0.5188243455699685,-0.5188243455514856
Hub-attached,0.9,74.75,0.5950432945693772,-0.5191211121015308,-0.5191211120809747
Hub-attached,0.9,74.8,0.594866731834969,-0.5194178786330939,-0.5194178786104634
Hub-attached,0.9,74.85000000000001,0.5946902214906968,-0.5197146451646569,-0.5197146451399827
Hub-attached,0.9,74.9,0.5945137635210153,-0.5200114116962203,-0.5200114116695659
Hub-attached,0.9,74.95,0.5943373579103843,-0.5203081782277827,-0.520308178199246
Hub-attached,0.9,75.0,0.5941610046432666,-0.5206049447593463,-0.5206049447290567
Hub-attached,0.9,75.05,0.5939847037041321,-0.5209017112909085,-0.5209017112590314
Hub-attached,0.9,75.10000000000001,0.5938084550774528,-0.5211984778224713,-0.5211984777892026
Hub-attached,0.9,75.15,0.5936322587477062,-0.521495244354035,-0.5214952443196016
Hub-attached,0.9,75.2,0.5934561146993758,-0.5217920108855978,-0.5217920108502582
Hub-attached,0.9,75.25,0.5932800229169481,-0.5220887774171601,-0.5220887773812002
Hub-attached,0.9,75.3,0.5931039833849139,-0.5223855439487235,-0.5223855439124525
Hub-attached,0.9,75.35000000000001,0.5929279960877704,-0.522682310480286,-0.5226823104440371
Hub-attached,0.9,75.4,0.592752061010017,-0.5229790770118498,-0.5229790769759727
Hub-attached,0.9,75.45,0.5925761781361601,-0.5232758435434128,-0.5232758435082739
Hub-attached,0.9,75.5,0.5924003474507099,-0.5235726100749754,-0.5235726100409513
Hub-attached,0.9,75.55,0.5922245689381804,-0.5238693766065379,-0.5238693765740118
Hub-attached,0.9,75.60000000000001,0.5920488425830898,-0.524166143138102,-0.5241661431074558
Hub-attached,0.9,75.65,0.5918731683699633,-0.5244629096696648,-0.5244629096412803
Hub-attached,0.9,75.7,0.591697546283329,-0.524759676201227,-0.524759676175476
Hub-attached,0.9,75.75,0.591521976307719,-0.5250564427327904,-0.525056442710029
Hub-attached,0.9,75.8,0.5913464584276715,-0.5253532092643528,-0.5253532092449194
Hub-attached,0.9,75.85000000000001,0.5911709926277278,-0.5256499757959164,-0.5256499757801221
Hub-attached,0.9,75.9,0.590995578892435,-0.5259467423274797,-0.5259467423156061
Hub-attached,0.9,75.95,0.5908202172063451,-0.526243508859042,-0.5262435088513356
Hub-attached,0.9,76.0,0.5906449075540133,-0.5265402753906044,-0.5265402753872697
Hub-attached,0.9,76.05,0.5904696499199996,-0.5268370419221672,-0.5268370419233612
Hub-attached,0.9,76.10000000000001,0.5902944442888686,-0.5271338084537314,-0.5271338084595599
Hub-attached,0.9,76.15,0.5901192906451914,-0.527430574985294,-0.5274305749958101
Hub-attached,0.9,76.2,0.5899441889735416,-0.5277273415168563,-0.527727341532053
Hub-attached,0.9,76.25,0.589769139258497,-0.5280241080484197,-0.5280241080682266
Hub-attached,0.9,76.3,0.5895941414846424,-0.5283208745799819,-0.5283208746042662
Hub-attached,0.9,76.35000000000001,0.5894191956365642,-0.5286176411115453,-0.5286176411401056
Hub-attached,0.9,76.4,0.5892443016988553,-0.5289144076431089,-0.5289144076756773
Hub-attached,0.9,76.45,0.5890694596561137,-0.5292111741746715,-0.5292111742109142
Hub-attached,0.9,76.5,0.58889466949294,-0.5295079407062342,-0.5295079407457511
Hub-attached,0.9,76.55,0.5887199311939408,-0.5298047072377968,-0.5298047072801244
Hub-attached,0.9,76.60000000000001,0.5885452447437258,-0.5301014737693607,-0.5301014738139751
Hub-attached,0.9,76.65,0.5883706101269123,-0.5303982403009229,-0.530398240347249
Hub-attached,0.9,76.7,0.588196027328118,-0.5306950068324865,-0.530695006879899
Hub-attached,0.9,76.75,0.5880214963319692,-0.530991773364049,-0.530991773411887
Hub-attached,0.9,76.80000000000001,0.5878470171230941,-0.5312885398956112,-0.531288539943185
Hub-attached,0.9,76.85000000000001,0.587672589686125,-0.5315853064271754,-0.5315853064737787
Hub-attached,0.9,76.9,0.5874982140057021,-0.5318820729587381,-0.5318820730036666
Hub-attached,0.9,76.95,0.5873238900664673,-0.5321788394903005,-0.5321788395328664
Hub-attached,0.9,77.0,0.5871496178530673,-0.5324756060218637,-0.532475606061414
Hub-attached,0.9,77.05000000000001,0.5869753973501544,-0.5327723725534267,-0.5327723725893686
Hub-attached,0.9,77.10000000000001,0.5868012285423846,-0.5330691390849898,-0.5330691391168133
Hub-attached,0.9,77.15,0.5866271114144193,-0.5333659056165525,-0.5333659056438605
Hub-attached,0.9,77.2,0.5864530459509233,-0.5336626721481157,-0.5336626721706527
Hub-attached,0.9,77.25,0.5862790321365675,-0.533959438679678,-0.5339594386973676
Hub-attached,0.9,77.30000000000001,0.5861050699560256,-0.5342562052112407,-0.5342562052242208
Hub-attached,0.9,77.35000000000001,0.585931159393976,-0.534552971742805,-0.5345529717514693
Hub-attached,0.9,77.4,0.5857573004351044,-0.5348497382743674,-0.534849738279416
Hub-attached,0.9,77.45,0.5855834930640978,-0.5351465048059298,-0.5351465048084134
Hub-attached,0.9,77.5,0.5854097372656485,-0.5354432713374933,-0.5354432713388684
Hub-attached,0.9,77.55000000000001,0.5852360330244547,-0.5357400378690558,-0.5357400378703217
Hub-attached,0.9,77.60000000000001,0.5850623803252171,-0.5360368044006193,-0.5360368044017876
Hub-attached,0.9,77.65,0.584888779152643,-0.5363335709321824,-0.5363335709332607
Hub-attached,0.9,77.7,0.5847152294914434,-0.5366303374637447,-0.5366303374647408
Hub-attached,0.9,77.75,0.584541731326333,-0.5369271039953073,-0.5369271039962265
Hub-attached,0.9,77.80000000000001,0.5843682846420315,-0.5372238705268709,-0.5372238705277181
Hub-attached,0.9,77.85000000000001,0.5841948894232644,-0.5375206370584339,-0.5375206370592152
Hub-attached,0.9,77.9,0.5840215456547603,-0.5378174035899965,-0.5378174035907165
Hub-attached,0.9,77.95,0.5838482533212522,-0.5381141701215599,-0.5381141701222231
Hub-attached,0.9,78.0,0.5836750124074793,-0.5384109366531223,-0.538410936653734
Hub-attached,0.9,78.05000000000001,0.5835018228981833,-0.5387077031846851,-0.5387077031852495
Hub-attached,0.9,78.10000000000001,0.583328684778111,-0.539004469716249,-0.5390044697167695
Hub-attached,0.9,78.15,0.5831555980320153,-0.5393012362478117,-0.5393012362482934
Hub-attached,0.9,78.2,0.582982562644652,-0.5395980027793741,-0.5395980027798214
Hub-attached,0.9,78.25,0.5828095786007814,-0.5398947693109366,-0.5398947693113528
Hub-attached,0.9,78.30000000000001,0.5826366458851684,-0.5401915358425,-0.540191535842888
Hub-attached,0.9,78.35000000000001,0.5824637644825834,-0.5404883023740632,-0.540488302374426
Hub-attached,0.9,78.4,0.5822909343778009,-0.5407850689056257,-0.5407850689059672
Hub-attached,0.9,78.45,0.5821181555555989,-0.5410818354371888,-0.5410818354375104
Hub-attached,0.9,78.5,0.5819454280007614,-0.5413786019687514,-0.5413786019690557
Hub-attached,0.9,78.55000000000001,0.5817727516980756,-0.5416753685003145,-0.5416753685006027
Hub-attached,0.9,78.60000000000001,0.5816001266323336,-0.5419721350318786,-0.541972135032151
Hub-attached,0.9,78.65,0.5814275527883337,-0.5422689015634412,-0.5422689015637
Hub-attached,0.9,78.7,0.5812550301508764,-0.5425656680950036,-0.5425656680952493
Hub-attached,0.9,78.75,0.5810825587047671,-0.5428624346265668,-0.5428624346267985
Hub-attached,0.9,78.80000000000001,0.580910138434817,-0.5431592011581294,-0.5431592011583478
Hub-attached,0.9,78.85000000000001,0.58073776932584,-0.5434559676896928,-0.5434559676898963
Hub-attached,0.9,78.9,0.5805654513626568,-0.543752734221255,-0.5437527342214444
Hub-attached,0.9,78.95,0.5803931845300903,-0.5440495007528177,-0.5440495007529912
Hub-attached,0.9,79.0,0.580220968812968,-0.5443462672843823,-0.5443462672845374
Hub-attached,0.9,79.05000000000001,0.5800488041961254,-0.5446430338159445,-0.5446430338160827
Hub-attached,0.9,79.10000000000001,0.5798766906643984,-0.5449398003475067,-0.5449398003476273
Hub-attached,0.9,79.15,0.5797046282026287,-0.5452365668790693,-0.5452365668791714
Hub-attached,0.9,79.2,0.579532616795662,-0.5455333334106336,-0.545533333410715
Hub-attached,0.9,79.25,0.5793606564283511,-0.5458300999421962,-0.545830099942259
Hub-attached,0.9,79.30000000000001,0.5791887470855506,-0.5461268664737585,-0.5461268664738035
Hub-attached,0.9,79.35000000000001,0.579016888752119,-0.5464236330053228,-0.5464236330053489
Hub-attached,0.9,79.4,0.578845081412924,-0.5467203995368833,-0.546720399536896
Hub-attached,0.9,79.45,0.5786733250528301,-0.5470171660684479,-0.5470171660684449
Hub-attached,0.9,79.5,0.5785016196567133,-0.5473139326000117,-0.5473139325999964
Hub-attached,0.9,79.55000000000001,0.5783299652094527,-0.5476106991315726,-0.5476106991315508
Hub-attached,0.9,79.60000000000001,0.578158361695927,-0.5479074656631368,-0.5479074656631087
Hub-attached,0.9,79.65,0.5779868091010258,-0.5482042321946996,-0.5482042321946695
Hub-attached,0.9,79.7,0.5778153074096395,-0.5485009987262626,-0.5485009987262341
Hub-attached,0.9,79.75,0.577643856606664,-0.5487977652578255,-0.5487977652578018
Hub-attached,0.9,79.80000000000001,0.5774724566769993,-0.5490945317893886,-0.5490945317893722
Hub-attached,0.9,79.85000000000001,0.5773011076055505,-0.5493912983209515,-0.5493912983209437
Hub-attached,0.9,79.9,0.5771298093772267,-0.5496880648525145,-0.5496880648525154
Hub-attached,0.9,79.95,0.5769585619769416,-0.5499848313840774,-0.549984831384085
Hub-attached,0.9,80.0,0.5767873653896133,-0.5502815979156405,-0.5502815979156501
